time_id,full_datetime,date,hour,day_of_week,day_name,is_weekend,day,month,year
1,2026-04-24 00:00:00+00:00,2026-04-24,0,4,Vendredi,False,24,4,2026
2,2026-04-24 01:00:00+00:00,2026-04-24,1,4,Vendredi,False,24,4,2026
3,2026-04-24 02:00:00+00:00,2026-04-24,2,4,Vendredi,False,24,4,2026
4,2026-04-24 03:00:00+00:00,2026-04-24,3,4,Vendredi,False,24,4,2026
5,2026-04-24 04:00:00+00:00,2026-04-24,4,4,Vendredi,False,24,4,2026
6,2026-04-24 05:00:00+00:00,2026-04-24,5,4,Vendredi,False,24,4,2026
7,2026-04-24 06:00:00+00:00,2026-04-24,6,4,Vendredi,False,24,4,2026
8,2026-04-24 07:00:00+00:00,2026-04-24,7,4,Vendredi,False,24,4,2026
9,2026-04-24 08:00:00+00:00,2026-04-24,8,4,Vendredi,False,24,4,2026
10,2026-04-24 09:00:00+00:00,2026-04-24,9,4,Vendredi,False,24,4,2026
11,2026-04-24 10:00:00+00:00,2026-04-24,10,4,Vendredi,False,24,4,2026
12,2026-04-24 11:00:00+00:00,2026-04-24,11,4,Vendredi,False,24,4,2026
13,2026-04-24 12:00:00+00:00,2026-04-24,12,4,Vendredi,False,24,4,2026
14,2026-04-24 13:00:00+00:00,2026-04-24,13,4,Vendredi,False,24,4,2026
15,2026-04-24 14:00:00+00:00,2026-04-24,14,4,Vendredi,False,24,4,2026
16,2026-04-24 15:00:00+00:00,2026-04-24,15,4,Vendredi,False,24,4,2026
17,2026-04-24 16:00:00+00:00,2026-04-24,16,4,Vendredi,False,24,4,2026
18,2026-04-24 17:00:00+00:00,2026-04-24,17,4,Vendredi,False,24,4,2026
19,2026-04-24 18:00:00+00:00,2026-04-24,18,4,Vendredi,False,24,4,2026
20,2026-04-24 19:00:00+00:00,2026-04-24,19,4,Vendredi,False,24,4,2026
21,2026-04-24 20:00:00+00:00,2026-04-24,20,4,Vendredi,False,24,4,2026
22,2026-04-24 21:00:00+00:00,2026-04-24,21,4,Vendredi,False,24,4,2026
23,2026-04-24 22:00:00+00:00,2026-04-24,22,4,Vendredi,False,24,4,2026
24,2026-04-24 23:00:00+00:00,2026-04-24,23,4,Vendredi,False,24,4,2026
25,2026-04-25 00:00:00+00:00,2026-04-25,0,5,Samedi,True,25,4,2026
26,2026-04-25 01:00:00+00:00,2026-04-25,1,5,Samedi,True,25,4,2026
27,2026-04-25 02:00:00+00:00,2026-04-25,2,5,Samedi,True,25,4,2026
28,2026-04-25 03:00:00+00:00,2026-04-25,3,5,Samedi,True,25,4,2026
29,2026-04-25 04:00:00+00:00,2026-04-25,4,5,Samedi,True,25,4,2026
30,2026-04-25 05:00:00+00:00,2026-04-25,5,5,Samedi,True,25,4,2026
31,2026-04-25 06:00:00+00:00,2026-04-25,6,5,Samedi,True,25,4,2026
32,2026-04-25 07:00:00+00:00,2026-04-25,7,5,Samedi,True,25,4,2026
33,2026-04-25 08:00:00+00:00,2026-04-25,8,5,Samedi,True,25,4,2026
34,2026-04-25 09:00:00+00:00,2026-04-25,9,5,Samedi,True,25,4,2026
35,2026-04-25 10:00:00+00:00,2026-04-25,10,5,Samedi,True,25,4,2026
36,2026-04-25 11:00:00+00:00,2026-04-25,11,5,Samedi,True,25,4,2026
37,2026-04-25 12:00:00+00:00,2026-04-25,12,5,Samedi,True,25,4,2026
38,2026-04-25 13:00:00+00:00,2026-04-25,13,5,Samedi,True,25,4,2026
39,2026-04-25 14:00:00+00:00,2026-04-25,14,5,Samedi,True,25,4,2026
40,2026-04-25 15:00:00+00:00,2026-04-25,15,5,Samedi,True,25,4,2026
41,2026-04-25 16:00:00+00:00,2026-04-25,16,5,Samedi,True,25,4,2026
42,2026-04-25 17:00:00+00:00,2026-04-25,17,5,Samedi,True,25,4,2026
43,2026-04-25 18:00:00+00:00,2026-04-25,18,5,Samedi,True,25,4,2026
44,2026-04-25 19:00:00+00:00,2026-04-25,19,5,Samedi,True,25,4,2026
45,2026-04-25 20:00:00+00:00,2026-04-25,20,5,Samedi,True,25,4,2026
46,2026-04-25 21:00:00+00:00,2026-04-25,21,5,Samedi,True,25,4,2026
47,2026-04-25 22:00:00+00:00,2026-04-25,22,5,Samedi,True,25,4,2026
48,2026-04-25 23:00:00+00:00,2026-04-25,23,5,Samedi,True,25,4,2026
49,2026-04-26 00:00:00+00:00,2026-04-26,0,6,Dimanche,True,26,4,2026
50,2026-04-26 01:00:00+00:00,2026-04-26,1,6,Dimanche,True,26,4,2026
51,2026-04-26 02:00:00+00:00,2026-04-26,2,6,Dimanche,True,26,4,2026
52,2026-04-26 03:00:00+00:00,2026-04-26,3,6,Dimanche,True,26,4,2026
53,2026-04-26 04:00:00+00:00,2026-04-26,4,6,Dimanche,True,26,4,2026
54,2026-04-26 05:00:00+00:00,2026-04-26,5,6,Dimanche,True,26,4,2026
55,2026-04-26 06:00:00+00:00,2026-04-26,6,6,Dimanche,True,26,4,2026
56,2026-04-26 07:00:00+00:00,2026-04-26,7,6,Dimanche,True,26,4,2026
57,2026-04-26 08:00:00+00:00,2026-04-26,8,6,Dimanche,True,26,4,2026
58,2026-04-26 09:00:00+00:00,2026-04-26,9,6,Dimanche,True,26,4,2026
59,2026-04-26 10:00:00+00:00,2026-04-26,10,6,Dimanche,True,26,4,2026
60,2026-04-26 11:00:00+00:00,2026-04-26,11,6,Dimanche,True,26,4,2026
61,2026-04-26 12:00:00+00:00,2026-04-26,12,6,Dimanche,True,26,4,2026
62,2026-04-26 13:00:00+00:00,2026-04-26,13,6,Dimanche,True,26,4,2026
63,2026-04-26 14:00:00+00:00,2026-04-26,14,6,Dimanche,True,26,4,2026
64,2026-04-26 15:00:00+00:00,2026-04-26,15,6,Dimanche,True,26,4,2026
65,2026-04-26 16:00:00+00:00,2026-04-26,16,6,Dimanche,True,26,4,2026
66,2026-04-26 17:00:00+00:00,2026-04-26,17,6,Dimanche,True,26,4,2026
67,2026-04-26 18:00:00+00:00,2026-04-26,18,6,Dimanche,True,26,4,2026
68,2026-04-26 19:00:00+00:00,2026-04-26,19,6,Dimanche,True,26,4,2026
69,2026-04-26 20:00:00+00:00,2026-04-26,20,6,Dimanche,True,26,4,2026
70,2026-04-26 21:00:00+00:00,2026-04-26,21,6,Dimanche,True,26,4,2026
71,2026-04-26 22:00:00+00:00,2026-04-26,22,6,Dimanche,True,26,4,2026
72,2026-04-26 23:00:00+00:00,2026-04-26,23,6,Dimanche,True,26,4,2026
73,2026-04-27 00:00:00+00:00,2026-04-27,0,0,Lundi,False,27,4,2026
74,2026-04-27 01:00:00+00:00,2026-04-27,1,0,Lundi,False,27,4,2026
75,2026-04-27 02:00:00+00:00,2026-04-27,2,0,Lundi,False,27,4,2026
76,2026-04-27 03:00:00+00:00,2026-04-27,3,0,Lundi,False,27,4,2026
77,2026-04-27 04:00:00+00:00,2026-04-27,4,0,Lundi,False,27,4,2026
78,2026-04-27 05:00:00+00:00,2026-04-27,5,0,Lundi,False,27,4,2026
79,2026-04-27 06:00:00+00:00,2026-04-27,6,0,Lundi,False,27,4,2026
80,2026-04-27 07:00:00+00:00,2026-04-27,7,0,Lundi,False,27,4,2026
81,2026-04-27 08:00:00+00:00,2026-04-27,8,0,Lundi,False,27,4,2026
82,2026-04-27 09:00:00+00:00,2026-04-27,9,0,Lundi,False,27,4,2026
83,2026-04-27 10:00:00+00:00,2026-04-27,10,0,Lundi,False,27,4,2026
84,2026-04-27 11:00:00+00:00,2026-04-27,11,0,Lundi,False,27,4,2026
85,2026-04-27 12:00:00+00:00,2026-04-27,12,0,Lundi,False,27,4,2026
86,2026-04-27 13:00:00+00:00,2026-04-27,13,0,Lundi,False,27,4,2026
87,2026-04-27 14:00:00+00:00,2026-04-27,14,0,Lundi,False,27,4,2026
88,2026-04-27 15:00:00+00:00,2026-04-27,15,0,Lundi,False,27,4,2026
89,2026-04-27 16:00:00+00:00,2026-04-27,16,0,Lundi,False,27,4,2026
90,2026-04-27 17:00:00+00:00,2026-04-27,17,0,Lundi,False,27,4,2026
91,2026-04-27 18:00:00+00:00,2026-04-27,18,0,Lundi,False,27,4,2026
92,2026-04-27 19:00:00+00:00,2026-04-27,19,0,Lundi,False,27,4,2026
93,2026-04-27 20:00:00+00:00,2026-04-27,20,0,Lundi,False,27,4,2026
94,2026-04-27 21:00:00+00:00,2026-04-27,21,0,Lundi,False,27,4,2026
95,2026-04-27 22:00:00+00:00,2026-04-27,22,0,Lundi,False,27,4,2026
96,2026-04-27 23:00:00+00:00,2026-04-27,23,0,Lundi,False,27,4,2026
97,2026-04-28 00:00:00+00:00,2026-04-28,0,1,Mardi,False,28,4,2026
98,2026-04-28 01:00:00+00:00,2026-04-28,1,1,Mardi,False,28,4,2026
99,2026-04-28 02:00:00+00:00,2026-04-28,2,1,Mardi,False,28,4,2026
100,2026-04-28 03:00:00+00:00,2026-04-28,3,1,Mardi,False,28,4,2026
101,2026-04-28 04:00:00+00:00,2026-04-28,4,1,Mardi,False,28,4,2026
102,2026-04-28 05:00:00+00:00,2026-04-28,5,1,Mardi,False,28,4,2026
103,2026-04-28 06:00:00+00:00,2026-04-28,6,1,Mardi,False,28,4,2026
104,2026-04-28 07:00:00+00:00,2026-04-28,7,1,Mardi,False,28,4,2026
105,2026-04-28 08:00:00+00:00,2026-04-28,8,1,Mardi,False,28,4,2026
106,2026-04-28 09:00:00+00:00,2026-04-28,9,1,Mardi,False,28,4,2026
107,2026-04-28 10:00:00+00:00,2026-04-28,10,1,Mardi,False,28,4,2026
108,2026-04-28 11:00:00+00:00,2026-04-28,11,1,Mardi,False,28,4,2026
109,2026-04-28 12:00:00+00:00,2026-04-28,12,1,Mardi,False,28,4,2026
110,2026-04-28 13:00:00+00:00,2026-04-28,13,1,Mardi,False,28,4,2026
111,2026-04-28 14:00:00+00:00,2026-04-28,14,1,Mardi,False,28,4,2026
112,2026-04-28 15:00:00+00:00,2026-04-28,15,1,Mardi,False,28,4,2026
113,2026-04-28 16:00:00+00:00,2026-04-28,16,1,Mardi,False,28,4,2026
114,2026-04-28 17:00:00+00:00,2026-04-28,17,1,Mardi,False,28,4,2026
115,2026-04-28 18:00:00+00:00,2026-04-28,18,1,Mardi,False,28,4,2026
116,2026-04-28 19:00:00+00:00,2026-04-28,19,1,Mardi,False,28,4,2026
117,2026-04-28 20:00:00+00:00,2026-04-28,20,1,Mardi,False,28,4,2026
118,2026-04-28 21:00:00+00:00,2026-04-28,21,1,Mardi,False,28,4,2026
119,2026-04-28 22:00:00+00:00,2026-04-28,22,1,Mardi,False,28,4,2026
120,2026-04-28 23:00:00+00:00,2026-04-28,23,1,Mardi,False,28,4,2026
121,2026-04-29 00:00:00+00:00,2026-04-29,0,2,Mercredi,False,29,4,2026
122,2026-04-29 01:00:00+00:00,2026-04-29,1,2,Mercredi,False,29,4,2026
123,2026-04-29 02:00:00+00:00,2026-04-29,2,2,Mercredi,False,29,4,2026
124,2026-04-29 03:00:00+00:00,2026-04-29,3,2,Mercredi,False,29,4,2026
125,2026-04-29 04:00:00+00:00,2026-04-29,4,2,Mercredi,False,29,4,2026
126,2026-04-29 05:00:00+00:00,2026-04-29,5,2,Mercredi,False,29,4,2026
127,2026-04-29 06:00:00+00:00,2026-04-29,6,2,Mercredi,False,29,4,2026
128,2026-04-29 07:00:00+00:00,2026-04-29,7,2,Mercredi,False,29,4,2026
129,2026-04-29 08:00:00+00:00,2026-04-29,8,2,Mercredi,False,29,4,2026
130,2026-04-29 09:00:00+00:00,2026-04-29,9,2,Mercredi,False,29,4,2026
131,2026-04-29 10:00:00+00:00,2026-04-29,10,2,Mercredi,False,29,4,2026
132,2026-04-29 11:00:00+00:00,2026-04-29,11,2,Mercredi,False,29,4,2026
133,2026-04-29 12:00:00+00:00,2026-04-29,12,2,Mercredi,False,29,4,2026
134,2026-04-29 13:00:00+00:00,2026-04-29,13,2,Mercredi,False,29,4,2026
135,2026-04-29 14:00:00+00:00,2026-04-29,14,2,Mercredi,False,29,4,2026
136,2026-04-29 15:00:00+00:00,2026-04-29,15,2,Mercredi,False,29,4,2026
137,2026-04-29 16:00:00+00:00,2026-04-29,16,2,Mercredi,False,29,4,2026
138,2026-04-29 17:00:00+00:00,2026-04-29,17,2,Mercredi,False,29,4,2026
139,2026-04-29 18:00:00+00:00,2026-04-29,18,2,Mercredi,False,29,4,2026
140,2026-04-29 19:00:00+00:00,2026-04-29,19,2,Mercredi,False,29,4,2026
141,2026-04-29 20:00:00+00:00,2026-04-29,20,2,Mercredi,False,29,4,2026
142,2026-04-29 21:00:00+00:00,2026-04-29,21,2,Mercredi,False,29,4,2026
143,2026-04-29 22:00:00+00:00,2026-04-29,22,2,Mercredi,False,29,4,2026
144,2026-04-29 23:00:00+00:00,2026-04-29,23,2,Mercredi,False,29,4,2026
145,2026-04-30 00:00:00+00:00,2026-04-30,0,3,Jeudi,False,30,4,2026
146,2026-04-30 01:00:00+00:00,2026-04-30,1,3,Jeudi,False,30,4,2026
147,2026-04-30 02:00:00+00:00,2026-04-30,2,3,Jeudi,False,30,4,2026
148,2026-04-30 03:00:00+00:00,2026-04-30,3,3,Jeudi,False,30,4,2026
149,2026-04-30 04:00:00+00:00,2026-04-30,4,3,Jeudi,False,30,4,2026
150,2026-04-30 05:00:00+00:00,2026-04-30,5,3,Jeudi,False,30,4,2026
151,2026-04-30 06:00:00+00:00,2026-04-30,6,3,Jeudi,False,30,4,2026
152,2026-04-30 07:00:00+00:00,2026-04-30,7,3,Jeudi,False,30,4,2026
153,2026-04-30 08:00:00+00:00,2026-04-30,8,3,Jeudi,False,30,4,2026
154,2026-04-30 09:00:00+00:00,2026-04-30,9,3,Jeudi,False,30,4,2026
155,2026-04-30 10:00:00+00:00,2026-04-30,10,3,Jeudi,False,30,4,2026
156,2026-04-30 11:00:00+00:00,2026-04-30,11,3,Jeudi,False,30,4,2026
157,2026-04-30 12:00:00+00:00,2026-04-30,12,3,Jeudi,False,30,4,2026
158,2026-04-30 13:00:00+00:00,2026-04-30,13,3,Jeudi,False,30,4,2026
159,2026-04-30 14:00:00+00:00,2026-04-30,14,3,Jeudi,False,30,4,2026
160,2026-04-30 15:00:00+00:00,2026-04-30,15,3,Jeudi,False,30,4,2026
161,2026-04-30 16:00:00+00:00,2026-04-30,16,3,Jeudi,False,30,4,2026
162,2026-04-30 17:00:00+00:00,2026-04-30,17,3,Jeudi,False,30,4,2026
163,2026-04-30 18:00:00+00:00,2026-04-30,18,3,Jeudi,False,30,4,2026
164,2026-04-30 19:00:00+00:00,2026-04-30,19,3,Jeudi,False,30,4,2026
165,2026-04-30 20:00:00+00:00,2026-04-30,20,3,Jeudi,False,30,4,2026
166,2026-04-30 21:00:00+00:00,2026-04-30,21,3,Jeudi,False,30,4,2026
167,2026-04-30 22:00:00+00:00,2026-04-30,22,3,Jeudi,False,30,4,2026
168,2026-04-30 23:00:00+00:00,2026-04-30,23,3,Jeudi,False,30,4,2026
169,2026-05-01 00:00:00+00:00,2026-05-01,0,4,Vendredi,False,1,5,2026
170,2026-05-01 01:00:00+00:00,2026-05-01,1,4,Vendredi,False,1,5,2026
171,2026-05-01 02:00:00+00:00,2026-05-01,2,4,Vendredi,False,1,5,2026
172,2026-05-01 03:00:00+00:00,2026-05-01,3,4,Vendredi,False,1,5,2026
173,2026-05-01 04:00:00+00:00,2026-05-01,4,4,Vendredi,False,1,5,2026
174,2026-05-01 05:00:00+00:00,2026-05-01,5,4,Vendredi,False,1,5,2026
175,2026-05-01 06:00:00+00:00,2026-05-01,6,4,Vendredi,False,1,5,2026
176,2026-05-01 07:00:00+00:00,2026-05-01,7,4,Vendredi,False,1,5,2026
177,2026-05-01 08:00:00+00:00,2026-05-01,8,4,Vendredi,False,1,5,2026
178,2026-05-01 09:00:00+00:00,2026-05-01,9,4,Vendredi,False,1,5,2026
179,2026-05-01 10:00:00+00:00,2026-05-01,10,4,Vendredi,False,1,5,2026
180,2026-05-01 11:00:00+00:00,2026-05-01,11,4,Vendredi,False,1,5,2026
181,2026-05-01 12:00:00+00:00,2026-05-01,12,4,Vendredi,False,1,5,2026
182,2026-05-01 13:00:00+00:00,2026-05-01,13,4,Vendredi,False,1,5,2026
183,2026-05-01 14:00:00+00:00,2026-05-01,14,4,Vendredi,False,1,5,2026
184,2026-05-01 15:00:00+00:00,2026-05-01,15,4,Vendredi,False,1,5,2026
185,2026-05-01 16:00:00+00:00,2026-05-01,16,4,Vendredi,False,1,5,2026
186,2026-05-01 17:00:00+00:00,2026-05-01,17,4,Vendredi,False,1,5,2026
187,2026-05-01 18:00:00+00:00,2026-05-01,18,4,Vendredi,False,1,5,2026
188,2026-05-01 19:00:00+00:00,2026-05-01,19,4,Vendredi,False,1,5,2026
189,2026-05-01 20:00:00+00:00,2026-05-01,20,4,Vendredi,False,1,5,2026
190,2026-05-01 21:00:00+00:00,2026-05-01,21,4,Vendredi,False,1,5,2026
191,2026-05-01 22:00:00+00:00,2026-05-01,22,4,Vendredi,False,1,5,2026
192,2026-05-01 23:00:00+00:00,2026-05-01,23,4,Vendredi,False,1,5,2026
193,2026-05-02 00:00:00+00:00,2026-05-02,0,5,Samedi,True,2,5,2026
194,2026-05-02 01:00:00+00:00,2026-05-02,1,5,Samedi,True,2,5,2026
195,2026-05-02 02:00:00+00:00,2026-05-02,2,5,Samedi,True,2,5,2026
196,2026-05-02 03:00:00+00:00,2026-05-02,3,5,Samedi,True,2,5,2026
197,2026-05-02 04:00:00+00:00,2026-05-02,4,5,Samedi,True,2,5,2026
198,2026-05-02 05:00:00+00:00,2026-05-02,5,5,Samedi,True,2,5,2026
199,2026-05-02 06:00:00+00:00,2026-05-02,6,5,Samedi,True,2,5,2026
200,2026-05-02 07:00:00+00:00,2026-05-02,7,5,Samedi,True,2,5,2026
201,2026-05-02 08:00:00+00:00,2026-05-02,8,5,Samedi,True,2,5,2026
202,2026-05-02 09:00:00+00:00,2026-05-02,9,5,Samedi,True,2,5,2026
203,2026-05-02 10:00:00+00:00,2026-05-02,10,5,Samedi,True,2,5,2026
204,2026-05-02 11:00:00+00:00,2026-05-02,11,5,Samedi,True,2,5,2026
205,2026-05-02 12:00:00+00:00,2026-05-02,12,5,Samedi,True,2,5,2026
206,2026-05-02 13:00:00+00:00,2026-05-02,13,5,Samedi,True,2,5,2026
207,2026-05-02 14:00:00+00:00,2026-05-02,14,5,Samedi,True,2,5,2026
208,2026-05-02 15:00:00+00:00,2026-05-02,15,5,Samedi,True,2,5,2026
209,2026-05-02 16:00:00+00:00,2026-05-02,16,5,Samedi,True,2,5,2026
210,2026-05-02 17:00:00+00:00,2026-05-02,17,5,Samedi,True,2,5,2026
211,2026-05-02 18:00:00+00:00,2026-05-02,18,5,Samedi,True,2,5,2026
212,2026-05-02 19:00:00+00:00,2026-05-02,19,5,Samedi,True,2,5,2026
213,2026-05-02 20:00:00+00:00,2026-05-02,20,5,Samedi,True,2,5,2026
214,2026-05-02 21:00:00+00:00,2026-05-02,21,5,Samedi,True,2,5,2026
215,2026-05-02 22:00:00+00:00,2026-05-02,22,5,Samedi,True,2,5,2026
216,2026-05-02 23:00:00+00:00,2026-05-02,23,5,Samedi,True,2,5,2026
217,2026-05-03 00:00:00+00:00,2026-05-03,0,6,Dimanche,True,3,5,2026
218,2026-05-03 01:00:00+00:00,2026-05-03,1,6,Dimanche,True,3,5,2026
219,2026-05-03 02:00:00+00:00,2026-05-03,2,6,Dimanche,True,3,5,2026
220,2026-05-03 03:00:00+00:00,2026-05-03,3,6,Dimanche,True,3,5,2026
221,2026-05-03 04:00:00+00:00,2026-05-03,4,6,Dimanche,True,3,5,2026
222,2026-05-03 05:00:00+00:00,2026-05-03,5,6,Dimanche,True,3,5,2026
223,2026-05-03 06:00:00+00:00,2026-05-03,6,6,Dimanche,True,3,5,2026
224,2026-05-03 07:00:00+00:00,2026-05-03,7,6,Dimanche,True,3,5,2026
225,2026-05-03 08:00:00+00:00,2026-05-03,8,6,Dimanche,True,3,5,2026
226,2026-05-03 09:00:00+00:00,2026-05-03,9,6,Dimanche,True,3,5,2026
227,2026-05-03 10:00:00+00:00,2026-05-03,10,6,Dimanche,True,3,5,2026
228,2026-05-03 11:00:00+00:00,2026-05-03,11,6,Dimanche,True,3,5,2026
229,2026-05-03 12:00:00+00:00,2026-05-03,12,6,Dimanche,True,3,5,2026
230,2026-05-03 13:00:00+00:00,2026-05-03,13,6,Dimanche,True,3,5,2026
231,2026-05-03 14:00:00+00:00,2026-05-03,14,6,Dimanche,True,3,5,2026
232,2026-05-03 15:00:00+00:00,2026-05-03,15,6,Dimanche,True,3,5,2026
233,2026-05-03 16:00:00+00:00,2026-05-03,16,6,Dimanche,True,3,5,2026
234,2026-05-03 17:00:00+00:00,2026-05-03,17,6,Dimanche,True,3,5,2026
235,2026-05-03 18:00:00+00:00,2026-05-03,18,6,Dimanche,True,3,5,2026
236,2026-05-03 19:00:00+00:00,2026-05-03,19,6,Dimanche,True,3,5,2026
237,2026-05-03 20:00:00+00:00,2026-05-03,20,6,Dimanche,True,3,5,2026
238,2026-05-03 21:00:00+00:00,2026-05-03,21,6,Dimanche,True,3,5,2026
239,2026-05-03 22:00:00+00:00,2026-05-03,22,6,Dimanche,True,3,5,2026
240,2026-05-03 23:00:00+00:00,2026-05-03,23,6,Dimanche,True,3,5,2026
241,2026-05-04 00:00:00+00:00,2026-05-04,0,0,Lundi,False,4,5,2026
242,2026-05-04 01:00:00+00:00,2026-05-04,1,0,Lundi,False,4,5,2026
243,2026-05-04 02:00:00+00:00,2026-05-04,2,0,Lundi,False,4,5,2026
244,2026-05-04 03:00:00+00:00,2026-05-04,3,0,Lundi,False,4,5,2026
245,2026-05-04 04:00:00+00:00,2026-05-04,4,0,Lundi,False,4,5,2026
246,2026-05-04 05:00:00+00:00,2026-05-04,5,0,Lundi,False,4,5,2026
247,2026-05-04 06:00:00+00:00,2026-05-04,6,0,Lundi,False,4,5,2026
248,2026-05-04 07:00:00+00:00,2026-05-04,7,0,Lundi,False,4,5,2026
249,2026-05-04 08:00:00+00:00,2026-05-04,8,0,Lundi,False,4,5,2026
250,2026-05-04 09:00:00+00:00,2026-05-04,9,0,Lundi,False,4,5,2026
251,2026-05-04 10:00:00+00:00,2026-05-04,10,0,Lundi,False,4,5,2026
252,2026-05-04 11:00:00+00:00,2026-05-04,11,0,Lundi,False,4,5,2026
253,2026-05-04 12:00:00+00:00,2026-05-04,12,0,Lundi,False,4,5,2026
254,2026-05-04 13:00:00+00:00,2026-05-04,13,0,Lundi,False,4,5,2026
255,2026-05-04 14:00:00+00:00,2026-05-04,14,0,Lundi,False,4,5,2026
256,2026-05-04 15:00:00+00:00,2026-05-04,15,0,Lundi,False,4,5,2026
257,2026-05-04 16:00:00+00:00,2026-05-04,16,0,Lundi,False,4,5,2026
258,2026-05-04 17:00:00+00:00,2026-05-04,17,0,Lundi,False,4,5,2026
259,2026-05-04 18:00:00+00:00,2026-05-04,18,0,Lundi,False,4,5,2026
260,2026-05-04 19:00:00+00:00,2026-05-04,19,0,Lundi,False,4,5,2026
261,2026-05-04 20:00:00+00:00,2026-05-04,20,0,Lundi,False,4,5,2026
262,2026-05-04 21:00:00+00:00,2026-05-04,21,0,Lundi,False,4,5,2026
263,2026-05-04 22:00:00+00:00,2026-05-04,22,0,Lundi,False,4,5,2026
264,2026-05-04 23:00:00+00:00,2026-05-04,23,0,Lundi,False,4,5,2026
265,2026-05-05 00:00:00+00:00,2026-05-05,0,1,Mardi,False,5,5,2026
266,2026-05-05 01:00:00+00:00,2026-05-05,1,1,Mardi,False,5,5,2026
267,2026-05-05 02:00:00+00:00,2026-05-05,2,1,Mardi,False,5,5,2026
268,2026-05-05 03:00:00+00:00,2026-05-05,3,1,Mardi,False,5,5,2026
269,2026-05-05 04:00:00+00:00,2026-05-05,4,1,Mardi,False,5,5,2026
270,2026-05-05 05:00:00+00:00,2026-05-05,5,1,Mardi,False,5,5,2026
271,2026-05-05 06:00:00+00:00,2026-05-05,6,1,Mardi,False,5,5,2026
272,2026-05-05 07:00:00+00:00,2026-05-05,7,1,Mardi,False,5,5,2026
273,2026-05-05 08:00:00+00:00,2026-05-05,8,1,Mardi,False,5,5,2026
274,2026-05-05 09:00:00+00:00,2026-05-05,9,1,Mardi,False,5,5,2026
275,2026-05-05 10:00:00+00:00,2026-05-05,10,1,Mardi,False,5,5,2026
276,2026-05-05 11:00:00+00:00,2026-05-05,11,1,Mardi,False,5,5,2026
277,2026-05-05 12:00:00+00:00,2026-05-05,12,1,Mardi,False,5,5,2026
278,2026-05-05 13:00:00+00:00,2026-05-05,13,1,Mardi,False,5,5,2026
279,2026-05-05 14:00:00+00:00,2026-05-05,14,1,Mardi,False,5,5,2026
280,2026-05-05 15:00:00+00:00,2026-05-05,15,1,Mardi,False,5,5,2026
281,2026-05-05 16:00:00+00:00,2026-05-05,16,1,Mardi,False,5,5,2026
282,2026-05-05 17:00:00+00:00,2026-05-05,17,1,Mardi,False,5,5,2026
283,2026-05-05 18:00:00+00:00,2026-05-05,18,1,Mardi,False,5,5,2026
284,2026-05-05 19:00:00+00:00,2026-05-05,19,1,Mardi,False,5,5,2026
285,2026-05-05 20:00:00+00:00,2026-05-05,20,1,Mardi,False,5,5,2026
286,2026-05-05 21:00:00+00:00,2026-05-05,21,1,Mardi,False,5,5,2026
287,2026-05-05 22:00:00+00:00,2026-05-05,22,1,Mardi,False,5,5,2026
288,2026-05-05 23:00:00+00:00,2026-05-05,23,1,Mardi,False,5,5,2026
289,2026-05-06 00:00:00+00:00,2026-05-06,0,2,Mercredi,False,6,5,2026
290,2026-05-06 01:00:00+00:00,2026-05-06,1,2,Mercredi,False,6,5,2026
291,2026-05-06 02:00:00+00:00,2026-05-06,2,2,Mercredi,False,6,5,2026
292,2026-05-06 03:00:00+00:00,2026-05-06,3,2,Mercredi,False,6,5,2026
293,2026-05-06 04:00:00+00:00,2026-05-06,4,2,Mercredi,False,6,5,2026
294,2026-05-06 05:00:00+00:00,2026-05-06,5,2,Mercredi,False,6,5,2026
295,2026-05-06 06:00:00+00:00,2026-05-06,6,2,Mercredi,False,6,5,2026
296,2026-05-06 07:00:00+00:00,2026-05-06,7,2,Mercredi,False,6,5,2026
297,2026-05-06 08:00:00+00:00,2026-05-06,8,2,Mercredi,False,6,5,2026
298,2026-05-06 09:00:00+00:00,2026-05-06,9,2,Mercredi,False,6,5,2026
299,2026-05-06 10:00:00+00:00,2026-05-06,10,2,Mercredi,False,6,5,2026
300,2026-05-06 11:00:00+00:00,2026-05-06,11,2,Mercredi,False,6,5,2026
301,2026-05-06 12:00:00+00:00,2026-05-06,12,2,Mercredi,False,6,5,2026
302,2026-05-06 13:00:00+00:00,2026-05-06,13,2,Mercredi,False,6,5,2026
303,2026-05-06 14:00:00+00:00,2026-05-06,14,2,Mercredi,False,6,5,2026
304,2026-05-06 15:00:00+00:00,2026-05-06,15,2,Mercredi,False,6,5,2026
305,2026-05-06 16:00:00+00:00,2026-05-06,16,2,Mercredi,False,6,5,2026
306,2026-05-06 17:00:00+00:00,2026-05-06,17,2,Mercredi,False,6,5,2026
307,2026-05-06 18:00:00+00:00,2026-05-06,18,2,Mercredi,False,6,5,2026
308,2026-05-06 19:00:00+00:00,2026-05-06,19,2,Mercredi,False,6,5,2026
309,2026-05-06 20:00:00+00:00,2026-05-06,20,2,Mercredi,False,6,5,2026
310,2026-05-06 21:00:00+00:00,2026-05-06,21,2,Mercredi,False,6,5,2026
311,2026-05-06 22:00:00+00:00,2026-05-06,22,2,Mercredi,False,6,5,2026
312,2026-05-06 23:00:00+00:00,2026-05-06,23,2,Mercredi,False,6,5,2026
313,2026-05-07 00:00:00+00:00,2026-05-07,0,3,Jeudi,False,7,5,2026
314,2026-05-07 01:00:00+00:00,2026-05-07,1,3,Jeudi,False,7,5,2026
315,2026-05-07 02:00:00+00:00,2026-05-07,2,3,Jeudi,False,7,5,2026
316,2026-05-07 03:00:00+00:00,2026-05-07,3,3,Jeudi,False,7,5,2026
317,2026-05-07 04:00:00+00:00,2026-05-07,4,3,Jeudi,False,7,5,2026
318,2026-05-07 05:00:00+00:00,2026-05-07,5,3,Jeudi,False,7,5,2026
319,2026-05-07 06:00:00+00:00,2026-05-07,6,3,Jeudi,False,7,5,2026
320,2026-05-07 07:00:00+00:00,2026-05-07,7,3,Jeudi,False,7,5,2026
321,2026-05-07 08:00:00+00:00,2026-05-07,8,3,Jeudi,False,7,5,2026
322,2026-05-07 09:00:00+00:00,2026-05-07,9,3,Jeudi,False,7,5,2026
323,2026-05-07 10:00:00+00:00,2026-05-07,10,3,Jeudi,False,7,5,2026
324,2026-05-07 11:00:00+00:00,2026-05-07,11,3,Jeudi,False,7,5,2026
325,2026-05-07 12:00:00+00:00,2026-05-07,12,3,Jeudi,False,7,5,2026
326,2026-05-07 13:00:00+00:00,2026-05-07,13,3,Jeudi,False,7,5,2026
327,2026-05-07 14:00:00+00:00,2026-05-07,14,3,Jeudi,False,7,5,2026
328,2026-05-07 15:00:00+00:00,2026-05-07,15,3,Jeudi,False,7,5,2026
329,2026-05-07 16:00:00+00:00,2026-05-07,16,3,Jeudi,False,7,5,2026
330,2026-05-07 17:00:00+00:00,2026-05-07,17,3,Jeudi,False,7,5,2026
331,2026-05-07 18:00:00+00:00,2026-05-07,18,3,Jeudi,False,7,5,2026
332,2026-05-07 19:00:00+00:00,2026-05-07,19,3,Jeudi,False,7,5,2026
333,2026-05-07 20:00:00+00:00,2026-05-07,20,3,Jeudi,False,7,5,2026
334,2026-05-07 21:00:00+00:00,2026-05-07,21,3,Jeudi,False,7,5,2026
335,2026-05-07 22:00:00+00:00,2026-05-07,22,3,Jeudi,False,7,5,2026
336,2026-05-07 23:00:00+00:00,2026-05-07,23,3,Jeudi,False,7,5,2026
337,2026-05-08 00:00:00+00:00,2026-05-08,0,4,Vendredi,False,8,5,2026
338,2026-05-08 01:00:00+00:00,2026-05-08,1,4,Vendredi,False,8,5,2026
339,2026-05-08 02:00:00+00:00,2026-05-08,2,4,Vendredi,False,8,5,2026
340,2026-05-08 03:00:00+00:00,2026-05-08,3,4,Vendredi,False,8,5,2026
341,2026-05-08 04:00:00+00:00,2026-05-08,4,4,Vendredi,False,8,5,2026
342,2026-05-08 05:00:00+00:00,2026-05-08,5,4,Vendredi,False,8,5,2026
343,2026-05-08 06:00:00+00:00,2026-05-08,6,4,Vendredi,False,8,5,2026
344,2026-05-08 07:00:00+00:00,2026-05-08,7,4,Vendredi,False,8,5,2026
345,2026-05-08 08:00:00+00:00,2026-05-08,8,4,Vendredi,False,8,5,2026
346,2026-05-08 09:00:00+00:00,2026-05-08,9,4,Vendredi,False,8,5,2026
347,2026-05-08 10:00:00+00:00,2026-05-08,10,4,Vendredi,False,8,5,2026
348,2026-05-08 11:00:00+00:00,2026-05-08,11,4,Vendredi,False,8,5,2026
349,2026-05-08 12:00:00+00:00,2026-05-08,12,4,Vendredi,False,8,5,2026
350,2026-05-08 13:00:00+00:00,2026-05-08,13,4,Vendredi,False,8,5,2026
351,2026-05-08 14:00:00+00:00,2026-05-08,14,4,Vendredi,False,8,5,2026
352,2026-05-08 15:00:00+00:00,2026-05-08,15,4,Vendredi,False,8,5,2026
353,2026-05-08 16:00:00+00:00,2026-05-08,16,4,Vendredi,False,8,5,2026
354,2026-05-08 17:00:00+00:00,2026-05-08,17,4,Vendredi,False,8,5,2026
355,2026-05-08 18:00:00+00:00,2026-05-08,18,4,Vendredi,False,8,5,2026
356,2026-05-08 19:00:00+00:00,2026-05-08,19,4,Vendredi,False,8,5,2026
357,2026-05-08 20:00:00+00:00,2026-05-08,20,4,Vendredi,False,8,5,2026
358,2026-05-08 21:00:00+00:00,2026-05-08,21,4,Vendredi,False,8,5,2026
359,2026-05-08 22:00:00+00:00,2026-05-08,22,4,Vendredi,False,8,5,2026
360,2026-05-08 23:00:00+00:00,2026-05-08,23,4,Vendredi,False,8,5,2026
361,2026-05-09 00:00:00+00:00,2026-05-09,0,5,Samedi,True,9,5,2026
362,2026-05-09 01:00:00+00:00,2026-05-09,1,5,Samedi,True,9,5,2026
363,2026-05-09 02:00:00+00:00,2026-05-09,2,5,Samedi,True,9,5,2026
364,2026-05-09 03:00:00+00:00,2026-05-09,3,5,Samedi,True,9,5,2026
365,2026-05-09 04:00:00+00:00,2026-05-09,4,5,Samedi,True,9,5,2026
366,2026-05-09 05:00:00+00:00,2026-05-09,5,5,Samedi,True,9,5,2026
367,2026-05-09 06:00:00+00:00,2026-05-09,6,5,Samedi,True,9,5,2026
368,2026-05-09 07:00:00+00:00,2026-05-09,7,5,Samedi,True,9,5,2026
369,2026-05-09 08:00:00+00:00,2026-05-09,8,5,Samedi,True,9,5,2026
370,2026-05-09 09:00:00+00:00,2026-05-09,9,5,Samedi,True,9,5,2026
371,2026-05-09 10:00:00+00:00,2026-05-09,10,5,Samedi,True,9,5,2026
372,2026-05-09 11:00:00+00:00,2026-05-09,11,5,Samedi,True,9,5,2026
373,2026-05-09 12:00:00+00:00,2026-05-09,12,5,Samedi,True,9,5,2026
374,2026-05-09 13:00:00+00:00,2026-05-09,13,5,Samedi,True,9,5,2026
375,2026-05-09 14:00:00+00:00,2026-05-09,14,5,Samedi,True,9,5,2026
376,2026-05-09 15:00:00+00:00,2026-05-09,15,5,Samedi,True,9,5,2026
377,2026-05-09 16:00:00+00:00,2026-05-09,16,5,Samedi,True,9,5,2026
378,2026-05-09 17:00:00+00:00,2026-05-09,17,5,Samedi,True,9,5,2026
379,2026-05-09 18:00:00+00:00,2026-05-09,18,5,Samedi,True,9,5,2026
380,2026-05-09 19:00:00+00:00,2026-05-09,19,5,Samedi,True,9,5,2026
381,2026-05-09 20:00:00+00:00,2026-05-09,20,5,Samedi,True,9,5,2026
382,2026-05-09 21:00:00+00:00,2026-05-09,21,5,Samedi,True,9,5,2026
383,2026-05-09 22:00:00+00:00,2026-05-09,22,5,Samedi,True,9,5,2026
384,2026-05-09 23:00:00+00:00,2026-05-09,23,5,Samedi,True,9,5,2026
385,2026-05-10 00:00:00+00:00,2026-05-10,0,6,Dimanche,True,10,5,2026
386,2026-05-10 01:00:00+00:00,2026-05-10,1,6,Dimanche,True,10,5,2026
387,2026-05-10 02:00:00+00:00,2026-05-10,2,6,Dimanche,True,10,5,2026
388,2026-05-10 03:00:00+00:00,2026-05-10,3,6,Dimanche,True,10,5,2026
389,2026-05-10 04:00:00+00:00,2026-05-10,4,6,Dimanche,True,10,5,2026
390,2026-05-10 05:00:00+00:00,2026-05-10,5,6,Dimanche,True,10,5,2026
391,2026-05-10 06:00:00+00:00,2026-05-10,6,6,Dimanche,True,10,5,2026
392,2026-05-10 07:00:00+00:00,2026-05-10,7,6,Dimanche,True,10,5,2026
393,2026-05-10 08:00:00+00:00,2026-05-10,8,6,Dimanche,True,10,5,2026
394,2026-05-10 09:00:00+00:00,2026-05-10,9,6,Dimanche,True,10,5,2026
395,2026-05-10 10:00:00+00:00,2026-05-10,10,6,Dimanche,True,10,5,2026
396,2026-05-10 11:00:00+00:00,2026-05-10,11,6,Dimanche,True,10,5,2026
397,2026-05-10 12:00:00+00:00,2026-05-10,12,6,Dimanche,True,10,5,2026
398,2026-05-10 13:00:00+00:00,2026-05-10,13,6,Dimanche,True,10,5,2026
399,2026-05-10 14:00:00+00:00,2026-05-10,14,6,Dimanche,True,10,5,2026
400,2026-05-10 15:00:00+00:00,2026-05-10,15,6,Dimanche,True,10,5,2026
401,2026-05-10 16:00:00+00:00,2026-05-10,16,6,Dimanche,True,10,5,2026
402,2026-05-10 17:00:00+00:00,2026-05-10,17,6,Dimanche,True,10,5,2026
403,2026-05-10 18:00:00+00:00,2026-05-10,18,6,Dimanche,True,10,5,2026
404,2026-05-10 19:00:00+00:00,2026-05-10,19,6,Dimanche,True,10,5,2026
405,2026-05-10 20:00:00+00:00,2026-05-10,20,6,Dimanche,True,10,5,2026
406,2026-05-10 21:00:00+00:00,2026-05-10,21,6,Dimanche,True,10,5,2026
407,2026-05-10 22:00:00+00:00,2026-05-10,22,6,Dimanche,True,10,5,2026
408,2026-05-10 23:00:00+00:00,2026-05-10,23,6,Dimanche,True,10,5,2026
409,2026-05-11 00:00:00+00:00,2026-05-11,0,0,Lundi,False,11,5,2026
410,2026-05-12 01:00:00+00:00,2026-05-12,1,1,Mardi,False,12,5,2026
411,2026-05-12 02:00:00+00:00,2026-05-12,2,1,Mardi,False,12,5,2026
412,2026-05-12 03:00:00+00:00,2026-05-12,3,1,Mardi,False,12,5,2026
413,2026-05-12 04:00:00+00:00,2026-05-12,4,1,Mardi,False,12,5,2026
414,2026-05-12 05:00:00+00:00,2026-05-12,5,1,Mardi,False,12,5,2026
415,2026-05-12 06:00:00+00:00,2026-05-12,6,1,Mardi,False,12,5,2026
416,2026-05-12 07:00:00+00:00,2026-05-12,7,1,Mardi,False,12,5,2026
417,2026-05-12 08:00:00+00:00,2026-05-12,8,1,Mardi,False,12,5,2026
418,2026-05-12 09:00:00+00:00,2026-05-12,9,1,Mardi,False,12,5,2026
419,2026-05-12 10:00:00+00:00,2026-05-12,10,1,Mardi,False,12,5,2026
420,2026-05-12 11:00:00+00:00,2026-05-12,11,1,Mardi,False,12,5,2026
421,2026-05-12 12:00:00+00:00,2026-05-12,12,1,Mardi,False,12,5,2026
422,2026-05-12 13:00:00+00:00,2026-05-12,13,1,Mardi,False,12,5,2026
423,2026-05-12 14:00:00+00:00,2026-05-12,14,1,Mardi,False,12,5,2026
424,2026-05-12 15:00:00+00:00,2026-05-12,15,1,Mardi,False,12,5,2026
425,2026-05-12 16:00:00+00:00,2026-05-12,16,1,Mardi,False,12,5,2026
426,2026-05-12 17:00:00+00:00,2026-05-12,17,1,Mardi,False,12,5,2026
427,2026-05-12 18:00:00+00:00,2026-05-12,18,1,Mardi,False,12,5,2026
428,2026-05-12 19:00:00+00:00,2026-05-12,19,1,Mardi,False,12,5,2026
429,2026-05-12 20:00:00+00:00,2026-05-12,20,1,Mardi,False,12,5,2026
430,2026-05-12 21:00:00+00:00,2026-05-12,21,1,Mardi,False,12,5,2026
431,2026-05-12 22:00:00+00:00,2026-05-12,22,1,Mardi,False,12,5,2026
432,2026-05-12 23:00:00+00:00,2026-05-12,23,1,Mardi,False,12,5,2026
433,2026-05-13 00:00:00+00:00,2026-05-13,0,2,Mercredi,False,13,5,2026
434,2026-05-13 01:00:00+00:00,2026-05-13,1,2,Mercredi,False,13,5,2026
435,2026-05-13 02:00:00+00:00,2026-05-13,2,2,Mercredi,False,13,5,2026
436,2026-05-13 03:00:00+00:00,2026-05-13,3,2,Mercredi,False,13,5,2026
437,2026-05-13 04:00:00+00:00,2026-05-13,4,2,Mercredi,False,13,5,2026
438,2026-05-13 05:00:00+00:00,2026-05-13,5,2,Mercredi,False,13,5,2026
439,2026-05-13 06:00:00+00:00,2026-05-13,6,2,Mercredi,False,13,5,2026
440,2026-05-13 07:00:00+00:00,2026-05-13,7,2,Mercredi,False,13,5,2026
441,2026-05-13 08:00:00+00:00,2026-05-13,8,2,Mercredi,False,13,5,2026
442,2026-05-13 09:00:00+00:00,2026-05-13,9,2,Mercredi,False,13,5,2026
443,2026-05-13 10:00:00+00:00,2026-05-13,10,2,Mercredi,False,13,5,2026
444,2026-05-13 11:00:00+00:00,2026-05-13,11,2,Mercredi,False,13,5,2026
445,2026-05-13 12:00:00+00:00,2026-05-13,12,2,Mercredi,False,13,5,2026
446,2026-05-13 13:00:00+00:00,2026-05-13,13,2,Mercredi,False,13,5,2026
447,2026-05-13 14:00:00+00:00,2026-05-13,14,2,Mercredi,False,13,5,2026
448,2026-05-13 15:00:00+00:00,2026-05-13,15,2,Mercredi,False,13,5,2026
449,2026-05-13 16:00:00+00:00,2026-05-13,16,2,Mercredi,False,13,5,2026
450,2026-05-13 17:00:00+00:00,2026-05-13,17,2,Mercredi,False,13,5,2026
451,2026-05-13 18:00:00+00:00,2026-05-13,18,2,Mercredi,False,13,5,2026
452,2026-05-13 19:00:00+00:00,2026-05-13,19,2,Mercredi,False,13,5,2026
453,2026-05-13 20:00:00+00:00,2026-05-13,20,2,Mercredi,False,13,5,2026
454,2026-05-13 21:00:00+00:00,2026-05-13,21,2,Mercredi,False,13,5,2026
455,2026-05-13 22:00:00+00:00,2026-05-13,22,2,Mercredi,False,13,5,2026
456,2026-05-13 23:00:00+00:00,2026-05-13,23,2,Mercredi,False,13,5,2026
457,2026-05-14 00:00:00+00:00,2026-05-14,0,3,Jeudi,False,14,5,2026
458,2026-05-14 01:00:00+00:00,2026-05-14,1,3,Jeudi,False,14,5,2026
459,2026-05-14 02:00:00+00:00,2026-05-14,2,3,Jeudi,False,14,5,2026
460,2026-05-14 03:00:00+00:00,2026-05-14,3,3,Jeudi,False,14,5,2026
461,2026-05-14 04:00:00+00:00,2026-05-14,4,3,Jeudi,False,14,5,2026
462,2026-05-14 05:00:00+00:00,2026-05-14,5,3,Jeudi,False,14,5,2026
463,2026-05-14 06:00:00+00:00,2026-05-14,6,3,Jeudi,False,14,5,2026
464,2026-05-14 07:00:00+00:00,2026-05-14,7,3,Jeudi,False,14,5,2026
465,2026-05-14 08:00:00+00:00,2026-05-14,8,3,Jeudi,False,14,5,2026
466,2026-05-14 09:00:00+00:00,2026-05-14,9,3,Jeudi,False,14,5,2026
467,2026-05-14 10:00:00+00:00,2026-05-14,10,3,Jeudi,False,14,5,2026
468,2026-05-14 11:00:00+00:00,2026-05-14,11,3,Jeudi,False,14,5,2026
469,2026-05-14 12:00:00+00:00,2026-05-14,12,3,Jeudi,False,14,5,2026
470,2026-05-14 13:00:00+00:00,2026-05-14,13,3,Jeudi,False,14,5,2026
471,2026-05-14 14:00:00+00:00,2026-05-14,14,3,Jeudi,False,14,5,2026
472,2026-05-14 15:00:00+00:00,2026-05-14,15,3,Jeudi,False,14,5,2026
473,2026-05-14 16:00:00+00:00,2026-05-14,16,3,Jeudi,False,14,5,2026
474,2026-05-14 17:00:00+00:00,2026-05-14,17,3,Jeudi,False,14,5,2026
475,2026-05-14 18:00:00+00:00,2026-05-14,18,3,Jeudi,False,14,5,2026
476,2026-05-14 19:00:00+00:00,2026-05-14,19,3,Jeudi,False,14,5,2026
477,2026-05-14 20:00:00+00:00,2026-05-14,20,3,Jeudi,False,14,5,2026
478,2026-05-14 21:00:00+00:00,2026-05-14,21,3,Jeudi,False,14,5,2026
479,2026-05-14 22:00:00+00:00,2026-05-14,22,3,Jeudi,False,14,5,2026
480,2026-05-14 23:00:00+00:00,2026-05-14,23,3,Jeudi,False,14,5,2026
481,2026-05-15 00:00:00+00:00,2026-05-15,0,4,Vendredi,False,15,5,2026
482,2026-05-15 01:00:00+00:00,2026-05-15,1,4,Vendredi,False,15,5,2026
483,2026-05-15 02:00:00+00:00,2026-05-15,2,4,Vendredi,False,15,5,2026
484,2026-05-15 03:00:00+00:00,2026-05-15,3,4,Vendredi,False,15,5,2026
485,2026-05-15 04:00:00+00:00,2026-05-15,4,4,Vendredi,False,15,5,2026
486,2026-05-15 05:00:00+00:00,2026-05-15,5,4,Vendredi,False,15,5,2026
487,2026-05-15 06:00:00+00:00,2026-05-15,6,4,Vendredi,False,15,5,2026
488,2026-05-15 07:00:00+00:00,2026-05-15,7,4,Vendredi,False,15,5,2026
489,2026-05-15 08:00:00+00:00,2026-05-15,8,4,Vendredi,False,15,5,2026
490,2026-05-15 09:00:00+00:00,2026-05-15,9,4,Vendredi,False,15,5,2026
491,2026-05-15 10:00:00+00:00,2026-05-15,10,4,Vendredi,False,15,5,2026
492,2026-05-15 11:00:00+00:00,2026-05-15,11,4,Vendredi,False,15,5,2026
493,2026-05-15 12:00:00+00:00,2026-05-15,12,4,Vendredi,False,15,5,2026
494,2026-05-15 13:00:00+00:00,2026-05-15,13,4,Vendredi,False,15,5,2026
495,2026-05-15 14:00:00+00:00,2026-05-15,14,4,Vendredi,False,15,5,2026
496,2026-05-15 15:00:00+00:00,2026-05-15,15,4,Vendredi,False,15,5,2026
497,2026-05-15 16:00:00+00:00,2026-05-15,16,4,Vendredi,False,15,5,2026
498,2026-05-15 17:00:00+00:00,2026-05-15,17,4,Vendredi,False,15,5,2026
499,2026-05-15 18:00:00+00:00,2026-05-15,18,4,Vendredi,False,15,5,2026
500,2026-05-15 19:00:00+00:00,2026-05-15,19,4,Vendredi,False,15,5,2026
501,2026-05-15 20:00:00+00:00,2026-05-15,20,4,Vendredi,False,15,5,2026
502,2026-05-15 21:00:00+00:00,2026-05-15,21,4,Vendredi,False,15,5,2026
503,2026-05-15 22:00:00+00:00,2026-05-15,22,4,Vendredi,False,15,5,2026
504,2026-05-15 23:00:00+00:00,2026-05-15,23,4,Vendredi,False,15,5,2026
505,2026-05-16 00:00:00+00:00,2026-05-16,0,5,Samedi,True,16,5,2026
506,2026-05-16 01:00:00+00:00,2026-05-16,1,5,Samedi,True,16,5,2026
507,2026-05-16 02:00:00+00:00,2026-05-16,2,5,Samedi,True,16,5,2026
508,2026-05-16 03:00:00+00:00,2026-05-16,3,5,Samedi,True,16,5,2026
509,2026-05-16 04:00:00+00:00,2026-05-16,4,5,Samedi,True,16,5,2026
510,2026-05-16 05:00:00+00:00,2026-05-16,5,5,Samedi,True,16,5,2026
511,2026-05-16 06:00:00+00:00,2026-05-16,6,5,Samedi,True,16,5,2026
512,2026-05-16 07:00:00+00:00,2026-05-16,7,5,Samedi,True,16,5,2026
513,2026-05-16 08:00:00+00:00,2026-05-16,8,5,Samedi,True,16,5,2026
514,2026-05-16 09:00:00+00:00,2026-05-16,9,5,Samedi,True,16,5,2026
515,2026-05-16 10:00:00+00:00,2026-05-16,10,5,Samedi,True,16,5,2026
516,2026-05-16 11:00:00+00:00,2026-05-16,11,5,Samedi,True,16,5,2026
517,2026-05-16 12:00:00+00:00,2026-05-16,12,5,Samedi,True,16,5,2026
518,2026-05-16 13:00:00+00:00,2026-05-16,13,5,Samedi,True,16,5,2026
519,2026-05-16 14:00:00+00:00,2026-05-16,14,5,Samedi,True,16,5,2026
520,2026-05-16 15:00:00+00:00,2026-05-16,15,5,Samedi,True,16,5,2026
521,2026-05-16 16:00:00+00:00,2026-05-16,16,5,Samedi,True,16,5,2026
522,2026-05-16 17:00:00+00:00,2026-05-16,17,5,Samedi,True,16,5,2026
523,2026-05-16 18:00:00+00:00,2026-05-16,18,5,Samedi,True,16,5,2026
524,2026-05-16 19:00:00+00:00,2026-05-16,19,5,Samedi,True,16,5,2026
525,2026-05-16 20:00:00+00:00,2026-05-16,20,5,Samedi,True,16,5,2026
526,2026-05-16 21:00:00+00:00,2026-05-16,21,5,Samedi,True,16,5,2026
527,2026-05-16 22:00:00+00:00,2026-05-16,22,5,Samedi,True,16,5,2026
528,2026-05-16 23:00:00+00:00,2026-05-16,23,5,Samedi,True,16,5,2026
529,2026-05-17 00:00:00+00:00,2026-05-17,0,6,Dimanche,True,17,5,2026
530,2026-05-17 01:00:00+00:00,2026-05-17,1,6,Dimanche,True,17,5,2026
531,2026-05-17 02:00:00+00:00,2026-05-17,2,6,Dimanche,True,17,5,2026
532,2026-05-17 03:00:00+00:00,2026-05-17,3,6,Dimanche,True,17,5,2026
533,2026-05-17 04:00:00+00:00,2026-05-17,4,6,Dimanche,True,17,5,2026
534,2026-05-17 05:00:00+00:00,2026-05-17,5,6,Dimanche,True,17,5,2026
535,2026-05-17 06:00:00+00:00,2026-05-17,6,6,Dimanche,True,17,5,2026
536,2026-05-17 07:00:00+00:00,2026-05-17,7,6,Dimanche,True,17,5,2026
537,2026-05-17 08:00:00+00:00,2026-05-17,8,6,Dimanche,True,17,5,2026
538,2026-05-17 09:00:00+00:00,2026-05-17,9,6,Dimanche,True,17,5,2026
539,2026-05-17 10:00:00+00:00,2026-05-17,10,6,Dimanche,True,17,5,2026
540,2026-05-17 11:00:00+00:00,2026-05-17,11,6,Dimanche,True,17,5,2026
541,2026-05-17 12:00:00+00:00,2026-05-17,12,6,Dimanche,True,17,5,2026
542,2026-05-17 13:00:00+00:00,2026-05-17,13,6,Dimanche,True,17,5,2026
543,2026-05-17 14:00:00+00:00,2026-05-17,14,6,Dimanche,True,17,5,2026
544,2026-05-17 15:00:00+00:00,2026-05-17,15,6,Dimanche,True,17,5,2026
545,2026-05-17 16:00:00+00:00,2026-05-17,16,6,Dimanche,True,17,5,2026
546,2026-05-17 17:00:00+00:00,2026-05-17,17,6,Dimanche,True,17,5,2026
547,2026-05-17 18:00:00+00:00,2026-05-17,18,6,Dimanche,True,17,5,2026
548,2026-05-17 19:00:00+00:00,2026-05-17,19,6,Dimanche,True,17,5,2026
549,2026-05-17 20:00:00+00:00,2026-05-17,20,6,Dimanche,True,17,5,2026
550,2026-05-17 21:00:00+00:00,2026-05-17,21,6,Dimanche,True,17,5,2026
551,2026-05-17 22:00:00+00:00,2026-05-17,22,6,Dimanche,True,17,5,2026
552,2026-05-17 23:00:00+00:00,2026-05-17,23,6,Dimanche,True,17,5,2026
553,2026-05-18 00:00:00+00:00,2026-05-18,0,0,Lundi,False,18,5,2026
554,2026-05-18 01:00:00+00:00,2026-05-18,1,0,Lundi,False,18,5,2026
555,2026-05-18 02:00:00+00:00,2026-05-18,2,0,Lundi,False,18,5,2026
556,2026-05-18 03:00:00+00:00,2026-05-18,3,0,Lundi,False,18,5,2026
557,2026-05-18 04:00:00+00:00,2026-05-18,4,0,Lundi,False,18,5,2026
558,2026-05-18 05:00:00+00:00,2026-05-18,5,0,Lundi,False,18,5,2026
559,2026-05-18 06:00:00+00:00,2026-05-18,6,0,Lundi,False,18,5,2026
560,2026-05-18 07:00:00+00:00,2026-05-18,7,0,Lundi,False,18,5,2026
561,2026-05-18 08:00:00+00:00,2026-05-18,8,0,Lundi,False,18,5,2026
562,2026-05-18 09:00:00+00:00,2026-05-18,9,0,Lundi,False,18,5,2026
563,2026-05-18 10:00:00+00:00,2026-05-18,10,0,Lundi,False,18,5,2026
564,2026-05-18 11:00:00+00:00,2026-05-18,11,0,Lundi,False,18,5,2026
565,2026-05-18 12:00:00+00:00,2026-05-18,12,0,Lundi,False,18,5,2026
566,2026-05-18 13:00:00+00:00,2026-05-18,13,0,Lundi,False,18,5,2026
567,2026-05-18 14:00:00+00:00,2026-05-18,14,0,Lundi,False,18,5,2026
568,2026-05-18 15:00:00+00:00,2026-05-18,15,0,Lundi,False,18,5,2026
569,2026-05-18 16:00:00+00:00,2026-05-18,16,0,Lundi,False,18,5,2026
570,2026-05-18 17:00:00+00:00,2026-05-18,17,0,Lundi,False,18,5,2026
571,2026-05-18 18:00:00+00:00,2026-05-18,18,0,Lundi,False,18,5,2026
572,2026-05-18 19:00:00+00:00,2026-05-18,19,0,Lundi,False,18,5,2026
573,2026-05-18 20:00:00+00:00,2026-05-18,20,0,Lundi,False,18,5,2026
574,2026-05-18 21:00:00+00:00,2026-05-18,21,0,Lundi,False,18,5,2026
575,2026-05-18 22:00:00+00:00,2026-05-18,22,0,Lundi,False,18,5,2026
576,2026-05-18 23:00:00+00:00,2026-05-18,23,0,Lundi,False,18,5,2026
577,2026-05-19 00:00:00+00:00,2026-05-19,0,1,Mardi,False,19,5,2026
578,2026-05-20 01:00:00+00:00,2026-05-20,1,2,Mercredi,False,20,5,2026
579,2026-05-20 02:00:00+00:00,2026-05-20,2,2,Mercredi,False,20,5,2026
580,2026-05-20 03:00:00+00:00,2026-05-20,3,2,Mercredi,False,20,5,2026
581,2026-05-20 04:00:00+00:00,2026-05-20,4,2,Mercredi,False,20,5,2026
582,2026-05-20 05:00:00+00:00,2026-05-20,5,2,Mercredi,False,20,5,2026
583,2026-05-20 06:00:00+00:00,2026-05-20,6,2,Mercredi,False,20,5,2026
584,2026-05-20 07:00:00+00:00,2026-05-20,7,2,Mercredi,False,20,5,2026
585,2026-05-20 08:00:00+00:00,2026-05-20,8,2,Mercredi,False,20,5,2026
586,2026-05-20 09:00:00+00:00,2026-05-20,9,2,Mercredi,False,20,5,2026
587,2026-05-20 10:00:00+00:00,2026-05-20,10,2,Mercredi,False,20,5,2026
588,2026-05-20 11:00:00+00:00,2026-05-20,11,2,Mercredi,False,20,5,2026
589,2026-05-20 12:00:00+00:00,2026-05-20,12,2,Mercredi,False,20,5,2026
590,2026-05-20 13:00:00+00:00,2026-05-20,13,2,Mercredi,False,20,5,2026
591,2026-05-20 14:00:00+00:00,2026-05-20,14,2,Mercredi,False,20,5,2026
592,2026-05-20 15:00:00+00:00,2026-05-20,15,2,Mercredi,False,20,5,2026
593,2026-05-20 16:00:00+00:00,2026-05-20,16,2,Mercredi,False,20,5,2026
594,2026-05-20 17:00:00+00:00,2026-05-20,17,2,Mercredi,False,20,5,2026
595,2026-05-20 18:00:00+00:00,2026-05-20,18,2,Mercredi,False,20,5,2026
596,2026-05-20 19:00:00+00:00,2026-05-20,19,2,Mercredi,False,20,5,2026
597,2026-05-20 20:00:00+00:00,2026-05-20,20,2,Mercredi,False,20,5,2026
598,2026-05-20 21:00:00+00:00,2026-05-20,21,2,Mercredi,False,20,5,2026
599,2026-05-20 22:00:00+00:00,2026-05-20,22,2,Mercredi,False,20,5,2026
600,2026-05-20 23:00:00+00:00,2026-05-20,23,2,Mercredi,False,20,5,2026
601,2026-05-21 00:00:00+00:00,2026-05-21,0,3,Jeudi,False,21,5,2026
602,2026-05-21 01:00:00+00:00,2026-05-21,1,3,Jeudi,False,21,5,2026
603,2026-05-21 02:00:00+00:00,2026-05-21,2,3,Jeudi,False,21,5,2026
604,2026-05-21 03:00:00+00:00,2026-05-21,3,3,Jeudi,False,21,5,2026
605,2026-05-21 04:00:00+00:00,2026-05-21,4,3,Jeudi,False,21,5,2026
606,2026-05-21 05:00:00+00:00,2026-05-21,5,3,Jeudi,False,21,5,2026
607,2026-05-21 06:00:00+00:00,2026-05-21,6,3,Jeudi,False,21,5,2026
608,2026-05-21 07:00:00+00:00,2026-05-21,7,3,Jeudi,False,21,5,2026
609,2026-05-21 08:00:00+00:00,2026-05-21,8,3,Jeudi,False,21,5,2026
610,2026-05-21 09:00:00+00:00,2026-05-21,9,3,Jeudi,False,21,5,2026
611,2026-05-21 10:00:00+00:00,2026-05-21,10,3,Jeudi,False,21,5,2026
612,2026-05-21 11:00:00+00:00,2026-05-21,11,3,Jeudi,False,21,5,2026
613,2026-05-21 12:00:00+00:00,2026-05-21,12,3,Jeudi,False,21,5,2026
614,2026-05-21 13:00:00+00:00,2026-05-21,13,3,Jeudi,False,21,5,2026
615,2026-05-21 14:00:00+00:00,2026-05-21,14,3,Jeudi,False,21,5,2026
616,2026-05-21 15:00:00+00:00,2026-05-21,15,3,Jeudi,False,21,5,2026
617,2026-05-21 16:00:00+00:00,2026-05-21,16,3,Jeudi,False,21,5,2026
618,2026-05-21 17:00:00+00:00,2026-05-21,17,3,Jeudi,False,21,5,2026
619,2026-05-21 18:00:00+00:00,2026-05-21,18,3,Jeudi,False,21,5,2026
620,2026-05-21 19:00:00+00:00,2026-05-21,19,3,Jeudi,False,21,5,2026
621,2026-05-21 20:00:00+00:00,2026-05-21,20,3,Jeudi,False,21,5,2026
622,2026-05-21 21:00:00+00:00,2026-05-21,21,3,Jeudi,False,21,5,2026
623,2026-05-21 22:00:00+00:00,2026-05-21,22,3,Jeudi,False,21,5,2026
624,2026-05-21 23:00:00+00:00,2026-05-21,23,3,Jeudi,False,21,5,2026
625,2026-05-22 00:00:00+00:00,2026-05-22,0,4,Vendredi,False,22,5,2026
626,2026-05-22 01:00:00+00:00,2026-05-22,1,4,Vendredi,False,22,5,2026
627,2026-05-22 02:00:00+00:00,2026-05-22,2,4,Vendredi,False,22,5,2026
628,2026-05-22 03:00:00+00:00,2026-05-22,3,4,Vendredi,False,22,5,2026
629,2026-05-22 04:00:00+00:00,2026-05-22,4,4,Vendredi,False,22,5,2026
630,2026-05-22 05:00:00+00:00,2026-05-22,5,4,Vendredi,False,22,5,2026
631,2026-05-22 06:00:00+00:00,2026-05-22,6,4,Vendredi,False,22,5,2026
632,2026-05-22 07:00:00+00:00,2026-05-22,7,4,Vendredi,False,22,5,2026
633,2026-05-22 08:00:00+00:00,2026-05-22,8,4,Vendredi,False,22,5,2026
634,2026-05-22 09:00:00+00:00,2026-05-22,9,4,Vendredi,False,22,5,2026
635,2026-05-22 10:00:00+00:00,2026-05-22,10,4,Vendredi,False,22,5,2026
636,2026-05-22 11:00:00+00:00,2026-05-22,11,4,Vendredi,False,22,5,2026
637,2026-05-22 12:00:00+00:00,2026-05-22,12,4,Vendredi,False,22,5,2026
638,2026-05-22 13:00:00+00:00,2026-05-22,13,4,Vendredi,False,22,5,2026
639,2026-05-22 14:00:00+00:00,2026-05-22,14,4,Vendredi,False,22,5,2026
640,2026-05-22 15:00:00+00:00,2026-05-22,15,4,Vendredi,False,22,5,2026
641,2026-05-22 16:00:00+00:00,2026-05-22,16,4,Vendredi,False,22,5,2026
642,2026-05-22 17:00:00+00:00,2026-05-22,17,4,Vendredi,False,22,5,2026
643,2026-05-22 18:00:00+00:00,2026-05-22,18,4,Vendredi,False,22,5,2026
644,2026-05-22 19:00:00+00:00,2026-05-22,19,4,Vendredi,False,22,5,2026
645,2026-05-22 20:00:00+00:00,2026-05-22,20,4,Vendredi,False,22,5,2026
646,2026-05-22 21:00:00+00:00,2026-05-22,21,4,Vendredi,False,22,5,2026
647,2026-05-22 22:00:00+00:00,2026-05-22,22,4,Vendredi,False,22,5,2026
648,2026-05-22 23:00:00+00:00,2026-05-22,23,4,Vendredi,False,22,5,2026
649,2026-05-23 00:00:00+00:00,2026-05-23,0,5,Samedi,True,23,5,2026
650,2026-05-23 01:00:00+00:00,2026-05-23,1,5,Samedi,True,23,5,2026
651,2026-05-23 02:00:00+00:00,2026-05-23,2,5,Samedi,True,23,5,2026
652,2026-05-23 03:00:00+00:00,2026-05-23,3,5,Samedi,True,23,5,2026
653,2026-05-23 04:00:00+00:00,2026-05-23,4,5,Samedi,True,23,5,2026
654,2026-05-23 05:00:00+00:00,2026-05-23,5,5,Samedi,True,23,5,2026
655,2026-05-23 06:00:00+00:00,2026-05-23,6,5,Samedi,True,23,5,2026
656,2026-05-23 07:00:00+00:00,2026-05-23,7,5,Samedi,True,23,5,2026
657,2026-05-23 08:00:00+00:00,2026-05-23,8,5,Samedi,True,23,5,2026
658,2026-05-23 09:00:00+00:00,2026-05-23,9,5,Samedi,True,23,5,2026
659,2026-05-23 10:00:00+00:00,2026-05-23,10,5,Samedi,True,23,5,2026
660,2026-05-23 11:00:00+00:00,2026-05-23,11,5,Samedi,True,23,5,2026
661,2026-05-23 12:00:00+00:00,2026-05-23,12,5,Samedi,True,23,5,2026
662,2026-05-23 13:00:00+00:00,2026-05-23,13,5,Samedi,True,23,5,2026
663,2026-05-23 14:00:00+00:00,2026-05-23,14,5,Samedi,True,23,5,2026
664,2026-05-23 15:00:00+00:00,2026-05-23,15,5,Samedi,True,23,5,2026
665,2026-05-23 16:00:00+00:00,2026-05-23,16,5,Samedi,True,23,5,2026
666,2026-05-23 17:00:00+00:00,2026-05-23,17,5,Samedi,True,23,5,2026
667,2026-05-23 18:00:00+00:00,2026-05-23,18,5,Samedi,True,23,5,2026
668,2026-05-23 19:00:00+00:00,2026-05-23,19,5,Samedi,True,23,5,2026
669,2026-05-23 20:00:00+00:00,2026-05-23,20,5,Samedi,True,23,5,2026
670,2026-05-23 21:00:00+00:00,2026-05-23,21,5,Samedi,True,23,5,2026
671,2026-05-23 22:00:00+00:00,2026-05-23,22,5,Samedi,True,23,5,2026
672,2026-05-23 23:00:00+00:00,2026-05-23,23,5,Samedi,True,23,5,2026
673,2026-05-24 00:00:00+00:00,2026-05-24,0,6,Dimanche,True,24,5,2026
674,2026-05-24 01:00:00+00:00,2026-05-24,1,6,Dimanche,True,24,5,2026
675,2026-05-24 02:00:00+00:00,2026-05-24,2,6,Dimanche,True,24,5,2026
676,2026-05-24 03:00:00+00:00,2026-05-24,3,6,Dimanche,True,24,5,2026
677,2026-05-24 04:00:00+00:00,2026-05-24,4,6,Dimanche,True,24,5,2026
678,2026-05-24 05:00:00+00:00,2026-05-24,5,6,Dimanche,True,24,5,2026
679,2026-05-24 06:00:00+00:00,2026-05-24,6,6,Dimanche,True,24,5,2026
680,2026-05-24 07:00:00+00:00,2026-05-24,7,6,Dimanche,True,24,5,2026
681,2026-05-24 08:00:00+00:00,2026-05-24,8,6,Dimanche,True,24,5,2026
682,2026-05-24 09:00:00+00:00,2026-05-24,9,6,Dimanche,True,24,5,2026
683,2026-05-24 10:00:00+00:00,2026-05-24,10,6,Dimanche,True,24,5,2026
684,2026-05-24 11:00:00+00:00,2026-05-24,11,6,Dimanche,True,24,5,2026
685,2026-05-24 12:00:00+00:00,2026-05-24,12,6,Dimanche,True,24,5,2026
686,2026-05-24 13:00:00+00:00,2026-05-24,13,6,Dimanche,True,24,5,2026
687,2026-05-24 14:00:00+00:00,2026-05-24,14,6,Dimanche,True,24,5,2026
688,2026-05-24 15:00:00+00:00,2026-05-24,15,6,Dimanche,True,24,5,2026
689,2026-05-24 16:00:00+00:00,2026-05-24,16,6,Dimanche,True,24,5,2026
690,2026-05-24 17:00:00+00:00,2026-05-24,17,6,Dimanche,True,24,5,2026
691,2026-05-24 18:00:00+00:00,2026-05-24,18,6,Dimanche,True,24,5,2026
692,2026-05-24 19:00:00+00:00,2026-05-24,19,6,Dimanche,True,24,5,2026
693,2026-05-24 20:00:00+00:00,2026-05-24,20,6,Dimanche,True,24,5,2026
694,2026-05-24 21:00:00+00:00,2026-05-24,21,6,Dimanche,True,24,5,2026
695,2026-05-24 22:00:00+00:00,2026-05-24,22,6,Dimanche,True,24,5,2026
696,2026-05-24 23:00:00+00:00,2026-05-24,23,6,Dimanche,True,24,5,2026
697,2026-05-25 00:00:00+00:00,2026-05-25,0,0,Lundi,False,25,5,2026
698,2026-05-25 01:00:00+00:00,2026-05-25,1,0,Lundi,False,25,5,2026
699,2026-05-25 02:00:00+00:00,2026-05-25,2,0,Lundi,False,25,5,2026
700,2026-05-25 03:00:00+00:00,2026-05-25,3,0,Lundi,False,25,5,2026
701,2026-05-25 04:00:00+00:00,2026-05-25,4,0,Lundi,False,25,5,2026
702,2026-05-25 05:00:00+00:00,2026-05-25,5,0,Lundi,False,25,5,2026
703,2026-05-25 06:00:00+00:00,2026-05-25,6,0,Lundi,False,25,5,2026
704,2026-05-25 07:00:00+00:00,2026-05-25,7,0,Lundi,False,25,5,2026
705,2026-05-25 08:00:00+00:00,2026-05-25,8,0,Lundi,False,25,5,2026
706,2026-05-25 09:00:00+00:00,2026-05-25,9,0,Lundi,False,25,5,2026
707,2026-05-25 10:00:00+00:00,2026-05-25,10,0,Lundi,False,25,5,2026
708,2026-05-25 11:00:00+00:00,2026-05-25,11,0,Lundi,False,25,5,2026
709,2026-05-25 12:00:00+00:00,2026-05-25,12,0,Lundi,False,25,5,2026
710,2026-05-25 13:00:00+00:00,2026-05-25,13,0,Lundi,False,25,5,2026
711,2026-05-25 14:00:00+00:00,2026-05-25,14,0,Lundi,False,25,5,2026
712,2026-05-25 15:00:00+00:00,2026-05-25,15,0,Lundi,False,25,5,2026
713,2026-05-25 16:00:00+00:00,2026-05-25,16,0,Lundi,False,25,5,2026
714,2026-05-25 17:00:00+00:00,2026-05-25,17,0,Lundi,False,25,5,2026
715,2026-05-25 18:00:00+00:00,2026-05-25,18,0,Lundi,False,25,5,2026
716,2026-05-25 19:00:00+00:00,2026-05-25,19,0,Lundi,False,25,5,2026
717,2026-05-25 20:00:00+00:00,2026-05-25,20,0,Lundi,False,25,5,2026
718,2026-05-25 21:00:00+00:00,2026-05-25,21,0,Lundi,False,25,5,2026
719,2026-05-25 22:00:00+00:00,2026-05-25,22,0,Lundi,False,25,5,2026
720,2026-05-25 23:00:00+00:00,2026-05-25,23,0,Lundi,False,25,5,2026
721,2026-05-26 00:00:00+00:00,2026-05-26,0,1,Mardi,False,26,5,2026
722,2026-05-26 01:00:00+00:00,2026-05-26,1,1,Mardi,False,26,5,2026
723,2026-05-26 02:00:00+00:00,2026-05-26,2,1,Mardi,False,26,5,2026
724,2026-05-26 03:00:00+00:00,2026-05-26,3,1,Mardi,False,26,5,2026
725,2026-05-26 04:00:00+00:00,2026-05-26,4,1,Mardi,False,26,5,2026
726,2026-05-26 05:00:00+00:00,2026-05-26,5,1,Mardi,False,26,5,2026
727,2026-05-26 06:00:00+00:00,2026-05-26,6,1,Mardi,False,26,5,2026
728,2026-05-26 07:00:00+00:00,2026-05-26,7,1,Mardi,False,26,5,2026
729,2026-05-26 08:00:00+00:00,2026-05-26,8,1,Mardi,False,26,5,2026
730,2026-05-26 09:00:00+00:00,2026-05-26,9,1,Mardi,False,26,5,2026
731,2026-05-26 10:00:00+00:00,2026-05-26,10,1,Mardi,False,26,5,2026
732,2026-05-26 11:00:00+00:00,2026-05-26,11,1,Mardi,False,26,5,2026
733,2026-05-26 12:00:00+00:00,2026-05-26,12,1,Mardi,False,26,5,2026
734,2026-05-26 13:00:00+00:00,2026-05-26,13,1,Mardi,False,26,5,2026
735,2026-05-26 14:00:00+00:00,2026-05-26,14,1,Mardi,False,26,5,2026
736,2026-05-26 15:00:00+00:00,2026-05-26,15,1,Mardi,False,26,5,2026
737,2026-05-26 16:00:00+00:00,2026-05-26,16,1,Mardi,False,26,5,2026
738,2026-05-26 17:00:00+00:00,2026-05-26,17,1,Mardi,False,26,5,2026
739,2026-05-26 18:00:00+00:00,2026-05-26,18,1,Mardi,False,26,5,2026
740,2026-05-26 19:00:00+00:00,2026-05-26,19,1,Mardi,False,26,5,2026
741,2026-05-26 20:00:00+00:00,2026-05-26,20,1,Mardi,False,26,5,2026
742,2026-05-26 21:00:00+00:00,2026-05-26,21,1,Mardi,False,26,5,2026
743,2026-05-26 22:00:00+00:00,2026-05-26,22,1,Mardi,False,26,5,2026
744,2026-05-26 23:00:00+00:00,2026-05-26,23,1,Mardi,False,26,5,2026
745,2026-05-27 00:00:00+00:00,2026-05-27,0,2,Mercredi,False,27,5,2026
746,2026-05-27 01:00:00+00:00,2026-05-27,1,2,Mercredi,False,27,5,2026
747,2026-05-27 02:00:00+00:00,2026-05-27,2,2,Mercredi,False,27,5,2026
748,2026-05-27 03:00:00+00:00,2026-05-27,3,2,Mercredi,False,27,5,2026
749,2026-05-27 04:00:00+00:00,2026-05-27,4,2,Mercredi,False,27,5,2026
750,2026-05-27 05:00:00+00:00,2026-05-27,5,2,Mercredi,False,27,5,2026
751,2026-05-27 06:00:00+00:00,2026-05-27,6,2,Mercredi,False,27,5,2026
752,2026-05-27 07:00:00+00:00,2026-05-27,7,2,Mercredi,False,27,5,2026
753,2026-05-27 08:00:00+00:00,2026-05-27,8,2,Mercredi,False,27,5,2026
754,2026-05-27 09:00:00+00:00,2026-05-27,9,2,Mercredi,False,27,5,2026
755,2026-05-27 10:00:00+00:00,2026-05-27,10,2,Mercredi,False,27,5,2026
756,2026-05-27 11:00:00+00:00,2026-05-27,11,2,Mercredi,False,27,5,2026
757,2026-05-27 12:00:00+00:00,2026-05-27,12,2,Mercredi,False,27,5,2026
758,2026-05-27 13:00:00+00:00,2026-05-27,13,2,Mercredi,False,27,5,2026
759,2026-05-27 14:00:00+00:00,2026-05-27,14,2,Mercredi,False,27,5,2026
760,2026-05-27 15:00:00+00:00,2026-05-27,15,2,Mercredi,False,27,5,2026
761,2026-05-27 16:00:00+00:00,2026-05-27,16,2,Mercredi,False,27,5,2026
762,2026-05-27 17:00:00+00:00,2026-05-27,17,2,Mercredi,False,27,5,2026
763,2026-05-27 18:00:00+00:00,2026-05-27,18,2,Mercredi,False,27,5,2026
764,2026-05-27 19:00:00+00:00,2026-05-27,19,2,Mercredi,False,27,5,2026
765,2026-05-27 20:00:00+00:00,2026-05-27,20,2,Mercredi,False,27,5,2026
766,2026-05-27 21:00:00+00:00,2026-05-27,21,2,Mercredi,False,27,5,2026
767,2026-05-27 22:00:00+00:00,2026-05-27,22,2,Mercredi,False,27,5,2026
768,2026-05-27 23:00:00+00:00,2026-05-27,23,2,Mercredi,False,27,5,2026
769,2026-05-28 00:00:00+00:00,2026-05-28,0,3,Jeudi,False,28,5,2026
770,2026-05-28 01:00:00+00:00,2026-05-28,1,3,Jeudi,False,28,5,2026
771,2026-05-28 02:00:00+00:00,2026-05-28,2,3,Jeudi,False,28,5,2026
772,2026-05-28 03:00:00+00:00,2026-05-28,3,3,Jeudi,False,28,5,2026
773,2026-05-28 04:00:00+00:00,2026-05-28,4,3,Jeudi,False,28,5,2026
774,2026-05-28 05:00:00+00:00,2026-05-28,5,3,Jeudi,False,28,5,2026
775,2026-05-28 06:00:00+00:00,2026-05-28,6,3,Jeudi,False,28,5,2026
776,2026-05-28 07:00:00+00:00,2026-05-28,7,3,Jeudi,False,28,5,2026
777,2026-05-28 08:00:00+00:00,2026-05-28,8,3,Jeudi,False,28,5,2026
778,2026-05-28 09:00:00+00:00,2026-05-28,9,3,Jeudi,False,28,5,2026
779,2026-05-28 10:00:00+00:00,2026-05-28,10,3,Jeudi,False,28,5,2026
780,2026-05-28 11:00:00+00:00,2026-05-28,11,3,Jeudi,False,28,5,2026
781,2026-05-28 12:00:00+00:00,2026-05-28,12,3,Jeudi,False,28,5,2026
782,2026-05-28 13:00:00+00:00,2026-05-28,13,3,Jeudi,False,28,5,2026
783,2026-05-28 14:00:00+00:00,2026-05-28,14,3,Jeudi,False,28,5,2026
784,2026-05-28 15:00:00+00:00,2026-05-28,15,3,Jeudi,False,28,5,2026
785,2026-05-28 16:00:00+00:00,2026-05-28,16,3,Jeudi,False,28,5,2026
786,2026-05-28 17:00:00+00:00,2026-05-28,17,3,Jeudi,False,28,5,2026
787,2026-05-28 18:00:00+00:00,2026-05-28,18,3,Jeudi,False,28,5,2026
788,2026-05-28 19:00:00+00:00,2026-05-28,19,3,Jeudi,False,28,5,2026
789,2026-05-28 20:00:00+00:00,2026-05-28,20,3,Jeudi,False,28,5,2026
790,2026-05-28 21:00:00+00:00,2026-05-28,21,3,Jeudi,False,28,5,2026
791,2026-05-28 22:00:00+00:00,2026-05-28,22,3,Jeudi,False,28,5,2026
792,2026-05-28 23:00:00+00:00,2026-05-28,23,3,Jeudi,False,28,5,2026
793,2026-05-29 00:00:00+00:00,2026-05-29,0,4,Vendredi,False,29,5,2026
794,2026-05-29 01:00:00+00:00,2026-05-29,1,4,Vendredi,False,29,5,2026
795,2026-05-29 02:00:00+00:00,2026-05-29,2,4,Vendredi,False,29,5,2026
796,2026-05-29 03:00:00+00:00,2026-05-29,3,4,Vendredi,False,29,5,2026
797,2026-05-29 04:00:00+00:00,2026-05-29,4,4,Vendredi,False,29,5,2026
798,2026-05-29 05:00:00+00:00,2026-05-29,5,4,Vendredi,False,29,5,2026
799,2026-05-29 06:00:00+00:00,2026-05-29,6,4,Vendredi,False,29,5,2026
800,2026-05-29 07:00:00+00:00,2026-05-29,7,4,Vendredi,False,29,5,2026
801,2026-05-29 08:00:00+00:00,2026-05-29,8,4,Vendredi,False,29,5,2026
802,2026-05-29 09:00:00+00:00,2026-05-29,9,4,Vendredi,False,29,5,2026
803,2026-05-29 10:00:00+00:00,2026-05-29,10,4,Vendredi,False,29,5,2026
804,2026-05-29 11:00:00+00:00,2026-05-29,11,4,Vendredi,False,29,5,2026
805,2026-05-29 12:00:00+00:00,2026-05-29,12,4,Vendredi,False,29,5,2026
806,2026-05-29 13:00:00+00:00,2026-05-29,13,4,Vendredi,False,29,5,2026
807,2026-05-29 14:00:00+00:00,2026-05-29,14,4,Vendredi,False,29,5,2026
808,2026-05-29 15:00:00+00:00,2026-05-29,15,4,Vendredi,False,29,5,2026
809,2026-05-29 16:00:00+00:00,2026-05-29,16,4,Vendredi,False,29,5,2026
810,2026-05-29 17:00:00+00:00,2026-05-29,17,4,Vendredi,False,29,5,2026
811,2026-05-29 18:00:00+00:00,2026-05-29,18,4,Vendredi,False,29,5,2026
812,2026-05-29 19:00:00+00:00,2026-05-29,19,4,Vendredi,False,29,5,2026
813,2026-05-29 20:00:00+00:00,2026-05-29,20,4,Vendredi,False,29,5,2026
814,2026-05-29 21:00:00+00:00,2026-05-29,21,4,Vendredi,False,29,5,2026
815,2026-05-29 22:00:00+00:00,2026-05-29,22,4,Vendredi,False,29,5,2026
816,2026-05-29 23:00:00+00:00,2026-05-29,23,4,Vendredi,False,29,5,2026
817,2026-05-30 00:00:00+00:00,2026-05-30,0,5,Samedi,True,30,5,2026
818,2026-05-30 01:00:00+00:00,2026-05-30,1,5,Samedi,True,30,5,2026
819,2026-05-30 02:00:00+00:00,2026-05-30,2,5,Samedi,True,30,5,2026
820,2026-05-30 03:00:00+00:00,2026-05-30,3,5,Samedi,True,30,5,2026
821,2026-05-30 04:00:00+00:00,2026-05-30,4,5,Samedi,True,30,5,2026
822,2026-05-30 05:00:00+00:00,2026-05-30,5,5,Samedi,True,30,5,2026
823,2026-05-30 06:00:00+00:00,2026-05-30,6,5,Samedi,True,30,5,2026
824,2026-05-30 07:00:00+00:00,2026-05-30,7,5,Samedi,True,30,5,2026
825,2026-05-30 08:00:00+00:00,2026-05-30,8,5,Samedi,True,30,5,2026
826,2026-05-30 09:00:00+00:00,2026-05-30,9,5,Samedi,True,30,5,2026
827,2026-05-30 10:00:00+00:00,2026-05-30,10,5,Samedi,True,30,5,2026
828,2026-05-30 11:00:00+00:00,2026-05-30,11,5,Samedi,True,30,5,2026
829,2026-05-30 12:00:00+00:00,2026-05-30,12,5,Samedi,True,30,5,2026
830,2026-05-30 13:00:00+00:00,2026-05-30,13,5,Samedi,True,30,5,2026
831,2026-05-30 14:00:00+00:00,2026-05-30,14,5,Samedi,True,30,5,2026
832,2026-05-30 15:00:00+00:00,2026-05-30,15,5,Samedi,True,30,5,2026
833,2026-05-30 16:00:00+00:00,2026-05-30,16,5,Samedi,True,30,5,2026
834,2026-05-30 17:00:00+00:00,2026-05-30,17,5,Samedi,True,30,5,2026
835,2026-05-30 18:00:00+00:00,2026-05-30,18,5,Samedi,True,30,5,2026
836,2026-05-30 19:00:00+00:00,2026-05-30,19,5,Samedi,True,30,5,2026
837,2026-05-30 20:00:00+00:00,2026-05-30,20,5,Samedi,True,30,5,2026
838,2026-05-30 21:00:00+00:00,2026-05-30,21,5,Samedi,True,30,5,2026
839,2026-05-30 22:00:00+00:00,2026-05-30,22,5,Samedi,True,30,5,2026
840,2026-05-30 23:00:00+00:00,2026-05-30,23,5,Samedi,True,30,5,2026
841,2026-05-31 00:00:00+00:00,2026-05-31,0,6,Dimanche,True,31,5,2026
842,2026-05-31 01:00:00+00:00,2026-05-31,1,6,Dimanche,True,31,5,2026
843,2026-05-31 02:00:00+00:00,2026-05-31,2,6,Dimanche,True,31,5,2026
844,2026-05-31 03:00:00+00:00,2026-05-31,3,6,Dimanche,True,31,5,2026
845,2026-05-31 04:00:00+00:00,2026-05-31,4,6,Dimanche,True,31,5,2026
846,2026-05-31 05:00:00+00:00,2026-05-31,5,6,Dimanche,True,31,5,2026
847,2026-05-31 06:00:00+00:00,2026-05-31,6,6,Dimanche,True,31,5,2026
848,2026-05-31 07:00:00+00:00,2026-05-31,7,6,Dimanche,True,31,5,2026
849,2026-05-31 08:00:00+00:00,2026-05-31,8,6,Dimanche,True,31,5,2026
850,2026-05-31 09:00:00+00:00,2026-05-31,9,6,Dimanche,True,31,5,2026
851,2026-05-31 10:00:00+00:00,2026-05-31,10,6,Dimanche,True,31,5,2026
852,2026-05-31 11:00:00+00:00,2026-05-31,11,6,Dimanche,True,31,5,2026
853,2026-05-31 12:00:00+00:00,2026-05-31,12,6,Dimanche,True,31,5,2026
854,2026-05-31 13:00:00+00:00,2026-05-31,13,6,Dimanche,True,31,5,2026
855,2026-05-31 14:00:00+00:00,2026-05-31,14,6,Dimanche,True,31,5,2026
856,2026-05-31 15:00:00+00:00,2026-05-31,15,6,Dimanche,True,31,5,2026
857,2026-05-31 16:00:00+00:00,2026-05-31,16,6,Dimanche,True,31,5,2026
858,2026-05-31 17:00:00+00:00,2026-05-31,17,6,Dimanche,True,31,5,2026
859,2026-05-31 18:00:00+00:00,2026-05-31,18,6,Dimanche,True,31,5,2026
860,2026-05-31 19:00:00+00:00,2026-05-31,19,6,Dimanche,True,31,5,2026
861,2026-05-31 20:00:00+00:00,2026-05-31,20,6,Dimanche,True,31,5,2026
862,2026-05-31 21:00:00+00:00,2026-05-31,21,6,Dimanche,True,31,5,2026
863,2026-05-31 22:00:00+00:00,2026-05-31,22,6,Dimanche,True,31,5,2026
864,2026-05-31 23:00:00+00:00,2026-05-31,23,6,Dimanche,True,31,5,2026
865,2026-06-01 00:00:00+00:00,2026-06-01,0,0,Lundi,False,1,6,2026
866,2026-06-01 01:00:00+00:00,2026-06-01,1,0,Lundi,False,1,6,2026
867,2026-06-01 02:00:00+00:00,2026-06-01,2,0,Lundi,False,1,6,2026
868,2026-06-01 03:00:00+00:00,2026-06-01,3,0,Lundi,False,1,6,2026
869,2026-06-01 04:00:00+00:00,2026-06-01,4,0,Lundi,False,1,6,2026
870,2026-06-01 05:00:00+00:00,2026-06-01,5,0,Lundi,False,1,6,2026
871,2026-06-01 06:00:00+00:00,2026-06-01,6,0,Lundi,False,1,6,2026
872,2026-06-01 07:00:00+00:00,2026-06-01,7,0,Lundi,False,1,6,2026
873,2026-06-01 08:00:00+00:00,2026-06-01,8,0,Lundi,False,1,6,2026
874,2026-06-01 09:00:00+00:00,2026-06-01,9,0,Lundi,False,1,6,2026
875,2026-06-01 10:00:00+00:00,2026-06-01,10,0,Lundi,False,1,6,2026
876,2026-06-01 11:00:00+00:00,2026-06-01,11,0,Lundi,False,1,6,2026
877,2026-06-01 12:00:00+00:00,2026-06-01,12,0,Lundi,False,1,6,2026
878,2026-06-01 13:00:00+00:00,2026-06-01,13,0,Lundi,False,1,6,2026
879,2026-06-01 14:00:00+00:00,2026-06-01,14,0,Lundi,False,1,6,2026
880,2026-06-01 15:00:00+00:00,2026-06-01,15,0,Lundi,False,1,6,2026
881,2026-06-01 16:00:00+00:00,2026-06-01,16,0,Lundi,False,1,6,2026
882,2026-06-01 17:00:00+00:00,2026-06-01,17,0,Lundi,False,1,6,2026
883,2026-06-01 18:00:00+00:00,2026-06-01,18,0,Lundi,False,1,6,2026
884,2026-06-01 19:00:00+00:00,2026-06-01,19,0,Lundi,False,1,6,2026
885,2026-06-01 20:00:00+00:00,2026-06-01,20,0,Lundi,False,1,6,2026
886,2026-06-01 21:00:00+00:00,2026-06-01,21,0,Lundi,False,1,6,2026
887,2026-06-01 22:00:00+00:00,2026-06-01,22,0,Lundi,False,1,6,2026
888,2026-06-01 23:00:00+00:00,2026-06-01,23,0,Lundi,False,1,6,2026
889,2026-06-02 00:00:00+00:00,2026-06-02,0,1,Mardi,False,2,6,2026
890,2026-06-02 01:00:00+00:00,2026-06-02,1,1,Mardi,False,2,6,2026
891,2026-06-02 02:00:00+00:00,2026-06-02,2,1,Mardi,False,2,6,2026
892,2026-06-02 03:00:00+00:00,2026-06-02,3,1,Mardi,False,2,6,2026
893,2026-06-02 04:00:00+00:00,2026-06-02,4,1,Mardi,False,2,6,2026
894,2026-06-02 05:00:00+00:00,2026-06-02,5,1,Mardi,False,2,6,2026
895,2026-06-02 06:00:00+00:00,2026-06-02,6,1,Mardi,False,2,6,2026
896,2026-06-02 07:00:00+00:00,2026-06-02,7,1,Mardi,False,2,6,2026
897,2026-06-02 08:00:00+00:00,2026-06-02,8,1,Mardi,False,2,6,2026
898,2026-06-02 09:00:00+00:00,2026-06-02,9,1,Mardi,False,2,6,2026
899,2026-06-02 10:00:00+00:00,2026-06-02,10,1,Mardi,False,2,6,2026
900,2026-06-02 11:00:00+00:00,2026-06-02,11,1,Mardi,False,2,6,2026
901,2026-06-02 12:00:00+00:00,2026-06-02,12,1,Mardi,False,2,6,2026
902,2026-06-02 13:00:00+00:00,2026-06-02,13,1,Mardi,False,2,6,2026
903,2026-06-02 14:00:00+00:00,2026-06-02,14,1,Mardi,False,2,6,2026
904,2026-06-02 15:00:00+00:00,2026-06-02,15,1,Mardi,False,2,6,2026
905,2026-06-02 16:00:00+00:00,2026-06-02,16,1,Mardi,False,2,6,2026
906,2026-06-02 17:00:00+00:00,2026-06-02,17,1,Mardi,False,2,6,2026
907,2026-06-02 18:00:00+00:00,2026-06-02,18,1,Mardi,False,2,6,2026
908,2026-06-02 19:00:00+00:00,2026-06-02,19,1,Mardi,False,2,6,2026
909,2026-06-02 20:00:00+00:00,2026-06-02,20,1,Mardi,False,2,6,2026
910,2026-06-02 21:00:00+00:00,2026-06-02,21,1,Mardi,False,2,6,2026
911,2026-06-02 22:00:00+00:00,2026-06-02,22,1,Mardi,False,2,6,2026
912,2026-06-02 23:00:00+00:00,2026-06-02,23,1,Mardi,False,2,6,2026
913,2026-06-03 00:00:00+00:00,2026-06-03,0,2,Mercredi,False,3,6,2026
914,2026-06-03 01:00:00+00:00,2026-06-03,1,2,Mercredi,False,3,6,2026
915,2026-06-03 02:00:00+00:00,2026-06-03,2,2,Mercredi,False,3,6,2026
916,2026-06-03 03:00:00+00:00,2026-06-03,3,2,Mercredi,False,3,6,2026
917,2026-06-03 04:00:00+00:00,2026-06-03,4,2,Mercredi,False,3,6,2026
918,2026-06-03 05:00:00+00:00,2026-06-03,5,2,Mercredi,False,3,6,2026
919,2026-06-03 06:00:00+00:00,2026-06-03,6,2,Mercredi,False,3,6,2026
920,2026-06-03 07:00:00+00:00,2026-06-03,7,2,Mercredi,False,3,6,2026
921,2026-06-03 08:00:00+00:00,2026-06-03,8,2,Mercredi,False,3,6,2026
922,2026-06-03 09:00:00+00:00,2026-06-03,9,2,Mercredi,False,3,6,2026
923,2026-06-03 10:00:00+00:00,2026-06-03,10,2,Mercredi,False,3,6,2026
924,2026-06-03 11:00:00+00:00,2026-06-03,11,2,Mercredi,False,3,6,2026
925,2026-06-03 12:00:00+00:00,2026-06-03,12,2,Mercredi,False,3,6,2026
926,2026-06-03 13:00:00+00:00,2026-06-03,13,2,Mercredi,False,3,6,2026
927,2026-06-03 14:00:00+00:00,2026-06-03,14,2,Mercredi,False,3,6,2026
928,2026-06-03 15:00:00+00:00,2026-06-03,15,2,Mercredi,False,3,6,2026
929,2026-06-03 16:00:00+00:00,2026-06-03,16,2,Mercredi,False,3,6,2026
930,2026-06-03 17:00:00+00:00,2026-06-03,17,2,Mercredi,False,3,6,2026
931,2026-06-03 18:00:00+00:00,2026-06-03,18,2,Mercredi,False,3,6,2026
932,2026-06-03 19:00:00+00:00,2026-06-03,19,2,Mercredi,False,3,6,2026
933,2026-06-03 20:00:00+00:00,2026-06-03,20,2,Mercredi,False,3,6,2026
934,2026-06-03 21:00:00+00:00,2026-06-03,21,2,Mercredi,False,3,6,2026
935,2026-06-03 22:00:00+00:00,2026-06-03,22,2,Mercredi,False,3,6,2026
936,2026-06-03 23:00:00+00:00,2026-06-03,23,2,Mercredi,False,3,6,2026
937,2026-06-04 00:00:00+00:00,2026-06-04,0,3,Jeudi,False,4,6,2026
938,2026-06-04 01:00:00+00:00,2026-06-04,1,3,Jeudi,False,4,6,2026
939,2026-06-04 02:00:00+00:00,2026-06-04,2,3,Jeudi,False,4,6,2026
940,2026-06-04 03:00:00+00:00,2026-06-04,3,3,Jeudi,False,4,6,2026
941,2026-06-04 04:00:00+00:00,2026-06-04,4,3,Jeudi,False,4,6,2026
942,2026-06-04 05:00:00+00:00,2026-06-04,5,3,Jeudi,False,4,6,2026
943,2026-06-04 06:00:00+00:00,2026-06-04,6,3,Jeudi,False,4,6,2026
944,2026-06-04 07:00:00+00:00,2026-06-04,7,3,Jeudi,False,4,6,2026
945,2026-06-04 08:00:00+00:00,2026-06-04,8,3,Jeudi,False,4,6,2026
946,2026-06-04 09:00:00+00:00,2026-06-04,9,3,Jeudi,False,4,6,2026
947,2026-06-04 10:00:00+00:00,2026-06-04,10,3,Jeudi,False,4,6,2026
948,2026-06-04 11:00:00+00:00,2026-06-04,11,3,Jeudi,False,4,6,2026
949,2026-06-04 12:00:00+00:00,2026-06-04,12,3,Jeudi,False,4,6,2026
950,2026-06-04 13:00:00+00:00,2026-06-04,13,3,Jeudi,False,4,6,2026
951,2026-06-04 14:00:00+00:00,2026-06-04,14,3,Jeudi,False,4,6,2026
952,2026-06-04 15:00:00+00:00,2026-06-04,15,3,Jeudi,False,4,6,2026
953,2026-06-04 16:00:00+00:00,2026-06-04,16,3,Jeudi,False,4,6,2026
954,2026-06-04 17:00:00+00:00,2026-06-04,17,3,Jeudi,False,4,6,2026
955,2026-06-04 18:00:00+00:00,2026-06-04,18,3,Jeudi,False,4,6,2026
956,2026-06-04 19:00:00+00:00,2026-06-04,19,3,Jeudi,False,4,6,2026
957,2026-06-04 20:00:00+00:00,2026-06-04,20,3,Jeudi,False,4,6,2026
958,2026-06-04 21:00:00+00:00,2026-06-04,21,3,Jeudi,False,4,6,2026
959,2026-06-04 22:00:00+00:00,2026-06-04,22,3,Jeudi,False,4,6,2026
960,2026-06-04 23:00:00+00:00,2026-06-04,23,3,Jeudi,False,4,6,2026
961,2026-06-05 00:00:00+00:00,2026-06-05,0,4,Vendredi,False,5,6,2026
962,2026-06-05 01:00:00+00:00,2026-06-05,1,4,Vendredi,False,5,6,2026
963,2026-06-05 02:00:00+00:00,2026-06-05,2,4,Vendredi,False,5,6,2026
964,2026-06-05 03:00:00+00:00,2026-06-05,3,4,Vendredi,False,5,6,2026
965,2026-06-05 04:00:00+00:00,2026-06-05,4,4,Vendredi,False,5,6,2026
966,2026-06-05 05:00:00+00:00,2026-06-05,5,4,Vendredi,False,5,6,2026
967,2026-06-05 06:00:00+00:00,2026-06-05,6,4,Vendredi,False,5,6,2026
968,2026-06-05 07:00:00+00:00,2026-06-05,7,4,Vendredi,False,5,6,2026
969,2026-06-05 08:00:00+00:00,2026-06-05,8,4,Vendredi,False,5,6,2026
970,2026-06-05 09:00:00+00:00,2026-06-05,9,4,Vendredi,False,5,6,2026
971,2026-06-05 10:00:00+00:00,2026-06-05,10,4,Vendredi,False,5,6,2026
972,2026-06-05 11:00:00+00:00,2026-06-05,11,4,Vendredi,False,5,6,2026
973,2026-06-05 12:00:00+00:00,2026-06-05,12,4,Vendredi,False,5,6,2026
974,2026-06-05 13:00:00+00:00,2026-06-05,13,4,Vendredi,False,5,6,2026
975,2026-06-05 14:00:00+00:00,2026-06-05,14,4,Vendredi,False,5,6,2026
976,2026-06-05 15:00:00+00:00,2026-06-05,15,4,Vendredi,False,5,6,2026
977,2026-06-05 16:00:00+00:00,2026-06-05,16,4,Vendredi,False,5,6,2026
978,2026-06-05 17:00:00+00:00,2026-06-05,17,4,Vendredi,False,5,6,2026
979,2026-06-05 18:00:00+00:00,2026-06-05,18,4,Vendredi,False,5,6,2026
980,2026-06-05 19:00:00+00:00,2026-06-05,19,4,Vendredi,False,5,6,2026
981,2026-06-05 20:00:00+00:00,2026-06-05,20,4,Vendredi,False,5,6,2026
982,2026-06-05 21:00:00+00:00,2026-06-05,21,4,Vendredi,False,5,6,2026
983,2026-06-05 22:00:00+00:00,2026-06-05,22,4,Vendredi,False,5,6,2026
984,2026-06-05 23:00:00+00:00,2026-06-05,23,4,Vendredi,False,5,6,2026
985,2026-06-06 00:00:00+00:00,2026-06-06,0,5,Samedi,True,6,6,2026
986,2026-06-06 01:00:00+00:00,2026-06-06,1,5,Samedi,True,6,6,2026
987,2026-06-06 02:00:00+00:00,2026-06-06,2,5,Samedi,True,6,6,2026
988,2026-06-06 03:00:00+00:00,2026-06-06,3,5,Samedi,True,6,6,2026
989,2026-06-06 04:00:00+00:00,2026-06-06,4,5,Samedi,True,6,6,2026
990,2026-06-06 05:00:00+00:00,2026-06-06,5,5,Samedi,True,6,6,2026
991,2026-06-06 06:00:00+00:00,2026-06-06,6,5,Samedi,True,6,6,2026
992,2026-06-06 07:00:00+00:00,2026-06-06,7,5,Samedi,True,6,6,2026
993,2026-06-06 08:00:00+00:00,2026-06-06,8,5,Samedi,True,6,6,2026
994,2026-06-06 09:00:00+00:00,2026-06-06,9,5,Samedi,True,6,6,2026
995,2026-06-06 10:00:00+00:00,2026-06-06,10,5,Samedi,True,6,6,2026
996,2026-06-06 11:00:00+00:00,2026-06-06,11,5,Samedi,True,6,6,2026
997,2026-06-06 12:00:00+00:00,2026-06-06,12,5,Samedi,True,6,6,2026
998,2026-06-06 13:00:00+00:00,2026-06-06,13,5,Samedi,True,6,6,2026
999,2026-06-06 14:00:00+00:00,2026-06-06,14,5,Samedi,True,6,6,2026
1000,2026-06-06 15:00:00+00:00,2026-06-06,15,5,Samedi,True,6,6,2026
1001,2026-06-06 16:00:00+00:00,2026-06-06,16,5,Samedi,True,6,6,2026
1002,2026-06-06 17:00:00+00:00,2026-06-06,17,5,Samedi,True,6,6,2026
1003,2026-06-06 18:00:00+00:00,2026-06-06,18,5,Samedi,True,6,6,2026
1004,2026-06-06 19:00:00+00:00,2026-06-06,19,5,Samedi,True,6,6,2026
1005,2026-06-06 20:00:00+00:00,2026-06-06,20,5,Samedi,True,6,6,2026
1006,2026-06-06 21:00:00+00:00,2026-06-06,21,5,Samedi,True,6,6,2026
1007,2026-06-06 22:00:00+00:00,2026-06-06,22,5,Samedi,True,6,6,2026
1008,2026-06-06 23:00:00+00:00,2026-06-06,23,5,Samedi,True,6,6,2026
1009,2026-06-07 00:00:00+00:00,2026-06-07,0,6,Dimanche,True,7,6,2026
1010,2026-06-07 01:00:00+00:00,2026-06-07,1,6,Dimanche,True,7,6,2026
1011,2026-06-07 02:00:00+00:00,2026-06-07,2,6,Dimanche,True,7,6,2026
1012,2026-06-07 03:00:00+00:00,2026-06-07,3,6,Dimanche,True,7,6,2026
1013,2026-06-07 04:00:00+00:00,2026-06-07,4,6,Dimanche,True,7,6,2026
1014,2026-06-07 05:00:00+00:00,2026-06-07,5,6,Dimanche,True,7,6,2026
1015,2026-06-07 06:00:00+00:00,2026-06-07,6,6,Dimanche,True,7,6,2026
1016,2026-06-07 07:00:00+00:00,2026-06-07,7,6,Dimanche,True,7,6,2026
1017,2026-06-07 08:00:00+00:00,2026-06-07,8,6,Dimanche,True,7,6,2026
1018,2026-06-07 09:00:00+00:00,2026-06-07,9,6,Dimanche,True,7,6,2026
1019,2026-06-07 10:00:00+00:00,2026-06-07,10,6,Dimanche,True,7,6,2026
1020,2026-06-07 11:00:00+00:00,2026-06-07,11,6,Dimanche,True,7,6,2026
1021,2026-06-07 12:00:00+00:00,2026-06-07,12,6,Dimanche,True,7,6,2026
1022,2026-06-07 13:00:00+00:00,2026-06-07,13,6,Dimanche,True,7,6,2026
1023,2026-06-07 14:00:00+00:00,2026-06-07,14,6,Dimanche,True,7,6,2026
1024,2026-06-07 15:00:00+00:00,2026-06-07,15,6,Dimanche,True,7,6,2026
1025,2026-06-07 16:00:00+00:00,2026-06-07,16,6,Dimanche,True,7,6,2026
1026,2026-06-07 17:00:00+00:00,2026-06-07,17,6,Dimanche,True,7,6,2026
1027,2026-06-07 18:00:00+00:00,2026-06-07,18,6,Dimanche,True,7,6,2026
1028,2026-06-07 19:00:00+00:00,2026-06-07,19,6,Dimanche,True,7,6,2026
1029,2026-06-07 20:00:00+00:00,2026-06-07,20,6,Dimanche,True,7,6,2026
1030,2026-06-07 21:00:00+00:00,2026-06-07,21,6,Dimanche,True,7,6,2026
1031,2026-06-07 22:00:00+00:00,2026-06-07,22,6,Dimanche,True,7,6,2026
1032,2026-06-07 23:00:00+00:00,2026-06-07,23,6,Dimanche,True,7,6,2026
1033,2026-06-08 00:00:00+00:00,2026-06-08,0,0,Lundi,False,8,6,2026
1034,2026-06-08 01:00:00+00:00,2026-06-08,1,0,Lundi,False,8,6,2026
1035,2026-06-08 02:00:00+00:00,2026-06-08,2,0,Lundi,False,8,6,2026
1036,2026-06-08 03:00:00+00:00,2026-06-08,3,0,Lundi,False,8,6,2026
1037,2026-06-08 04:00:00+00:00,2026-06-08,4,0,Lundi,False,8,6,2026
1038,2026-06-08 05:00:00+00:00,2026-06-08,5,0,Lundi,False,8,6,2026
1039,2026-06-08 06:00:00+00:00,2026-06-08,6,0,Lundi,False,8,6,2026
1040,2026-06-08 07:00:00+00:00,2026-06-08,7,0,Lundi,False,8,6,2026
1041,2026-06-08 08:00:00+00:00,2026-06-08,8,0,Lundi,False,8,6,2026
1042,2026-06-08 09:00:00+00:00,2026-06-08,9,0,Lundi,False,8,6,2026
1043,2026-06-08 10:00:00+00:00,2026-06-08,10,0,Lundi,False,8,6,2026
1044,2026-06-08 11:00:00+00:00,2026-06-08,11,0,Lundi,False,8,6,2026
1045,2026-06-08 12:00:00+00:00,2026-06-08,12,0,Lundi,False,8,6,2026
1046,2026-06-08 13:00:00+00:00,2026-06-08,13,0,Lundi,False,8,6,2026
1047,2026-06-08 14:00:00+00:00,2026-06-08,14,0,Lundi,False,8,6,2026
1048,2026-06-08 15:00:00+00:00,2026-06-08,15,0,Lundi,False,8,6,2026
1049,2026-06-08 16:00:00+00:00,2026-06-08,16,0,Lundi,False,8,6,2026
1050,2026-06-08 17:00:00+00:00,2026-06-08,17,0,Lundi,False,8,6,2026
1051,2026-06-08 18:00:00+00:00,2026-06-08,18,0,Lundi,False,8,6,2026
1052,2026-06-08 19:00:00+00:00,2026-06-08,19,0,Lundi,False,8,6,2026
1053,2026-06-08 20:00:00+00:00,2026-06-08,20,0,Lundi,False,8,6,2026
1054,2026-06-08 21:00:00+00:00,2026-06-08,21,0,Lundi,False,8,6,2026
1055,2026-06-08 22:00:00+00:00,2026-06-08,22,0,Lundi,False,8,6,2026
1056,2026-06-08 23:00:00+00:00,2026-06-08,23,0,Lundi,False,8,6,2026
1057,2026-06-09 00:00:00+00:00,2026-06-09,0,1,Mardi,False,9,6,2026
1058,2026-06-09 01:00:00+00:00,2026-06-09,1,1,Mardi,False,9,6,2026
1059,2026-06-09 02:00:00+00:00,2026-06-09,2,1,Mardi,False,9,6,2026
1060,2026-06-09 03:00:00+00:00,2026-06-09,3,1,Mardi,False,9,6,2026
1061,2026-06-09 04:00:00+00:00,2026-06-09,4,1,Mardi,False,9,6,2026
1062,2026-06-09 05:00:00+00:00,2026-06-09,5,1,Mardi,False,9,6,2026
1063,2026-06-09 06:00:00+00:00,2026-06-09,6,1,Mardi,False,9,6,2026
1064,2026-06-09 07:00:00+00:00,2026-06-09,7,1,Mardi,False,9,6,2026
1065,2026-06-09 08:00:00+00:00,2026-06-09,8,1,Mardi,False,9,6,2026
1066,2026-06-09 09:00:00+00:00,2026-06-09,9,1,Mardi,False,9,6,2026
1067,2026-06-09 10:00:00+00:00,2026-06-09,10,1,Mardi,False,9,6,2026
1068,2026-06-09 11:00:00+00:00,2026-06-09,11,1,Mardi,False,9,6,2026
1069,2026-06-09 12:00:00+00:00,2026-06-09,12,1,Mardi,False,9,6,2026
1070,2026-06-09 13:00:00+00:00,2026-06-09,13,1,Mardi,False,9,6,2026
1071,2026-06-09 14:00:00+00:00,2026-06-09,14,1,Mardi,False,9,6,2026
1072,2026-06-09 15:00:00+00:00,2026-06-09,15,1,Mardi,False,9,6,2026
1073,2026-06-09 16:00:00+00:00,2026-06-09,16,1,Mardi,False,9,6,2026
1074,2026-06-09 17:00:00+00:00,2026-06-09,17,1,Mardi,False,9,6,2026
1075,2026-06-09 18:00:00+00:00,2026-06-09,18,1,Mardi,False,9,6,2026
1076,2026-06-09 19:00:00+00:00,2026-06-09,19,1,Mardi,False,9,6,2026
1077,2026-06-09 20:00:00+00:00,2026-06-09,20,1,Mardi,False,9,6,2026
1078,2026-06-09 21:00:00+00:00,2026-06-09,21,1,Mardi,False,9,6,2026
1079,2026-06-09 22:00:00+00:00,2026-06-09,22,1,Mardi,False,9,6,2026
1080,2026-06-09 23:00:00+00:00,2026-06-09,23,1,Mardi,False,9,6,2026
1081,2026-06-10 00:00:00+00:00,2026-06-10,0,2,Mercredi,False,10,6,2026
1082,2026-06-10 01:00:00+00:00,2026-06-10,1,2,Mercredi,False,10,6,2026
1083,2026-06-10 02:00:00+00:00,2026-06-10,2,2,Mercredi,False,10,6,2026
1084,2026-06-10 03:00:00+00:00,2026-06-10,3,2,Mercredi,False,10,6,2026
1085,2026-06-10 04:00:00+00:00,2026-06-10,4,2,Mercredi,False,10,6,2026
1086,2026-06-10 05:00:00+00:00,2026-06-10,5,2,Mercredi,False,10,6,2026
1087,2026-06-10 06:00:00+00:00,2026-06-10,6,2,Mercredi,False,10,6,2026
1088,2026-06-10 07:00:00+00:00,2026-06-10,7,2,Mercredi,False,10,6,2026
1089,2026-06-10 08:00:00+00:00,2026-06-10,8,2,Mercredi,False,10,6,2026
1090,2026-06-10 09:00:00+00:00,2026-06-10,9,2,Mercredi,False,10,6,2026
1091,2026-06-10 10:00:00+00:00,2026-06-10,10,2,Mercredi,False,10,6,2026
1092,2026-06-10 11:00:00+00:00,2026-06-10,11,2,Mercredi,False,10,6,2026
1093,2026-06-10 12:00:00+00:00,2026-06-10,12,2,Mercredi,False,10,6,2026
1094,2026-06-10 13:00:00+00:00,2026-06-10,13,2,Mercredi,False,10,6,2026
1095,2026-06-10 14:00:00+00:00,2026-06-10,14,2,Mercredi,False,10,6,2026
1096,2026-06-10 15:00:00+00:00,2026-06-10,15,2,Mercredi,False,10,6,2026
1097,2026-06-10 16:00:00+00:00,2026-06-10,16,2,Mercredi,False,10,6,2026
1098,2026-06-10 17:00:00+00:00,2026-06-10,17,2,Mercredi,False,10,6,2026
1099,2026-06-10 18:00:00+00:00,2026-06-10,18,2,Mercredi,False,10,6,2026
1100,2026-06-10 19:00:00+00:00,2026-06-10,19,2,Mercredi,False,10,6,2026
1101,2026-06-10 20:00:00+00:00,2026-06-10,20,2,Mercredi,False,10,6,2026
1102,2026-06-10 21:00:00+00:00,2026-06-10,21,2,Mercredi,False,10,6,2026
1103,2026-06-10 22:00:00+00:00,2026-06-10,22,2,Mercredi,False,10,6,2026
1104,2026-06-10 23:00:00+00:00,2026-06-10,23,2,Mercredi,False,10,6,2026
1105,2026-06-11 00:00:00+00:00,2026-06-11,0,3,Jeudi,False,11,6,2026
1106,2026-06-11 01:00:00+00:00,2026-06-11,1,3,Jeudi,False,11,6,2026
1107,2026-06-11 02:00:00+00:00,2026-06-11,2,3,Jeudi,False,11,6,2026
1108,2026-06-11 03:00:00+00:00,2026-06-11,3,3,Jeudi,False,11,6,2026
1109,2026-06-11 04:00:00+00:00,2026-06-11,4,3,Jeudi,False,11,6,2026
1110,2026-06-11 05:00:00+00:00,2026-06-11,5,3,Jeudi,False,11,6,2026
1111,2026-06-11 06:00:00+00:00,2026-06-11,6,3,Jeudi,False,11,6,2026
1112,2026-06-11 07:00:00+00:00,2026-06-11,7,3,Jeudi,False,11,6,2026
1113,2026-06-11 08:00:00+00:00,2026-06-11,8,3,Jeudi,False,11,6,2026
1114,2026-06-11 09:00:00+00:00,2026-06-11,9,3,Jeudi,False,11,6,2026
1115,2026-06-11 10:00:00+00:00,2026-06-11,10,3,Jeudi,False,11,6,2026
1116,2026-06-11 11:00:00+00:00,2026-06-11,11,3,Jeudi,False,11,6,2026
1117,2026-06-11 12:00:00+00:00,2026-06-11,12,3,Jeudi,False,11,6,2026
1118,2026-06-11 13:00:00+00:00,2026-06-11,13,3,Jeudi,False,11,6,2026
1119,2026-06-11 14:00:00+00:00,2026-06-11,14,3,Jeudi,False,11,6,2026
1120,2026-06-11 15:00:00+00:00,2026-06-11,15,3,Jeudi,False,11,6,2026
1121,2026-06-11 16:00:00+00:00,2026-06-11,16,3,Jeudi,False,11,6,2026
1122,2026-06-11 17:00:00+00:00,2026-06-11,17,3,Jeudi,False,11,6,2026
1123,2026-06-11 18:00:00+00:00,2026-06-11,18,3,Jeudi,False,11,6,2026
1124,2026-06-11 19:00:00+00:00,2026-06-11,19,3,Jeudi,False,11,6,2026
1125,2026-06-11 20:00:00+00:00,2026-06-11,20,3,Jeudi,False,11,6,2026
1126,2026-06-11 21:00:00+00:00,2026-06-11,21,3,Jeudi,False,11,6,2026
1127,2026-06-11 22:00:00+00:00,2026-06-11,22,3,Jeudi,False,11,6,2026
1128,2026-06-11 23:00:00+00:00,2026-06-11,23,3,Jeudi,False,11,6,2026
1129,2026-06-12 00:00:00+00:00,2026-06-12,0,4,Vendredi,False,12,6,2026
1130,2026-06-12 01:00:00+00:00,2026-06-12,1,4,Vendredi,False,12,6,2026
1131,2026-06-12 02:00:00+00:00,2026-06-12,2,4,Vendredi,False,12,6,2026
1132,2026-06-12 03:00:00+00:00,2026-06-12,3,4,Vendredi,False,12,6,2026
1133,2026-06-12 04:00:00+00:00,2026-06-12,4,4,Vendredi,False,12,6,2026
1134,2026-06-12 05:00:00+00:00,2026-06-12,5,4,Vendredi,False,12,6,2026
1135,2026-06-12 06:00:00+00:00,2026-06-12,6,4,Vendredi,False,12,6,2026
1136,2026-06-12 07:00:00+00:00,2026-06-12,7,4,Vendredi,False,12,6,2026
1137,2026-06-12 08:00:00+00:00,2026-06-12,8,4,Vendredi,False,12,6,2026
1138,2026-06-12 09:00:00+00:00,2026-06-12,9,4,Vendredi,False,12,6,2026
1139,2026-06-12 10:00:00+00:00,2026-06-12,10,4,Vendredi,False,12,6,2026
1140,2026-06-12 11:00:00+00:00,2026-06-12,11,4,Vendredi,False,12,6,2026
1141,2026-06-12 12:00:00+00:00,2026-06-12,12,4,Vendredi,False,12,6,2026
1142,2026-06-12 13:00:00+00:00,2026-06-12,13,4,Vendredi,False,12,6,2026
1143,2026-06-12 14:00:00+00:00,2026-06-12,14,4,Vendredi,False,12,6,2026
1144,2026-06-12 15:00:00+00:00,2026-06-12,15,4,Vendredi,False,12,6,2026
1145,2026-06-12 16:00:00+00:00,2026-06-12,16,4,Vendredi,False,12,6,2026
1146,2026-06-12 17:00:00+00:00,2026-06-12,17,4,Vendredi,False,12,6,2026
1147,2026-06-12 18:00:00+00:00,2026-06-12,18,4,Vendredi,False,12,6,2026
1148,2026-06-12 19:00:00+00:00,2026-06-12,19,4,Vendredi,False,12,6,2026
1149,2026-06-12 20:00:00+00:00,2026-06-12,20,4,Vendredi,False,12,6,2026
1150,2026-06-12 21:00:00+00:00,2026-06-12,21,4,Vendredi,False,12,6,2026
1151,2026-06-12 22:00:00+00:00,2026-06-12,22,4,Vendredi,False,12,6,2026
1152,2026-06-12 23:00:00+00:00,2026-06-12,23,4,Vendredi,False,12,6,2026
1153,2026-06-13 00:00:00+00:00,2026-06-13,0,5,Samedi,True,13,6,2026
1154,2026-06-13 01:00:00+00:00,2026-06-13,1,5,Samedi,True,13,6,2026
1155,2026-06-13 02:00:00+00:00,2026-06-13,2,5,Samedi,True,13,6,2026
1156,2026-06-13 03:00:00+00:00,2026-06-13,3,5,Samedi,True,13,6,2026
1157,2026-06-13 04:00:00+00:00,2026-06-13,4,5,Samedi,True,13,6,2026
1158,2026-06-13 05:00:00+00:00,2026-06-13,5,5,Samedi,True,13,6,2026
1159,2026-06-13 06:00:00+00:00,2026-06-13,6,5,Samedi,True,13,6,2026
1160,2026-06-13 07:00:00+00:00,2026-06-13,7,5,Samedi,True,13,6,2026
1161,2026-06-13 08:00:00+00:00,2026-06-13,8,5,Samedi,True,13,6,2026
1162,2026-06-13 09:00:00+00:00,2026-06-13,9,5,Samedi,True,13,6,2026
1163,2026-06-13 10:00:00+00:00,2026-06-13,10,5,Samedi,True,13,6,2026
1164,2026-06-13 11:00:00+00:00,2026-06-13,11,5,Samedi,True,13,6,2026
1165,2026-06-13 12:00:00+00:00,2026-06-13,12,5,Samedi,True,13,6,2026
1166,2026-06-13 13:00:00+00:00,2026-06-13,13,5,Samedi,True,13,6,2026
1167,2026-06-13 14:00:00+00:00,2026-06-13,14,5,Samedi,True,13,6,2026
1168,2026-06-13 15:00:00+00:00,2026-06-13,15,5,Samedi,True,13,6,2026
1169,2026-06-13 16:00:00+00:00,2026-06-13,16,5,Samedi,True,13,6,2026
1170,2026-06-13 17:00:00+00:00,2026-06-13,17,5,Samedi,True,13,6,2026
1171,2026-06-13 18:00:00+00:00,2026-06-13,18,5,Samedi,True,13,6,2026
1172,2026-06-13 19:00:00+00:00,2026-06-13,19,5,Samedi,True,13,6,2026
1173,2026-06-13 20:00:00+00:00,2026-06-13,20,5,Samedi,True,13,6,2026
1174,2026-06-13 21:00:00+00:00,2026-06-13,21,5,Samedi,True,13,6,2026
1175,2026-06-13 22:00:00+00:00,2026-06-13,22,5,Samedi,True,13,6,2026
1176,2026-06-13 23:00:00+00:00,2026-06-13,23,5,Samedi,True,13,6,2026
1177,2026-06-14 00:00:00+00:00,2026-06-14,0,6,Dimanche,True,14,6,2026
1178,2026-06-14 01:00:00+00:00,2026-06-14,1,6,Dimanche,True,14,6,2026
1179,2026-06-14 02:00:00+00:00,2026-06-14,2,6,Dimanche,True,14,6,2026
1180,2026-06-14 03:00:00+00:00,2026-06-14,3,6,Dimanche,True,14,6,2026
1181,2026-06-14 04:00:00+00:00,2026-06-14,4,6,Dimanche,True,14,6,2026
1182,2026-06-14 05:00:00+00:00,2026-06-14,5,6,Dimanche,True,14,6,2026
1183,2026-06-14 06:00:00+00:00,2026-06-14,6,6,Dimanche,True,14,6,2026
1184,2026-06-14 07:00:00+00:00,2026-06-14,7,6,Dimanche,True,14,6,2026
1185,2026-06-14 08:00:00+00:00,2026-06-14,8,6,Dimanche,True,14,6,2026
1186,2026-06-14 09:00:00+00:00,2026-06-14,9,6,Dimanche,True,14,6,2026
1187,2026-06-14 10:00:00+00:00,2026-06-14,10,6,Dimanche,True,14,6,2026
1188,2026-06-14 11:00:00+00:00,2026-06-14,11,6,Dimanche,True,14,6,2026
1189,2026-06-14 12:00:00+00:00,2026-06-14,12,6,Dimanche,True,14,6,2026
1190,2026-06-14 13:00:00+00:00,2026-06-14,13,6,Dimanche,True,14,6,2026
1191,2026-06-14 14:00:00+00:00,2026-06-14,14,6,Dimanche,True,14,6,2026
1192,2026-06-14 15:00:00+00:00,2026-06-14,15,6,Dimanche,True,14,6,2026
1193,2026-06-14 16:00:00+00:00,2026-06-14,16,6,Dimanche,True,14,6,2026
1194,2026-06-14 17:00:00+00:00,2026-06-14,17,6,Dimanche,True,14,6,2026
1195,2026-06-14 18:00:00+00:00,2026-06-14,18,6,Dimanche,True,14,6,2026
1196,2026-06-14 19:00:00+00:00,2026-06-14,19,6,Dimanche,True,14,6,2026
1197,2026-06-14 20:00:00+00:00,2026-06-14,20,6,Dimanche,True,14,6,2026
1198,2026-06-14 21:00:00+00:00,2026-06-14,21,6,Dimanche,True,14,6,2026
1199,2026-06-14 22:00:00+00:00,2026-06-14,22,6,Dimanche,True,14,6,2026
1200,2026-06-14 23:00:00+00:00,2026-06-14,23,6,Dimanche,True,14,6,2026
1201,2026-06-15 00:00:00+00:00,2026-06-15,0,0,Lundi,False,15,6,2026
1202,2026-06-15 01:00:00+00:00,2026-06-15,1,0,Lundi,False,15,6,2026
1203,2026-06-15 02:00:00+00:00,2026-06-15,2,0,Lundi,False,15,6,2026
1204,2026-06-15 03:00:00+00:00,2026-06-15,3,0,Lundi,False,15,6,2026
1205,2026-06-15 04:00:00+00:00,2026-06-15,4,0,Lundi,False,15,6,2026
1206,2026-06-15 05:00:00+00:00,2026-06-15,5,0,Lundi,False,15,6,2026
1207,2026-06-15 06:00:00+00:00,2026-06-15,6,0,Lundi,False,15,6,2026
1208,2026-06-15 07:00:00+00:00,2026-06-15,7,0,Lundi,False,15,6,2026
1209,2026-06-15 08:00:00+00:00,2026-06-15,8,0,Lundi,False,15,6,2026
1210,2026-06-15 09:00:00+00:00,2026-06-15,9,0,Lundi,False,15,6,2026
1211,2026-06-15 10:00:00+00:00,2026-06-15,10,0,Lundi,False,15,6,2026
1212,2026-06-15 11:00:00+00:00,2026-06-15,11,0,Lundi,False,15,6,2026
1213,2026-06-15 12:00:00+00:00,2026-06-15,12,0,Lundi,False,15,6,2026
1214,2026-06-15 13:00:00+00:00,2026-06-15,13,0,Lundi,False,15,6,2026
1215,2026-06-15 14:00:00+00:00,2026-06-15,14,0,Lundi,False,15,6,2026
1216,2026-06-15 15:00:00+00:00,2026-06-15,15,0,Lundi,False,15,6,2026
1217,2026-06-15 16:00:00+00:00,2026-06-15,16,0,Lundi,False,15,6,2026
1218,2026-06-15 17:00:00+00:00,2026-06-15,17,0,Lundi,False,15,6,2026
1219,2026-06-15 18:00:00+00:00,2026-06-15,18,0,Lundi,False,15,6,2026
1220,2026-06-15 19:00:00+00:00,2026-06-15,19,0,Lundi,False,15,6,2026
1221,2026-06-15 20:00:00+00:00,2026-06-15,20,0,Lundi,False,15,6,2026
1222,2026-06-15 21:00:00+00:00,2026-06-15,21,0,Lundi,False,15,6,2026
1223,2026-06-15 22:00:00+00:00,2026-06-15,22,0,Lundi,False,15,6,2026
1224,2026-06-15 23:00:00+00:00,2026-06-15,23,0,Lundi,False,15,6,2026
1225,2026-06-16 00:00:00+00:00,2026-06-16,0,1,Mardi,False,16,6,2026
1226,2026-06-16 01:00:00+00:00,2026-06-16,1,1,Mardi,False,16,6,2026
1227,2026-06-16 02:00:00+00:00,2026-06-16,2,1,Mardi,False,16,6,2026
1228,2026-06-16 03:00:00+00:00,2026-06-16,3,1,Mardi,False,16,6,2026
1229,2026-06-16 04:00:00+00:00,2026-06-16,4,1,Mardi,False,16,6,2026
1230,2026-06-16 05:00:00+00:00,2026-06-16,5,1,Mardi,False,16,6,2026
1231,2026-06-16 06:00:00+00:00,2026-06-16,6,1,Mardi,False,16,6,2026
1232,2026-06-16 07:00:00+00:00,2026-06-16,7,1,Mardi,False,16,6,2026
1233,2026-06-16 08:00:00+00:00,2026-06-16,8,1,Mardi,False,16,6,2026
1234,2026-06-16 09:00:00+00:00,2026-06-16,9,1,Mardi,False,16,6,2026
1235,2026-06-16 10:00:00+00:00,2026-06-16,10,1,Mardi,False,16,6,2026
1236,2026-06-16 11:00:00+00:00,2026-06-16,11,1,Mardi,False,16,6,2026
1237,2026-06-16 12:00:00+00:00,2026-06-16,12,1,Mardi,False,16,6,2026
1238,2026-06-16 13:00:00+00:00,2026-06-16,13,1,Mardi,False,16,6,2026
1239,2026-06-16 14:00:00+00:00,2026-06-16,14,1,Mardi,False,16,6,2026
1240,2026-06-16 15:00:00+00:00,2026-06-16,15,1,Mardi,False,16,6,2026
1241,2026-06-16 16:00:00+00:00,2026-06-16,16,1,Mardi,False,16,6,2026
1242,2026-06-16 17:00:00+00:00,2026-06-16,17,1,Mardi,False,16,6,2026
1243,2026-06-16 18:00:00+00:00,2026-06-16,18,1,Mardi,False,16,6,2026
1244,2026-06-16 19:00:00+00:00,2026-06-16,19,1,Mardi,False,16,6,2026
1245,2026-06-16 20:00:00+00:00,2026-06-16,20,1,Mardi,False,16,6,2026
1246,2026-06-16 21:00:00+00:00,2026-06-16,21,1,Mardi,False,16,6,2026
1247,2026-06-16 22:00:00+00:00,2026-06-16,22,1,Mardi,False,16,6,2026
1248,2026-06-16 23:00:00+00:00,2026-06-16,23,1,Mardi,False,16,6,2026
1249,2026-06-17 00:00:00+00:00,2026-06-17,0,2,Mercredi,False,17,6,2026
1250,2026-06-17 01:00:00+00:00,2026-06-17,1,2,Mercredi,False,17,6,2026
1251,2026-06-17 02:00:00+00:00,2026-06-17,2,2,Mercredi,False,17,6,2026
1252,2026-06-17 03:00:00+00:00,2026-06-17,3,2,Mercredi,False,17,6,2026
1253,2026-06-17 04:00:00+00:00,2026-06-17,4,2,Mercredi,False,17,6,2026
1254,2026-06-17 05:00:00+00:00,2026-06-17,5,2,Mercredi,False,17,6,2026
1255,2026-06-17 06:00:00+00:00,2026-06-17,6,2,Mercredi,False,17,6,2026
1256,2026-06-17 07:00:00+00:00,2026-06-17,7,2,Mercredi,False,17,6,2026
1257,2026-06-17 08:00:00+00:00,2026-06-17,8,2,Mercredi,False,17,6,2026
1258,2026-06-17 09:00:00+00:00,2026-06-17,9,2,Mercredi,False,17,6,2026
1259,2026-06-17 10:00:00+00:00,2026-06-17,10,2,Mercredi,False,17,6,2026
1260,2026-06-17 11:00:00+00:00,2026-06-17,11,2,Mercredi,False,17,6,2026
1261,2026-06-17 12:00:00+00:00,2026-06-17,12,2,Mercredi,False,17,6,2026
1262,2026-06-17 13:00:00+00:00,2026-06-17,13,2,Mercredi,False,17,6,2026
1263,2026-06-17 14:00:00+00:00,2026-06-17,14,2,Mercredi,False,17,6,2026
1264,2026-06-17 15:00:00+00:00,2026-06-17,15,2,Mercredi,False,17,6,2026
1265,2026-06-17 16:00:00+00:00,2026-06-17,16,2,Mercredi,False,17,6,2026
1266,2026-06-17 17:00:00+00:00,2026-06-17,17,2,Mercredi,False,17,6,2026
1267,2026-06-17 18:00:00+00:00,2026-06-17,18,2,Mercredi,False,17,6,2026
1268,2026-06-17 19:00:00+00:00,2026-06-17,19,2,Mercredi,False,17,6,2026
1269,2026-06-17 20:00:00+00:00,2026-06-17,20,2,Mercredi,False,17,6,2026
1270,2026-06-17 21:00:00+00:00,2026-06-17,21,2,Mercredi,False,17,6,2026
1271,2026-06-17 22:00:00+00:00,2026-06-17,22,2,Mercredi,False,17,6,2026
1272,2026-06-17 23:00:00+00:00,2026-06-17,23,2,Mercredi,False,17,6,2026
1273,2026-06-18 00:00:00+00:00,2026-06-18,0,3,Jeudi,False,18,6,2026
1274,2026-06-18 01:00:00+00:00,2026-06-18,1,3,Jeudi,False,18,6,2026
1275,2026-06-18 02:00:00+00:00,2026-06-18,2,3,Jeudi,False,18,6,2026
1276,2026-06-18 03:00:00+00:00,2026-06-18,3,3,Jeudi,False,18,6,2026
1277,2026-06-18 04:00:00+00:00,2026-06-18,4,3,Jeudi,False,18,6,2026
1278,2026-06-18 05:00:00+00:00,2026-06-18,5,3,Jeudi,False,18,6,2026
1279,2026-06-18 06:00:00+00:00,2026-06-18,6,3,Jeudi,False,18,6,2026
1280,2026-06-18 07:00:00+00:00,2026-06-18,7,3,Jeudi,False,18,6,2026
1281,2026-06-18 08:00:00+00:00,2026-06-18,8,3,Jeudi,False,18,6,2026
1282,2026-06-18 09:00:00+00:00,2026-06-18,9,3,Jeudi,False,18,6,2026
1283,2026-06-18 10:00:00+00:00,2026-06-18,10,3,Jeudi,False,18,6,2026
1284,2026-06-18 11:00:00+00:00,2026-06-18,11,3,Jeudi,False,18,6,2026
1285,2026-06-18 12:00:00+00:00,2026-06-18,12,3,Jeudi,False,18,6,2026
1286,2026-06-18 13:00:00+00:00,2026-06-18,13,3,Jeudi,False,18,6,2026
1287,2026-06-18 14:00:00+00:00,2026-06-18,14,3,Jeudi,False,18,6,2026
1288,2026-06-18 15:00:00+00:00,2026-06-18,15,3,Jeudi,False,18,6,2026
1289,2026-06-18 16:00:00+00:00,2026-06-18,16,3,Jeudi,False,18,6,2026
1290,2026-06-18 17:00:00+00:00,2026-06-18,17,3,Jeudi,False,18,6,2026
1291,2026-06-18 18:00:00+00:00,2026-06-18,18,3,Jeudi,False,18,6,2026
1292,2026-06-18 19:00:00+00:00,2026-06-18,19,3,Jeudi,False,18,6,2026
1293,2026-06-18 20:00:00+00:00,2026-06-18,20,3,Jeudi,False,18,6,2026
1294,2026-06-18 21:00:00+00:00,2026-06-18,21,3,Jeudi,False,18,6,2026
1295,2026-06-18 22:00:00+00:00,2026-06-18,22,3,Jeudi,False,18,6,2026
1296,2026-06-18 23:00:00+00:00,2026-06-18,23,3,Jeudi,False,18,6,2026
1297,2026-06-19 00:00:00+00:00,2026-06-19,0,4,Vendredi,False,19,6,2026
1298,2026-06-19 01:00:00+00:00,2026-06-19,1,4,Vendredi,False,19,6,2026
1299,2026-06-19 02:00:00+00:00,2026-06-19,2,4,Vendredi,False,19,6,2026
1300,2026-06-19 03:00:00+00:00,2026-06-19,3,4,Vendredi,False,19,6,2026
1301,2026-06-19 04:00:00+00:00,2026-06-19,4,4,Vendredi,False,19,6,2026
1302,2026-06-19 05:00:00+00:00,2026-06-19,5,4,Vendredi,False,19,6,2026
1303,2026-06-19 06:00:00+00:00,2026-06-19,6,4,Vendredi,False,19,6,2026
1304,2026-06-19 07:00:00+00:00,2026-06-19,7,4,Vendredi,False,19,6,2026
1305,2026-06-19 08:00:00+00:00,2026-06-19,8,4,Vendredi,False,19,6,2026
1306,2026-06-19 09:00:00+00:00,2026-06-19,9,4,Vendredi,False,19,6,2026
1307,2026-06-19 10:00:00+00:00,2026-06-19,10,4,Vendredi,False,19,6,2026
1308,2026-06-19 11:00:00+00:00,2026-06-19,11,4,Vendredi,False,19,6,2026
1309,2026-06-19 12:00:00+00:00,2026-06-19,12,4,Vendredi,False,19,6,2026
1310,2026-06-19 13:00:00+00:00,2026-06-19,13,4,Vendredi,False,19,6,2026
1311,2026-06-19 14:00:00+00:00,2026-06-19,14,4,Vendredi,False,19,6,2026
1312,2026-06-19 15:00:00+00:00,2026-06-19,15,4,Vendredi,False,19,6,2026
1313,2026-06-19 16:00:00+00:00,2026-06-19,16,4,Vendredi,False,19,6,2026
1314,2026-06-19 17:00:00+00:00,2026-06-19,17,4,Vendredi,False,19,6,2026
1315,2026-06-19 18:00:00+00:00,2026-06-19,18,4,Vendredi,False,19,6,2026
1316,2026-06-19 19:00:00+00:00,2026-06-19,19,4,Vendredi,False,19,6,2026
1317,2026-06-19 20:00:00+00:00,2026-06-19,20,4,Vendredi,False,19,6,2026
1318,2026-06-19 21:00:00+00:00,2026-06-19,21,4,Vendredi,False,19,6,2026
1319,2026-06-19 22:00:00+00:00,2026-06-19,22,4,Vendredi,False,19,6,2026
1320,2026-06-19 23:00:00+00:00,2026-06-19,23,4,Vendredi,False,19,6,2026
1321,2026-06-20 00:00:00+00:00,2026-06-20,0,5,Samedi,True,20,6,2026
1322,2026-06-20 01:00:00+00:00,2026-06-20,1,5,Samedi,True,20,6,2026
1323,2026-06-20 02:00:00+00:00,2026-06-20,2,5,Samedi,True,20,6,2026
1324,2026-06-20 03:00:00+00:00,2026-06-20,3,5,Samedi,True,20,6,2026
1325,2026-06-20 04:00:00+00:00,2026-06-20,4,5,Samedi,True,20,6,2026
1326,2026-06-20 05:00:00+00:00,2026-06-20,5,5,Samedi,True,20,6,2026
1327,2026-06-20 06:00:00+00:00,2026-06-20,6,5,Samedi,True,20,6,2026
1328,2026-06-20 07:00:00+00:00,2026-06-20,7,5,Samedi,True,20,6,2026
1329,2026-06-20 08:00:00+00:00,2026-06-20,8,5,Samedi,True,20,6,2026
1330,2026-06-20 09:00:00+00:00,2026-06-20,9,5,Samedi,True,20,6,2026
1331,2026-06-20 10:00:00+00:00,2026-06-20,10,5,Samedi,True,20,6,2026
1332,2026-06-20 11:00:00+00:00,2026-06-20,11,5,Samedi,True,20,6,2026
1333,2026-06-20 12:00:00+00:00,2026-06-20,12,5,Samedi,True,20,6,2026
1334,2026-06-20 13:00:00+00:00,2026-06-20,13,5,Samedi,True,20,6,2026
1335,2026-06-20 14:00:00+00:00,2026-06-20,14,5,Samedi,True,20,6,2026
1336,2026-06-20 15:00:00+00:00,2026-06-20,15,5,Samedi,True,20,6,2026
1337,2026-06-20 16:00:00+00:00,2026-06-20,16,5,Samedi,True,20,6,2026
1338,2026-06-20 17:00:00+00:00,2026-06-20,17,5,Samedi,True,20,6,2026
1339,2026-06-20 18:00:00+00:00,2026-06-20,18,5,Samedi,True,20,6,2026
1340,2026-06-20 19:00:00+00:00,2026-06-20,19,5,Samedi,True,20,6,2026
1341,2026-06-20 20:00:00+00:00,2026-06-20,20,5,Samedi,True,20,6,2026
1342,2026-06-20 21:00:00+00:00,2026-06-20,21,5,Samedi,True,20,6,2026
1343,2026-06-20 22:00:00+00:00,2026-06-20,22,5,Samedi,True,20,6,2026
1344,2026-06-20 23:00:00+00:00,2026-06-20,23,5,Samedi,True,20,6,2026
1345,2026-06-21 00:00:00+00:00,2026-06-21,0,6,Dimanche,True,21,6,2026
1346,2026-06-21 01:00:00+00:00,2026-06-21,1,6,Dimanche,True,21,6,2026
1347,2026-06-21 02:00:00+00:00,2026-06-21,2,6,Dimanche,True,21,6,2026
1348,2026-06-21 03:00:00+00:00,2026-06-21,3,6,Dimanche,True,21,6,2026
1349,2026-06-21 04:00:00+00:00,2026-06-21,4,6,Dimanche,True,21,6,2026
1350,2026-06-21 05:00:00+00:00,2026-06-21,5,6,Dimanche,True,21,6,2026
1351,2026-06-21 06:00:00+00:00,2026-06-21,6,6,Dimanche,True,21,6,2026
1352,2026-06-21 07:00:00+00:00,2026-06-21,7,6,Dimanche,True,21,6,2026
1353,2026-06-21 08:00:00+00:00,2026-06-21,8,6,Dimanche,True,21,6,2026
1354,2026-06-21 09:00:00+00:00,2026-06-21,9,6,Dimanche,True,21,6,2026
1355,2026-06-21 10:00:00+00:00,2026-06-21,10,6,Dimanche,True,21,6,2026
1356,2026-06-21 11:00:00+00:00,2026-06-21,11,6,Dimanche,True,21,6,2026
1357,2026-06-21 12:00:00+00:00,2026-06-21,12,6,Dimanche,True,21,6,2026
1358,2026-06-21 13:00:00+00:00,2026-06-21,13,6,Dimanche,True,21,6,2026
1359,2026-06-21 14:00:00+00:00,2026-06-21,14,6,Dimanche,True,21,6,2026
1360,2026-06-21 15:00:00+00:00,2026-06-21,15,6,Dimanche,True,21,6,2026
1361,2026-06-21 16:00:00+00:00,2026-06-21,16,6,Dimanche,True,21,6,2026
1362,2026-06-21 17:00:00+00:00,2026-06-21,17,6,Dimanche,True,21,6,2026
1363,2026-06-21 18:00:00+00:00,2026-06-21,18,6,Dimanche,True,21,6,2026
1364,2026-06-21 19:00:00+00:00,2026-06-21,19,6,Dimanche,True,21,6,2026
1365,2026-06-21 20:00:00+00:00,2026-06-21,20,6,Dimanche,True,21,6,2026
1366,2026-06-21 21:00:00+00:00,2026-06-21,21,6,Dimanche,True,21,6,2026
1367,2026-06-21 22:00:00+00:00,2026-06-21,22,6,Dimanche,True,21,6,2026
1368,2026-06-21 23:00:00+00:00,2026-06-21,23,6,Dimanche,True,21,6,2026
1369,2026-06-22 00:00:00+00:00,2026-06-22,0,0,Lundi,False,22,6,2026
1370,2026-06-22 01:00:00+00:00,2026-06-22,1,0,Lundi,False,22,6,2026
1371,2026-06-22 02:00:00+00:00,2026-06-22,2,0,Lundi,False,22,6,2026
1372,2026-06-22 03:00:00+00:00,2026-06-22,3,0,Lundi,False,22,6,2026
1373,2026-06-22 04:00:00+00:00,2026-06-22,4,0,Lundi,False,22,6,2026
1374,2026-06-22 05:00:00+00:00,2026-06-22,5,0,Lundi,False,22,6,2026
1375,2026-06-22 06:00:00+00:00,2026-06-22,6,0,Lundi,False,22,6,2026
1376,2026-06-22 07:00:00+00:00,2026-06-22,7,0,Lundi,False,22,6,2026
1377,2026-06-22 08:00:00+00:00,2026-06-22,8,0,Lundi,False,22,6,2026
1378,2026-06-22 09:00:00+00:00,2026-06-22,9,0,Lundi,False,22,6,2026
1379,2026-06-22 10:00:00+00:00,2026-06-22,10,0,Lundi,False,22,6,2026
1380,2026-06-22 11:00:00+00:00,2026-06-22,11,0,Lundi,False,22,6,2026
1381,2026-06-22 12:00:00+00:00,2026-06-22,12,0,Lundi,False,22,6,2026
1382,2026-06-22 13:00:00+00:00,2026-06-22,13,0,Lundi,False,22,6,2026
1383,2026-06-22 14:00:00+00:00,2026-06-22,14,0,Lundi,False,22,6,2026
1384,2026-06-22 15:00:00+00:00,2026-06-22,15,0,Lundi,False,22,6,2026
1385,2026-06-22 16:00:00+00:00,2026-06-22,16,0,Lundi,False,22,6,2026
1386,2026-06-22 17:00:00+00:00,2026-06-22,17,0,Lundi,False,22,6,2026
1387,2026-06-22 18:00:00+00:00,2026-06-22,18,0,Lundi,False,22,6,2026
1388,2026-06-22 19:00:00+00:00,2026-06-22,19,0,Lundi,False,22,6,2026
1389,2026-06-22 20:00:00+00:00,2026-06-22,20,0,Lundi,False,22,6,2026
1390,2026-06-22 21:00:00+00:00,2026-06-22,21,0,Lundi,False,22,6,2026
1391,2026-06-22 22:00:00+00:00,2026-06-22,22,0,Lundi,False,22,6,2026
1392,2026-06-22 23:00:00+00:00,2026-06-22,23,0,Lundi,False,22,6,2026
1393,2026-06-23 00:00:00+00:00,2026-06-23,0,1,Mardi,False,23,6,2026
1394,2026-06-23 01:00:00+00:00,2026-06-23,1,1,Mardi,False,23,6,2026
1395,2026-06-23 02:00:00+00:00,2026-06-23,2,1,Mardi,False,23,6,2026
1396,2026-06-23 03:00:00+00:00,2026-06-23,3,1,Mardi,False,23,6,2026
1397,2026-06-23 04:00:00+00:00,2026-06-23,4,1,Mardi,False,23,6,2026
1398,2026-06-23 05:00:00+00:00,2026-06-23,5,1,Mardi,False,23,6,2026
1399,2026-06-23 06:00:00+00:00,2026-06-23,6,1,Mardi,False,23,6,2026
1400,2026-06-23 07:00:00+00:00,2026-06-23,7,1,Mardi,False,23,6,2026
1401,2026-06-23 08:00:00+00:00,2026-06-23,8,1,Mardi,False,23,6,2026
1402,2026-06-23 09:00:00+00:00,2026-06-23,9,1,Mardi,False,23,6,2026
1403,2026-06-23 10:00:00+00:00,2026-06-23,10,1,Mardi,False,23,6,2026
1404,2026-06-23 11:00:00+00:00,2026-06-23,11,1,Mardi,False,23,6,2026
1405,2026-06-23 12:00:00+00:00,2026-06-23,12,1,Mardi,False,23,6,2026
1406,2026-06-23 13:00:00+00:00,2026-06-23,13,1,Mardi,False,23,6,2026
1407,2026-06-23 14:00:00+00:00,2026-06-23,14,1,Mardi,False,23,6,2026
1408,2026-06-23 15:00:00+00:00,2026-06-23,15,1,Mardi,False,23,6,2026
1409,2026-06-23 16:00:00+00:00,2026-06-23,16,1,Mardi,False,23,6,2026
1410,2026-06-23 17:00:00+00:00,2026-06-23,17,1,Mardi,False,23,6,2026
1411,2026-06-23 18:00:00+00:00,2026-06-23,18,1,Mardi,False,23,6,2026
1412,2026-06-23 19:00:00+00:00,2026-06-23,19,1,Mardi,False,23,6,2026
1413,2026-06-23 20:00:00+00:00,2026-06-23,20,1,Mardi,False,23,6,2026
1414,2026-06-23 21:00:00+00:00,2026-06-23,21,1,Mardi,False,23,6,2026
1415,2026-06-23 22:00:00+00:00,2026-06-23,22,1,Mardi,False,23,6,2026
1416,2026-06-23 23:00:00+00:00,2026-06-23,23,1,Mardi,False,23,6,2026
1417,2026-06-24 00:00:00+00:00,2026-06-24,0,2,Mercredi,False,24,6,2026
1418,2026-06-24 01:00:00+00:00,2026-06-24,1,2,Mercredi,False,24,6,2026
1419,2026-06-24 02:00:00+00:00,2026-06-24,2,2,Mercredi,False,24,6,2026
1420,2026-06-24 03:00:00+00:00,2026-06-24,3,2,Mercredi,False,24,6,2026
1421,2026-06-24 04:00:00+00:00,2026-06-24,4,2,Mercredi,False,24,6,2026
1422,2026-06-24 05:00:00+00:00,2026-06-24,5,2,Mercredi,False,24,6,2026
1423,2026-06-24 06:00:00+00:00,2026-06-24,6,2,Mercredi,False,24,6,2026
1424,2026-06-24 07:00:00+00:00,2026-06-24,7,2,Mercredi,False,24,6,2026
1425,2026-06-24 08:00:00+00:00,2026-06-24,8,2,Mercredi,False,24,6,2026
1426,2026-06-24 09:00:00+00:00,2026-06-24,9,2,Mercredi,False,24,6,2026
1427,2026-06-24 10:00:00+00:00,2026-06-24,10,2,Mercredi,False,24,6,2026
1428,2026-06-24 11:00:00+00:00,2026-06-24,11,2,Mercredi,False,24,6,2026
1429,2026-06-24 12:00:00+00:00,2026-06-24,12,2,Mercredi,False,24,6,2026
1430,2026-06-24 13:00:00+00:00,2026-06-24,13,2,Mercredi,False,24,6,2026
1431,2026-06-24 14:00:00+00:00,2026-06-24,14,2,Mercredi,False,24,6,2026
1432,2026-06-24 15:00:00+00:00,2026-06-24,15,2,Mercredi,False,24,6,2026
1433,2026-06-24 16:00:00+00:00,2026-06-24,16,2,Mercredi,False,24,6,2026
1434,2026-06-24 17:00:00+00:00,2026-06-24,17,2,Mercredi,False,24,6,2026
1435,2026-06-24 18:00:00+00:00,2026-06-24,18,2,Mercredi,False,24,6,2026
1436,2026-06-24 19:00:00+00:00,2026-06-24,19,2,Mercredi,False,24,6,2026
1437,2026-06-24 20:00:00+00:00,2026-06-24,20,2,Mercredi,False,24,6,2026
1438,2026-06-24 21:00:00+00:00,2026-06-24,21,2,Mercredi,False,24,6,2026
1439,2026-06-24 22:00:00+00:00,2026-06-24,22,2,Mercredi,False,24,6,2026
1440,2026-06-24 23:00:00+00:00,2026-06-24,23,2,Mercredi,False,24,6,2026
1441,2026-06-25 00:00:00+00:00,2026-06-25,0,3,Jeudi,False,25,6,2026
1442,2026-06-25 01:00:00+00:00,2026-06-25,1,3,Jeudi,False,25,6,2026
1443,2026-06-25 02:00:00+00:00,2026-06-25,2,3,Jeudi,False,25,6,2026
1444,2026-06-25 03:00:00+00:00,2026-06-25,3,3,Jeudi,False,25,6,2026
1445,2026-06-25 04:00:00+00:00,2026-06-25,4,3,Jeudi,False,25,6,2026
1446,2026-06-25 05:00:00+00:00,2026-06-25,5,3,Jeudi,False,25,6,2026
1447,2026-06-25 06:00:00+00:00,2026-06-25,6,3,Jeudi,False,25,6,2026
1448,2026-06-25 07:00:00+00:00,2026-06-25,7,3,Jeudi,False,25,6,2026
1449,2026-06-25 08:00:00+00:00,2026-06-25,8,3,Jeudi,False,25,6,2026
1450,2026-06-25 09:00:00+00:00,2026-06-25,9,3,Jeudi,False,25,6,2026
1451,2026-06-25 10:00:00+00:00,2026-06-25,10,3,Jeudi,False,25,6,2026
1452,2026-06-25 11:00:00+00:00,2026-06-25,11,3,Jeudi,False,25,6,2026
1453,2026-06-25 12:00:00+00:00,2026-06-25,12,3,Jeudi,False,25,6,2026
1454,2026-06-25 13:00:00+00:00,2026-06-25,13,3,Jeudi,False,25,6,2026
1455,2026-06-25 14:00:00+00:00,2026-06-25,14,3,Jeudi,False,25,6,2026
1456,2026-06-25 15:00:00+00:00,2026-06-25,15,3,Jeudi,False,25,6,2026
1457,2026-06-25 16:00:00+00:00,2026-06-25,16,3,Jeudi,False,25,6,2026
1458,2026-06-25 17:00:00+00:00,2026-06-25,17,3,Jeudi,False,25,6,2026
1459,2026-06-25 18:00:00+00:00,2026-06-25,18,3,Jeudi,False,25,6,2026
1460,2026-06-25 19:00:00+00:00,2026-06-25,19,3,Jeudi,False,25,6,2026
1461,2026-06-25 20:00:00+00:00,2026-06-25,20,3,Jeudi,False,25,6,2026
1462,2026-06-25 21:00:00+00:00,2026-06-25,21,3,Jeudi,False,25,6,2026
1463,2026-06-25 22:00:00+00:00,2026-06-25,22,3,Jeudi,False,25,6,2026
1464,2026-06-25 23:00:00+00:00,2026-06-25,23,3,Jeudi,False,25,6,2026
1465,2026-06-26 00:00:00+00:00,2026-06-26,0,4,Vendredi,False,26,6,2026
1466,2026-06-26 01:00:00+00:00,2026-06-26,1,4,Vendredi,False,26,6,2026
1467,2026-06-26 02:00:00+00:00,2026-06-26,2,4,Vendredi,False,26,6,2026
1468,2026-06-26 03:00:00+00:00,2026-06-26,3,4,Vendredi,False,26,6,2026
1469,2026-06-26 04:00:00+00:00,2026-06-26,4,4,Vendredi,False,26,6,2026
1470,2026-06-26 05:00:00+00:00,2026-06-26,5,4,Vendredi,False,26,6,2026
1471,2026-06-26 06:00:00+00:00,2026-06-26,6,4,Vendredi,False,26,6,2026
1472,2026-06-26 07:00:00+00:00,2026-06-26,7,4,Vendredi,False,26,6,2026
1473,2026-06-26 08:00:00+00:00,2026-06-26,8,4,Vendredi,False,26,6,2026
1474,2026-06-26 09:00:00+00:00,2026-06-26,9,4,Vendredi,False,26,6,2026
1475,2026-06-26 10:00:00+00:00,2026-06-26,10,4,Vendredi,False,26,6,2026
1476,2026-06-26 11:00:00+00:00,2026-06-26,11,4,Vendredi,False,26,6,2026
1477,2026-06-26 12:00:00+00:00,2026-06-26,12,4,Vendredi,False,26,6,2026
1478,2026-06-26 13:00:00+00:00,2026-06-26,13,4,Vendredi,False,26,6,2026
1479,2026-06-26 14:00:00+00:00,2026-06-26,14,4,Vendredi,False,26,6,2026
1480,2026-06-26 15:00:00+00:00,2026-06-26,15,4,Vendredi,False,26,6,2026
1481,2026-06-26 16:00:00+00:00,2026-06-26,16,4,Vendredi,False,26,6,2026
1482,2026-06-26 17:00:00+00:00,2026-06-26,17,4,Vendredi,False,26,6,2026
1483,2026-06-26 18:00:00+00:00,2026-06-26,18,4,Vendredi,False,26,6,2026
1484,2026-06-26 19:00:00+00:00,2026-06-26,19,4,Vendredi,False,26,6,2026
1485,2026-06-26 20:00:00+00:00,2026-06-26,20,4,Vendredi,False,26,6,2026
1486,2026-06-26 21:00:00+00:00,2026-06-26,21,4,Vendredi,False,26,6,2026
1487,2026-06-26 22:00:00+00:00,2026-06-26,22,4,Vendredi,False,26,6,2026
1488,2026-06-26 23:00:00+00:00,2026-06-26,23,4,Vendredi,False,26,6,2026
1489,2026-06-27 00:00:00+00:00,2026-06-27,0,5,Samedi,True,27,6,2026
1490,2026-06-27 01:00:00+00:00,2026-06-27,1,5,Samedi,True,27,6,2026
1491,2026-06-27 02:00:00+00:00,2026-06-27,2,5,Samedi,True,27,6,2026
1492,2026-06-27 03:00:00+00:00,2026-06-27,3,5,Samedi,True,27,6,2026
1493,2026-06-27 04:00:00+00:00,2026-06-27,4,5,Samedi,True,27,6,2026
1494,2026-06-27 05:00:00+00:00,2026-06-27,5,5,Samedi,True,27,6,2026
1495,2026-06-27 06:00:00+00:00,2026-06-27,6,5,Samedi,True,27,6,2026
1496,2026-06-27 07:00:00+00:00,2026-06-27,7,5,Samedi,True,27,6,2026
1497,2026-06-27 08:00:00+00:00,2026-06-27,8,5,Samedi,True,27,6,2026
1498,2026-06-27 09:00:00+00:00,2026-06-27,9,5,Samedi,True,27,6,2026
1499,2026-06-27 10:00:00+00:00,2026-06-27,10,5,Samedi,True,27,6,2026
1500,2026-06-27 11:00:00+00:00,2026-06-27,11,5,Samedi,True,27,6,2026
1501,2026-06-27 12:00:00+00:00,2026-06-27,12,5,Samedi,True,27,6,2026
1502,2026-06-27 13:00:00+00:00,2026-06-27,13,5,Samedi,True,27,6,2026
1503,2026-06-27 14:00:00+00:00,2026-06-27,14,5,Samedi,True,27,6,2026
1504,2026-06-27 15:00:00+00:00,2026-06-27,15,5,Samedi,True,27,6,2026
1505,2026-06-27 16:00:00+00:00,2026-06-27,16,5,Samedi,True,27,6,2026
1506,2026-06-27 17:00:00+00:00,2026-06-27,17,5,Samedi,True,27,6,2026
1507,2026-06-27 18:00:00+00:00,2026-06-27,18,5,Samedi,True,27,6,2026
1508,2026-06-27 19:00:00+00:00,2026-06-27,19,5,Samedi,True,27,6,2026
1509,2026-06-27 20:00:00+00:00,2026-06-27,20,5,Samedi,True,27,6,2026
1510,2026-06-27 21:00:00+00:00,2026-06-27,21,5,Samedi,True,27,6,2026
1511,2026-06-27 22:00:00+00:00,2026-06-27,22,5,Samedi,True,27,6,2026
1512,2026-06-27 23:00:00+00:00,2026-06-27,23,5,Samedi,True,27,6,2026
1513,2026-06-28 00:00:00+00:00,2026-06-28,0,6,Dimanche,True,28,6,2026
1514,2026-06-28 01:00:00+00:00,2026-06-28,1,6,Dimanche,True,28,6,2026
1515,2026-06-28 02:00:00+00:00,2026-06-28,2,6,Dimanche,True,28,6,2026
1516,2026-06-28 03:00:00+00:00,2026-06-28,3,6,Dimanche,True,28,6,2026
1517,2026-06-28 04:00:00+00:00,2026-06-28,4,6,Dimanche,True,28,6,2026
1518,2026-06-28 05:00:00+00:00,2026-06-28,5,6,Dimanche,True,28,6,2026
1519,2026-06-28 06:00:00+00:00,2026-06-28,6,6,Dimanche,True,28,6,2026
1520,2026-06-28 07:00:00+00:00,2026-06-28,7,6,Dimanche,True,28,6,2026
1521,2026-06-28 08:00:00+00:00,2026-06-28,8,6,Dimanche,True,28,6,2026
1522,2026-06-28 09:00:00+00:00,2026-06-28,9,6,Dimanche,True,28,6,2026
1523,2026-06-28 10:00:00+00:00,2026-06-28,10,6,Dimanche,True,28,6,2026
1524,2026-06-28 11:00:00+00:00,2026-06-28,11,6,Dimanche,True,28,6,2026
1525,2026-06-28 12:00:00+00:00,2026-06-28,12,6,Dimanche,True,28,6,2026
1526,2026-06-28 13:00:00+00:00,2026-06-28,13,6,Dimanche,True,28,6,2026
1527,2026-06-28 14:00:00+00:00,2026-06-28,14,6,Dimanche,True,28,6,2026
1528,2026-06-28 15:00:00+00:00,2026-06-28,15,6,Dimanche,True,28,6,2026
1529,2026-06-28 16:00:00+00:00,2026-06-28,16,6,Dimanche,True,28,6,2026
1530,2026-06-28 17:00:00+00:00,2026-06-28,17,6,Dimanche,True,28,6,2026
1531,2026-06-28 18:00:00+00:00,2026-06-28,18,6,Dimanche,True,28,6,2026
1532,2026-06-28 19:00:00+00:00,2026-06-28,19,6,Dimanche,True,28,6,2026
1533,2026-06-28 20:00:00+00:00,2026-06-28,20,6,Dimanche,True,28,6,2026
1534,2026-06-28 21:00:00+00:00,2026-06-28,21,6,Dimanche,True,28,6,2026
1535,2026-06-28 22:00:00+00:00,2026-06-28,22,6,Dimanche,True,28,6,2026
1536,2026-06-28 23:00:00+00:00,2026-06-28,23,6,Dimanche,True,28,6,2026
1537,2026-06-29 00:00:00+00:00,2026-06-29,0,0,Lundi,False,29,6,2026
1538,2026-06-29 01:00:00+00:00,2026-06-29,1,0,Lundi,False,29,6,2026
1539,2026-06-29 02:00:00+00:00,2026-06-29,2,0,Lundi,False,29,6,2026
1540,2026-06-29 03:00:00+00:00,2026-06-29,3,0,Lundi,False,29,6,2026
1541,2026-06-29 04:00:00+00:00,2026-06-29,4,0,Lundi,False,29,6,2026
1542,2026-06-29 05:00:00+00:00,2026-06-29,5,0,Lundi,False,29,6,2026
1543,2026-06-29 06:00:00+00:00,2026-06-29,6,0,Lundi,False,29,6,2026
1544,2026-06-29 07:00:00+00:00,2026-06-29,7,0,Lundi,False,29,6,2026
1545,2026-06-29 08:00:00+00:00,2026-06-29,8,0,Lundi,False,29,6,2026
1546,2026-06-29 09:00:00+00:00,2026-06-29,9,0,Lundi,False,29,6,2026
1547,2026-06-29 10:00:00+00:00,2026-06-29,10,0,Lundi,False,29,6,2026
1548,2026-06-29 11:00:00+00:00,2026-06-29,11,0,Lundi,False,29,6,2026
1549,2026-06-29 12:00:00+00:00,2026-06-29,12,0,Lundi,False,29,6,2026
1550,2026-06-29 13:00:00+00:00,2026-06-29,13,0,Lundi,False,29,6,2026
1551,2026-06-29 14:00:00+00:00,2026-06-29,14,0,Lundi,False,29,6,2026
1552,2026-06-29 15:00:00+00:00,2026-06-29,15,0,Lundi,False,29,6,2026
1553,2026-06-29 16:00:00+00:00,2026-06-29,16,0,Lundi,False,29,6,2026
1554,2026-06-29 17:00:00+00:00,2026-06-29,17,0,Lundi,False,29,6,2026
1555,2026-06-29 18:00:00+00:00,2026-06-29,18,0,Lundi,False,29,6,2026
1556,2026-06-29 19:00:00+00:00,2026-06-29,19,0,Lundi,False,29,6,2026
1557,2026-06-29 20:00:00+00:00,2026-06-29,20,0,Lundi,False,29,6,2026
1558,2026-06-29 21:00:00+00:00,2026-06-29,21,0,Lundi,False,29,6,2026
1559,2026-06-29 22:00:00+00:00,2026-06-29,22,0,Lundi,False,29,6,2026
1560,2026-06-29 23:00:00+00:00,2026-06-29,23,0,Lundi,False,29,6,2026
1561,2026-06-30 00:00:00+00:00,2026-06-30,0,1,Mardi,False,30,6,2026
1562,2026-06-30 01:00:00+00:00,2026-06-30,1,1,Mardi,False,30,6,2026
1563,2026-06-30 02:00:00+00:00,2026-06-30,2,1,Mardi,False,30,6,2026
1564,2026-06-30 03:00:00+00:00,2026-06-30,3,1,Mardi,False,30,6,2026
1565,2026-06-30 04:00:00+00:00,2026-06-30,4,1,Mardi,False,30,6,2026
1566,2026-06-30 05:00:00+00:00,2026-06-30,5,1,Mardi,False,30,6,2026
1567,2026-06-30 06:00:00+00:00,2026-06-30,6,1,Mardi,False,30,6,2026
1568,2026-06-30 07:00:00+00:00,2026-06-30,7,1,Mardi,False,30,6,2026
1569,2026-06-30 08:00:00+00:00,2026-06-30,8,1,Mardi,False,30,6,2026
1570,2026-06-30 09:00:00+00:00,2026-06-30,9,1,Mardi,False,30,6,2026
1571,2026-06-30 10:00:00+00:00,2026-06-30,10,1,Mardi,False,30,6,2026
1572,2026-06-30 11:00:00+00:00,2026-06-30,11,1,Mardi,False,30,6,2026
1573,2026-06-30 12:00:00+00:00,2026-06-30,12,1,Mardi,False,30,6,2026
1574,2026-06-30 13:00:00+00:00,2026-06-30,13,1,Mardi,False,30,6,2026
1575,2026-06-30 14:00:00+00:00,2026-06-30,14,1,Mardi,False,30,6,2026
1576,2026-06-30 15:00:00+00:00,2026-06-30,15,1,Mardi,False,30,6,2026
1577,2026-06-30 16:00:00+00:00,2026-06-30,16,1,Mardi,False,30,6,2026
1578,2026-06-30 17:00:00+00:00,2026-06-30,17,1,Mardi,False,30,6,2026
1579,2026-06-30 18:00:00+00:00,2026-06-30,18,1,Mardi,False,30,6,2026
1580,2026-06-30 19:00:00+00:00,2026-06-30,19,1,Mardi,False,30,6,2026
1581,2026-06-30 20:00:00+00:00,2026-06-30,20,1,Mardi,False,30,6,2026
1582,2026-06-30 21:00:00+00:00,2026-06-30,21,1,Mardi,False,30,6,2026
1583,2026-06-30 22:00:00+00:00,2026-06-30,22,1,Mardi,False,30,6,2026
1584,2026-06-30 23:00:00+00:00,2026-06-30,23,1,Mardi,False,30,6,2026
1585,2026-07-01 00:00:00+00:00,2026-07-01,0,2,Mercredi,False,1,7,2026
1586,2026-07-01 01:00:00+00:00,2026-07-01,1,2,Mercredi,False,1,7,2026
1587,2026-07-01 02:00:00+00:00,2026-07-01,2,2,Mercredi,False,1,7,2026
1588,2026-07-01 03:00:00+00:00,2026-07-01,3,2,Mercredi,False,1,7,2026
1589,2026-07-01 04:00:00+00:00,2026-07-01,4,2,Mercredi,False,1,7,2026
1590,2026-07-01 05:00:00+00:00,2026-07-01,5,2,Mercredi,False,1,7,2026
1591,2026-07-01 06:00:00+00:00,2026-07-01,6,2,Mercredi,False,1,7,2026
1592,2026-07-01 07:00:00+00:00,2026-07-01,7,2,Mercredi,False,1,7,2026
1593,2026-07-01 08:00:00+00:00,2026-07-01,8,2,Mercredi,False,1,7,2026
1594,2026-07-01 09:00:00+00:00,2026-07-01,9,2,Mercredi,False,1,7,2026
1595,2026-07-01 10:00:00+00:00,2026-07-01,10,2,Mercredi,False,1,7,2026
1596,2026-07-01 11:00:00+00:00,2026-07-01,11,2,Mercredi,False,1,7,2026
1597,2026-07-01 12:00:00+00:00,2026-07-01,12,2,Mercredi,False,1,7,2026
1598,2026-07-01 13:00:00+00:00,2026-07-01,13,2,Mercredi,False,1,7,2026
1599,2026-07-01 14:00:00+00:00,2026-07-01,14,2,Mercredi,False,1,7,2026
1600,2026-07-01 15:00:00+00:00,2026-07-01,15,2,Mercredi,False,1,7,2026
1601,2026-07-01 16:00:00+00:00,2026-07-01,16,2,Mercredi,False,1,7,2026
1602,2026-07-01 17:00:00+00:00,2026-07-01,17,2,Mercredi,False,1,7,2026
1603,2026-07-01 18:00:00+00:00,2026-07-01,18,2,Mercredi,False,1,7,2026
1604,2026-07-01 19:00:00+00:00,2026-07-01,19,2,Mercredi,False,1,7,2026
1605,2026-07-01 20:00:00+00:00,2026-07-01,20,2,Mercredi,False,1,7,2026
1606,2026-07-01 21:00:00+00:00,2026-07-01,21,2,Mercredi,False,1,7,2026
1607,2026-07-01 22:00:00+00:00,2026-07-01,22,2,Mercredi,False,1,7,2026
1608,2026-07-01 23:00:00+00:00,2026-07-01,23,2,Mercredi,False,1,7,2026
1609,2026-07-02 00:00:00+00:00,2026-07-02,0,3,Jeudi,False,2,7,2026
1610,2026-07-02 01:00:00+00:00,2026-07-02,1,3,Jeudi,False,2,7,2026
1611,2026-07-02 02:00:00+00:00,2026-07-02,2,3,Jeudi,False,2,7,2026
1612,2026-07-02 03:00:00+00:00,2026-07-02,3,3,Jeudi,False,2,7,2026
1613,2026-07-02 04:00:00+00:00,2026-07-02,4,3,Jeudi,False,2,7,2026
1614,2026-07-02 05:00:00+00:00,2026-07-02,5,3,Jeudi,False,2,7,2026
1615,2026-07-02 06:00:00+00:00,2026-07-02,6,3,Jeudi,False,2,7,2026
1616,2026-07-02 07:00:00+00:00,2026-07-02,7,3,Jeudi,False,2,7,2026
1617,2026-07-02 08:00:00+00:00,2026-07-02,8,3,Jeudi,False,2,7,2026
1618,2026-07-02 09:00:00+00:00,2026-07-02,9,3,Jeudi,False,2,7,2026
1619,2026-07-02 10:00:00+00:00,2026-07-02,10,3,Jeudi,False,2,7,2026
1620,2026-07-02 11:00:00+00:00,2026-07-02,11,3,Jeudi,False,2,7,2026
1621,2026-07-02 12:00:00+00:00,2026-07-02,12,3,Jeudi,False,2,7,2026
1622,2026-07-02 13:00:00+00:00,2026-07-02,13,3,Jeudi,False,2,7,2026
1623,2026-07-02 14:00:00+00:00,2026-07-02,14,3,Jeudi,False,2,7,2026
1624,2026-07-02 15:00:00+00:00,2026-07-02,15,3,Jeudi,False,2,7,2026
1625,2026-07-02 16:00:00+00:00,2026-07-02,16,3,Jeudi,False,2,7,2026
1626,2026-07-02 17:00:00+00:00,2026-07-02,17,3,Jeudi,False,2,7,2026
1627,2026-07-02 18:00:00+00:00,2026-07-02,18,3,Jeudi,False,2,7,2026
1628,2026-07-02 19:00:00+00:00,2026-07-02,19,3,Jeudi,False,2,7,2026
1629,2026-07-02 20:00:00+00:00,2026-07-02,20,3,Jeudi,False,2,7,2026
1630,2026-07-02 21:00:00+00:00,2026-07-02,21,3,Jeudi,False,2,7,2026
1631,2026-07-02 22:00:00+00:00,2026-07-02,22,3,Jeudi,False,2,7,2026
1632,2026-07-02 23:00:00+00:00,2026-07-02,23,3,Jeudi,False,2,7,2026
1633,2026-07-03 00:00:00+00:00,2026-07-03,0,4,Vendredi,False,3,7,2026
1634,2026-07-03 01:00:00+00:00,2026-07-03,1,4,Vendredi,False,3,7,2026
1635,2026-07-03 02:00:00+00:00,2026-07-03,2,4,Vendredi,False,3,7,2026
1636,2026-07-03 03:00:00+00:00,2026-07-03,3,4,Vendredi,False,3,7,2026
1637,2026-07-03 04:00:00+00:00,2026-07-03,4,4,Vendredi,False,3,7,2026
1638,2026-07-03 05:00:00+00:00,2026-07-03,5,4,Vendredi,False,3,7,2026
1639,2026-07-03 06:00:00+00:00,2026-07-03,6,4,Vendredi,False,3,7,2026
1640,2026-07-03 07:00:00+00:00,2026-07-03,7,4,Vendredi,False,3,7,2026
1641,2026-07-03 08:00:00+00:00,2026-07-03,8,4,Vendredi,False,3,7,2026
1642,2026-07-03 09:00:00+00:00,2026-07-03,9,4,Vendredi,False,3,7,2026
1643,2026-07-03 10:00:00+00:00,2026-07-03,10,4,Vendredi,False,3,7,2026
1644,2026-07-03 11:00:00+00:00,2026-07-03,11,4,Vendredi,False,3,7,2026
1645,2026-07-03 12:00:00+00:00,2026-07-03,12,4,Vendredi,False,3,7,2026
1646,2026-07-03 13:00:00+00:00,2026-07-03,13,4,Vendredi,False,3,7,2026
1647,2026-07-03 14:00:00+00:00,2026-07-03,14,4,Vendredi,False,3,7,2026
1648,2026-07-03 15:00:00+00:00,2026-07-03,15,4,Vendredi,False,3,7,2026
1649,2026-07-03 16:00:00+00:00,2026-07-03,16,4,Vendredi,False,3,7,2026
1650,2026-07-03 17:00:00+00:00,2026-07-03,17,4,Vendredi,False,3,7,2026
1651,2026-07-03 18:00:00+00:00,2026-07-03,18,4,Vendredi,False,3,7,2026
1652,2026-07-03 19:00:00+00:00,2026-07-03,19,4,Vendredi,False,3,7,2026
1653,2026-07-03 20:00:00+00:00,2026-07-03,20,4,Vendredi,False,3,7,2026
1654,2026-07-03 21:00:00+00:00,2026-07-03,21,4,Vendredi,False,3,7,2026
1655,2026-07-03 22:00:00+00:00,2026-07-03,22,4,Vendredi,False,3,7,2026
1656,2026-07-03 23:00:00+00:00,2026-07-03,23,4,Vendredi,False,3,7,2026
1657,2026-07-04 00:00:00+00:00,2026-07-04,0,5,Samedi,True,4,7,2026
1658,2026-07-04 01:00:00+00:00,2026-07-04,1,5,Samedi,True,4,7,2026
1659,2026-07-04 02:00:00+00:00,2026-07-04,2,5,Samedi,True,4,7,2026
1660,2026-07-04 03:00:00+00:00,2026-07-04,3,5,Samedi,True,4,7,2026
1661,2026-07-04 04:00:00+00:00,2026-07-04,4,5,Samedi,True,4,7,2026
1662,2026-07-04 05:00:00+00:00,2026-07-04,5,5,Samedi,True,4,7,2026
1663,2026-07-04 06:00:00+00:00,2026-07-04,6,5,Samedi,True,4,7,2026
1664,2026-07-04 07:00:00+00:00,2026-07-04,7,5,Samedi,True,4,7,2026
1665,2026-07-04 08:00:00+00:00,2026-07-04,8,5,Samedi,True,4,7,2026
1666,2026-07-04 09:00:00+00:00,2026-07-04,9,5,Samedi,True,4,7,2026
1667,2026-07-04 10:00:00+00:00,2026-07-04,10,5,Samedi,True,4,7,2026
1668,2026-07-04 11:00:00+00:00,2026-07-04,11,5,Samedi,True,4,7,2026
1669,2026-07-04 12:00:00+00:00,2026-07-04,12,5,Samedi,True,4,7,2026
1670,2026-07-04 13:00:00+00:00,2026-07-04,13,5,Samedi,True,4,7,2026
1671,2026-07-04 14:00:00+00:00,2026-07-04,14,5,Samedi,True,4,7,2026
1672,2026-07-04 15:00:00+00:00,2026-07-04,15,5,Samedi,True,4,7,2026
1673,2026-07-04 16:00:00+00:00,2026-07-04,16,5,Samedi,True,4,7,2026
1674,2026-07-04 17:00:00+00:00,2026-07-04,17,5,Samedi,True,4,7,2026
1675,2026-07-04 18:00:00+00:00,2026-07-04,18,5,Samedi,True,4,7,2026
1676,2026-07-04 19:00:00+00:00,2026-07-04,19,5,Samedi,True,4,7,2026
1677,2026-07-04 20:00:00+00:00,2026-07-04,20,5,Samedi,True,4,7,2026
1678,2026-07-04 21:00:00+00:00,2026-07-04,21,5,Samedi,True,4,7,2026
1679,2026-07-04 22:00:00+00:00,2026-07-04,22,5,Samedi,True,4,7,2026
1680,2026-07-04 23:00:00+00:00,2026-07-04,23,5,Samedi,True,4,7,2026
1681,2026-07-05 00:00:00+00:00,2026-07-05,0,6,Dimanche,True,5,7,2026
1682,2026-07-05 01:00:00+00:00,2026-07-05,1,6,Dimanche,True,5,7,2026
1683,2026-07-05 02:00:00+00:00,2026-07-05,2,6,Dimanche,True,5,7,2026
1684,2026-07-05 03:00:00+00:00,2026-07-05,3,6,Dimanche,True,5,7,2026
1685,2026-07-05 04:00:00+00:00,2026-07-05,4,6,Dimanche,True,5,7,2026
1686,2026-07-05 05:00:00+00:00,2026-07-05,5,6,Dimanche,True,5,7,2026
1687,2026-07-05 06:00:00+00:00,2026-07-05,6,6,Dimanche,True,5,7,2026
1688,2026-07-05 07:00:00+00:00,2026-07-05,7,6,Dimanche,True,5,7,2026
1689,2026-07-05 08:00:00+00:00,2026-07-05,8,6,Dimanche,True,5,7,2026
1690,2026-07-05 09:00:00+00:00,2026-07-05,9,6,Dimanche,True,5,7,2026
1691,2026-07-05 10:00:00+00:00,2026-07-05,10,6,Dimanche,True,5,7,2026
1692,2026-07-05 11:00:00+00:00,2026-07-05,11,6,Dimanche,True,5,7,2026
1693,2026-07-05 12:00:00+00:00,2026-07-05,12,6,Dimanche,True,5,7,2026
1694,2026-07-05 13:00:00+00:00,2026-07-05,13,6,Dimanche,True,5,7,2026
1695,2026-07-05 14:00:00+00:00,2026-07-05,14,6,Dimanche,True,5,7,2026
1696,2026-07-05 15:00:00+00:00,2026-07-05,15,6,Dimanche,True,5,7,2026
1697,2026-07-05 16:00:00+00:00,2026-07-05,16,6,Dimanche,True,5,7,2026
1698,2026-07-05 17:00:00+00:00,2026-07-05,17,6,Dimanche,True,5,7,2026
1699,2026-07-05 18:00:00+00:00,2026-07-05,18,6,Dimanche,True,5,7,2026
1700,2026-07-05 19:00:00+00:00,2026-07-05,19,6,Dimanche,True,5,7,2026
1701,2026-07-05 20:00:00+00:00,2026-07-05,20,6,Dimanche,True,5,7,2026
1702,2026-07-05 21:00:00+00:00,2026-07-05,21,6,Dimanche,True,5,7,2026
1703,2026-07-05 22:00:00+00:00,2026-07-05,22,6,Dimanche,True,5,7,2026
1704,2026-07-05 23:00:00+00:00,2026-07-05,23,6,Dimanche,True,5,7,2026
1705,2026-07-06 00:00:00+00:00,2026-07-06,0,0,Lundi,False,6,7,2026
1706,2026-07-06 01:00:00+00:00,2026-07-06,1,0,Lundi,False,6,7,2026
1707,2026-07-06 02:00:00+00:00,2026-07-06,2,0,Lundi,False,6,7,2026
1708,2026-07-06 03:00:00+00:00,2026-07-06,3,0,Lundi,False,6,7,2026
1709,2026-07-06 04:00:00+00:00,2026-07-06,4,0,Lundi,False,6,7,2026
1710,2026-07-06 05:00:00+00:00,2026-07-06,5,0,Lundi,False,6,7,2026
1711,2026-07-06 06:00:00+00:00,2026-07-06,6,0,Lundi,False,6,7,2026
1712,2026-07-06 07:00:00+00:00,2026-07-06,7,0,Lundi,False,6,7,2026
1713,2026-07-06 08:00:00+00:00,2026-07-06,8,0,Lundi,False,6,7,2026
1714,2026-07-06 09:00:00+00:00,2026-07-06,9,0,Lundi,False,6,7,2026
1715,2026-07-06 10:00:00+00:00,2026-07-06,10,0,Lundi,False,6,7,2026
1716,2026-07-06 11:00:00+00:00,2026-07-06,11,0,Lundi,False,6,7,2026
1717,2026-07-06 12:00:00+00:00,2026-07-06,12,0,Lundi,False,6,7,2026
1718,2026-07-06 13:00:00+00:00,2026-07-06,13,0,Lundi,False,6,7,2026
1719,2026-07-06 14:00:00+00:00,2026-07-06,14,0,Lundi,False,6,7,2026
1720,2026-07-06 15:00:00+00:00,2026-07-06,15,0,Lundi,False,6,7,2026
1721,2026-07-06 16:00:00+00:00,2026-07-06,16,0,Lundi,False,6,7,2026
1722,2026-07-06 17:00:00+00:00,2026-07-06,17,0,Lundi,False,6,7,2026
1723,2026-07-06 18:00:00+00:00,2026-07-06,18,0,Lundi,False,6,7,2026
1724,2026-07-06 19:00:00+00:00,2026-07-06,19,0,Lundi,False,6,7,2026
1725,2026-07-06 20:00:00+00:00,2026-07-06,20,0,Lundi,False,6,7,2026
1726,2026-07-06 21:00:00+00:00,2026-07-06,21,0,Lundi,False,6,7,2026
1727,2026-07-06 22:00:00+00:00,2026-07-06,22,0,Lundi,False,6,7,2026
1728,2026-07-06 23:00:00+00:00,2026-07-06,23,0,Lundi,False,6,7,2026
1729,2026-07-07 00:00:00+00:00,2026-07-07,0,1,Mardi,False,7,7,2026
1730,2026-07-07 01:00:00+00:00,2026-07-07,1,1,Mardi,False,7,7,2026
1731,2026-07-07 02:00:00+00:00,2026-07-07,2,1,Mardi,False,7,7,2026
1732,2026-07-07 03:00:00+00:00,2026-07-07,3,1,Mardi,False,7,7,2026
1733,2026-07-07 04:00:00+00:00,2026-07-07,4,1,Mardi,False,7,7,2026
1734,2026-07-07 05:00:00+00:00,2026-07-07,5,1,Mardi,False,7,7,2026
1735,2026-07-07 06:00:00+00:00,2026-07-07,6,1,Mardi,False,7,7,2026
1736,2026-07-07 07:00:00+00:00,2026-07-07,7,1,Mardi,False,7,7,2026
1737,2026-07-07 08:00:00+00:00,2026-07-07,8,1,Mardi,False,7,7,2026
1738,2026-07-07 09:00:00+00:00,2026-07-07,9,1,Mardi,False,7,7,2026
1739,2026-07-07 10:00:00+00:00,2026-07-07,10,1,Mardi,False,7,7,2026
1740,2026-07-07 11:00:00+00:00,2026-07-07,11,1,Mardi,False,7,7,2026
1741,2026-07-07 12:00:00+00:00,2026-07-07,12,1,Mardi,False,7,7,2026
1742,2026-07-07 13:00:00+00:00,2026-07-07,13,1,Mardi,False,7,7,2026
1743,2026-07-07 14:00:00+00:00,2026-07-07,14,1,Mardi,False,7,7,2026
1744,2026-07-07 15:00:00+00:00,2026-07-07,15,1,Mardi,False,7,7,2026
1745,2026-07-07 16:00:00+00:00,2026-07-07,16,1,Mardi,False,7,7,2026
1746,2026-07-07 17:00:00+00:00,2026-07-07,17,1,Mardi,False,7,7,2026
1747,2026-07-07 18:00:00+00:00,2026-07-07,18,1,Mardi,False,7,7,2026
1748,2026-07-07 19:00:00+00:00,2026-07-07,19,1,Mardi,False,7,7,2026
1749,2026-07-07 20:00:00+00:00,2026-07-07,20,1,Mardi,False,7,7,2026
1750,2026-07-07 21:00:00+00:00,2026-07-07,21,1,Mardi,False,7,7,2026
1751,2026-07-07 22:00:00+00:00,2026-07-07,22,1,Mardi,False,7,7,2026
1752,2026-07-07 23:00:00+00:00,2026-07-07,23,1,Mardi,False,7,7,2026
1753,2026-07-08 00:00:00+00:00,2026-07-08,0,2,Mercredi,False,8,7,2026
1754,2026-07-08 01:00:00+00:00,2026-07-08,1,2,Mercredi,False,8,7,2026
1755,2026-07-08 02:00:00+00:00,2026-07-08,2,2,Mercredi,False,8,7,2026
1756,2026-07-08 03:00:00+00:00,2026-07-08,3,2,Mercredi,False,8,7,2026
1757,2026-07-08 04:00:00+00:00,2026-07-08,4,2,Mercredi,False,8,7,2026
1758,2026-07-08 05:00:00+00:00,2026-07-08,5,2,Mercredi,False,8,7,2026
1759,2026-07-08 06:00:00+00:00,2026-07-08,6,2,Mercredi,False,8,7,2026
1760,2026-07-08 07:00:00+00:00,2026-07-08,7,2,Mercredi,False,8,7,2026
1761,2026-07-08 08:00:00+00:00,2026-07-08,8,2,Mercredi,False,8,7,2026
1762,2026-07-08 09:00:00+00:00,2026-07-08,9,2,Mercredi,False,8,7,2026
1763,2026-07-08 10:00:00+00:00,2026-07-08,10,2,Mercredi,False,8,7,2026
1764,2026-07-08 11:00:00+00:00,2026-07-08,11,2,Mercredi,False,8,7,2026
1765,2026-07-08 12:00:00+00:00,2026-07-08,12,2,Mercredi,False,8,7,2026
1766,2026-07-08 13:00:00+00:00,2026-07-08,13,2,Mercredi,False,8,7,2026
1767,2026-07-08 14:00:00+00:00,2026-07-08,14,2,Mercredi,False,8,7,2026
1768,2026-07-08 15:00:00+00:00,2026-07-08,15,2,Mercredi,False,8,7,2026
1769,2026-07-08 16:00:00+00:00,2026-07-08,16,2,Mercredi,False,8,7,2026
1770,2026-07-08 17:00:00+00:00,2026-07-08,17,2,Mercredi,False,8,7,2026
1771,2026-07-08 18:00:00+00:00,2026-07-08,18,2,Mercredi,False,8,7,2026
1772,2026-07-08 19:00:00+00:00,2026-07-08,19,2,Mercredi,False,8,7,2026
1773,2026-07-08 20:00:00+00:00,2026-07-08,20,2,Mercredi,False,8,7,2026
1774,2026-07-08 21:00:00+00:00,2026-07-08,21,2,Mercredi,False,8,7,2026
1775,2026-07-08 22:00:00+00:00,2026-07-08,22,2,Mercredi,False,8,7,2026
1776,2026-07-08 23:00:00+00:00,2026-07-08,23,2,Mercredi,False,8,7,2026
1777,2026-07-09 00:00:00+00:00,2026-07-09,0,3,Jeudi,False,9,7,2026
1778,2026-07-09 01:00:00+00:00,2026-07-09,1,3,Jeudi,False,9,7,2026
1779,2026-07-09 02:00:00+00:00,2026-07-09,2,3,Jeudi,False,9,7,2026
1780,2026-07-09 03:00:00+00:00,2026-07-09,3,3,Jeudi,False,9,7,2026
1781,2026-07-09 04:00:00+00:00,2026-07-09,4,3,Jeudi,False,9,7,2026
1782,2026-07-09 05:00:00+00:00,2026-07-09,5,3,Jeudi,False,9,7,2026
1783,2026-07-09 06:00:00+00:00,2026-07-09,6,3,Jeudi,False,9,7,2026
1784,2026-07-09 07:00:00+00:00,2026-07-09,7,3,Jeudi,False,9,7,2026
1785,2026-07-09 08:00:00+00:00,2026-07-09,8,3,Jeudi,False,9,7,2026
1786,2026-07-09 09:00:00+00:00,2026-07-09,9,3,Jeudi,False,9,7,2026
1787,2026-07-09 10:00:00+00:00,2026-07-09,10,3,Jeudi,False,9,7,2026
1788,2026-07-09 11:00:00+00:00,2026-07-09,11,3,Jeudi,False,9,7,2026
1789,2026-07-09 12:00:00+00:00,2026-07-09,12,3,Jeudi,False,9,7,2026
1790,2026-07-09 13:00:00+00:00,2026-07-09,13,3,Jeudi,False,9,7,2026
1791,2026-07-09 14:00:00+00:00,2026-07-09,14,3,Jeudi,False,9,7,2026
1792,2026-07-09 15:00:00+00:00,2026-07-09,15,3,Jeudi,False,9,7,2026
1793,2026-07-09 16:00:00+00:00,2026-07-09,16,3,Jeudi,False,9,7,2026
1794,2026-07-09 17:00:00+00:00,2026-07-09,17,3,Jeudi,False,9,7,2026
1795,2026-07-09 18:00:00+00:00,2026-07-09,18,3,Jeudi,False,9,7,2026
1796,2026-07-09 19:00:00+00:00,2026-07-09,19,3,Jeudi,False,9,7,2026
1797,2026-07-09 20:00:00+00:00,2026-07-09,20,3,Jeudi,False,9,7,2026
1798,2026-07-09 21:00:00+00:00,2026-07-09,21,3,Jeudi,False,9,7,2026
1799,2026-07-09 22:00:00+00:00,2026-07-09,22,3,Jeudi,False,9,7,2026
1800,2026-07-09 23:00:00+00:00,2026-07-09,23,3,Jeudi,False,9,7,2026
1801,2026-07-10 00:00:00+00:00,2026-07-10,0,4,Vendredi,False,10,7,2026
1802,2026-07-11 01:00:00+00:00,2026-07-11,1,5,Samedi,True,11,7,2026
1803,2026-07-11 02:00:00+00:00,2026-07-11,2,5,Samedi,True,11,7,2026
1804,2026-07-11 03:00:00+00:00,2026-07-11,3,5,Samedi,True,11,7,2026
1805,2026-07-11 04:00:00+00:00,2026-07-11,4,5,Samedi,True,11,7,2026
1806,2026-07-11 05:00:00+00:00,2026-07-11,5,5,Samedi,True,11,7,2026
1807,2026-07-11 06:00:00+00:00,2026-07-11,6,5,Samedi,True,11,7,2026
1808,2026-07-11 07:00:00+00:00,2026-07-11,7,5,Samedi,True,11,7,2026
1809,2026-07-11 08:00:00+00:00,2026-07-11,8,5,Samedi,True,11,7,2026
1810,2026-07-11 09:00:00+00:00,2026-07-11,9,5,Samedi,True,11,7,2026
1811,2026-07-11 10:00:00+00:00,2026-07-11,10,5,Samedi,True,11,7,2026
1812,2026-07-11 11:00:00+00:00,2026-07-11,11,5,Samedi,True,11,7,2026
1813,2026-07-11 12:00:00+00:00,2026-07-11,12,5,Samedi,True,11,7,2026
1814,2026-07-11 13:00:00+00:00,2026-07-11,13,5,Samedi,True,11,7,2026
1815,2026-07-11 14:00:00+00:00,2026-07-11,14,5,Samedi,True,11,7,2026
1816,2026-07-11 15:00:00+00:00,2026-07-11,15,5,Samedi,True,11,7,2026
1817,2026-07-11 16:00:00+00:00,2026-07-11,16,5,Samedi,True,11,7,2026
1818,2026-07-11 17:00:00+00:00,2026-07-11,17,5,Samedi,True,11,7,2026
1819,2026-07-11 18:00:00+00:00,2026-07-11,18,5,Samedi,True,11,7,2026
1820,2026-07-11 19:00:00+00:00,2026-07-11,19,5,Samedi,True,11,7,2026
1821,2026-07-11 20:00:00+00:00,2026-07-11,20,5,Samedi,True,11,7,2026
1822,2026-07-11 21:00:00+00:00,2026-07-11,21,5,Samedi,True,11,7,2026
1823,2026-07-11 22:00:00+00:00,2026-07-11,22,5,Samedi,True,11,7,2026
1824,2026-07-11 23:00:00+00:00,2026-07-11,23,5,Samedi,True,11,7,2026
1825,2026-07-12 00:00:00+00:00,2026-07-12,0,6,Dimanche,True,12,7,2026
1826,2026-07-12 01:00:00+00:00,2026-07-12,1,6,Dimanche,True,12,7,2026
1827,2026-07-12 02:00:00+00:00,2026-07-12,2,6,Dimanche,True,12,7,2026
1828,2026-07-12 03:00:00+00:00,2026-07-12,3,6,Dimanche,True,12,7,2026
1829,2026-07-12 04:00:00+00:00,2026-07-12,4,6,Dimanche,True,12,7,2026
1830,2026-07-12 05:00:00+00:00,2026-07-12,5,6,Dimanche,True,12,7,2026
1831,2026-07-12 06:00:00+00:00,2026-07-12,6,6,Dimanche,True,12,7,2026
1832,2026-07-12 07:00:00+00:00,2026-07-12,7,6,Dimanche,True,12,7,2026
1833,2026-07-12 08:00:00+00:00,2026-07-12,8,6,Dimanche,True,12,7,2026
1834,2026-07-12 09:00:00+00:00,2026-07-12,9,6,Dimanche,True,12,7,2026
1835,2026-07-12 10:00:00+00:00,2026-07-12,10,6,Dimanche,True,12,7,2026
1836,2026-07-12 11:00:00+00:00,2026-07-12,11,6,Dimanche,True,12,7,2026
1837,2026-07-12 12:00:00+00:00,2026-07-12,12,6,Dimanche,True,12,7,2026
1838,2026-07-12 13:00:00+00:00,2026-07-12,13,6,Dimanche,True,12,7,2026
1839,2026-07-12 14:00:00+00:00,2026-07-12,14,6,Dimanche,True,12,7,2026
1840,2026-07-12 15:00:00+00:00,2026-07-12,15,6,Dimanche,True,12,7,2026
1841,2026-07-12 16:00:00+00:00,2026-07-12,16,6,Dimanche,True,12,7,2026
1842,2026-07-12 17:00:00+00:00,2026-07-12,17,6,Dimanche,True,12,7,2026
1843,2026-07-12 18:00:00+00:00,2026-07-12,18,6,Dimanche,True,12,7,2026
1844,2026-07-12 19:00:00+00:00,2026-07-12,19,6,Dimanche,True,12,7,2026
1845,2026-07-12 20:00:00+00:00,2026-07-12,20,6,Dimanche,True,12,7,2026
1846,2026-07-12 21:00:00+00:00,2026-07-12,21,6,Dimanche,True,12,7,2026
1847,2026-07-12 22:00:00+00:00,2026-07-12,22,6,Dimanche,True,12,7,2026
1848,2026-07-12 23:00:00+00:00,2026-07-12,23,6,Dimanche,True,12,7,2026
1849,2026-07-13 00:00:00+00:00,2026-07-13,0,0,Lundi,False,13,7,2026
1850,2026-07-13 01:00:00+00:00,2026-07-13,1,0,Lundi,False,13,7,2026
1851,2026-07-13 02:00:00+00:00,2026-07-13,2,0,Lundi,False,13,7,2026
1852,2026-07-13 03:00:00+00:00,2026-07-13,3,0,Lundi,False,13,7,2026
1853,2026-07-13 04:00:00+00:00,2026-07-13,4,0,Lundi,False,13,7,2026
1854,2026-07-13 05:00:00+00:00,2026-07-13,5,0,Lundi,False,13,7,2026
1855,2026-07-13 06:00:00+00:00,2026-07-13,6,0,Lundi,False,13,7,2026
1856,2026-07-13 07:00:00+00:00,2026-07-13,7,0,Lundi,False,13,7,2026
1857,2026-07-13 08:00:00+00:00,2026-07-13,8,0,Lundi,False,13,7,2026
1858,2026-07-13 09:00:00+00:00,2026-07-13,9,0,Lundi,False,13,7,2026
1859,2026-07-13 10:00:00+00:00,2026-07-13,10,0,Lundi,False,13,7,2026
1860,2026-07-13 11:00:00+00:00,2026-07-13,11,0,Lundi,False,13,7,2026
1861,2026-07-13 12:00:00+00:00,2026-07-13,12,0,Lundi,False,13,7,2026
1862,2026-07-13 13:00:00+00:00,2026-07-13,13,0,Lundi,False,13,7,2026
1863,2026-07-13 14:00:00+00:00,2026-07-13,14,0,Lundi,False,13,7,2026
1864,2026-07-13 15:00:00+00:00,2026-07-13,15,0,Lundi,False,13,7,2026
1865,2026-07-13 16:00:00+00:00,2026-07-13,16,0,Lundi,False,13,7,2026
1866,2026-07-13 17:00:00+00:00,2026-07-13,17,0,Lundi,False,13,7,2026
1867,2026-07-13 18:00:00+00:00,2026-07-13,18,0,Lundi,False,13,7,2026
1868,2026-07-13 19:00:00+00:00,2026-07-13,19,0,Lundi,False,13,7,2026
1869,2026-07-13 20:00:00+00:00,2026-07-13,20,0,Lundi,False,13,7,2026
1870,2026-07-13 21:00:00+00:00,2026-07-13,21,0,Lundi,False,13,7,2026
1871,2026-07-13 22:00:00+00:00,2026-07-13,22,0,Lundi,False,13,7,2026
1872,2026-07-13 23:00:00+00:00,2026-07-13,23,0,Lundi,False,13,7,2026
1873,2026-07-14 00:00:00+00:00,2026-07-14,0,1,Mardi,False,14,7,2026
1874,2026-07-14 01:00:00+00:00,2026-07-14,1,1,Mardi,False,14,7,2026
1875,2026-07-14 02:00:00+00:00,2026-07-14,2,1,Mardi,False,14,7,2026
1876,2026-07-14 03:00:00+00:00,2026-07-14,3,1,Mardi,False,14,7,2026
1877,2026-07-14 04:00:00+00:00,2026-07-14,4,1,Mardi,False,14,7,2026
1878,2026-07-14 05:00:00+00:00,2026-07-14,5,1,Mardi,False,14,7,2026
1879,2026-07-14 06:00:00+00:00,2026-07-14,6,1,Mardi,False,14,7,2026
1880,2026-07-14 07:00:00+00:00,2026-07-14,7,1,Mardi,False,14,7,2026
1881,2026-07-14 08:00:00+00:00,2026-07-14,8,1,Mardi,False,14,7,2026
1882,2026-07-14 09:00:00+00:00,2026-07-14,9,1,Mardi,False,14,7,2026
1883,2026-07-14 10:00:00+00:00,2026-07-14,10,1,Mardi,False,14,7,2026
1884,2026-07-14 11:00:00+00:00,2026-07-14,11,1,Mardi,False,14,7,2026
1885,2026-07-14 12:00:00+00:00,2026-07-14,12,1,Mardi,False,14,7,2026
1886,2026-07-14 13:00:00+00:00,2026-07-14,13,1,Mardi,False,14,7,2026
1887,2026-07-14 14:00:00+00:00,2026-07-14,14,1,Mardi,False,14,7,2026
1888,2026-07-14 15:00:00+00:00,2026-07-14,15,1,Mardi,False,14,7,2026
1889,2026-07-14 16:00:00+00:00,2026-07-14,16,1,Mardi,False,14,7,2026
1890,2026-07-14 17:00:00+00:00,2026-07-14,17,1,Mardi,False,14,7,2026
1891,2026-07-14 18:00:00+00:00,2026-07-14,18,1,Mardi,False,14,7,2026
1892,2026-07-14 19:00:00+00:00,2026-07-14,19,1,Mardi,False,14,7,2026
1893,2026-07-14 20:00:00+00:00,2026-07-14,20,1,Mardi,False,14,7,2026
1894,2026-07-14 21:00:00+00:00,2026-07-14,21,1,Mardi,False,14,7,2026
1895,2026-07-14 22:00:00+00:00,2026-07-14,22,1,Mardi,False,14,7,2026
1896,2026-07-14 23:00:00+00:00,2026-07-14,23,1,Mardi,False,14,7,2026
1897,2026-07-15 00:00:00+00:00,2026-07-15,0,2,Mercredi,False,15,7,2026
1898,2026-07-15 01:00:00+00:00,2026-07-15,1,2,Mercredi,False,15,7,2026
1899,2026-07-15 02:00:00+00:00,2026-07-15,2,2,Mercredi,False,15,7,2026
1900,2026-07-15 03:00:00+00:00,2026-07-15,3,2,Mercredi,False,15,7,2026
1901,2026-07-15 04:00:00+00:00,2026-07-15,4,2,Mercredi,False,15,7,2026
1902,2026-07-15 05:00:00+00:00,2026-07-15,5,2,Mercredi,False,15,7,2026
1903,2026-07-15 06:00:00+00:00,2026-07-15,6,2,Mercredi,False,15,7,2026
1904,2026-07-15 07:00:00+00:00,2026-07-15,7,2,Mercredi,False,15,7,2026
1905,2026-07-15 08:00:00+00:00,2026-07-15,8,2,Mercredi,False,15,7,2026
1906,2026-07-15 09:00:00+00:00,2026-07-15,9,2,Mercredi,False,15,7,2026
1907,2026-07-15 10:00:00+00:00,2026-07-15,10,2,Mercredi,False,15,7,2026
1908,2026-07-15 11:00:00+00:00,2026-07-15,11,2,Mercredi,False,15,7,2026
1909,2026-07-15 12:00:00+00:00,2026-07-15,12,2,Mercredi,False,15,7,2026
1910,2026-07-15 13:00:00+00:00,2026-07-15,13,2,Mercredi,False,15,7,2026
1911,2026-07-15 14:00:00+00:00,2026-07-15,14,2,Mercredi,False,15,7,2026
1912,2026-07-15 15:00:00+00:00,2026-07-15,15,2,Mercredi,False,15,7,2026
1913,2026-07-15 16:00:00+00:00,2026-07-15,16,2,Mercredi,False,15,7,2026
1914,2026-07-15 17:00:00+00:00,2026-07-15,17,2,Mercredi,False,15,7,2026
1915,2026-07-15 18:00:00+00:00,2026-07-15,18,2,Mercredi,False,15,7,2026
1916,2026-07-15 19:00:00+00:00,2026-07-15,19,2,Mercredi,False,15,7,2026
1917,2026-07-15 20:00:00+00:00,2026-07-15,20,2,Mercredi,False,15,7,2026
1918,2026-07-15 21:00:00+00:00,2026-07-15,21,2,Mercredi,False,15,7,2026
1919,2026-07-15 22:00:00+00:00,2026-07-15,22,2,Mercredi,False,15,7,2026
1920,2026-07-15 23:00:00+00:00,2026-07-15,23,2,Mercredi,False,15,7,2026
1921,2026-07-16 00:00:00+00:00,2026-07-16,0,3,Jeudi,False,16,7,2026
1922,2026-07-16 01:00:00+00:00,2026-07-16,1,3,Jeudi,False,16,7,2026
1923,2026-07-16 02:00:00+00:00,2026-07-16,2,3,Jeudi,False,16,7,2026
1924,2026-07-16 03:00:00+00:00,2026-07-16,3,3,Jeudi,False,16,7,2026
1925,2026-07-16 04:00:00+00:00,2026-07-16,4,3,Jeudi,False,16,7,2026
1926,2026-07-16 05:00:00+00:00,2026-07-16,5,3,Jeudi,False,16,7,2026
1927,2026-07-16 06:00:00+00:00,2026-07-16,6,3,Jeudi,False,16,7,2026
1928,2026-07-16 07:00:00+00:00,2026-07-16,7,3,Jeudi,False,16,7,2026
1929,2026-07-16 08:00:00+00:00,2026-07-16,8,3,Jeudi,False,16,7,2026
1930,2026-07-16 09:00:00+00:00,2026-07-16,9,3,Jeudi,False,16,7,2026
1931,2026-07-16 10:00:00+00:00,2026-07-16,10,3,Jeudi,False,16,7,2026
1932,2026-07-16 11:00:00+00:00,2026-07-16,11,3,Jeudi,False,16,7,2026
1933,2026-07-16 12:00:00+00:00,2026-07-16,12,3,Jeudi,False,16,7,2026
1934,2026-07-16 13:00:00+00:00,2026-07-16,13,3,Jeudi,False,16,7,2026
1935,2026-07-16 14:00:00+00:00,2026-07-16,14,3,Jeudi,False,16,7,2026
1936,2026-07-16 15:00:00+00:00,2026-07-16,15,3,Jeudi,False,16,7,2026
1937,2026-07-16 16:00:00+00:00,2026-07-16,16,3,Jeudi,False,16,7,2026
1938,2026-07-16 17:00:00+00:00,2026-07-16,17,3,Jeudi,False,16,7,2026
1939,2026-07-16 18:00:00+00:00,2026-07-16,18,3,Jeudi,False,16,7,2026
1940,2026-07-16 19:00:00+00:00,2026-07-16,19,3,Jeudi,False,16,7,2026
1941,2026-07-16 20:00:00+00:00,2026-07-16,20,3,Jeudi,False,16,7,2026
1942,2026-07-16 21:00:00+00:00,2026-07-16,21,3,Jeudi,False,16,7,2026
1943,2026-07-16 22:00:00+00:00,2026-07-16,22,3,Jeudi,False,16,7,2026
1944,2026-07-16 23:00:00+00:00,2026-07-16,23,3,Jeudi,False,16,7,2026
1945,2026-07-17 00:00:00+00:00,2026-07-17,0,4,Vendredi,False,17,7,2026
1946,2026-07-17 01:00:00+00:00,2026-07-17,1,4,Vendredi,False,17,7,2026
1947,2026-07-17 02:00:00+00:00,2026-07-17,2,4,Vendredi,False,17,7,2026
1948,2026-07-17 03:00:00+00:00,2026-07-17,3,4,Vendredi,False,17,7,2026
1949,2026-07-17 04:00:00+00:00,2026-07-17,4,4,Vendredi,False,17,7,2026
1950,2026-07-17 05:00:00+00:00,2026-07-17,5,4,Vendredi,False,17,7,2026
1951,2026-07-17 06:00:00+00:00,2026-07-17,6,4,Vendredi,False,17,7,2026
1952,2026-07-17 07:00:00+00:00,2026-07-17,7,4,Vendredi,False,17,7,2026
1953,2026-07-17 08:00:00+00:00,2026-07-17,8,4,Vendredi,False,17,7,2026
1954,2026-07-17 09:00:00+00:00,2026-07-17,9,4,Vendredi,False,17,7,2026
1955,2026-07-17 10:00:00+00:00,2026-07-17,10,4,Vendredi,False,17,7,2026
1956,2026-07-17 11:00:00+00:00,2026-07-17,11,4,Vendredi,False,17,7,2026
1957,2026-07-17 12:00:00+00:00,2026-07-17,12,4,Vendredi,False,17,7,2026
1958,2026-07-17 13:00:00+00:00,2026-07-17,13,4,Vendredi,False,17,7,2026
1959,2026-07-17 14:00:00+00:00,2026-07-17,14,4,Vendredi,False,17,7,2026
1960,2026-07-17 15:00:00+00:00,2026-07-17,15,4,Vendredi,False,17,7,2026
1961,2026-07-17 16:00:00+00:00,2026-07-17,16,4,Vendredi,False,17,7,2026
1962,2026-07-17 17:00:00+00:00,2026-07-17,17,4,Vendredi,False,17,7,2026
1963,2026-07-17 18:00:00+00:00,2026-07-17,18,4,Vendredi,False,17,7,2026
1964,2026-07-17 19:00:00+00:00,2026-07-17,19,4,Vendredi,False,17,7,2026
1965,2026-07-17 20:00:00+00:00,2026-07-17,20,4,Vendredi,False,17,7,2026
1966,2026-07-17 21:00:00+00:00,2026-07-17,21,4,Vendredi,False,17,7,2026
1967,2026-07-17 22:00:00+00:00,2026-07-17,22,4,Vendredi,False,17,7,2026
1968,2026-07-17 23:00:00+00:00,2026-07-17,23,4,Vendredi,False,17,7,2026
1969,2026-07-18 00:00:00+00:00,2026-07-18,0,5,Samedi,True,18,7,2026
1970,2026-07-18 01:00:00+00:00,2026-07-18,1,5,Samedi,True,18,7,2026
1971,2026-07-18 02:00:00+00:00,2026-07-18,2,5,Samedi,True,18,7,2026
1972,2026-07-18 03:00:00+00:00,2026-07-18,3,5,Samedi,True,18,7,2026
1973,2026-07-18 04:00:00+00:00,2026-07-18,4,5,Samedi,True,18,7,2026
1974,2026-07-18 05:00:00+00:00,2026-07-18,5,5,Samedi,True,18,7,2026
1975,2026-07-18 06:00:00+00:00,2026-07-18,6,5,Samedi,True,18,7,2026
1976,2026-07-18 07:00:00+00:00,2026-07-18,7,5,Samedi,True,18,7,2026
1977,2026-07-18 08:00:00+00:00,2026-07-18,8,5,Samedi,True,18,7,2026
1978,2026-07-18 09:00:00+00:00,2026-07-18,9,5,Samedi,True,18,7,2026
1979,2026-07-18 10:00:00+00:00,2026-07-18,10,5,Samedi,True,18,7,2026
1980,2026-07-18 11:00:00+00:00,2026-07-18,11,5,Samedi,True,18,7,2026
1981,2026-07-18 12:00:00+00:00,2026-07-18,12,5,Samedi,True,18,7,2026
1982,2026-07-18 13:00:00+00:00,2026-07-18,13,5,Samedi,True,18,7,2026
1983,2026-07-18 14:00:00+00:00,2026-07-18,14,5,Samedi,True,18,7,2026
1984,2026-07-18 15:00:00+00:00,2026-07-18,15,5,Samedi,True,18,7,2026
1985,2026-07-18 16:00:00+00:00,2026-07-18,16,5,Samedi,True,18,7,2026
1986,2026-07-18 17:00:00+00:00,2026-07-18,17,5,Samedi,True,18,7,2026
1987,2026-07-18 18:00:00+00:00,2026-07-18,18,5,Samedi,True,18,7,2026
1988,2026-07-18 19:00:00+00:00,2026-07-18,19,5,Samedi,True,18,7,2026
1989,2026-07-18 20:00:00+00:00,2026-07-18,20,5,Samedi,True,18,7,2026
1990,2026-07-18 21:00:00+00:00,2026-07-18,21,5,Samedi,True,18,7,2026
1991,2026-07-18 22:00:00+00:00,2026-07-18,22,5,Samedi,True,18,7,2026
1992,2026-07-18 23:00:00+00:00,2026-07-18,23,5,Samedi,True,18,7,2026
1993,2026-07-19 00:00:00+00:00,2026-07-19,0,6,Dimanche,True,19,7,2026
1994,2026-07-19 01:00:00+00:00,2026-07-19,1,6,Dimanche,True,19,7,2026
1995,2026-07-19 02:00:00+00:00,2026-07-19,2,6,Dimanche,True,19,7,2026
1996,2026-07-19 03:00:00+00:00,2026-07-19,3,6,Dimanche,True,19,7,2026
1997,2026-07-19 04:00:00+00:00,2026-07-19,4,6,Dimanche,True,19,7,2026
1998,2026-07-19 05:00:00+00:00,2026-07-19,5,6,Dimanche,True,19,7,2026
1999,2026-07-19 06:00:00+00:00,2026-07-19,6,6,Dimanche,True,19,7,2026
2000,2026-07-19 07:00:00+00:00,2026-07-19,7,6,Dimanche,True,19,7,2026
2001,2026-07-19 08:00:00+00:00,2026-07-19,8,6,Dimanche,True,19,7,2026
2002,2026-07-19 09:00:00+00:00,2026-07-19,9,6,Dimanche,True,19,7,2026
2003,2026-07-19 10:00:00+00:00,2026-07-19,10,6,Dimanche,True,19,7,2026
2004,2026-07-19 11:00:00+00:00,2026-07-19,11,6,Dimanche,True,19,7,2026
2005,2026-07-19 12:00:00+00:00,2026-07-19,12,6,Dimanche,True,19,7,2026
2006,2026-07-19 13:00:00+00:00,2026-07-19,13,6,Dimanche,True,19,7,2026
2007,2026-07-19 14:00:00+00:00,2026-07-19,14,6,Dimanche,True,19,7,2026
2008,2026-07-19 15:00:00+00:00,2026-07-19,15,6,Dimanche,True,19,7,2026
2009,2026-07-19 16:00:00+00:00,2026-07-19,16,6,Dimanche,True,19,7,2026
2010,2026-07-19 17:00:00+00:00,2026-07-19,17,6,Dimanche,True,19,7,2026
2011,2026-07-19 18:00:00+00:00,2026-07-19,18,6,Dimanche,True,19,7,2026
2012,2026-07-19 19:00:00+00:00,2026-07-19,19,6,Dimanche,True,19,7,2026
2013,2026-07-19 20:00:00+00:00,2026-07-19,20,6,Dimanche,True,19,7,2026
2014,2026-07-19 21:00:00+00:00,2026-07-19,21,6,Dimanche,True,19,7,2026
2015,2026-07-19 22:00:00+00:00,2026-07-19,22,6,Dimanche,True,19,7,2026
2016,2026-07-19 23:00:00+00:00,2026-07-19,23,6,Dimanche,True,19,7,2026
2017,2026-07-20 00:00:00+00:00,2026-07-20,0,0,Lundi,False,20,7,2026
2018,2026-07-20 01:00:00+00:00,2026-07-20,1,0,Lundi,False,20,7,2026
2019,2026-07-20 02:00:00+00:00,2026-07-20,2,0,Lundi,False,20,7,2026
2020,2026-07-20 03:00:00+00:00,2026-07-20,3,0,Lundi,False,20,7,2026
2021,2026-07-20 04:00:00+00:00,2026-07-20,4,0,Lundi,False,20,7,2026
2022,2026-07-20 05:00:00+00:00,2026-07-20,5,0,Lundi,False,20,7,2026
2023,2026-07-20 06:00:00+00:00,2026-07-20,6,0,Lundi,False,20,7,2026
2024,2026-07-20 07:00:00+00:00,2026-07-20,7,0,Lundi,False,20,7,2026
2025,2026-07-20 08:00:00+00:00,2026-07-20,8,0,Lundi,False,20,7,2026
2026,2026-07-20 09:00:00+00:00,2026-07-20,9,0,Lundi,False,20,7,2026
2027,2026-07-20 10:00:00+00:00,2026-07-20,10,0,Lundi,False,20,7,2026
2028,2026-07-20 11:00:00+00:00,2026-07-20,11,0,Lundi,False,20,7,2026
2029,2026-07-20 12:00:00+00:00,2026-07-20,12,0,Lundi,False,20,7,2026
2030,2026-07-20 13:00:00+00:00,2026-07-20,13,0,Lundi,False,20,7,2026
2031,2026-07-20 14:00:00+00:00,2026-07-20,14,0,Lundi,False,20,7,2026
2032,2026-07-20 15:00:00+00:00,2026-07-20,15,0,Lundi,False,20,7,2026
2033,2026-07-20 16:00:00+00:00,2026-07-20,16,0,Lundi,False,20,7,2026
2034,2026-07-20 17:00:00+00:00,2026-07-20,17,0,Lundi,False,20,7,2026
2035,2026-07-20 18:00:00+00:00,2026-07-20,18,0,Lundi,False,20,7,2026
2036,2026-07-20 19:00:00+00:00,2026-07-20,19,0,Lundi,False,20,7,2026
2037,2026-07-20 20:00:00+00:00,2026-07-20,20,0,Lundi,False,20,7,2026
2038,2026-07-20 21:00:00+00:00,2026-07-20,21,0,Lundi,False,20,7,2026
2039,2026-07-20 22:00:00+00:00,2026-07-20,22,0,Lundi,False,20,7,2026
2040,2026-07-20 23:00:00+00:00,2026-07-20,23,0,Lundi,False,20,7,2026
2041,2026-07-21 00:00:00+00:00,2026-07-21,0,1,Mardi,False,21,7,2026
2042,2026-07-21 01:00:00+00:00,2026-07-21,1,1,Mardi,False,21,7,2026
2043,2026-07-21 02:00:00+00:00,2026-07-21,2,1,Mardi,False,21,7,2026
2044,2026-07-21 03:00:00+00:00,2026-07-21,3,1,Mardi,False,21,7,2026
2045,2026-07-21 04:00:00+00:00,2026-07-21,4,1,Mardi,False,21,7,2026
2046,2026-07-21 05:00:00+00:00,2026-07-21,5,1,Mardi,False,21,7,2026
2047,2026-07-21 06:00:00+00:00,2026-07-21,6,1,Mardi,False,21,7,2026
2048,2026-07-21 07:00:00+00:00,2026-07-21,7,1,Mardi,False,21,7,2026
2049,2026-07-21 08:00:00+00:00,2026-07-21,8,1,Mardi,False,21,7,2026
2050,2026-07-21 09:00:00+00:00,2026-07-21,9,1,Mardi,False,21,7,2026
2051,2026-07-21 10:00:00+00:00,2026-07-21,10,1,Mardi,False,21,7,2026
2052,2026-07-21 11:00:00+00:00,2026-07-21,11,1,Mardi,False,21,7,2026
2053,2026-07-21 12:00:00+00:00,2026-07-21,12,1,Mardi,False,21,7,2026
2054,2026-07-21 13:00:00+00:00,2026-07-21,13,1,Mardi,False,21,7,2026
2055,2026-07-21 14:00:00+00:00,2026-07-21,14,1,Mardi,False,21,7,2026
2056,2026-07-21 15:00:00+00:00,2026-07-21,15,1,Mardi,False,21,7,2026
2057,2026-07-21 16:00:00+00:00,2026-07-21,16,1,Mardi,False,21,7,2026
2058,2026-07-21 17:00:00+00:00,2026-07-21,17,1,Mardi,False,21,7,2026
2059,2026-07-21 18:00:00+00:00,2026-07-21,18,1,Mardi,False,21,7,2026
2060,2026-07-21 19:00:00+00:00,2026-07-21,19,1,Mardi,False,21,7,2026
2061,2026-07-21 20:00:00+00:00,2026-07-21,20,1,Mardi,False,21,7,2026
2062,2026-07-21 21:00:00+00:00,2026-07-21,21,1,Mardi,False,21,7,2026
2063,2026-07-21 22:00:00+00:00,2026-07-21,22,1,Mardi,False,21,7,2026
2064,2026-07-21 23:00:00+00:00,2026-07-21,23,1,Mardi,False,21,7,2026
2065,2026-07-22 00:00:00+00:00,2026-07-22,0,2,Mercredi,False,22,7,2026
2066,2026-07-22 01:00:00+00:00,2026-07-22,1,2,Mercredi,False,22,7,2026
2067,2026-07-22 02:00:00+00:00,2026-07-22,2,2,Mercredi,False,22,7,2026
2068,2026-07-22 03:00:00+00:00,2026-07-22,3,2,Mercredi,False,22,7,2026
2069,2026-07-22 04:00:00+00:00,2026-07-22,4,2,Mercredi,False,22,7,2026
2070,2026-07-22 05:00:00+00:00,2026-07-22,5,2,Mercredi,False,22,7,2026
2071,2026-07-22 06:00:00+00:00,2026-07-22,6,2,Mercredi,False,22,7,2026
2072,2026-07-22 07:00:00+00:00,2026-07-22,7,2,Mercredi,False,22,7,2026
2073,2026-07-22 08:00:00+00:00,2026-07-22,8,2,Mercredi,False,22,7,2026
2074,2026-07-22 09:00:00+00:00,2026-07-22,9,2,Mercredi,False,22,7,2026
2075,2026-07-22 10:00:00+00:00,2026-07-22,10,2,Mercredi,False,22,7,2026
2076,2026-07-22 11:00:00+00:00,2026-07-22,11,2,Mercredi,False,22,7,2026
2077,2026-07-22 12:00:00+00:00,2026-07-22,12,2,Mercredi,False,22,7,2026
2078,2026-07-22 13:00:00+00:00,2026-07-22,13,2,Mercredi,False,22,7,2026
2079,2026-07-22 14:00:00+00:00,2026-07-22,14,2,Mercredi,False,22,7,2026
2080,2026-07-22 15:00:00+00:00,2026-07-22,15,2,Mercredi,False,22,7,2026
2081,2026-07-22 16:00:00+00:00,2026-07-22,16,2,Mercredi,False,22,7,2026
2082,2026-07-22 17:00:00+00:00,2026-07-22,17,2,Mercredi,False,22,7,2026
2083,2026-07-22 18:00:00+00:00,2026-07-22,18,2,Mercredi,False,22,7,2026
2084,2026-07-22 19:00:00+00:00,2026-07-22,19,2,Mercredi,False,22,7,2026
2085,2026-07-22 20:00:00+00:00,2026-07-22,20,2,Mercredi,False,22,7,2026
2086,2026-07-22 21:00:00+00:00,2026-07-22,21,2,Mercredi,False,22,7,2026
2087,2026-07-22 22:00:00+00:00,2026-07-22,22,2,Mercredi,False,22,7,2026
2088,2026-07-22 23:00:00+00:00,2026-07-22,23,2,Mercredi,False,22,7,2026
2089,2026-07-23 00:00:00+00:00,2026-07-23,0,3,Jeudi,False,23,7,2026
2090,2026-07-23 01:00:00+00:00,2026-07-23,1,3,Jeudi,False,23,7,2026
2091,2026-07-23 02:00:00+00:00,2026-07-23,2,3,Jeudi,False,23,7,2026
2092,2026-07-23 03:00:00+00:00,2026-07-23,3,3,Jeudi,False,23,7,2026
2093,2026-07-23 04:00:00+00:00,2026-07-23,4,3,Jeudi,False,23,7,2026
2094,2026-07-23 05:00:00+00:00,2026-07-23,5,3,Jeudi,False,23,7,2026
2095,2026-07-23 06:00:00+00:00,2026-07-23,6,3,Jeudi,False,23,7,2026
2096,2026-07-23 07:00:00+00:00,2026-07-23,7,3,Jeudi,False,23,7,2026
2097,2026-07-23 08:00:00+00:00,2026-07-23,8,3,Jeudi,False,23,7,2026
2098,2026-07-23 09:00:00+00:00,2026-07-23,9,3,Jeudi,False,23,7,2026
2099,2026-07-23 10:00:00+00:00,2026-07-23,10,3,Jeudi,False,23,7,2026
2100,2026-07-23 11:00:00+00:00,2026-07-23,11,3,Jeudi,False,23,7,2026
2101,2026-07-23 12:00:00+00:00,2026-07-23,12,3,Jeudi,False,23,7,2026
2102,2026-07-23 13:00:00+00:00,2026-07-23,13,3,Jeudi,False,23,7,2026
2103,2026-07-23 14:00:00+00:00,2026-07-23,14,3,Jeudi,False,23,7,2026
2104,2026-07-23 15:00:00+00:00,2026-07-23,15,3,Jeudi,False,23,7,2026
2105,2026-07-23 16:00:00+00:00,2026-07-23,16,3,Jeudi,False,23,7,2026
2106,2026-07-23 17:00:00+00:00,2026-07-23,17,3,Jeudi,False,23,7,2026
2107,2026-07-23 18:00:00+00:00,2026-07-23,18,3,Jeudi,False,23,7,2026
2108,2026-07-23 19:00:00+00:00,2026-07-23,19,3,Jeudi,False,23,7,2026
2109,2026-07-23 20:00:00+00:00,2026-07-23,20,3,Jeudi,False,23,7,2026
2110,2026-07-23 21:00:00+00:00,2026-07-23,21,3,Jeudi,False,23,7,2026
2111,2026-07-23 22:00:00+00:00,2026-07-23,22,3,Jeudi,False,23,7,2026
2112,2026-07-23 23:00:00+00:00,2026-07-23,23,3,Jeudi,False,23,7,2026
2113,2026-07-24 00:00:00+00:00,2026-07-24,0,4,Vendredi,False,24,7,2026
2114,2026-07-24 01:00:00+00:00,2026-07-24,1,4,Vendredi,False,24,7,2026
2115,2026-07-24 02:00:00+00:00,2026-07-24,2,4,Vendredi,False,24,7,2026
2116,2026-07-24 03:00:00+00:00,2026-07-24,3,4,Vendredi,False,24,7,2026
2117,2026-07-24 04:00:00+00:00,2026-07-24,4,4,Vendredi,False,24,7,2026
2118,2026-07-24 05:00:00+00:00,2026-07-24,5,4,Vendredi,False,24,7,2026
2119,2026-07-24 06:00:00+00:00,2026-07-24,6,4,Vendredi,False,24,7,2026
2120,2026-07-24 07:00:00+00:00,2026-07-24,7,4,Vendredi,False,24,7,2026
2121,2026-07-24 08:00:00+00:00,2026-07-24,8,4,Vendredi,False,24,7,2026
2122,2026-07-24 09:00:00+00:00,2026-07-24,9,4,Vendredi,False,24,7,2026
2123,2026-07-24 10:00:00+00:00,2026-07-24,10,4,Vendredi,False,24,7,2026
2124,2026-07-24 11:00:00+00:00,2026-07-24,11,4,Vendredi,False,24,7,2026
2125,2026-07-24 12:00:00+00:00,2026-07-24,12,4,Vendredi,False,24,7,2026
2126,2026-07-24 13:00:00+00:00,2026-07-24,13,4,Vendredi,False,24,7,2026
2127,2026-07-24 14:00:00+00:00,2026-07-24,14,4,Vendredi,False,24,7,2026
2128,2026-07-24 15:00:00+00:00,2026-07-24,15,4,Vendredi,False,24,7,2026
2129,2026-07-24 16:00:00+00:00,2026-07-24,16,4,Vendredi,False,24,7,2026
2130,2026-07-24 17:00:00+00:00,2026-07-24,17,4,Vendredi,False,24,7,2026
2131,2026-07-24 18:00:00+00:00,2026-07-24,18,4,Vendredi,False,24,7,2026
2132,2026-07-24 19:00:00+00:00,2026-07-24,19,4,Vendredi,False,24,7,2026
2133,2026-07-24 20:00:00+00:00,2026-07-24,20,4,Vendredi,False,24,7,2026
2134,2026-07-24 21:00:00+00:00,2026-07-24,21,4,Vendredi,False,24,7,2026
2135,2026-07-24 22:00:00+00:00,2026-07-24,22,4,Vendredi,False,24,7,2026
2136,2026-07-24 23:00:00+00:00,2026-07-24,23,4,Vendredi,False,24,7,2026
2137,2026-07-25 00:00:00+00:00,2026-07-25,0,5,Samedi,True,25,7,2026
2138,2026-07-25 01:00:00+00:00,2026-07-25,1,5,Samedi,True,25,7,2026
2139,2026-07-25 02:00:00+00:00,2026-07-25,2,5,Samedi,True,25,7,2026
2140,2026-07-25 03:00:00+00:00,2026-07-25,3,5,Samedi,True,25,7,2026
2141,2026-07-25 04:00:00+00:00,2026-07-25,4,5,Samedi,True,25,7,2026
2142,2026-07-25 05:00:00+00:00,2026-07-25,5,5,Samedi,True,25,7,2026
2143,2026-07-25 06:00:00+00:00,2026-07-25,6,5,Samedi,True,25,7,2026
2144,2026-07-25 07:00:00+00:00,2026-07-25,7,5,Samedi,True,25,7,2026
2145,2026-07-25 08:00:00+00:00,2026-07-25,8,5,Samedi,True,25,7,2026
2146,2026-07-25 09:00:00+00:00,2026-07-25,9,5,Samedi,True,25,7,2026
2147,2026-07-25 10:00:00+00:00,2026-07-25,10,5,Samedi,True,25,7,2026
2148,2026-07-25 11:00:00+00:00,2026-07-25,11,5,Samedi,True,25,7,2026
2149,2026-07-25 12:00:00+00:00,2026-07-25,12,5,Samedi,True,25,7,2026
2150,2026-07-25 13:00:00+00:00,2026-07-25,13,5,Samedi,True,25,7,2026
2151,2026-07-25 14:00:00+00:00,2026-07-25,14,5,Samedi,True,25,7,2026
2152,2026-07-25 15:00:00+00:00,2026-07-25,15,5,Samedi,True,25,7,2026
2153,2026-07-25 16:00:00+00:00,2026-07-25,16,5,Samedi,True,25,7,2026
2154,2026-07-25 17:00:00+00:00,2026-07-25,17,5,Samedi,True,25,7,2026
2155,2026-07-25 18:00:00+00:00,2026-07-25,18,5,Samedi,True,25,7,2026
2156,2026-07-25 19:00:00+00:00,2026-07-25,19,5,Samedi,True,25,7,2026
2157,2026-07-25 20:00:00+00:00,2026-07-25,20,5,Samedi,True,25,7,2026
2158,2026-07-25 21:00:00+00:00,2026-07-25,21,5,Samedi,True,25,7,2026
2159,2026-07-25 22:00:00+00:00,2026-07-25,22,5,Samedi,True,25,7,2026
2160,2026-07-25 23:00:00+00:00,2026-07-25,23,5,Samedi,True,25,7,2026
2161,2026-07-26 00:00:00+00:00,2026-07-26,0,6,Dimanche,True,26,7,2026
2162,2026-07-26 01:00:00+00:00,2026-07-26,1,6,Dimanche,True,26,7,2026
2163,2026-07-26 02:00:00+00:00,2026-07-26,2,6,Dimanche,True,26,7,2026
2164,2026-07-26 03:00:00+00:00,2026-07-26,3,6,Dimanche,True,26,7,2026
2165,2026-07-26 04:00:00+00:00,2026-07-26,4,6,Dimanche,True,26,7,2026
2166,2026-07-26 05:00:00+00:00,2026-07-26,5,6,Dimanche,True,26,7,2026
2167,2026-07-26 06:00:00+00:00,2026-07-26,6,6,Dimanche,True,26,7,2026
2168,2026-07-26 07:00:00+00:00,2026-07-26,7,6,Dimanche,True,26,7,2026
2169,2026-07-26 08:00:00+00:00,2026-07-26,8,6,Dimanche,True,26,7,2026
2170,2026-07-26 09:00:00+00:00,2026-07-26,9,6,Dimanche,True,26,7,2026
2171,2026-07-26 10:00:00+00:00,2026-07-26,10,6,Dimanche,True,26,7,2026
2172,2026-07-26 11:00:00+00:00,2026-07-26,11,6,Dimanche,True,26,7,2026
2173,2026-07-26 12:00:00+00:00,2026-07-26,12,6,Dimanche,True,26,7,2026
2174,2026-07-26 13:00:00+00:00,2026-07-26,13,6,Dimanche,True,26,7,2026
2175,2026-07-26 14:00:00+00:00,2026-07-26,14,6,Dimanche,True,26,7,2026
2176,2026-07-26 15:00:00+00:00,2026-07-26,15,6,Dimanche,True,26,7,2026
2177,2026-07-26 16:00:00+00:00,2026-07-26,16,6,Dimanche,True,26,7,2026
2178,2026-07-26 17:00:00+00:00,2026-07-26,17,6,Dimanche,True,26,7,2026
2179,2026-07-26 18:00:00+00:00,2026-07-26,18,6,Dimanche,True,26,7,2026
2180,2026-07-26 19:00:00+00:00,2026-07-26,19,6,Dimanche,True,26,7,2026
2181,2026-07-26 20:00:00+00:00,2026-07-26,20,6,Dimanche,True,26,7,2026
2182,2026-07-26 21:00:00+00:00,2026-07-26,21,6,Dimanche,True,26,7,2026
2183,2026-07-26 22:00:00+00:00,2026-07-26,22,6,Dimanche,True,26,7,2026
2184,2026-07-26 23:00:00+00:00,2026-07-26,23,6,Dimanche,True,26,7,2026
2185,2026-07-27 00:00:00+00:00,2026-07-27,0,0,Lundi,False,27,7,2026
2186,2026-07-27 01:00:00+00:00,2026-07-27,1,0,Lundi,False,27,7,2026
2187,2026-07-27 02:00:00+00:00,2026-07-27,2,0,Lundi,False,27,7,2026
2188,2026-07-27 03:00:00+00:00,2026-07-27,3,0,Lundi,False,27,7,2026
2189,2026-07-27 04:00:00+00:00,2026-07-27,4,0,Lundi,False,27,7,2026
2190,2026-07-27 07:00:00+00:00,2026-07-27,7,0,Lundi,False,27,7,2026
2191,2026-07-27 11:00:00+00:00,2026-07-27,11,0,Lundi,False,27,7,2026
2192,2026-07-27 13:00:00+00:00,2026-07-27,13,0,Lundi,False,27,7,2026
2193,2026-07-27 16:00:00+00:00,2026-07-27,16,0,Lundi,False,27,7,2026
2194,2026-07-27 17:00:00+00:00,2026-07-27,17,0,Lundi,False,27,7,2026
2195,2026-07-27 18:00:00+00:00,2026-07-27,18,0,Lundi,False,27,7,2026
2196,2026-07-27 19:00:00+00:00,2026-07-27,19,0,Lundi,False,27,7,2026
2197,2026-07-27 21:00:00+00:00,2026-07-27,21,0,Lundi,False,27,7,2026
2198,2026-07-27 22:00:00+00:00,2026-07-27,22,0,Lundi,False,27,7,2026
2199,2026-07-27 23:00:00+00:00,2026-07-27,23,0,Lundi,False,27,7,2026
2200,2026-07-28 00:00:00+00:00,2026-07-28,0,1,Mardi,False,28,7,2026
2201,2026-07-28 01:00:00+00:00,2026-07-28,1,1,Mardi,False,28,7,2026
2202,2026-07-28 04:00:00+00:00,2026-07-28,4,1,Mardi,False,28,7,2026
