fact_id,city_id,time_id,observed_at,aqi,co,no,no2,o3,so2,pm2_5,pm10,nh3
1,1,1,2026-04-24 00:00:00+00:00,1,86.43,0.0,0.58,15.94,0.07,1.35,2.94,0.32
2,2,1,2026-04-24 00:00:00+00:00,3,135.71,0.0,4.68,107.34,3.24,4.51,7.93,1.4
3,3,1,2026-04-24 00:00:00+00:00,2,139.95,0.0,3.16,78.68,1.44,0.5,0.5,0.3
4,4,1,2026-04-24 00:00:00+00:00,2,136.81,0.0,2.03,95.36,0.81,5.85,6.62,13.2
5,5,1,2026-04-24 00:00:00+00:00,1,186.03,0.1,12.26,51.27,0.7,3.62,4.85,2.73
6,1,2,2026-04-24 01:00:00+00:00,1,87.09,0.0,0.6,14.93,0.07,1.39,2.94,0.34
7,2,2,2026-04-24 01:00:00+00:00,3,135.51,0.0,4.88,103.76,3.38,5.28,8.68,1.39
8,3,2,2026-04-24 01:00:00+00:00,2,139.42,0.0,2.38,78.17,1.4,0.5,0.5,0.31
9,4,2,2026-04-24 01:00:00+00:00,2,136.16,0.0,1.91,91.17,0.76,6.48,7.26,13.71
10,5,2,2026-04-24 01:00:00+00:00,1,191.17,0.0,13.12,44.67,0.64,3.76,5.2,3.16
11,1,3,2026-04-24 02:00:00+00:00,1,87.21,0.0,0.6,14.71,0.07,1.41,2.91,0.31
12,2,3,2026-04-24 02:00:00+00:00,3,135.82,0.0,5.02,100.54,3.48,5.99,9.48,1.44
13,3,3,2026-04-24 02:00:00+00:00,2,139.69,0.0,2.01,77.62,1.38,0.5,0.5,0.3
14,4,3,2026-04-24 02:00:00+00:00,2,137.16,0.0,1.87,87.19,0.71,7.16,7.97,14.37
15,5,3,2026-04-24 02:00:00+00:00,1,192.62,0.0,12.92,42.0,0.57,3.91,5.44,3.12
16,1,4,2026-04-24 03:00:00+00:00,1,87.33,0.0,0.61,15.29,0.07,1.41,2.93,0.3
17,2,4,2026-04-24 03:00:00+00:00,2,135.75,0.0,5.1,97.24,3.54,6.89,10.47,1.46
18,3,4,2026-04-24 03:00:00+00:00,2,140.79,0.0,2.11,77.08,1.48,0.5,0.5,0.34
19,4,4,2026-04-24 03:00:00+00:00,2,137.99,0.0,1.92,82.78,0.67,7.88,8.72,15.17
20,5,4,2026-04-24 03:00:00+00:00,1,190.86,0.0,12.33,43.04,0.57,4.03,5.59,2.99
21,1,5,2026-04-24 04:00:00+00:00,1,87.92,0.03,0.59,17.01,0.09,1.41,3.23,0.34
22,2,5,2026-04-24 04:00:00+00:00,2,135.67,0.0,5.18,94.24,3.54,7.83,11.44,1.44
23,3,5,2026-04-24 04:00:00+00:00,2,140.23,0.09,2.73,75.4,1.66,0.5,0.5,0.4
24,4,5,2026-04-24 04:00:00+00:00,2,138.11,0.0,2.12,77.22,0.64,8.61,9.49,15.79
25,5,5,2026-04-24 04:00:00+00:00,1,181.51,0.0,10.7,45.1,0.6,4.01,5.51,2.79
26,1,6,2026-04-24 05:00:00+00:00,1,90.58,0.13,0.49,18.17,0.12,1.47,3.68,0.43
27,2,6,2026-04-24 05:00:00+00:00,2,135.46,0.0,5.35,91.4,3.52,8.63,12.19,1.39
28,3,6,2026-04-24 05:00:00+00:00,2,140.08,0.39,2.96,74.85,1.79,0.5,0.5,0.42
29,4,6,2026-04-24 05:00:00+00:00,2,141.05,0.0,2.8,72.51,0.67,9.52,10.46,16.38
30,5,6,2026-04-24 05:00:00+00:00,1,173.31,0.0,9.04,43.16,0.56,4.02,5.5,2.77
31,1,7,2026-04-24 06:00:00+00:00,1,88.98,0.13,0.39,21.03,0.13,1.44,3.66,0.51
32,2,7,2026-04-24 06:00:00+00:00,2,135.73,0.05,5.87,89.12,3.54,9.35,12.84,1.36
33,3,7,2026-04-24 06:00:00+00:00,2,139.91,0.72,2.76,75.49,1.86,0.5,0.52,0.45
34,4,7,2026-04-24 06:00:00+00:00,2,145.31,0.08,4.02,67.71,0.73,10.53,11.52,16.78
35,5,7,2026-04-24 06:00:00+00:00,1,163.81,0.0,7.06,41.45,0.49,3.93,5.38,2.84
36,1,8,2026-04-24 07:00:00+00:00,1,67.77,0.04,0.15,29.97,0.1,0.64,1.68,0.28
37,2,8,2026-04-24 07:00:00+00:00,2,136.66,0.46,6.25,87.65,3.56,9.77,13.21,1.44
38,3,8,2026-04-24 07:00:00+00:00,2,139.25,0.7,2.37,79.39,1.62,0.5,0.5,0.37
39,4,8,2026-04-24 07:00:00+00:00,2,148.84,0.59,4.52,63.71,0.81,11.37,12.42,16.81
40,5,8,2026-04-24 07:00:00+00:00,1,152.07,0.0,5.2,40.33,0.41,3.71,5.11,2.94
41,1,9,2026-04-24 08:00:00+00:00,1,63.42,0.03,0.11,31.13,0.1,0.53,1.27,0.25
42,2,9,2026-04-24 08:00:00+00:00,2,137.77,1.04,6.23,87.47,3.59,10.05,13.43,1.54
43,3,9,2026-04-24 08:00:00+00:00,2,137.25,0.59,1.77,82.73,1.25,0.5,0.5,0.31
44,4,9,2026-04-24 08:00:00+00:00,2,151.77,1.19,4.31,61.81,0.96,12.33,13.46,16.49
45,5,9,2026-04-24 08:00:00+00:00,1,143.31,0.0,3.94,40.28,0.36,3.52,4.88,2.92
46,1,10,2026-04-24 09:00:00+00:00,1,61.46,0.02,0.09,30.77,0.09,0.5,1.09,0.24
47,2,10,2026-04-24 09:00:00+00:00,2,138.32,1.43,6.11,89.33,3.62,10.04,13.33,1.57
48,3,10,2026-04-24 09:00:00+00:00,2,135.26,0.46,1.35,84.81,1.04,0.5,0.5,0.28
49,4,10,2026-04-24 09:00:00+00:00,2,153.71,1.4,3.95,65.02,1.21,13.65,14.86,15.71
50,5,10,2026-04-24 09:00:00+00:00,1,137.59,0.0,3.23,41.5,0.35,3.41,4.72,2.66
51,1,11,2026-04-24 10:00:00+00:00,1,59.33,0.01,0.07,32.85,0.07,0.5,0.81,0.19
52,2,11,2026-04-24 10:00:00+00:00,2,138.62,1.55,5.8,93.97,3.65,9.98,13.15,1.43
53,3,11,2026-04-24 10:00:00+00:00,2,134.29,0.3,0.93,87.72,0.86,0.5,0.5,0.25
54,4,11,2026-04-24 10:00:00+00:00,2,156.33,1.13,3.29,86.95,1.73,15.0,16.26,13.2
55,5,11,2026-04-24 10:00:00+00:00,1,133.33,0.0,2.96,43.04,0.38,3.4,4.69,2.36
56,1,12,2026-04-24 11:00:00+00:00,1,57.92,0.02,0.07,34.32,0.06,0.5,0.72,0.18
57,2,12,2026-04-24 11:00:00+00:00,2,138.94,1.48,5.39,99.77,3.73,9.68,12.79,1.21
58,3,12,2026-04-24 11:00:00+00:00,2,132.52,0.17,0.64,89.53,0.71,0.5,0.5,0.22
59,4,12,2026-04-24 11:00:00+00:00,2,155.49,0.92,2.82,95.02,1.88,15.7,16.98,12.16
60,5,12,2026-04-24 11:00:00+00:00,1,135.61,0.01,3.77,43.27,0.43,3.58,4.94,2.24
61,1,13,2026-04-24 12:00:00+00:00,1,57.6,0.02,0.07,34.42,0.06,0.5,0.75,0.19
62,2,13,2026-04-24 12:00:00+00:00,3,138.61,1.28,4.81,106.77,3.77,9.52,12.63,0.97
63,3,13,2026-04-24 12:00:00+00:00,2,131.4,0.11,0.52,90.07,0.58,0.5,0.5,0.2
64,4,13,2026-04-24 12:00:00+00:00,3,152.13,0.63,2.26,101.36,1.94,15.78,17.06,11.55
65,5,13,2026-04-24 12:00:00+00:00,1,145.06,0.5,5.05,43.88,0.52,3.99,5.47,2.13
66,1,14,2026-04-24 13:00:00+00:00,1,61.86,0.03,0.14,32.18,0.08,0.51,1.14,0.33
67,2,14,2026-04-24 13:00:00+00:00,3,138.54,1.06,4.3,113.67,3.87,9.83,13.06,0.81
68,3,14,2026-04-24 13:00:00+00:00,2,131.63,0.08,0.5,90.34,0.47,0.5,0.5,0.19
69,4,14,2026-04-24 13:00:00+00:00,3,135.83,0.28,1.28,117.34,1.53,10.17,11.15,7.57
70,5,14,2026-04-24 13:00:00+00:00,1,152.89,1.09,5.44,48.0,0.67,4.51,6.12,1.95
71,1,15,2026-04-24 14:00:00+00:00,1,69.26,0.04,0.32,28.87,0.11,0.7,1.76,0.52
72,2,15,2026-04-24 14:00:00+00:00,3,137.99,0.9,3.97,119.49,3.93,10.24,13.61,0.74
73,3,15,2026-04-24 14:00:00+00:00,2,132.66,0.06,0.54,89.78,0.4,0.5,0.5,0.2
74,4,15,2026-04-24 14:00:00+00:00,3,126.35,0.16,0.87,121.71,1.17,6.86,7.65,5.65
75,5,15,2026-04-24 14:00:00+00:00,1,152.64,1.31,4.78,53.29,0.86,4.99,6.69,1.79
76,1,16,2026-04-24 15:00:00+00:00,1,76.89,0.01,0.58,26.23,0.13,0.95,2.36,0.63
77,2,16,2026-04-24 15:00:00+00:00,3,136.31,0.75,3.73,124.32,3.85,9.62,12.99,0.79
78,3,16,2026-04-24 15:00:00+00:00,2,133.43,0.04,0.58,88.11,0.36,0.5,0.5,0.21
79,4,16,2026-04-24 15:00:00+00:00,3,124.18,0.14,0.86,123.17,1.09,5.98,6.74,5.5
80,5,16,2026-04-24 15:00:00+00:00,2,147.3,1.03,3.79,63.65,1.14,5.57,7.36,1.66
81,1,17,2026-04-24 16:00:00+00:00,1,83.31,0.0,0.72,23.97,0.14,1.17,2.85,0.68
82,2,17,2026-04-24 16:00:00+00:00,3,134.97,0.64,3.77,127.02,3.77,8.29,11.65,0.87
83,3,17,2026-04-24 16:00:00+00:00,2,133.65,0.02,0.7,85.19,0.39,0.5,0.5,0.24
84,4,17,2026-04-24 16:00:00+00:00,3,125.98,0.15,1.1,124.56,1.13,5.88,6.68,5.93
85,5,17,2026-04-24 16:00:00+00:00,3,128.72,0.19,1.34,115.93,2.2,7.04,8.93,0.89
86,1,18,2026-04-24 17:00:00+00:00,1,89.37,0.0,0.78,22.73,0.14,1.35,3.25,0.6
87,2,18,2026-04-24 17:00:00+00:00,3,133.39,0.51,4.02,126.79,3.68,7.08,10.48,0.94
88,3,18,2026-04-24 17:00:00+00:00,2,134.26,0.0,0.79,82.42,0.46,0.5,0.5,0.28
89,4,18,2026-04-24 17:00:00+00:00,3,129.28,0.15,1.49,123.92,1.24,6.29,7.17,6.69
90,5,18,2026-04-24 17:00:00+00:00,3,124.77,0.11,0.93,122.94,1.87,6.99,8.98,0.85
91,1,19,2026-04-24 18:00:00+00:00,1,93.0,0.0,0.76,22.17,0.13,1.49,3.51,0.44
92,2,19,2026-04-24 18:00:00+00:00,3,132.09,0.31,4.54,124.38,3.62,6.1,9.68,1.06
93,3,19,2026-04-24 18:00:00+00:00,2,134.59,0.0,0.81,81.15,0.56,0.5,0.5,0.33
94,4,19,2026-04-24 18:00:00+00:00,3,132.77,0.09,1.91,122.51,1.34,6.33,7.3,7.51
95,5,19,2026-04-24 18:00:00+00:00,3,123.51,0.09,0.92,123.54,1.66,6.89,8.9,0.87
96,1,20,2026-04-24 19:00:00+00:00,1,88.39,0.0,0.61,22.58,0.12,1.36,3.31,0.34
97,2,20,2026-04-24 19:00:00+00:00,3,131.24,0.07,5.16,120.77,3.6,5.27,9.09,1.19
98,3,20,2026-04-24 19:00:00+00:00,2,134.29,0.0,0.86,80.56,0.68,0.5,0.5,0.38
99,4,20,2026-04-24 19:00:00+00:00,3,136.18,0.01,2.35,117.57,1.42,6.42,7.48,8.63
100,5,20,2026-04-24 19:00:00+00:00,3,124.43,0.1,1.12,123.12,1.56,6.86,8.84,0.94
101,1,21,2026-04-24 20:00:00+00:00,1,87.01,0.0,0.55,22.74,0.11,1.33,3.3,0.32
102,2,21,2026-04-24 20:00:00+00:00,3,130.66,0.0,5.55,116.09,3.65,4.78,8.7,1.31
103,3,21,2026-04-24 20:00:00+00:00,2,135.1,0.0,0.95,80.91,0.72,0.5,0.5,0.45
104,4,21,2026-04-24 20:00:00+00:00,3,142.06,0.0,2.76,111.5,1.47,6.61,7.8,10.1
105,5,21,2026-04-24 20:00:00+00:00,3,126.92,0.14,1.69,119.33,1.46,6.78,8.68,1.05
106,1,22,2026-04-24 21:00:00+00:00,1,84.16,0.0,0.49,23.09,0.1,1.21,3.01,0.28
107,2,22,2026-04-24 21:00:00+00:00,3,131.01,0.0,6.14,110.53,3.78,4.47,8.45,1.51
108,3,22,2026-04-24 21:00:00+00:00,2,135.92,0.0,0.99,81.34,0.65,0.5,0.5,0.51
109,4,22,2026-04-24 21:00:00+00:00,3,148.9,0.0,3.36,105.58,1.46,6.86,8.14,11.36
110,5,22,2026-04-24 21:00:00+00:00,3,131.23,0.2,2.6,115.53,1.39,6.58,8.39,1.19
111,1,23,2026-04-24 22:00:00+00:00,1,80.97,0.0,0.44,23.53,0.08,1.07,2.65,0.25
112,2,23,2026-04-24 22:00:00+00:00,3,131.58,0.0,6.74,104.9,3.93,4.45,8.45,1.67
113,3,23,2026-04-24 22:00:00+00:00,2,135.1,0.0,0.98,80.8,0.51,0.5,0.5,0.52
114,4,23,2026-04-24 22:00:00+00:00,2,152.36,0.0,3.79,97.44,1.33,7.33,8.65,12.27
115,5,23,2026-04-24 22:00:00+00:00,3,138.27,0.22,4.01,106.0,1.36,6.44,8.13,1.41
116,1,24,2026-04-24 23:00:00+00:00,1,78.75,0.0,0.41,23.77,0.07,0.99,2.43,0.23
117,2,24,2026-04-24 23:00:00+00:00,3,132.91,0.0,7.19,100.48,4.07,4.66,8.72,1.71
118,3,24,2026-04-24 23:00:00+00:00,2,134.89,0.0,0.97,80.97,0.44,0.5,0.5,0.55
119,4,24,2026-04-24 23:00:00+00:00,2,156.58,0.0,3.92,90.29,1.16,7.8,9.15,13.44
120,5,24,2026-04-24 23:00:00+00:00,2,146.88,0.14,5.52,94.05,1.38,6.54,8.13,1.65
121,1,25,2026-04-25 00:00:00+00:00,1,76.74,0.0,0.38,24.14,0.06,0.92,2.27,0.23
122,2,25,2026-04-25 00:00:00+00:00,2,133.78,0.0,7.45,96.94,4.19,4.99,9.12,1.65
123,3,25,2026-04-25 00:00:00+00:00,2,134.58,0.0,1.02,81.07,0.48,0.5,0.5,0.6
124,4,25,2026-04-25 00:00:00+00:00,2,159.0,0.0,3.77,83.94,0.96,8.29,9.66,14.45
125,5,25,2026-04-25 00:00:00+00:00,2,156.19,0.02,6.57,86.54,1.46,7.28,8.86,1.87
126,1,26,2026-04-25 01:00:00+00:00,1,76.35,0.0,0.4,23.24,0.05,0.92,2.18,0.23
127,2,26,2026-04-25 01:00:00+00:00,2,133.95,0.0,7.51,93.93,4.3,5.38,9.58,1.56
128,3,26,2026-04-25 01:00:00+00:00,2,134.12,0.0,1.14,80.67,0.55,0.5,0.51,0.61
129,4,26,2026-04-25 01:00:00+00:00,2,157.04,0.0,3.47,76.85,0.75,8.54,9.91,15.19
130,5,26,2026-04-25 01:00:00+00:00,2,167.15,0.0,6.62,82.4,1.46,9.48,11.23,2.09
131,1,27,2026-04-25 02:00:00+00:00,1,77.6,0.0,0.44,21.76,0.05,0.98,2.13,0.24
132,2,27,2026-04-25 02:00:00+00:00,2,134.74,0.0,7.57,91.38,4.44,5.73,10.02,1.53
133,3,27,2026-04-25 02:00:00+00:00,2,134.08,0.0,1.22,79.55,0.55,0.5,0.56,0.57
134,4,27,2026-04-25 02:00:00+00:00,2,155.27,0.0,3.2,70.42,0.57,8.74,10.11,16.01
135,5,27,2026-04-25 02:00:00+00:00,2,181.54,0.0,6.51,82.07,1.44,12.51,14.54,2.21
136,1,28,2026-04-25 03:00:00+00:00,1,79.39,0.0,0.49,20.94,0.05,1.07,2.21,0.27
137,2,28,2026-04-25 03:00:00+00:00,2,135.07,0.0,7.58,88.91,4.55,6.16,10.5,1.53
138,3,28,2026-04-25 03:00:00+00:00,2,134.78,0.0,1.31,78.43,0.46,0.51,0.63,0.51
139,4,28,2026-04-25 03:00:00+00:00,2,152.73,0.0,3.01,64.58,0.44,8.85,10.21,16.53
140,5,28,2026-04-25 03:00:00+00:00,2,192.67,0.0,6.39,82.57,1.38,14.86,17.09,2.09
141,1,29,2026-04-25 04:00:00+00:00,1,83.19,0.02,0.54,20.72,0.07,1.23,2.75,0.31
142,2,29,2026-04-25 04:00:00+00:00,2,135.39,0.0,7.47,86.84,4.64,6.54,10.84,1.55
143,3,29,2026-04-25 04:00:00+00:00,2,135.82,0.04,1.53,77.35,0.44,0.56,0.73,0.57
144,4,29,2026-04-25 04:00:00+00:00,1,149.04,0.0,3.03,58.05,0.35,8.82,10.18,16.21
145,5,29,2026-04-25 04:00:00+00:00,2,195.84,0.0,6.11,79.24,1.26,15.99,18.29,1.81
146,1,30,2026-04-25 05:00:00+00:00,1,87.05,0.13,0.45,21.63,0.1,1.41,3.5,0.38
147,2,30,2026-04-25 05:00:00+00:00,2,135.72,0.0,7.37,85.49,4.72,6.88,11.06,1.53
148,3,30,2026-04-25 05:00:00+00:00,2,135.81,0.14,1.46,75.91,0.47,0.63,0.81,0.68
149,4,30,2026-04-25 05:00:00+00:00,1,149.97,0.0,3.77,51.22,0.32,9.0,10.43,15.58
150,5,30,2026-04-25 05:00:00+00:00,2,196.54,0.0,5.6,73.14,1.03,16.48,18.79,1.48
151,1,31,2026-04-25 06:00:00+00:00,1,88.37,0.14,0.34,24.76,0.11,1.6,4.0,0.51
152,2,31,2026-04-25 06:00:00+00:00,2,135.85,0.03,7.37,85.19,4.77,7.22,11.19,1.48
153,3,31,2026-04-25 06:00:00+00:00,2,135.05,0.25,1.32,74.56,0.49,0.7,0.89,0.75
154,4,31,2026-04-25 06:00:00+00:00,1,154.25,0.19,5.17,44.32,0.33,9.4,10.93,14.59
155,5,31,2026-04-25 06:00:00+00:00,2,194.0,0.0,4.94,66.83,0.83,16.46,18.78,1.12
156,1,32,2026-04-25 07:00:00+00:00,1,66.94,0.04,0.11,40.47,0.12,0.75,2.19,0.29
157,2,32,2026-04-25 07:00:00+00:00,2,135.96,0.31,7.31,86.49,4.75,7.37,11.1,1.46
158,3,32,2026-04-25 07:00:00+00:00,2,134.78,0.23,1.07,78.51,0.47,0.72,0.89,0.67
159,4,32,2026-04-25 07:00:00+00:00,1,157.86,1.2,5.39,38.33,0.35,9.69,11.33,13.71
160,5,32,2026-04-25 07:00:00+00:00,2,188.39,0.0,4.51,56.32,0.56,16.06,18.38,0.82
161,1,33,2026-04-25 08:00:00+00:00,1,64.03,0.02,0.07,43.37,0.12,0.71,2.0,0.27
162,2,33,2026-04-25 08:00:00+00:00,2,136.22,0.87,7.05,87.85,4.91,7.56,11.16,1.42
163,3,33,2026-04-25 08:00:00+00:00,2,132.89,0.18,0.82,83.31,0.45,0.7,0.88,0.52
164,4,33,2026-04-25 08:00:00+00:00,1,160.37,2.23,4.84,35.11,0.4,9.89,11.63,13.62
165,5,33,2026-04-25 08:00:00+00:00,2,182.75,0.0,4.26,44.23,0.35,15.67,18.05,0.77
166,1,34,2026-04-25 09:00:00+00:00,1,62.85,0.02,0.06,43.49,0.12,0.79,2.05,0.28
167,2,34,2026-04-25 09:00:00+00:00,2,136.68,1.37,6.82,89.22,5.13,8.25,11.8,1.32
168,3,34,2026-04-25 09:00:00+00:00,2,130.93,0.12,0.61,88.86,0.42,0.64,0.81,0.39
169,4,34,2026-04-25 09:00:00+00:00,2,160.79,2.56,4.43,36.13,0.49,10.31,12.14,13.58
170,5,34,2026-04-25 09:00:00+00:00,2,177.09,0.0,4.14,34.96,0.25,15.37,17.88,0.94
171,1,35,2026-04-25 10:00:00+00:00,1,60.91,0.02,0.05,46.51,0.09,0.73,1.75,0.24
172,2,35,2026-04-25 10:00:00+00:00,2,137.1,1.75,6.86,90.31,5.49,9.5,13.1,1.13
173,3,35,2026-04-25 10:00:00+00:00,2,130.51,0.07,0.5,95.11,0.39,0.55,0.69,0.29
174,4,35,2026-04-25 10:00:00+00:00,2,154.75,1.07,3.05,80.17,1.03,13.9,15.63,13.31
175,5,35,2026-04-25 10:00:00+00:00,2,173.29,0.0,4.25,28.27,0.22,15.12,17.78,1.05
176,1,36,2026-04-25 11:00:00+00:00,1,59.56,0.02,0.06,48.01,0.08,0.7,1.56,0.22
177,2,36,2026-04-25 11:00:00+00:00,2,137.77,2.08,7.23,90.18,6.03,11.12,14.86,0.95
178,3,36,2026-04-25 11:00:00+00:00,2,129.82,0.06,0.46,97.1,0.37,0.52,0.66,0.29
179,4,36,2026-04-25 11:00:00+00:00,2,153.89,0.77,2.47,94.01,1.19,16.15,17.88,12.39
180,5,36,2026-04-25 11:00:00+00:00,2,178.05,0.03,5.37,23.21,0.2,15.2,18.03,0.86
181,1,37,2026-04-25 12:00:00+00:00,1,59.24,0.02,0.06,47.86,0.08,0.72,1.55,0.23
182,2,37,2026-04-25 12:00:00+00:00,2,138.34,2.25,7.43,90.77,6.64,12.85,16.82,0.84
183,3,37,2026-04-25 12:00:00+00:00,2,129.59,0.05,0.49,96.29,0.39,0.57,0.76,0.33
184,4,37,2026-04-25 12:00:00+00:00,3,155.34,0.57,2.11,100.4,1.22,17.58,19.35,12.21
185,5,37,2026-04-25 12:00:00+00:00,2,189.88,0.36,6.71,22.42,0.25,15.51,18.55,0.74
186,1,38,2026-04-25 13:00:00+00:00,1,63.97,0.03,0.16,43.65,0.09,0.87,1.91,0.38
187,2,38,2026-04-25 13:00:00+00:00,2,139.28,2.35,7.69,92.96,7.41,14.61,18.83,0.78
188,3,38,2026-04-25 13:00:00+00:00,2,130.24,0.05,0.61,94.38,0.41,0.69,0.91,0.4
189,4,38,2026-04-25 13:00:00+00:00,3,140.65,0.21,1.06,120.56,1.17,12.79,14.17,8.93
190,5,38,2026-04-25 13:00:00+00:00,2,189.72,0.86,5.06,39.86,0.55,15.87,19.31,0.83
191,1,39,2026-04-25 14:00:00+00:00,1,72.2,0.04,0.37,38.31,0.11,1.15,2.52,0.59
192,2,39,2026-04-25 14:00:00+00:00,2,140.41,2.32,8.02,96.52,8.08,16.46,20.77,0.7
193,3,39,2026-04-25 14:00:00+00:00,2,130.89,0.04,0.78,91.28,0.43,0.77,1.01,0.48
194,4,39,2026-04-25 14:00:00+00:00,3,131.89,0.12,0.69,127.46,0.99,9.73,10.9,7.01
195,5,39,2026-04-25 14:00:00+00:00,2,188.42,1.13,4.47,46.71,0.63,15.94,19.86,1.01
196,1,40,2026-04-25 15:00:00+00:00,1,80.99,0.0,0.65,34.35,0.12,1.47,3.15,0.71
197,2,40,2026-04-25 15:00:00+00:00,3,141.71,2.19,8.44,100.8,8.57,18.23,22.54,0.62
198,3,40,2026-04-25 15:00:00+00:00,2,131.08,0.02,0.91,88.17,0.44,0.77,0.99,0.55
199,4,40,2026-04-25 15:00:00+00:00,3,130.05,0.1,0.67,128.74,0.92,8.61,9.73,6.69
200,5,40,2026-04-25 15:00:00+00:00,2,184.28,1.11,3.56,57.61,0.74,15.89,20.23,1.18
201,1,41,2026-04-25 16:00:00+00:00,1,88.35,0.0,0.81,30.63,0.13,1.75,3.75,0.65
202,2,41,2026-04-25 16:00:00+00:00,3,143.03,2.0,9.32,104.83,9.06,19.36,23.59,0.59
203,3,41,2026-04-25 16:00:00+00:00,2,130.83,0.01,1.03,85.84,0.46,0.74,0.93,0.6
204,4,41,2026-04-25 16:00:00+00:00,3,132.19,0.11,0.92,129.06,0.92,8.73,9.9,7.08
205,5,41,2026-04-25 16:00:00+00:00,2,174.42,0.16,3.26,81.79,1.13,14.93,19.37,1.26
206,1,42,2026-04-25 17:00:00+00:00,1,95.58,0.0,0.88,27.87,0.13,2.01,4.24,0.54
207,2,42,2026-04-25 17:00:00+00:00,3,143.8,1.7,10.96,105.58,9.39,19.85,23.92,0.6
208,3,42,2026-04-25 17:00:00+00:00,2,130.59,0.0,1.19,83.72,0.53,0.71,0.89,0.65
209,4,42,2026-04-25 17:00:00+00:00,3,136.38,0.1,1.34,127.38,0.95,9.54,10.79,7.76
210,5,42,2026-04-25 17:00:00+00:00,2,168.05,0.07,3.29,85.95,1.27,13.62,17.92,1.32
211,1,43,2026-04-25 18:00:00+00:00,1,100.04,0.0,0.89,26.02,0.12,2.18,4.46,0.44
212,2,43,2026-04-25 18:00:00+00:00,3,144.66,1.08,13.47,104.0,9.5,19.69,23.6,0.68
213,3,43,2026-04-25 18:00:00+00:00,2,129.9,0.0,1.34,81.9,0.62,0.69,0.85,0.71
214,4,43,2026-04-25 18:00:00+00:00,3,141.66,0.05,1.78,125.68,1.01,10.13,11.5,8.5
215,5,43,2026-04-25 18:00:00+00:00,2,163.84,0.06,3.5,86.46,1.36,12.57,16.76,1.35
216,1,44,2026-04-25 19:00:00+00:00,1,93.99,0.0,0.73,26.3,0.11,1.96,4.07,0.38
217,2,44,2026-04-25 19:00:00+00:00,3,145.57,0.26,15.81,101.57,9.07,18.78,22.5,0.76
218,3,44,2026-04-25 19:00:00+00:00,2,128.16,0.0,1.41,80.24,0.66,0.65,0.8,0.72
219,4,44,2026-04-25 19:00:00+00:00,3,146.86,0.0,2.27,120.76,1.07,11.14,12.64,9.58
220,5,44,2026-04-25 19:00:00+00:00,2,166.21,0.1,3.87,86.29,1.51,11.92,15.61,1.44
221,1,45,2026-04-25 20:00:00+00:00,1,94.76,0.0,0.71,25.12,0.1,1.99,4.15,0.34
222,2,45,2026-04-25 20:00:00+00:00,2,145.77,0.0,15.78,99.89,8.38,17.74,21.29,0.76
223,3,45,2026-04-25 20:00:00+00:00,2,126.57,0.0,1.32,80.06,0.6,0.6,0.72,0.63
224,4,45,2026-04-25 20:00:00+00:00,3,154.7,0.0,2.72,114.7,1.15,12.52,14.22,10.9
225,5,45,2026-04-25 20:00:00+00:00,2,168.53,0.13,4.22,82.1,1.49,11.56,14.53,1.48
226,1,46,2026-04-25 21:00:00+00:00,1,92.69,0.0,0.66,24.45,0.08,1.89,3.93,0.29
227,2,46,2026-04-25 21:00:00+00:00,2,145.97,0.0,15.72,97.81,7.96,17.23,20.7,0.78
228,3,46,2026-04-25 21:00:00+00:00,2,125.34,0.0,1.13,80.5,0.51,0.51,0.62,0.47
229,4,46,2026-04-25 21:00:00+00:00,3,163.89,0.0,3.29,110.03,1.27,14.04,15.97,12.01
230,5,46,2026-04-25 21:00:00+00:00,2,172.27,0.12,4.69,76.72,1.41,11.33,13.58,1.25
231,1,47,2026-04-25 22:00:00+00:00,1,92.28,0.0,0.66,22.49,0.06,1.87,3.85,0.29
232,2,47,2026-04-25 22:00:00+00:00,2,146.9,0.0,16.03,93.95,7.64,16.8,20.3,0.93
233,3,47,2026-04-25 22:00:00+00:00,2,124.85,0.0,0.96,80.77,0.44,0.5,0.54,0.33
234,4,47,2026-04-25 22:00:00+00:00,3,170.28,0.0,3.92,102.25,1.37,14.79,16.93,12.79
235,5,47,2026-04-25 22:00:00+00:00,2,173.64,0.11,5.28,66.56,1.29,11.0,12.7,0.98
236,1,48,2026-04-25 23:00:00+00:00,1,94.54,0.0,0.71,19.57,0.06,1.99,3.98,0.37
237,2,48,2026-04-25 23:00:00+00:00,2,147.62,0.0,16.54,88.56,7.27,16.0,19.62,1.09
238,3,48,2026-04-25 23:00:00+00:00,2,124.89,0.0,0.87,79.52,0.4,0.5,0.55,0.27
239,4,48,2026-04-25 23:00:00+00:00,2,175.84,0.0,4.35,93.44,1.38,15.0,17.27,13.68
240,5,48,2026-04-25 23:00:00+00:00,2,178.48,0.05,5.83,56.37,1.22,11.01,12.5,0.77
241,1,49,2026-04-26 00:00:00+00:00,1,96.19,0.0,0.75,17.51,0.06,2.09,4.02,0.49
242,2,49,2026-04-26 00:00:00+00:00,2,147.97,0.0,17.16,82.84,7.03,15.12,18.76,1.35
243,3,49,2026-04-26 00:00:00+00:00,2,125.12,0.0,0.85,77.81,0.4,0.61,0.7,0.27
244,4,49,2026-04-26 00:00:00+00:00,2,174.5,0.0,4.19,84.25,1.24,14.38,16.6,14.52
245,5,49,2026-04-26 00:00:00+00:00,2,181.02,0.01,5.81,49.76,1.12,11.11,12.51,0.66
246,1,50,2026-04-26 01:00:00+00:00,1,97.38,0.0,0.78,16.05,0.07,2.17,3.98,0.64
247,2,50,2026-04-26 01:00:00+00:00,2,147.66,0.0,17.57,77.66,6.89,14.62,18.16,1.69
248,3,50,2026-04-26 01:00:00+00:00,2,124.88,0.0,0.85,75.97,0.42,0.86,0.95,0.33
249,4,50,2026-04-26 01:00:00+00:00,2,165.8,0.0,3.66,74.2,0.92,13.09,15.12,15.3
250,5,50,2026-04-26 01:00:00+00:00,2,180.7,0.0,5.17,47.82,0.95,11.18,12.45,0.61
251,1,51,2026-04-26 02:00:00+00:00,1,98.66,0.0,0.8,15.08,0.07,2.23,4.02,0.67
252,2,51,2026-04-26 02:00:00+00:00,2,147.82,0.0,17.22,73.72,6.62,14.56,17.98,1.99
253,3,51,2026-04-26 02:00:00+00:00,2,124.63,0.0,0.88,75.12,0.44,1.17,1.28,0.4
254,4,51,2026-04-26 02:00:00+00:00,2,159.92,0.0,3.3,65.69,0.62,12.15,14.02,16.28
255,5,51,2026-04-26 02:00:00+00:00,2,179.29,0.0,4.41,49.8,0.75,11.02,12.07,0.52
256,1,52,2026-04-26 03:00:00+00:00,1,100.63,0.01,0.84,14.75,0.07,2.32,4.17,0.66
257,2,52,2026-04-26 03:00:00+00:00,2,148.17,0.0,16.26,70.3,6.28,15.14,18.44,2.28
258,3,52,2026-04-26 03:00:00+00:00,2,124.56,0.0,0.98,73.96,0.46,1.47,1.59,0.42
259,4,52,2026-04-26 03:00:00+00:00,2,154.89,0.0,3.06,58.83,0.42,11.39,13.15,15.84
260,5,52,2026-04-26 03:00:00+00:00,2,175.29,0.0,3.69,53.09,0.58,10.18,11.0,0.44
261,1,53,2026-04-26 04:00:00+00:00,1,105.09,0.05,0.86,15.21,0.1,2.46,4.74,0.61
262,2,53,2026-04-26 04:00:00+00:00,2,148.49,0.0,14.88,67.66,5.9,15.48,18.55,2.76
263,3,53,2026-04-26 04:00:00+00:00,2,125.63,0.01,1.2,72.75,0.49,1.69,1.8,0.38
264,4,53,2026-04-26 04:00:00+00:00,2,149.09,0.0,3.06,52.57,0.3,10.67,12.36,14.07
265,5,53,2026-04-26 04:00:00+00:00,2,162.52,0.0,2.69,64.9,0.53,8.2,8.95,0.38
266,1,54,2026-04-26 05:00:00+00:00,1,110.09,0.24,0.64,17.09,0.13,2.64,5.49,0.62
267,2,54,2026-04-26 05:00:00+00:00,2,149.35,0.0,13.37,67.47,5.57,15.52,18.33,3.28
268,3,54,2026-04-26 05:00:00+00:00,2,126.03,0.03,1.3,71.19,0.49,1.79,1.87,0.28
269,4,54,2026-04-26 05:00:00+00:00,2,148.51,0.0,3.71,48.16,0.3,10.58,12.29,13.6
270,5,54,2026-04-26 05:00:00+00:00,2,155.51,0.0,2.35,67.99,0.54,6.25,7.04,0.36
271,1,55,2026-04-26 06:00:00+00:00,1,112.32,0.22,0.49,22.49,0.14,3.0,6.08,0.76
272,2,55,2026-04-26 06:00:00+00:00,2,150.21,0.08,11.87,71.07,5.27,15.25,17.83,3.94
273,3,55,2026-04-26 06:00:00+00:00,2,126.06,0.08,1.26,70.79,0.5,1.75,1.82,0.22
274,4,55,2026-04-26 06:00:00+00:00,2,150.36,0.15,4.75,44.49,0.34,10.91,12.69,13.43
275,5,55,2026-04-26 06:00:00+00:00,2,151.78,0.0,2.36,68.92,0.58,4.59,5.46,0.34
276,1,56,2026-04-26 07:00:00+00:00,1,66.98,0.03,0.11,46.27,0.11,0.6,1.55,0.27
277,2,56,2026-04-26 07:00:00+00:00,2,150.1,0.48,9.81,77.89,4.83,14.47,16.89,4.79
278,3,56,2026-04-26 07:00:00+00:00,2,125.48,0.11,1.05,74.52,0.44,1.44,1.49,0.2
279,4,56,2026-04-26 07:00:00+00:00,2,151.44,0.89,4.76,41.93,0.39,11.19,13.02,13.41
280,5,56,2026-04-26 07:00:00+00:00,2,149.31,0.0,2.51,69.76,0.66,3.34,4.23,0.32
281,1,57,2026-04-26 08:00:00+00:00,1,62.14,0.02,0.07,47.18,0.1,0.51,1.22,0.24
282,2,57,2026-04-26 08:00:00+00:00,2,150.33,1.05,8.65,80.25,4.79,14.18,16.58,5.25
283,3,57,2026-04-26 08:00:00+00:00,2,123.67,0.1,0.88,78.14,0.41,1.1,1.14,0.28
284,4,57,2026-04-26 08:00:00+00:00,2,152.82,1.62,4.29,41.35,0.45,11.53,13.43,13.69
285,5,57,2026-04-26 08:00:00+00:00,2,148.09,0.0,2.67,70.68,0.75,2.5,3.37,0.3
286,1,58,2026-04-26 09:00:00+00:00,1,61.16,0.02,0.06,45.55,0.1,0.55,1.26,0.24
287,2,58,2026-04-26 09:00:00+00:00,2,149.61,1.49,7.79,83.34,4.92,14.76,17.21,5.42
288,3,58,2026-04-26 09:00:00+00:00,2,121.96,0.09,0.79,81.1,0.4,0.84,0.88,0.38
289,4,58,2026-04-26 09:00:00+00:00,2,154.33,1.78,3.91,46.52,0.55,12.15,14.13,13.64
290,5,58,2026-04-26 09:00:00+00:00,2,147.24,0.0,2.87,70.09,0.85,1.91,2.76,0.31
291,1,59,2026-04-26 10:00:00+00:00,1,61.43,0.02,0.07,44.97,0.11,0.65,1.31,0.27
292,2,59,2026-04-26 10:00:00+00:00,2,148.68,1.6,7.19,88.83,5.13,16.51,19.04,5.18
293,3,59,2026-04-26 10:00:00+00:00,2,122.96,0.08,0.74,84.97,0.39,0.68,0.71,0.41
294,4,59,2026-04-26 10:00:00+00:00,3,149.76,0.79,2.48,102.44,0.7,10.91,12.76,8.69
295,5,59,2026-04-26 10:00:00+00:00,2,145.06,0.0,3.08,69.01,0.95,1.52,2.37,0.32
296,1,60,2026-04-26 11:00:00+00:00,1,62.03,0.02,0.08,44.14,0.11,0.78,1.45,0.33
297,2,60,2026-04-26 11:00:00+00:00,2,148.08,1.68,6.79,94.95,5.41,19.74,22.43,4.59
298,3,60,2026-04-26 11:00:00+00:00,2,122.93,0.08,0.74,85.27,0.4,0.74,0.78,0.36
299,4,60,2026-04-26 11:00:00+00:00,3,149.13,0.58,2.01,112.62,0.78,11.95,13.79,7.83
300,5,60,2026-04-26 11:00:00+00:00,2,145.09,0.0,3.61,67.12,1.04,1.31,2.17,0.35
301,1,61,2026-04-26 12:00:00+00:00,1,62.86,0.03,0.1,43.89,0.12,0.87,1.58,0.41
302,2,61,2026-04-26 12:00:00+00:00,3,147.86,1.6,6.47,102.68,5.6,23.9,26.75,3.46
303,3,61,2026-04-26 12:00:00+00:00,2,123.34,0.06,0.8,83.42,0.44,0.95,1.0,0.28
304,4,61,2026-04-26 12:00:00+00:00,3,149.58,0.41,1.68,117.77,0.82,14.0,15.88,7.67
305,5,61,2026-04-26 12:00:00+00:00,2,146.79,0.03,4.59,65.14,1.09,1.16,2.0,0.37
306,1,62,2026-04-26 13:00:00+00:00,1,67.81,0.05,0.19,41.59,0.14,1.07,2.0,0.64
307,2,62,2026-04-26 13:00:00+00:00,3,147.21,1.45,6.28,111.5,5.76,27.39,30.33,2.2
308,3,62,2026-04-26 13:00:00+00:00,2,123.12,0.05,0.94,79.96,0.45,1.17,1.22,0.22
309,4,62,2026-04-26 13:00:00+00:00,3,139.58,0.18,0.95,127.75,0.69,11.05,12.73,6.35
310,5,62,2026-04-26 13:00:00+00:00,2,147.48,0.19,5.04,63.85,1.14,1.03,1.82,0.4
311,1,63,2026-04-26 14:00:00+00:00,1,76.2,0.05,0.41,37.69,0.16,1.36,2.67,0.92
312,2,63,2026-04-26 14:00:00+00:00,3,146.14,1.32,6.33,118.98,5.88,29.56,32.55,1.32
313,3,63,2026-04-26 14:00:00+00:00,2,124.08,0.05,1.13,76.66,0.44,1.23,1.27,0.17
314,4,63,2026-04-26 14:00:00+00:00,3,135.24,0.12,0.72,131.35,0.63,9.69,11.26,5.88
315,5,63,2026-04-26 14:00:00+00:00,2,147.54,0.41,4.8,64.51,1.19,0.94,1.67,0.46
316,1,64,2026-04-26 15:00:00+00:00,1,85.01,0.01,0.73,34.26,0.18,1.67,3.34,1.11
317,2,64,2026-04-26 15:00:00+00:00,3,145.27,1.15,6.55,125.08,5.92,29.71,32.7,0.94
318,3,64,2026-04-26 15:00:00+00:00,2,125.32,0.03,1.24,73.36,0.38,1.06,1.11,0.14
319,4,64,2026-04-26 15:00:00+00:00,3,134.83,0.11,0.75,133.26,0.65,9.67,11.21,5.82
320,5,64,2026-04-26 15:00:00+00:00,2,148.9,0.59,4.51,66.67,1.24,0.93,1.61,0.52
321,1,65,2026-04-26 16:00:00+00:00,1,94.56,0.0,0.96,30.59,0.2,2.05,4.23,1.29
322,2,65,2026-04-26 16:00:00+00:00,3,144.77,0.96,7.2,128.68,5.93,28.48,31.48,0.84
323,3,65,2026-04-26 16:00:00+00:00,2,127.41,0.01,1.22,72.16,0.29,0.8,0.84,0.11
324,4,65,2026-04-26 16:00:00+00:00,3,136.63,0.11,0.98,133.89,0.7,9.83,11.39,6.2
325,5,65,2026-04-26 16:00:00+00:00,2,149.07,0.59,4.38,74.18,1.29,0.97,1.65,0.58
326,1,66,2026-04-26 17:00:00+00:00,1,106.38,0.0,1.15,27.4,0.23,2.56,5.4,1.47
327,2,66,2026-04-26 17:00:00+00:00,3,144.28,0.65,8.04,128.97,5.72,26.35,29.33,0.89
328,3,66,2026-04-26 17:00:00+00:00,2,131.02,0.0,1.09,75.34,0.2,0.51,0.53,0.08
329,4,66,2026-04-26 17:00:00+00:00,3,138.7,0.11,1.4,131.41,0.76,9.91,11.49,7.04
330,5,66,2026-04-26 17:00:00+00:00,2,149.9,0.59,4.22,79.16,1.32,1.2,1.89,0.66
331,1,67,2026-04-26 18:00:00+00:00,1,116.78,0.0,1.28,24.7,0.23,3.06,6.45,1.52
332,2,67,2026-04-26 18:00:00+00:00,3,143.98,0.28,8.77,126.94,5.43,23.82,26.75,1.05
333,3,67,2026-04-26 18:00:00+00:00,2,133.3,0.0,0.79,82.24,0.13,0.5,0.5,0.07
334,4,67,2026-04-26 18:00:00+00:00,3,139.7,0.06,1.83,127.7,0.8,9.54,11.13,7.87
335,5,67,2026-04-26 18:00:00+00:00,2,151.08,0.47,3.7,83.4,1.27,1.62,2.28,0.69
336,1,68,2026-04-26 19:00:00+00:00,1,123.66,0.0,1.34,21.37,0.21,3.43,7.2,1.14
337,2,68,2026-04-26 19:00:00+00:00,3,144.7,0.06,8.88,124.11,5.14,21.35,24.38,1.31
338,3,68,2026-04-26 19:00:00+00:00,2,131.66,0.0,0.52,86.24,0.11,0.5,0.5,0.06
339,4,68,2026-04-26 19:00:00+00:00,3,140.01,0.01,2.31,119.54,0.82,9.03,10.6,9.14
340,5,68,2026-04-26 19:00:00+00:00,2,151.7,0.43,2.66,92.73,1.23,2.26,2.88,0.67
341,1,69,2026-04-26 20:00:00+00:00,1,128.14,0.0,1.37,18.74,0.18,3.65,7.58,0.91
342,2,69,2026-04-26 20:00:00+00:00,3,144.38,0.0,8.39,120.3,4.9,18.87,22.15,1.5
343,3,69,2026-04-26 20:00:00+00:00,2,132.99,0.0,0.42,87.27,0.12,0.5,0.5,0.06
344,4,69,2026-04-26 20:00:00+00:00,3,142.68,0.0,2.78,108.48,0.84,8.58,10.17,10.97
345,5,69,2026-04-26 20:00:00+00:00,2,150.82,0.29,2.23,99.39,1.22,2.96,3.55,0.67
346,1,70,2026-04-26 21:00:00+00:00,1,126.28,0.0,1.33,16.9,0.14,3.56,7.16,0.8
347,2,70,2026-04-26 21:00:00+00:00,3,142.75,0.0,8.11,116.41,4.68,16.0,19.54,1.71
348,3,70,2026-04-26 21:00:00+00:00,2,134.6,0.0,0.38,87.52,0.12,0.5,0.5,0.06
349,4,70,2026-04-26 21:00:00+00:00,2,145.73,0.0,3.23,98.23,0.85,8.24,9.86,12.54
350,5,70,2026-04-26 21:00:00+00:00,3,151.42,0.23,2.25,101.96,1.27,3.4,3.98,0.71
351,1,71,2026-04-26 22:00:00+00:00,1,124.18,0.0,1.27,15.46,0.12,3.45,6.71,0.79
352,2,71,2026-04-26 22:00:00+00:00,3,139.57,0.0,7.29,113.68,4.26,13.27,16.94,1.94
353,3,71,2026-04-26 22:00:00+00:00,2,135.2,0.0,0.37,86.5,0.1,0.5,0.5,0.06
354,4,71,2026-04-26 22:00:00+00:00,2,144.52,0.0,3.36,87.96,0.78,7.91,9.49,13.64
355,5,71,2026-04-26 22:00:00+00:00,3,153.17,0.21,2.74,101.96,1.38,3.65,4.25,0.8
356,1,72,2026-04-26 23:00:00+00:00,1,122.9,0.0,1.2,14.52,0.1,3.35,6.41,0.68
357,2,72,2026-04-26 23:00:00+00:00,3,138.5,0.0,7.31,109.05,4.23,11.65,15.49,1.86
358,3,72,2026-04-26 23:00:00+00:00,2,136.54,0.0,0.49,82.87,0.09,0.5,0.5,0.06
359,4,72,2026-04-26 23:00:00+00:00,2,145.01,0.0,3.35,80.12,0.7,7.98,9.56,14.85
360,5,72,2026-04-26 23:00:00+00:00,2,154.82,0.14,3.62,99.6,1.49,3.69,4.36,0.95
361,1,73,2026-04-27 00:00:00+00:00,1,120.3,0.0,1.12,14.37,0.09,3.15,6.0,0.57
362,2,73,2026-04-27 00:00:00+00:00,3,138.17,0.0,7.58,103.68,4.26,10.93,14.89,1.75
363,3,73,2026-04-27 00:00:00+00:00,2,138.25,0.0,0.69,78.61,0.09,0.5,0.5,0.06
364,4,73,2026-04-27 00:00:00+00:00,2,146.23,0.0,3.27,73.57,0.62,8.79,10.38,15.88
365,5,73,2026-04-27 00:00:00+00:00,2,155.91,0.02,4.37,97.55,1.6,3.55,4.29,1.11
366,1,74,2026-04-27 01:00:00+00:00,1,117.42,0.0,1.03,14.65,0.08,2.95,5.61,0.5
367,2,74,2026-04-27 01:00:00+00:00,2,137.9,0.0,7.89,97.87,4.33,10.58,14.62,1.66
368,3,74,2026-04-27 01:00:00+00:00,2,138.51,0.0,0.8,75.64,0.1,0.5,0.5,0.06
369,4,74,2026-04-27 01:00:00+00:00,2,146.47,0.0,3.17,68.17,0.54,10.03,11.62,16.47
370,5,74,2026-04-27 01:00:00+00:00,2,155.44,0.0,4.47,96.09,1.68,3.34,4.14,1.25
371,1,75,2026-04-27 02:00:00+00:00,1,116.11,0.0,0.99,14.34,0.08,2.86,5.39,0.45
372,2,75,2026-04-27 02:00:00+00:00,2,138.16,0.0,8.19,93.16,4.46,10.44,14.59,1.6
373,3,75,2026-04-27 02:00:00+00:00,2,137.96,0.0,0.82,74.93,0.11,0.5,0.5,0.06
374,4,75,2026-04-27 02:00:00+00:00,2,148.5,0.0,3.17,64.67,0.48,11.52,13.12,16.54
375,5,75,2026-04-27 02:00:00+00:00,2,156.35,0.0,4.37,96.11,1.74,3.24,4.12,1.31
376,1,76,2026-04-27 03:00:00+00:00,1,116.48,0.01,0.98,14.2,0.08,2.85,5.44,0.42
377,2,76,2026-04-27 03:00:00+00:00,2,138.42,0.0,8.41,89.33,4.58,10.53,14.74,1.53
378,3,76,2026-04-27 03:00:00+00:00,2,137.32,0.0,0.87,74.85,0.12,0.5,0.5,0.06
379,4,76,2026-04-27 03:00:00+00:00,2,150.54,0.0,3.3,61.81,0.42,12.87,14.47,15.02
380,5,76,2026-04-27 03:00:00+00:00,2,156.88,0.0,4.18,96.52,1.74,3.33,4.29,1.3
381,1,77,2026-04-27 04:00:00+00:00,1,121.29,0.06,0.99,14.38,0.12,2.98,6.16,0.46
382,2,77,2026-04-27 04:00:00+00:00,2,138.41,0.0,8.39,86.15,4.61,10.57,14.79,1.48
383,3,77,2026-04-27 04:00:00+00:00,2,137.24,0.01,1.02,74.49,0.14,0.5,0.5,0.06
384,4,77,2026-04-27 04:00:00+00:00,2,150.79,0.0,3.65,58.08,0.39,13.7,15.28,13.08
385,5,77,2026-04-27 04:00:00+00:00,2,156.71,0.0,4.44,87.34,1.3,3.48,4.47,1.16
386,1,78,2026-04-27 05:00:00+00:00,1,127.39,0.29,0.72,16.61,0.17,3.2,6.99,0.66
387,2,78,2026-04-27 05:00:00+00:00,2,138.51,0.0,8.53,83.22,4.7,10.35,14.61,1.45
388,3,78,2026-04-27 05:00:00+00:00,2,137.54,0.05,1.05,74.88,0.15,0.5,0.5,0.05
389,4,78,2026-04-27 05:00:00+00:00,2,155.03,0.0,4.7,55.02,0.42,14.46,16.08,11.83
390,5,78,2026-04-27 05:00:00+00:00,2,157.32,0.0,4.82,73.41,0.85,3.67,4.7,1.0
391,1,79,2026-04-27 06:00:00+00:00,1,128.34,0.24,0.55,22.6,0.2,3.51,7.43,0.96
392,2,79,2026-04-27 06:00:00+00:00,2,138.69,0.1,9.0,80.36,4.86,10.09,14.43,1.42
393,3,79,2026-04-27 06:00:00+00:00,2,137.83,0.09,0.99,76.05,0.15,0.5,0.5,0.05
394,4,79,2026-04-27 06:00:00+00:00,2,161.32,0.21,6.3,52.87,0.49,15.09,16.81,10.42
395,5,79,2026-04-27 06:00:00+00:00,2,156.25,0.0,4.76,62.64,0.66,4.0,5.08,0.92
396,1,80,2026-04-27 07:00:00+00:00,1,75.97,0.05,0.15,43.28,0.19,1.05,2.18,0.43
397,2,80,2026-04-27 07:00:00+00:00,2,139.12,0.79,9.13,78.12,5.07,9.89,14.36,1.44
398,3,80,2026-04-27 07:00:00+00:00,2,138.25,0.11,0.94,77.97,0.14,0.5,0.5,0.06
399,4,80,2026-04-27 07:00:00+00:00,2,166.62,1.12,6.75,52.06,0.59,15.37,17.2,10.09
400,5,80,2026-04-27 07:00:00+00:00,1,153.89,0.0,4.48,54.09,0.54,4.26,5.38,0.92
401,1,81,2026-04-27 08:00:00+00:00,1,68.7,0.03,0.1,47.77,0.15,0.93,1.72,0.36
402,2,81,2026-04-27 08:00:00+00:00,2,140.74,1.84,9.25,76.02,5.44,10.18,14.85,1.49
403,3,81,2026-04-27 08:00:00+00:00,2,137.49,0.14,0.86,79.14,0.13,0.5,0.5,0.07
404,4,81,2026-04-27 08:00:00+00:00,2,173.6,2.11,6.64,52.19,0.72,15.69,17.67,11.09
405,5,81,2026-04-27 08:00:00+00:00,1,151.93,0.0,4.16,47.37,0.44,4.32,5.46,0.84
406,1,82,2026-04-27 09:00:00+00:00,1,66.38,0.03,0.08,47.94,0.14,0.97,1.69,0.34
407,2,82,2026-04-27 09:00:00+00:00,2,142.35,2.77,9.55,74.57,5.94,11.05,15.92,1.56
408,3,82,2026-04-27 09:00:00+00:00,2,136.55,0.15,0.81,80.38,0.12,0.5,0.5,0.07
409,4,82,2026-04-27 09:00:00+00:00,2,181.34,2.62,6.51,55.55,0.88,16.68,18.82,11.75
410,5,82,2026-04-27 09:00:00+00:00,1,151.09,0.0,3.9,45.49,0.5,4.49,5.64,0.74
411,1,83,2026-04-27 10:00:00+00:00,1,63.71,0.02,0.07,49.82,0.12,0.92,1.49,0.28
412,2,83,2026-04-27 10:00:00+00:00,2,143.29,3.29,9.56,75.41,6.47,12.56,17.61,1.5
413,3,83,2026-04-27 10:00:00+00:00,2,136.3,0.17,0.7,82.96,0.12,0.5,0.5,0.07
414,4,83,2026-04-27 10:00:00+00:00,2,172.51,1.54,5.04,90.92,1.21,18.81,20.93,10.62
415,5,83,2026-04-27 10:00:00+00:00,1,151.81,0.0,3.65,50.37,0.76,5.43,6.63,0.64
416,1,84,2026-04-27 11:00:00+00:00,1,62.16,0.02,0.07,50.68,0.11,0.91,1.41,0.25
417,2,84,2026-04-27 11:00:00+00:00,2,143.28,3.42,9.36,78.37,6.96,14.37,19.58,1.4
418,3,84,2026-04-27 11:00:00+00:00,2,135.37,0.14,0.65,84.28,0.13,0.5,0.5,0.07
419,4,84,2026-04-27 11:00:00+00:00,3,171.58,1.19,4.34,104.83,1.34,21.05,23.21,10.0
420,5,84,2026-04-27 11:00:00+00:00,1,157.56,0.02,4.59,47.11,0.83,5.85,7.21,0.67
421,1,85,2026-04-27 12:00:00+00:00,1,61.69,0.02,0.08,50.03,0.1,0.93,1.41,0.25
422,2,85,2026-04-27 12:00:00+00:00,2,143.65,3.35,9.23,82.3,7.49,17.33,22.72,1.28
423,3,85,2026-04-27 12:00:00+00:00,2,134.72,0.12,0.62,84.27,0.13,0.5,0.5,0.07
424,4,85,2026-04-27 12:00:00+00:00,3,175.28,0.95,3.91,112.57,1.45,23.7,25.93,10.06
425,5,85,2026-04-27 12:00:00+00:00,1,169.58,0.59,5.62,48.0,1.17,6.97,8.53,0.68
426,1,86,2026-04-27 13:00:00+00:00,1,68.04,0.04,0.21,44.07,0.12,1.17,1.99,0.47
427,2,86,2026-04-27 13:00:00+00:00,2,145.14,3.24,9.4,87.9,8.12,20.99,26.55,1.23
428,3,86,2026-04-27 13:00:00+00:00,2,134.71,0.09,0.67,84.41,0.11,0.5,0.5,0.07
429,4,86,2026-04-27 13:00:00+00:00,3,154.82,0.38,2.04,131.48,1.19,17.85,19.66,7.75
430,5,86,2026-04-27 13:00:00+00:00,2,178.01,1.27,5.19,61.44,1.99,8.86,10.56,0.71
431,1,87,2026-04-27 14:00:00+00:00,1,79.68,0.06,0.49,36.87,0.16,1.64,3.04,0.78
432,2,87,2026-04-27 14:00:00+00:00,2,146.43,3.11,9.81,93.57,8.43,24.58,30.25,1.21
433,3,87,2026-04-27 14:00:00+00:00,2,135.0,0.06,0.75,85.15,0.1,0.5,0.5,0.06
434,4,87,2026-04-27 14:00:00+00:00,3,143.39,0.19,1.21,138.29,1.0,14.54,16.08,6.47
435,5,87,2026-04-27 14:00:00+00:00,2,179.3,1.46,4.59,69.2,2.37,8.58,10.35,1.02
436,1,88,2026-04-27 15:00:00+00:00,1,91.93,0.01,0.88,31.8,0.19,2.15,4.15,1.02
437,2,88,2026-04-27 15:00:00+00:00,3,148.65,2.93,10.61,99.05,8.44,28.04,33.72,1.26
438,3,88,2026-04-27 15:00:00+00:00,2,134.55,0.03,0.81,87.63,0.1,0.5,0.5,0.06
439,4,88,2026-04-27 15:00:00+00:00,4,141.93,0.15,1.12,140.51,0.98,14.34,15.85,6.29
440,5,88,2026-04-27 15:00:00+00:00,2,175.75,1.08,3.58,83.96,2.64,8.38,10.11,1.27
441,1,89,2026-04-27 16:00:00+00:00,1,106.83,0.0,1.22,27.09,0.24,2.86,5.79,1.3
442,2,89,2026-04-27 16:00:00+00:00,3,151.48,2.81,12.46,102.87,8.61,30.93,36.56,1.36
443,3,89,2026-04-27 16:00:00+00:00,2,134.25,0.01,0.89,88.12,0.1,0.5,0.5,0.06
444,4,89,2026-04-27 16:00:00+00:00,4,144.64,0.13,1.39,141.01,1.01,14.84,16.41,6.75
445,5,89,2026-04-27 16:00:00+00:00,3,153.26,0.36,1.57,114.73,2.36,6.3,7.43,0.73
446,1,90,2026-04-27 17:00:00+00:00,1,125.84,0.0,1.52,23.41,0.31,3.79,7.93,1.69
447,2,90,2026-04-27 17:00:00+00:00,3,153.98,2.62,15.95,101.83,9.46,32.73,38.29,1.52
448,3,90,2026-04-27 17:00:00+00:00,2,135.23,0.0,0.9,88.1,0.11,0.5,0.5,0.05
449,4,90,2026-04-27 17:00:00+00:00,3,148.86,0.1,1.87,139.18,1.08,15.61,17.3,7.63
450,5,90,2026-04-27 17:00:00+00:00,3,140.99,0.19,0.87,118.49,1.67,5.03,5.86,0.51
451,1,91,2026-04-27 18:00:00+00:00,1,142.76,0.0,1.76,21.02,0.38,4.69,9.7,2.03
452,2,91,2026-04-27 18:00:00+00:00,3,156.3,1.74,21.29,96.79,10.59,33.58,39.05,1.71
453,3,91,2026-04-27 18:00:00+00:00,2,136.02,0.0,0.8,88.79,0.13,0.5,0.5,0.05
454,4,91,2026-04-27 18:00:00+00:00,3,153.28,0.04,2.33,136.58,1.14,16.26,18.06,8.47
455,5,91,2026-04-27 18:00:00+00:00,3,135.75,0.16,0.73,117.45,1.37,4.47,5.19,0.48
456,1,92,2026-04-27 19:00:00+00:00,1,155.61,0.0,1.94,19.09,0.43,5.43,10.76,2.28
457,2,92,2026-04-27 19:00:00+00:00,3,158.29,0.37,26.98,89.86,11.55,33.43,38.81,1.88
458,3,92,2026-04-27 19:00:00+00:00,2,134.95,0.0,0.65,89.35,0.14,0.5,0.5,0.06
459,4,92,2026-04-27 19:00:00+00:00,3,157.78,0.0,2.76,131.25,1.23,17.61,19.56,9.42
460,5,92,2026-04-27 19:00:00+00:00,3,133.95,0.16,0.76,116.85,1.15,3.95,4.62,0.5
461,1,93,2026-04-27 20:00:00+00:00,1,164.16,0.0,2.03,17.1,0.37,5.94,11.19,1.96
462,2,93,2026-04-27 20:00:00+00:00,3,159.4,0.0,29.74,82.01,12.08,33.08,38.37,1.76
463,3,93,2026-04-27 20:00:00+00:00,2,134.88,0.0,0.52,90.49,0.14,0.5,0.5,0.07
464,4,93,2026-04-27 20:00:00+00:00,3,166.51,0.0,3.15,126.31,1.38,20.39,22.58,10.51
465,5,93,2026-04-27 20:00:00+00:00,3,131.85,0.2,0.95,113.87,0.96,3.38,4.02,0.57
466,1,94,2026-04-27 21:00:00+00:00,1,163.36,0.0,1.98,15.25,0.26,6.02,10.63,1.34
467,2,94,2026-04-27 21:00:00+00:00,3,159.77,0.0,32.31,74.12,12.41,33.01,38.21,1.5
468,3,94,2026-04-27 21:00:00+00:00,2,134.82,0.0,0.46,91.0,0.15,0.5,0.5,0.09
469,4,94,2026-04-27 21:00:00+00:00,3,177.49,0.0,3.63,122.08,1.59,24.24,26.7,11.4
470,5,94,2026-04-27 21:00:00+00:00,3,131.48,0.24,1.32,110.28,0.81,2.84,3.47,0.67
471,1,95,2026-04-27 22:00:00+00:00,1,158.01,0.0,1.82,13.57,0.16,5.84,9.68,0.75
472,2,95,2026-04-27 22:00:00+00:00,3,159.6,0.0,33.77,69.0,12.05,32.84,37.91,1.32
473,3,95,2026-04-27 22:00:00+00:00,2,135.05,0.0,0.47,90.58,0.18,0.5,0.5,0.11
474,4,95,2026-04-27 22:00:00+00:00,3,186.6,0.0,4.13,115.06,1.78,27.63,30.32,12.08
475,5,95,2026-04-27 22:00:00+00:00,3,137.49,0.39,2.56,100.77,0.71,2.57,3.27,0.97
476,1,96,2026-04-27 23:00:00+00:00,1,153.23,0.0,1.67,12.6,0.11,5.63,8.93,0.52
477,2,96,2026-04-27 23:00:00+00:00,3,158.72,0.0,31.6,70.35,10.36,32.08,36.76,1.53
478,3,96,2026-04-27 23:00:00+00:00,2,135.31,0.0,0.54,89.46,0.23,0.5,0.5,0.15
479,4,96,2026-04-27 23:00:00+00:00,3,199.98,0.0,4.83,107.41,1.94,31.0,33.91,13.02
480,5,96,2026-04-27 23:00:00+00:00,2,146.58,0.4,4.38,87.1,0.63,2.49,3.31,1.37
481,1,97,2026-04-28 00:00:00+00:00,1,147.6,0.0,1.53,12.3,0.09,5.34,8.24,0.4
482,2,97,2026-04-28 00:00:00+00:00,3,155.97,0.0,26.81,73.22,8.34,29.89,33.91,2.01
483,3,97,2026-04-28 00:00:00+00:00,2,135.29,0.0,0.63,88.58,0.28,0.5,0.5,0.18
484,4,97,2026-04-28 00:00:00+00:00,3,215.09,0.0,5.63,99.39,2.04,34.31,37.43,13.86
485,5,97,2026-04-28 00:00:00+00:00,2,152.16,0.09,5.89,77.48,0.59,2.37,3.35,1.7
486,1,98,2026-04-28 01:00:00+00:00,1,140.58,0.0,1.39,12.38,0.08,5.01,7.57,0.35
487,2,98,2026-04-28 01:00:00+00:00,3,150.48,0.0,18.35,84.78,6.82,25.52,28.36,2.23
488,3,98,2026-04-28 01:00:00+00:00,2,135.62,0.0,0.7,88.43,0.32,0.5,0.5,0.21
489,4,98,2026-04-28 01:00:00+00:00,3,225.79,0.0,6.09,91.19,2.0,36.74,39.97,14.46
490,5,98,2026-04-28 01:00:00+00:00,2,152.22,0.0,6.04,71.4,0.6,2.21,3.31,1.91
491,1,99,2026-04-28 02:00:00+00:00,1,135.54,0.01,1.27,12.12,0.07,4.75,7.06,0.33
492,2,99,2026-04-28 02:00:00+00:00,2,148.22,0.0,13.83,88.82,5.51,21.17,23.06,1.76
493,3,99,2026-04-28 02:00:00+00:00,2,135.83,0.0,0.76,88.31,0.38,0.5,0.5,0.24
494,4,99,2026-04-28 02:00:00+00:00,3,232.04,0.0,6.21,85.71,1.84,38.59,41.87,15.05
495,5,99,2026-04-28 02:00:00+00:00,2,152.25,0.0,5.76,70.4,0.69,2.08,3.28,1.96
496,1,100,2026-04-28 03:00:00+00:00,1,130.42,0.01,1.17,12.52,0.07,4.47,6.67,0.34
497,2,100,2026-04-28 03:00:00+00:00,2,146.89,0.0,11.63,88.52,4.92,17.65,19.05,1.35
498,3,100,2026-04-28 03:00:00+00:00,2,136.23,0.0,0.9,87.72,0.44,0.5,0.5,0.26
499,4,100,2026-04-28 03:00:00+00:00,3,232.59,0.0,6.13,81.22,1.62,39.29,42.55,13.92
500,5,100,2026-04-28 03:00:00+00:00,2,151.53,0.0,5.51,72.66,0.9,1.99,3.23,1.83
501,1,101,2026-04-28 04:00:00+00:00,1,126.29,0.06,1.05,13.9,0.11,4.13,6.66,0.45
502,2,101,2026-04-28 04:00:00+00:00,2,144.09,0.0,8.83,88.48,4.11,14.4,15.61,1.15
503,3,101,2026-04-28 04:00:00+00:00,2,135.91,0.01,1.19,86.31,0.48,0.5,0.5,0.26
504,4,101,2026-04-28 04:00:00+00:00,3,226.75,0.0,6.07,76.22,1.41,38.53,41.72,11.73
505,5,101,2026-04-28 04:00:00+00:00,2,148.48,0.0,5.27,73.85,1.07,1.93,3.14,1.6
506,1,102,2026-04-28 05:00:00+00:00,1,129.06,0.28,0.74,15.52,0.15,4.22,7.37,0.68
507,2,102,2026-04-28 05:00:00+00:00,2,142.8,0.0,7.96,86.84,3.87,11.74,13.03,1.12
508,3,102,2026-04-28 05:00:00+00:00,2,136.35,0.05,1.25,85.7,0.47,0.5,0.5,0.24
509,4,102,2026-04-28 05:00:00+00:00,3,222.66,0.0,6.65,72.72,1.38,37.74,40.99,11.18
510,5,102,2026-04-28 05:00:00+00:00,2,147.56,0.0,5.2,71.4,1.04,1.98,3.17,1.45
511,1,103,2026-04-28 06:00:00+00:00,1,128.31,0.24,0.54,21.02,0.19,4.52,7.93,0.91
512,2,103,2026-04-28 06:00:00+00:00,2,141.79,0.04,7.43,87.94,3.51,9.16,10.45,1.11
513,3,103,2026-04-28 06:00:00+00:00,2,136.5,0.09,1.13,85.33,0.41,0.5,0.5,0.21
514,4,103,2026-04-28 06:00:00+00:00,3,219.87,0.12,8.5,70.65,1.49,37.01,40.4,11.29
515,5,103,2026-04-28 06:00:00+00:00,2,146.07,0.0,4.98,69.02,0.97,2.07,3.25,1.28
516,1,104,2026-04-28 07:00:00+00:00,1,78.76,0.05,0.13,36.49,0.13,1.95,3.16,0.4
517,2,104,2026-04-28 07:00:00+00:00,2,138.83,0.25,6.46,93.47,2.94,6.23,7.43,1.13
518,3,104,2026-04-28 07:00:00+00:00,2,136.92,0.12,0.96,85.82,0.34,0.5,0.5,0.18
519,4,104,2026-04-28 07:00:00+00:00,3,218.17,0.92,9.41,71.27,1.8,36.05,39.66,12.05
520,5,104,2026-04-28 07:00:00+00:00,2,143.42,0.0,4.8,65.32,0.88,2.14,3.34,1.21
521,1,105,2026-04-28 08:00:00+00:00,1,71.78,0.03,0.08,39.41,0.11,1.67,2.65,0.35
522,2,105,2026-04-28 08:00:00+00:00,2,137.13,0.6,5.99,96.95,2.85,4.73,6.03,1.24
523,3,105,2026-04-28 08:00:00+00:00,2,135.83,0.12,0.77,87.32,0.26,0.5,0.5,0.14
524,4,105,2026-04-28 08:00:00+00:00,3,221.78,2.01,9.43,72.66,2.15,36.21,40.07,12.91
525,5,105,2026-04-28 08:00:00+00:00,2,142.07,0.0,4.8,60.89,0.8,2.22,3.47,1.32
526,1,106,2026-04-28 09:00:00+00:00,1,69.98,0.02,0.07,40.0,0.11,1.69,2.64,0.35
527,2,106,2026-04-28 09:00:00+00:00,2,136.18,0.95,5.81,98.98,2.9,3.8,5.25,1.36
528,3,106,2026-04-28 09:00:00+00:00,2,134.92,0.12,0.64,88.65,0.21,0.5,0.5,0.12
529,4,106,2026-04-28 09:00:00+00:00,3,230.05,2.7,9.43,76.68,2.51,38.08,42.19,13.54
530,5,106,2026-04-28 09:00:00+00:00,1,141.0,0.0,5.0,57.22,0.78,2.32,3.63,1.49
531,1,107,2026-04-28 10:00:00+00:00,1,70.79,0.03,0.08,40.75,0.12,1.81,2.78,0.37
532,2,107,2026-04-28 10:00:00+00:00,3,134.7,1.06,5.11,104.18,2.77,2.77,4.25,1.35
533,3,107,2026-04-28 10:00:00+00:00,2,135.29,0.11,0.59,89.95,0.18,0.5,0.5,0.11
534,4,107,2026-04-28 10:00:00+00:00,3,204.03,1.66,6.21,109.69,2.63,34.61,38.24,10.68
535,5,107,2026-04-28 10:00:00+00:00,1,141.69,0.0,5.49,54.95,0.83,2.46,3.83,1.63
536,1,108,2026-04-28 11:00:00+00:00,1,71.88,0.03,0.11,41.11,0.13,1.98,3.0,0.42
537,2,108,2026-04-28 11:00:00+00:00,3,130.92,0.85,3.91,113.9,2.52,1.92,3.38,1.19
538,3,108,2026-04-28 11:00:00+00:00,2,135.09,0.1,0.57,90.75,0.17,0.5,0.5,0.11
539,4,108,2026-04-28 11:00:00+00:00,3,192.86,1.15,4.51,123.29,2.51,33.66,37.01,9.78
540,5,108,2026-04-28 11:00:00+00:00,1,146.3,0.01,6.88,53.8,0.9,2.62,4.06,1.67
541,1,109,2026-04-28 12:00:00+00:00,1,73.03,0.03,0.13,41.06,0.14,2.11,3.19,0.48
542,2,109,2026-04-28 12:00:00+00:00,3,127.61,0.64,2.94,121.83,2.38,1.61,3.09,1.1
543,3,109,2026-04-28 12:00:00+00:00,2,135.08,0.08,0.57,90.99,0.16,0.5,0.5,0.12
544,4,109,2026-04-28 12:00:00+00:00,3,190.57,0.81,3.57,130.37,2.48,34.94,38.2,9.74
545,5,109,2026-04-28 12:00:00+00:00,1,155.4,0.25,8.77,53.49,0.9,2.72,4.17,1.68
546,1,110,2026-04-28 13:00:00+00:00,1,79.64,0.05,0.27,37.75,0.16,2.48,3.89,0.69
547,2,110,2026-04-28 13:00:00+00:00,3,127.18,0.53,2.51,126.49,2.45,1.96,3.61,1.26
548,3,110,2026-04-28 13:00:00+00:00,2,135.57,0.07,0.59,91.62,0.16,0.5,0.5,0.12
549,4,110,2026-04-28 13:00:00+00:00,3,173.47,0.27,2.18,139.82,1.99,29.93,32.73,8.44
550,5,110,2026-04-28 13:00:00+00:00,1,161.62,0.95,9.04,54.79,0.89,2.67,3.99,1.57
551,1,111,2026-04-28 14:00:00+00:00,1,90.67,0.06,0.55,32.92,0.19,3.05,4.99,0.93
552,2,111,2026-04-28 14:00:00+00:00,3,128.58,0.47,2.41,129.41,2.64,3.47,5.51,1.77
553,3,111,2026-04-28 14:00:00+00:00,2,136.49,0.05,0.61,92.03,0.16,0.5,0.5,0.12
554,4,111,2026-04-28 14:00:00+00:00,4,157.29,0.14,1.35,140.31,1.53,23.4,25.75,7.74
555,5,111,2026-04-28 14:00:00+00:00,1,163.08,1.77,7.99,55.16,0.9,2.59,3.77,1.47
556,1,112,2026-04-28 15:00:00+00:00,1,101.71,0.01,0.92,29.17,0.21,3.6,6.04,1.11
557,2,112,2026-04-28 15:00:00+00:00,3,131.55,0.43,2.46,132.47,2.85,6.65,9.34,2.62
558,3,112,2026-04-28 15:00:00+00:00,2,137.31,0.03,0.63,92.19,0.16,0.5,0.5,0.12
559,4,112,2026-04-28 15:00:00+00:00,3,148.99,0.1,1.14,137.9,1.3,19.83,21.93,7.74
560,5,112,2026-04-28 15:00:00+00:00,1,160.73,2.2,6.56,58.78,1.09,2.6,3.69,1.31
561,1,113,2026-04-28 16:00:00+00:00,1,115.88,0.0,1.25,25.24,0.25,4.28,7.57,1.39
562,2,113,2026-04-28 16:00:00+00:00,3,135.6,0.34,2.78,135.21,3.01,10.2,13.44,3.68
563,3,113,2026-04-28 16:00:00+00:00,2,137.48,0.01,0.71,90.67,0.2,0.5,0.5,0.13
564,4,113,2026-04-28 16:00:00+00:00,3,144.12,0.09,1.26,134.34,1.13,16.53,18.42,8.1
565,5,113,2026-04-28 16:00:00+00:00,2,143.58,0.81,4.93,80.42,1.59,2.29,3.1,0.79
566,1,114,2026-04-28 17:00:00+00:00,1,135.37,0.0,1.57,22.07,0.32,5.23,9.77,1.88
567,2,114,2026-04-28 17:00:00+00:00,3,137.77,0.24,3.28,134.27,3.02,12.43,15.89,4.44
568,3,114,2026-04-28 17:00:00+00:00,2,139.22,0.0,0.83,89.26,0.23,0.5,0.5,0.16
569,4,114,2026-04-28 17:00:00+00:00,3,141.06,0.09,1.6,129.59,0.99,13.1,14.73,8.55
570,5,114,2026-04-28 17:00:00+00:00,2,137.21,0.56,3.78,86.15,1.65,2.25,3.0,0.73
571,1,115,2026-04-28 18:00:00+00:00,1,152.85,0.0,1.83,20.06,0.38,6.18,11.8,2.33
572,2,115,2026-04-28 18:00:00+00:00,3,138.82,0.12,3.96,131.27,2.99,12.58,16.1,4.73
573,3,115,2026-04-28 18:00:00+00:00,2,141.06,0.0,0.9,88.8,0.25,0.5,0.5,0.16
574,4,115,2026-04-28 18:00:00+00:00,3,139.07,0.05,2.08,125.3,0.91,10.26,11.67,8.81
575,5,115,2026-04-28 18:00:00+00:00,2,135.18,0.43,3.04,87.92,1.65,2.45,3.18,0.75
576,1,116,2026-04-28 19:00:00+00:00,1,166.58,0.0,2.05,18.65,0.43,6.98,13.44,2.6
577,2,116,2026-04-28 19:00:00+00:00,3,139.16,0.02,4.46,127.59,2.92,10.87,14.33,4.61
578,3,116,2026-04-28 19:00:00+00:00,2,141.46,0.0,0.94,87.39,0.24,0.5,0.5,0.16
579,4,116,2026-04-28 19:00:00+00:00,3,140.83,0.01,2.89,117.12,0.94,9.27,10.68,9.82
580,5,116,2026-04-28 19:00:00+00:00,2,131.26,0.28,2.07,94.53,1.29,2.17,2.77,0.66
581,1,117,2026-04-28 20:00:00+00:00,1,174.69,0.0,2.17,17.48,0.4,7.49,14.28,2.46
582,2,117,2026-04-28 20:00:00+00:00,3,138.9,0.0,4.7,123.54,2.95,8.79,12.27,4.26
583,3,117,2026-04-28 20:00:00+00:00,2,142.37,0.0,0.98,86.23,0.25,0.5,0.5,0.19
584,4,117,2026-04-28 20:00:00+00:00,3,146.57,0.0,3.65,106.99,1.05,9.22,10.75,11.29
585,5,117,2026-04-28 20:00:00+00:00,2,127.18,0.23,1.53,99.15,1.03,1.96,2.48,0.6
586,1,118,2026-04-28 21:00:00+00:00,1,172.54,0.0,2.13,16.69,0.32,7.48,13.7,2.06
587,2,118,2026-04-28 21:00:00+00:00,3,138.54,0.0,4.8,119.47,3.06,7.48,11.16,4.06
588,3,118,2026-04-28 21:00:00+00:00,2,142.63,0.0,1.0,84.42,0.26,0.5,0.5,0.21
589,4,118,2026-04-28 21:00:00+00:00,2,153.06,0.0,4.35,98.94,1.15,9.22,10.83,12.38
590,5,118,2026-04-28 21:00:00+00:00,3,126.83,0.25,1.55,100.03,0.98,2.03,2.56,0.62
591,1,119,2026-04-28 22:00:00+00:00,1,164.61,0.0,1.94,16.12,0.24,7.12,12.33,1.69
592,2,119,2026-04-28 22:00:00+00:00,3,137.21,0.0,4.8,114.96,3.13,7.0,10.94,3.93
593,3,119,2026-04-28 22:00:00+00:00,2,142.28,0.0,1.01,82.0,0.25,0.5,0.5,0.23
594,4,119,2026-04-28 22:00:00+00:00,2,155.22,0.0,4.6,90.63,1.14,9.12,10.73,13.26
595,5,119,2026-04-28 22:00:00+00:00,2,134.13,0.43,2.72,91.03,0.94,2.26,2.9,0.86
596,1,120,2026-04-28 23:00:00+00:00,1,157.73,0.0,1.76,15.26,0.19,6.79,11.35,1.35
597,2,120,2026-04-28 23:00:00+00:00,3,137.26,0.0,4.88,111.54,3.17,7.13,11.27,3.92
598,3,120,2026-04-28 23:00:00+00:00,2,141.9,0.0,0.97,80.58,0.24,0.5,0.5,0.21
599,4,120,2026-04-28 23:00:00+00:00,2,154.62,0.0,4.3,83.47,1.01,9.04,10.6,14.08
600,5,120,2026-04-28 23:00:00+00:00,2,144.14,0.47,4.95,77.06,0.89,2.5,3.36,1.25
601,1,121,2026-04-29 00:00:00+00:00,1,151.06,0.0,1.6,14.49,0.14,6.41,10.46,0.9
602,2,121,2026-04-29 00:00:00+00:00,3,137.96,0.0,4.98,108.45,3.14,7.99,12.04,4.12
603,3,121,2026-04-29 00:00:00+00:00,2,142.27,0.0,0.89,80.52,0.22,0.5,0.5,0.17
604,4,121,2026-04-29 00:00:00+00:00,2,149.3,0.0,3.61,76.66,0.81,8.67,10.13,14.61
605,5,121,2026-04-29 00:00:00+00:00,2,150.57,0.11,7.12,68.22,0.91,2.69,3.79,1.48
606,1,122,2026-04-29 01:00:00+00:00,1,143.73,0.0,1.43,13.83,0.1,6.03,9.59,0.49
607,2,122,2026-04-29 01:00:00+00:00,3,139.29,0.0,5.07,105.33,3.14,9.32,13.07,4.55
608,3,122,2026-04-29 01:00:00+00:00,2,142.72,0.0,0.73,81.9,0.18,0.5,0.5,0.12
609,4,122,2026-04-29 01:00:00+00:00,2,140.82,0.0,2.85,71.11,0.6,8.03,9.35,13.9
610,5,122,2026-04-29 01:00:00+00:00,2,155.71,0.0,8.32,61.12,0.85,3.02,4.36,1.53
611,1,123,2026-04-29 02:00:00+00:00,1,139.51,0.0,1.33,13.39,0.08,5.77,8.94,0.41
612,2,123,2026-04-29 02:00:00+00:00,3,140.51,0.0,5.2,102.2,3.16,10.58,13.95,5.21
613,3,123,2026-04-29 02:00:00+00:00,2,143.24,0.0,0.63,82.39,0.16,0.5,0.5,0.1
614,4,123,2026-04-29 02:00:00+00:00,2,134.45,0.0,2.29,68.02,0.46,7.56,8.75,11.48
615,5,123,2026-04-29 02:00:00+00:00,1,161.4,0.0,9.03,52.62,0.67,3.46,4.99,1.25
616,1,124,2026-04-29 03:00:00+00:00,1,136.34,0.01,1.26,13.54,0.09,5.55,8.49,0.46
617,2,124,2026-04-29 03:00:00+00:00,2,142.2,0.0,5.33,99.39,3.25,11.28,14.28,6.03
618,3,124,2026-04-29 03:00:00+00:00,2,144.23,0.0,0.65,82.15,0.17,0.5,0.5,0.1
619,4,124,2026-04-29 03:00:00+00:00,2,130.61,0.0,1.92,66.16,0.38,7.33,8.39,8.41
620,5,124,2026-04-29 03:00:00+00:00,1,165.48,0.0,9.14,46.1,0.53,3.77,5.42,0.89
621,1,125,2026-04-29 04:00:00+00:00,1,132.33,0.06,1.13,14.41,0.13,5.1,8.24,0.7
622,2,125,2026-04-29 04:00:00+00:00,2,143.64,0.0,5.46,96.62,3.41,11.32,14.04,7.05
623,3,125,2026-04-29 04:00:00+00:00,2,144.63,0.03,0.7,81.22,0.18,0.5,0.5,0.09
624,4,125,2026-04-29 04:00:00+00:00,2,127.6,0.0,1.77,64.65,0.36,7.26,8.23,6.42
625,5,125,2026-04-29 04:00:00+00:00,1,163.26,0.0,8.43,40.99,0.44,3.86,5.52,0.7
626,1,126,2026-04-29 05:00:00+00:00,1,136.33,0.29,0.8,15.74,0.18,5.17,8.84,1.02
627,2,126,2026-04-29 05:00:00+00:00,2,145.12,0.0,5.66,93.81,3.67,11.03,13.58,8.48
628,3,126,2026-04-29 05:00:00+00:00,2,144.52,0.07,0.57,80.89,0.16,0.5,0.5,0.08
629,4,126,2026-04-29 05:00:00+00:00,2,128.02,0.0,2.08,63.25,0.41,7.54,8.49,5.93
630,5,126,2026-04-29 05:00:00+00:00,1,160.13,0.0,7.42,37.55,0.38,3.94,5.62,0.62
631,1,127,2026-04-29 06:00:00+00:00,1,140.67,0.27,0.62,20.87,0.22,5.77,9.78,1.23
632,2,127,2026-04-29 06:00:00+00:00,2,147.06,0.05,6.6,91.25,4.03,10.45,12.94,10.14
633,3,127,2026-04-29 06:00:00+00:00,2,144.13,0.08,0.43,80.81,0.15,0.5,0.5,0.08
634,4,127,2026-04-29 06:00:00+00:00,2,131.35,0.02,2.76,63.65,0.5,8.22,9.18,6.29
635,5,127,2026-04-29 06:00:00+00:00,1,156.72,0.0,6.47,35.48,0.35,4.02,5.73,0.58
636,1,128,2026-04-29 07:00:00+00:00,1,91.25,0.08,0.2,34.2,0.17,3.0,4.78,0.63
637,2,128,2026-04-29 07:00:00+00:00,2,149.26,0.47,7.36,89.78,4.39,9.32,11.83,11.71
638,3,128,2026-04-29 07:00:00+00:00,2,143.79,0.08,0.33,81.47,0.14,0.5,0.5,0.07
639,4,128,2026-04-29 07:00:00+00:00,2,135.07,0.25,2.77,70.45,0.6,9.4,10.33,7.29
640,5,128,2026-04-29 07:00:00+00:00,1,153.03,0.0,5.8,33.19,0.33,4.05,5.78,0.55
641,1,129,2026-04-29 08:00:00+00:00,1,83.52,0.05,0.13,36.65,0.14,2.73,4.25,0.54
642,2,129,2026-04-29 08:00:00+00:00,2,150.78,1.08,7.29,89.4,4.6,8.33,10.87,12.52
643,3,129,2026-04-29 08:00:00+00:00,2,142.63,0.08,0.28,81.91,0.14,0.5,0.5,0.07
644,4,129,2026-04-29 08:00:00+00:00,2,135.68,0.47,2.39,72.49,0.66,9.62,10.5,8.06
645,5,129,2026-04-29 08:00:00+00:00,1,150.84,0.0,5.36,31.15,0.32,4.08,5.85,0.52
646,1,130,2026-04-29 09:00:00+00:00,1,79.41,0.04,0.11,37.5,0.14,2.64,4.01,0.49
647,2,130,2026-04-29 09:00:00+00:00,2,152.5,1.47,6.87,91.02,4.61,8.01,10.57,12.6
648,3,130,2026-04-29 09:00:00+00:00,2,141.49,0.07,0.25,82.1,0.14,0.5,0.5,0.08
649,4,130,2026-04-29 09:00:00+00:00,2,135.55,0.51,1.94,76.97,0.69,10.15,10.97,8.32
650,5,130,2026-04-29 09:00:00+00:00,1,149.01,0.0,5.15,29.43,0.33,4.1,5.92,0.51
651,1,131,2026-04-29 10:00:00+00:00,1,76.55,0.03,0.1,39.92,0.14,2.59,3.77,0.45
652,2,131,2026-04-29 10:00:00+00:00,2,153.37,1.54,6.14,95.07,4.47,8.63,11.22,11.87
653,3,131,2026-04-29 10:00:00+00:00,2,141.16,0.06,0.26,82.9,0.14,0.5,0.5,0.08
654,4,131,2026-04-29 10:00:00+00:00,2,134.27,0.19,1.27,98.69,0.6,8.58,9.14,6.21
655,5,131,2026-04-29 10:00:00+00:00,1,148.14,0.0,5.22,27.88,0.35,4.12,5.99,0.5
656,1,132,2026-04-29 11:00:00+00:00,1,76.56,0.03,0.12,41.49,0.14,2.68,3.87,0.52
657,2,132,2026-04-29 11:00:00+00:00,3,151.9,1.33,5.18,101.62,4.19,9.94,12.46,10.32
658,3,132,2026-04-29 11:00:00+00:00,2,140.06,0.05,0.26,83.42,0.14,0.5,0.5,0.08
659,4,132,2026-04-29 11:00:00+00:00,3,129.71,0.08,0.92,102.41,0.49,6.78,7.24,5.56
660,5,132,2026-04-29 11:00:00+00:00,1,152.11,0.02,6.28,26.03,0.39,4.19,6.2,0.54
661,1,133,2026-04-29 12:00:00+00:00,1,76.57,0.03,0.14,42.36,0.15,2.71,3.93,0.6
662,2,133,2026-04-29 12:00:00+00:00,3,149.88,1.06,4.3,109.67,3.97,11.88,14.32,8.84
663,3,133,2026-04-29 12:00:00+00:00,2,139.25,0.04,0.27,83.94,0.15,0.5,0.5,0.08
664,4,133,2026-04-29 12:00:00+00:00,3,126.79,0.04,0.81,102.91,0.44,5.68,6.12,5.65
665,5,133,2026-04-29 12:00:00+00:00,1,162.61,0.52,7.83,25.82,0.52,4.32,6.53,0.62
666,1,134,2026-04-29 13:00:00+00:00,1,82.77,0.05,0.28,39.83,0.17,3.01,4.53,0.82
667,2,134,2026-04-29 13:00:00+00:00,3,148.93,0.87,3.84,117.19,3.88,14.33,16.76,7.95
668,3,134,2026-04-29 13:00:00+00:00,2,139.36,0.04,0.32,84.19,0.17,0.5,0.5,0.09
669,4,134,2026-04-29 13:00:00+00:00,3,124.95,0.01,0.71,106.42,0.36,4.04,4.43,5.27
670,5,134,2026-04-29 13:00:00+00:00,1,168.72,0.98,8.55,29.31,0.76,4.32,6.75,0.72
671,1,135,2026-04-29 14:00:00+00:00,1,93.36,0.05,0.57,35.44,0.21,3.55,5.59,1.1
672,2,135,2026-04-29 14:00:00+00:00,3,148.85,0.75,3.66,122.32,3.87,16.76,19.3,7.65
673,3,135,2026-04-29 14:00:00+00:00,2,140.21,0.04,0.42,83.61,0.22,0.5,0.5,0.12
674,4,135,2026-04-29 14:00:00+00:00,3,122.6,0.01,0.67,108.78,0.3,3.35,3.74,4.86
675,5,135,2026-04-29 14:00:00+00:00,1,169.68,1.55,8.17,30.7,0.87,4.21,6.78,0.83
676,1,136,2026-04-29 15:00:00+00:00,1,104.11,0.01,0.95,31.37,0.23,4.05,6.62,1.3
677,2,136,2026-04-29 15:00:00+00:00,3,148.58,0.66,3.65,125.12,3.84,18.31,21.02,7.46
678,3,136,2026-04-29 15:00:00+00:00,2,140.97,0.02,0.51,83.36,0.28,0.5,0.5,0.15
679,4,136,2026-04-29 15:00:00+00:00,3,122.1,0.01,0.74,110.39,0.31,3.52,3.92,4.98
680,5,136,2026-04-29 15:00:00+00:00,1,168.81,2.01,7.29,33.34,1.01,4.17,6.84,0.98
681,1,137,2026-04-29 16:00:00+00:00,1,116.02,0.0,1.23,26.65,0.24,4.62,7.96,1.41
682,2,137,2026-04-29 16:00:00+00:00,3,148.79,0.56,3.86,127.37,3.79,18.84,21.69,7.22
683,3,137,2026-04-29 16:00:00+00:00,2,141.69,0.01,0.6,83.19,0.34,0.5,0.5,0.19
684,4,137,2026-04-29 16:00:00+00:00,3,124.03,0.02,0.9,113.01,0.35,3.74,4.15,5.39
685,5,137,2026-04-29 16:00:00+00:00,2,151.85,0.56,5.23,68.7,1.7,4.89,7.16,0.93
686,1,138,2026-04-29 17:00:00+00:00,1,131.87,0.0,1.48,22.63,0.26,5.4,9.71,1.43
687,2,138,2026-04-29 17:00:00+00:00,3,149.28,0.42,4.27,128.91,3.76,18.98,21.93,7.19
688,3,138,2026-04-29 17:00:00+00:00,2,143.14,0.0,0.69,83.19,0.4,0.5,0.5,0.24
689,4,138,2026-04-29 17:00:00+00:00,3,127.5,0.02,1.14,114.42,0.44,4.18,4.63,6.27
690,5,138,2026-04-29 17:00:00+00:00,2,145.16,0.31,3.68,81.03,1.51,5.0,6.79,0.91
691,1,139,2026-04-29 18:00:00+00:00,1,145.37,0.0,1.64,19.42,0.26,6.15,11.24,1.39
692,2,139,2026-04-29 18:00:00+00:00,3,149.6,0.22,4.88,129.97,3.75,18.51,21.55,7.22
693,3,139,2026-04-29 18:00:00+00:00,2,144.87,0.0,0.78,82.94,0.46,0.5,0.5,0.29
694,4,139,2026-04-29 18:00:00+00:00,3,131.6,0.01,1.34,115.83,0.56,5.06,5.59,7.36
695,5,139,2026-04-29 18:00:00+00:00,2,142.62,0.24,2.93,84.84,1.25,4.83,6.33,0.96
696,1,140,2026-04-29 19:00:00+00:00,1,153.5,0.0,1.73,16.83,0.25,6.6,11.98,1.29
697,2,140,2026-04-29 19:00:00+00:00,3,150.16,0.03,5.45,130.14,3.78,17.45,20.52,7.26
698,3,140,2026-04-29 19:00:00+00:00,2,145.56,0.0,1.02,79.49,0.48,0.5,0.5,0.39
699,4,140,2026-04-29 19:00:00+00:00,3,133.94,0.0,1.4,116.93,0.69,6.3,6.93,8.11
700,5,140,2026-04-29 19:00:00+00:00,2,142.85,0.16,2.56,86.87,1.02,4.78,5.92,0.94
701,1,141,2026-04-29 20:00:00+00:00,1,155.83,0.0,1.72,15.02,0.21,6.7,11.77,0.91
702,2,141,2026-04-29 20:00:00+00:00,3,152.08,0.0,5.65,129.08,3.99,16.79,19.89,7.38
703,3,141,2026-04-29 20:00:00+00:00,2,147.76,0.0,1.36,74.26,0.43,0.5,0.5,0.48
704,4,141,2026-04-29 20:00:00+00:00,3,135.02,0.0,1.3,118.62,0.82,7.28,8.02,8.59
705,5,141,2026-04-29 20:00:00+00:00,2,143.51,0.13,2.53,85.24,0.85,4.78,5.73,0.89
706,1,142,2026-04-29 21:00:00+00:00,1,146.66,0.0,1.54,14.64,0.14,6.17,10.28,0.53
707,2,142,2026-04-29 21:00:00+00:00,3,154.93,0.0,5.88,126.75,4.32,16.56,19.69,7.61
708,3,142,2026-04-29 21:00:00+00:00,2,149.12,0.0,1.58,69.34,0.39,0.5,0.5,0.47
709,4,142,2026-04-29 21:00:00+00:00,3,135.75,0.0,1.22,119.42,0.94,7.82,8.65,9.04
710,5,142,2026-04-29 21:00:00+00:00,2,144.71,0.09,2.87,83.07,0.79,5.11,6.11,0.85
711,1,143,2026-04-29 22:00:00+00:00,1,125.61,0.0,1.16,16.72,0.1,4.93,7.94,0.35
712,2,143,2026-04-29 22:00:00+00:00,3,158.09,0.0,6.0,123.42,4.67,16.29,19.45,7.94
713,3,143,2026-04-29 22:00:00+00:00,2,149.13,0.0,1.71,64.4,0.36,0.5,0.5,0.42
714,4,143,2026-04-29 22:00:00+00:00,3,134.09,0.0,1.1,117.01,1.05,8.28,9.16,9.76
715,5,143,2026-04-29 22:00:00+00:00,2,145.72,0.05,3.25,81.21,0.76,5.08,5.98,0.74
716,1,144,2026-04-29 23:00:00+00:00,1,116.69,0.0,0.99,16.5,0.08,4.36,6.93,0.31
717,2,144,2026-04-29 23:00:00+00:00,3,159.9,0.0,5.97,119.73,4.94,15.4,18.53,8.29
718,3,144,2026-04-29 23:00:00+00:00,2,149.88,0.0,1.76,60.37,0.33,0.5,0.5,0.38
719,4,144,2026-04-29 23:00:00+00:00,3,134.6,0.0,1.0,114.37,1.18,9.04,9.97,10.78
720,5,144,2026-04-29 23:00:00+00:00,2,146.9,0.03,3.48,77.36,0.72,4.89,5.49,0.59
721,1,145,2026-04-30 00:00:00+00:00,1,108.48,0.0,0.84,16.44,0.08,3.78,6.01,0.33
722,2,145,2026-04-30 00:00:00+00:00,3,159.3,0.0,5.87,115.96,5.03,13.95,16.97,8.51
723,3,145,2026-04-30 00:00:00+00:00,1,150.05,0.0,1.76,56.94,0.31,0.5,0.5,0.34
724,4,145,2026-04-30 00:00:00+00:00,3,135.92,0.0,0.94,111.72,1.29,9.82,10.78,11.66
725,5,145,2026-04-30 00:00:00+00:00,2,148.26,0.01,3.47,71.08,0.68,4.57,4.93,0.44
726,1,146,2026-04-30 01:00:00+00:00,1,96.93,0.0,0.64,17.47,0.08,2.98,4.79,0.33
727,2,146,2026-04-30 01:00:00+00:00,3,156.94,0.0,5.74,111.86,4.94,12.39,15.3,8.84
728,3,146,2026-04-30 01:00:00+00:00,1,149.98,0.0,1.74,54.16,0.36,0.5,0.5,0.48
729,4,146,2026-04-30 01:00:00+00:00,3,135.98,0.0,0.9,107.57,1.35,10.36,11.32,12.37
730,5,146,2026-04-30 01:00:00+00:00,2,151.25,0.0,3.47,63.64,0.68,4.15,4.39,0.33
731,1,147,2026-04-30 02:00:00+00:00,1,91.2,0.0,0.56,17.54,0.07,2.51,3.96,0.29
732,2,147,2026-04-30 02:00:00+00:00,3,153.36,0.0,5.47,107.82,4.59,10.92,13.68,9.38
733,3,147,2026-04-30 02:00:00+00:00,1,151.37,0.0,1.79,51.95,0.46,0.5,0.5,0.77
734,4,147,2026-04-30 02:00:00+00:00,3,137.68,0.0,0.9,103.79,1.36,10.88,11.83,13.04
735,5,147,2026-04-30 02:00:00+00:00,1,155.17,0.0,3.67,56.11,0.63,3.91,4.16,0.31
736,1,148,2026-04-30 03:00:00+00:00,1,87.38,0.0,0.51,17.76,0.07,2.12,3.32,0.26
737,2,148,2026-04-30 03:00:00+00:00,3,148.85,0.0,5.06,103.93,4.08,9.59,12.16,9.97
738,3,148,2026-04-30 03:00:00+00:00,1,154.29,0.01,2.14,49.84,0.56,0.5,0.53,0.97
739,4,148,2026-04-30 03:00:00+00:00,3,139.92,0.0,0.93,100.29,1.34,11.37,12.3,13.57
740,5,148,2026-04-30 03:00:00+00:00,1,158.58,0.0,3.76,48.97,0.56,3.67,3.94,0.33
741,1,149,2026-04-30 04:00:00+00:00,1,84.55,0.01,0.48,18.24,0.09,1.72,2.93,0.27
742,2,149,2026-04-30 04:00:00+00:00,3,144.33,0.0,4.6,100.75,3.59,8.47,10.85,10.48
743,3,149,2026-04-30 04:00:00+00:00,1,156.59,0.11,2.66,48.22,0.67,0.5,0.57,1.01
744,4,149,2026-04-30 04:00:00+00:00,2,140.29,0.0,1.01,96.12,1.33,11.6,12.51,13.81
745,5,149,2026-04-30 04:00:00+00:00,1,157.58,0.0,3.62,41.53,0.46,3.4,3.68,0.36
746,1,150,2026-04-30 05:00:00+00:00,1,84.1,0.05,0.44,18.09,0.11,1.44,2.83,0.31
747,2,150,2026-04-30 05:00:00+00:00,2,141.66,0.0,4.23,98.85,3.29,7.9,10.13,10.86
748,3,150,2026-04-30 05:00:00+00:00,1,157.65,0.41,2.65,47.55,0.57,0.5,0.6,0.53
749,4,150,2026-04-30 05:00:00+00:00,2,141.7,0.0,1.38,92.93,1.35,11.75,12.65,14.03
750,5,150,2026-04-30 05:00:00+00:00,1,157.2,0.0,3.34,34.57,0.36,3.2,3.51,0.39
751,1,151,2026-04-30 06:00:00+00:00,1,82.36,0.08,0.36,19.07,0.12,1.25,2.66,0.37
752,2,151,2026-04-30 06:00:00+00:00,2,140.48,0.05,4.27,97.5,3.15,7.68,9.8,11.04
753,3,151,2026-04-30 06:00:00+00:00,1,155.66,0.65,2.17,49.0,0.59,0.5,0.6,0.54
754,4,151,2026-04-30 06:00:00+00:00,2,143.3,0.04,2.03,89.73,1.38,11.81,12.73,14.16
755,5,151,2026-04-30 06:00:00+00:00,1,156.09,0.0,2.99,28.28,0.26,3.07,3.39,0.42
756,1,152,2026-04-30 07:00:00+00:00,1,73.04,0.05,0.21,25.41,0.11,0.84,1.75,0.29
757,2,152,2026-04-30 07:00:00+00:00,2,140.12,0.28,4.11,96.37,3.17,7.62,9.67,10.99
758,3,152,2026-04-30 07:00:00+00:00,2,143.96,0.21,0.85,79.14,0.62,0.5,0.5,0.22
759,4,152,2026-04-30 07:00:00+00:00,2,143.2,0.21,2.21,87.14,1.38,11.65,12.56,14.13
760,5,152,2026-04-30 07:00:00+00:00,1,154.73,0.0,2.72,23.87,0.2,3.04,3.4,0.44
761,1,153,2026-04-30 08:00:00+00:00,1,69.49,0.04,0.14,28.09,0.1,0.73,1.44,0.26
762,2,153,2026-04-30 08:00:00+00:00,2,141.42,0.57,3.91,96.11,3.31,7.96,10.01,10.88
763,3,153,2026-04-30 08:00:00+00:00,2,141.32,0.14,0.53,85.59,0.43,0.5,0.5,0.15
764,4,153,2026-04-30 08:00:00+00:00,2,142.33,0.37,2.05,86.49,1.38,11.31,12.22,13.99
765,5,153,2026-04-30 08:00:00+00:00,1,155.3,0.0,2.6,21.65,0.2,3.11,3.57,0.45
766,1,154,2026-04-30 09:00:00+00:00,1,67.58,0.03,0.11,29.58,0.1,0.68,1.27,0.24
767,2,154,2026-04-30 09:00:00+00:00,2,143.01,0.78,3.77,97.13,3.46,8.81,10.83,10.67
768,3,154,2026-04-30 09:00:00+00:00,2,140.29,0.13,0.47,87.19,0.38,0.5,0.5,0.14
769,4,154,2026-04-30 09:00:00+00:00,2,140.92,0.39,1.72,88.93,1.35,11.2,12.1,13.63
770,5,154,2026-04-30 09:00:00+00:00,1,158.59,0.0,2.7,20.89,0.24,3.18,3.76,0.45
771,1,155,2026-04-30 10:00:00+00:00,1,66.27,0.03,0.09,31.95,0.09,0.61,1.09,0.22
772,2,155,2026-04-30 10:00:00+00:00,2,144.67,0.86,3.62,99.44,3.61,10.29,12.3,10.29
773,3,155,2026-04-30 10:00:00+00:00,2,140.39,0.12,0.42,88.87,0.35,0.5,0.5,0.14
774,4,155,2026-04-30 10:00:00+00:00,2,139.7,0.29,1.25,98.5,1.25,10.41,11.35,12.33
775,5,155,2026-04-30 10:00:00+00:00,1,164.1,0.01,3.04,21.27,0.29,3.14,3.85,0.45
776,1,156,2026-04-30 11:00:00+00:00,1,65.75,0.02,0.09,32.34,0.09,0.6,1.06,0.22
777,2,156,2026-04-30 11:00:00+00:00,3,146.41,0.84,3.38,104.23,3.75,12.41,14.5,9.71
778,3,156,2026-04-30 11:00:00+00:00,2,139.2,0.1,0.37,90.15,0.33,0.5,0.5,0.13
779,4,156,2026-04-30 11:00:00+00:00,3,136.7,0.21,0.94,103.31,1.14,9.75,10.76,11.77
780,5,156,2026-04-30 11:00:00+00:00,1,174.75,0.05,3.86,22.3,0.33,2.99,3.84,0.49
781,1,157,2026-04-30 12:00:00+00:00,1,65.93,0.03,0.1,32.06,0.09,0.6,1.08,0.23
782,2,157,2026-04-30 12:00:00+00:00,3,147.03,0.73,3.03,110.85,3.82,14.94,17.06,9.13
783,3,157,2026-04-30 12:00:00+00:00,2,138.3,0.09,0.33,91.1,0.3,0.5,0.5,0.13
784,4,157,2026-04-30 12:00:00+00:00,3,134.61,0.17,0.78,106.08,1.08,9.64,10.67,11.69
785,5,157,2026-04-30 12:00:00+00:00,1,188.32,0.73,4.26,25.16,0.36,2.82,3.76,0.56
786,1,158,2026-04-30 13:00:00+00:00,1,70.04,0.04,0.17,30.79,0.11,0.7,1.41,0.36
787,2,158,2026-04-30 13:00:00+00:00,3,147.75,0.63,2.8,117.55,3.87,17.12,19.25,8.75
788,3,158,2026-04-30 13:00:00+00:00,2,138.48,0.08,0.33,92.56,0.28,0.5,0.5,0.13
789,4,158,2026-04-30 13:00:00+00:00,3,130.4,0.09,0.69,111.47,0.87,8.46,10.62,9.26
790,5,158,2026-04-30 13:00:00+00:00,1,197.29,1.12,4.58,29.91,0.41,2.59,3.57,0.63
791,1,159,2026-04-30 14:00:00+00:00,1,76.68,0.04,0.35,28.49,0.13,0.92,1.99,0.51
792,2,159,2026-04-30 14:00:00+00:00,3,148.02,0.56,2.69,122.34,3.9,18.44,20.59,8.54
793,3,159,2026-04-30 14:00:00+00:00,2,138.27,0.07,0.35,93.01,0.26,0.5,0.5,0.13
794,4,159,2026-04-30 14:00:00+00:00,3,125.15,0.08,0.6,112.8,0.69,7.41,10.91,7.5
795,5,159,2026-04-30 14:00:00+00:00,1,198.72,1.37,3.91,38.62,0.45,2.35,3.28,0.76
796,1,160,2026-04-30 15:00:00+00:00,1,83.59,0.0,0.59,26.27,0.14,1.15,2.56,0.61
797,2,160,2026-04-30 15:00:00+00:00,3,148.11,0.5,2.73,126.0,3.91,18.97,21.14,8.33
798,3,160,2026-04-30 15:00:00+00:00,2,138.15,0.05,0.38,93.13,0.26,0.5,0.5,0.14
799,4,160,2026-04-30 15:00:00+00:00,3,122.84,0.08,0.61,112.55,0.62,6.84,11.06,7.12
800,5,160,2026-04-30 15:00:00+00:00,1,195.26,1.15,3.07,53.14,0.5,2.38,3.18,0.88
801,1,161,2026-04-30 16:00:00+00:00,1,88.98,0.0,0.72,24.51,0.15,1.38,3.07,0.67
802,2,161,2026-04-30 16:00:00+00:00,3,147.92,0.47,3.04,128.7,3.92,18.65,20.81,7.78
803,3,161,2026-04-30 16:00:00+00:00,2,139.15,0.04,0.75,87.67,0.32,0.5,0.5,0.29
804,4,161,2026-04-30 16:00:00+00:00,3,122.97,0.09,0.76,112.36,0.58,6.73,11.29,7.05
805,5,161,2026-04-30 16:00:00+00:00,2,179.99,0.43,1.7,84.47,0.48,2.25,2.69,0.72
806,1,162,2026-04-30 17:00:00+00:00,1,94.21,0.0,0.78,23.66,0.15,1.59,3.5,0.6
807,2,162,2026-04-30 17:00:00+00:00,3,145.44,0.42,3.66,129.1,3.93,17.37,19.47,6.97
808,3,162,2026-04-30 17:00:00+00:00,2,141.75,0.01,1.29,79.6,0.34,0.5,0.5,0.47
809,4,162,2026-04-30 17:00:00+00:00,3,123.61,0.08,1.0,110.57,0.56,6.53,10.9,7.24
810,5,162,2026-04-30 17:00:00+00:00,2,169.52,0.22,1.1,95.1,0.4,2.3,2.6,0.75
811,1,163,2026-04-30 18:00:00+00:00,1,96.84,0.0,0.77,23.28,0.14,1.7,3.68,0.43
812,2,163,2026-04-30 18:00:00+00:00,3,143.14,0.28,4.52,127.29,3.97,15.46,17.52,6.46
813,3,163,2026-04-30 18:00:00+00:00,2,144.47,0.0,1.64,74.38,0.34,0.5,0.53,0.43
814,4,163,2026-04-30 18:00:00+00:00,3,124.52,0.04,1.26,108.55,0.55,6.16,10.24,7.54
815,5,163,2026-04-30 18:00:00+00:00,2,164.13,0.18,0.93,97.85,0.37,2.39,2.66,0.83
816,1,164,2026-04-30 19:00:00+00:00,1,95.88,0.0,0.71,22.91,0.13,1.64,3.57,0.35
817,2,164,2026-04-30 19:00:00+00:00,3,141.59,0.07,5.32,124.06,3.98,13.33,15.37,6.31
818,3,164,2026-04-30 19:00:00+00:00,2,146.36,0.0,2.0,69.95,0.35,0.5,0.58,0.35
819,4,164,2026-04-30 19:00:00+00:00,3,126.02,0.01,1.74,102.16,0.59,6.01,9.62,8.61
820,5,164,2026-04-30 19:00:00+00:00,3,161.47,0.19,0.92,100.32,0.35,2.51,2.77,0.93
821,1,165,2026-04-30 20:00:00+00:00,1,94.6,0.0,0.66,22.73,0.12,1.54,3.4,0.31
822,2,165,2026-04-30 20:00:00+00:00,3,139.86,0.0,5.41,119.88,3.97,11.3,13.33,6.51
823,3,165,2026-04-30 20:00:00+00:00,2,148.46,0.0,2.26,66.34,0.37,0.5,0.61,0.31
824,4,165,2026-04-30 20:00:00+00:00,2,129.0,0.0,2.24,93.75,0.64,6.18,9.42,10.06
825,5,165,2026-04-30 20:00:00+00:00,3,157.94,0.21,1.16,100.31,0.35,2.61,2.88,1.01
826,1,166,2026-04-30 21:00:00+00:00,1,90.72,0.0,0.59,23.07,0.1,1.36,2.96,0.26
827,2,166,2026-04-30 21:00:00+00:00,3,139.79,0.0,5.46,116.34,3.96,9.76,11.76,6.99
828,3,166,2026-04-30 21:00:00+00:00,2,149.42,0.0,2.4,62.57,0.46,0.5,0.68,0.28
829,4,166,2026-04-30 21:00:00+00:00,2,131.3,0.0,2.58,86.02,0.63,6.33,9.39,11.14
830,5,166,2026-04-30 21:00:00+00:00,2,154.78,0.24,1.63,99.16,0.36,2.53,2.82,1.07
831,1,167,2026-04-30 22:00:00+00:00,1,86.66,0.0,0.52,23.69,0.08,1.21,2.59,0.24
832,2,167,2026-04-30 22:00:00+00:00,3,142.42,0.0,5.65,112.81,3.98,8.9,10.87,7.65
833,3,167,2026-04-30 22:00:00+00:00,1,150.66,0.0,2.59,57.78,0.5,0.55,0.81,0.29
834,4,167,2026-04-30 22:00:00+00:00,2,128.99,0.0,2.64,76.2,0.51,6.27,9.35,11.54
835,5,167,2026-04-30 22:00:00+00:00,2,154.79,0.26,2.38,95.95,0.4,2.47,2.79,1.14
836,1,168,2026-04-30 23:00:00+00:00,1,83.78,0.0,0.48,23.9,0.08,1.13,2.38,0.24
837,2,168,2026-04-30 23:00:00+00:00,3,146.99,0.0,6.22,109.04,4.13,8.92,10.83,8.29
838,3,168,2026-04-30 23:00:00+00:00,1,152.27,0.0,2.86,52.56,0.46,0.62,0.96,0.33
839,4,168,2026-04-30 23:00:00+00:00,2,127.63,0.0,2.5,66.86,0.37,6.19,9.4,10.93
840,5,168,2026-04-30 23:00:00+00:00,2,156.56,0.21,3.07,90.95,0.48,2.5,2.87,1.26
841,1,169,2026-05-01 00:00:00+00:00,1,80.88,0.0,0.45,24.21,0.07,1.06,2.21,0.26
842,2,169,2026-05-01 00:00:00+00:00,3,152.51,0.0,7.05,105.02,4.38,9.79,11.63,8.72
843,3,169,2026-05-01 00:00:00+00:00,1,154.46,0.0,3.17,48.4,0.51,0.81,1.24,0.41
844,4,169,2026-05-01 00:00:00+00:00,1,125.98,0.0,2.24,59.16,0.27,6.06,9.37,9.82
845,5,169,2026-05-01 00:00:00+00:00,2,158.51,0.04,3.45,86.58,0.57,2.47,2.91,1.39
846,1,170,2026-05-01 01:00:00+00:00,1,74.87,0.0,0.37,27.07,0.08,0.87,1.75,0.22
847,2,170,2026-05-01 01:00:00+00:00,3,157.08,0.0,8.18,100.18,4.64,10.79,12.6,8.82
848,3,170,2026-05-01 01:00:00+00:00,1,155.77,0.0,3.49,44.46,0.73,1.33,1.82,1.02
849,4,170,2026-05-01 01:00:00+00:00,1,122.39,0.0,2.02,50.11,0.18,5.83,9.05,7.63
850,5,170,2026-05-01 01:00:00+00:00,2,157.17,0.0,3.33,82.6,0.67,2.29,2.73,1.33
851,1,171,2026-05-01 02:00:00+00:00,1,71.85,0.0,0.33,28.9,0.07,0.77,1.55,0.2
852,2,171,2026-05-01 02:00:00+00:00,2,161.81,0.0,9.59,94.61,4.95,11.78,13.61,8.75
853,3,171,2026-05-01 02:00:00+00:00,1,157.92,0.0,3.84,40.25,0.78,1.67,2.2,1.77
854,4,171,2026-05-01 02:00:00+00:00,1,119.49,0.0,1.94,40.45,0.11,5.66,8.64,5.73
855,5,171,2026-05-01 02:00:00+00:00,2,157.23,0.0,3.28,80.99,0.78,2.02,2.46,1.25
856,1,172,2026-05-01 03:00:00+00:00,1,70.44,0.0,0.32,30.18,0.07,0.71,1.46,0.19
857,2,172,2026-05-01 03:00:00+00:00,2,165.81,0.0,10.97,88.15,5.25,12.81,14.68,8.58
858,3,172,2026-05-01 03:00:00+00:00,1,162.38,0.04,4.7,36.51,0.85,1.86,2.41,2.48
859,4,172,2026-05-01 03:00:00+00:00,1,116.75,0.0,1.94,32.53,0.08,5.47,8.23,4.33
860,5,172,2026-05-01 03:00:00+00:00,2,156.37,0.0,3.36,80.21,0.89,1.66,2.1,1.17
861,1,173,2026-05-01 04:00:00+00:00,1,70.83,0.0,0.34,31.07,0.09,0.72,1.56,0.22
862,2,173,2026-05-01 04:00:00+00:00,2,168.36,0.0,12.48,80.9,5.4,13.76,15.72,7.76
863,3,173,2026-05-01 04:00:00+00:00,1,168.3,0.63,5.42,34.8,0.84,1.91,2.48,2.14
864,4,173,2026-05-01 04:00:00+00:00,1,113.38,0.0,2.13,26.03,0.07,5.23,7.78,3.56
865,5,173,2026-05-01 04:00:00+00:00,2,151.7,0.0,3.35,77.64,0.98,1.3,1.7,1.09
866,1,174,2026-05-01 05:00:00+00:00,1,72.77,0.04,0.34,30.78,0.11,0.79,1.81,0.29
867,2,174,2026-05-01 05:00:00+00:00,2,170.38,0.0,14.54,72.78,5.57,14.79,16.82,6.32
868,3,174,2026-05-01 05:00:00+00:00,1,170.12,1.63,4.72,35.12,0.62,1.74,2.31,1.51
869,4,174,2026-05-01 05:00:00+00:00,1,112.78,0.02,3.05,21.0,0.09,5.1,7.5,2.72
870,5,174,2026-05-01 05:00:00+00:00,2,151.33,0.0,3.54,72.46,0.98,1.2,1.63,1.16
871,1,175,2026-05-01 06:00:00+00:00,1,74.34,0.06,0.3,31.03,0.12,0.89,2.03,0.35
872,2,175,2026-05-01 06:00:00+00:00,2,171.47,0.17,17.4,64.16,5.87,15.84,17.9,5.0
873,3,175,2026-05-01 06:00:00+00:00,1,167.2,2.05,3.76,37.84,0.71,1.63,2.15,1.64
874,4,175,2026-05-01 06:00:00+00:00,1,113.73,0.42,4.16,18.47,0.1,5.01,7.25,2.23
875,5,175,2026-05-01 06:00:00+00:00,2,151.32,0.0,3.62,68.19,0.98,1.2,1.66,1.21
876,1,176,2026-05-01 07:00:00+00:00,1,68.51,0.05,0.19,34.36,0.11,0.75,1.62,0.26
877,2,176,2026-05-01 07:00:00+00:00,2,170.86,1.15,19.42,55.76,5.94,16.38,18.39,3.52
878,3,176,2026-05-01 07:00:00+00:00,2,140.7,0.38,1.51,91.38,1.34,0.81,1.04,0.34
879,4,176,2026-05-01 07:00:00+00:00,1,114.51,0.97,3.47,27.62,0.11,4.56,6.46,2.47
880,5,176,2026-05-01 07:00:00+00:00,2,149.41,0.0,3.66,62.64,0.88,1.22,1.72,1.15
881,1,177,2026-05-01 08:00:00+00:00,1,66.24,0.04,0.14,34.97,0.11,0.77,1.56,0.25
882,2,177,2026-05-01 08:00:00+00:00,2,170.6,2.4,20.92,48.05,5.85,16.75,18.73,2.26
883,3,177,2026-05-01 08:00:00+00:00,2,137.4,0.15,0.73,97.65,0.88,0.55,0.7,0.28
884,4,177,2026-05-01 08:00:00+00:00,1,113.35,1.44,2.93,29.73,0.12,4.28,5.91,2.92
885,5,177,2026-05-01 08:00:00+00:00,1,148.09,0.0,3.76,57.08,0.74,1.28,1.81,1.06
886,1,178,2026-05-01 09:00:00+00:00,1,65.02,0.03,0.11,34.87,0.11,0.84,1.59,0.25
887,2,178,2026-05-01 09:00:00+00:00,2,169.58,3.22,23.23,40.11,5.94,17.33,19.28,1.5
888,3,178,2026-05-01 09:00:00+00:00,2,136.45,0.1,0.55,98.7,0.66,0.51,0.61,0.27
889,4,178,2026-05-01 09:00:00+00:00,1,111.67,1.59,2.56,31.1,0.12,4.16,5.62,3.84
890,5,178,2026-05-01 09:00:00+00:00,1,147.7,0.0,3.99,52.46,0.65,1.35,1.92,0.92
891,1,179,2026-05-01 10:00:00+00:00,1,64.01,0.03,0.09,37.04,0.11,0.86,1.52,0.25
892,2,179,2026-05-01 10:00:00+00:00,2,167.64,4.53,24.74,33.43,6.31,18.09,20.02,1.05
893,3,179,2026-05-01 10:00:00+00:00,2,135.6,0.08,0.46,99.53,0.48,0.5,0.53,0.25
894,4,179,2026-05-01 10:00:00+00:00,2,116.28,0.15,0.8,88.17,0.08,2.43,3.24,2.02
895,5,179,2026-05-01 10:00:00+00:00,1,147.1,0.0,4.41,48.92,0.64,1.43,2.03,0.82
896,1,180,2026-05-01 11:00:00+00:00,1,63.51,0.03,0.09,38.06,0.11,0.92,1.54,0.25
897,2,180,2026-05-01 11:00:00+00:00,2,166.07,6.65,26.02,28.91,7.11,19.34,21.38,0.79
898,3,180,2026-05-01 11:00:00+00:00,2,133.92,0.07,0.4,99.57,0.36,0.5,0.5,0.24
899,4,180,2026-05-01 11:00:00+00:00,2,115.64,0.06,0.43,97.12,0.06,1.72,2.4,1.66
900,5,180,2026-05-01 11:00:00+00:00,1,152.33,0.03,5.71,47.3,0.77,1.57,2.24,0.87
901,1,181,2026-05-01 12:00:00+00:00,1,63.89,0.03,0.1,37.76,0.12,1.0,1.65,0.28
902,2,181,2026-05-01 12:00:00+00:00,2,165.81,9.19,27.88,26.93,8.44,21.39,23.65,0.59
903,3,181,2026-05-01 12:00:00+00:00,2,132.25,0.06,0.37,99.53,0.28,0.5,0.5,0.23
904,4,181,2026-05-01 12:00:00+00:00,2,114.74,0.04,0.39,98.27,0.05,1.45,2.04,1.69
905,5,181,2026-05-01 12:00:00+00:00,1,161.83,0.75,6.5,50.76,1.07,1.76,2.47,0.94
906,1,182,2026-05-01 13:00:00+00:00,1,68.35,0.04,0.18,35.99,0.14,1.2,2.07,0.4
907,2,182,2026-05-01 13:00:00+00:00,2,164.56,11.34,28.88,30.1,10.42,23.97,26.56,0.35
908,3,182,2026-05-01 13:00:00+00:00,3,132.77,0.05,0.39,100.62,0.26,0.5,0.5,0.23
909,4,182,2026-05-01 13:00:00+00:00,2,116.01,0.04,0.45,98.9,0.05,1.32,1.82,1.78
910,5,182,2026-05-01 13:00:00+00:00,1,164.68,1.64,5.49,59.83,1.49,1.96,2.65,0.91
911,1,183,2026-05-01 14:00:00+00:00,1,75.96,0.04,0.38,32.93,0.16,1.51,2.77,0.59
912,2,183,2026-05-01 14:00:00+00:00,2,162.52,11.09,28.21,36.67,10.79,23.94,26.78,0.23
913,3,183,2026-05-01 14:00:00+00:00,3,133.53,0.05,0.45,101.01,0.25,0.5,0.5,0.26
914,4,183,2026-05-01 14:00:00+00:00,2,116.43,0.06,0.63,96.66,0.05,1.32,1.71,1.97
915,5,183,2026-05-01 14:00:00+00:00,2,164.98,1.92,4.89,64.21,1.73,2.23,2.94,0.87
916,1,184,2026-05-01 15:00:00+00:00,1,84.6,0.0,0.67,30.11,0.18,1.84,3.47,0.7
917,2,184,2026-05-01 15:00:00+00:00,2,158.23,9.2,25.65,46.92,10.51,22.26,25.25,0.18
918,3,184,2026-05-01 15:00:00+00:00,3,134.02,0.04,0.49,100.99,0.25,0.5,0.5,0.28
919,4,184,2026-05-01 15:00:00+00:00,2,116.94,0.07,0.95,94.1,0.06,1.32,1.62,2.17
920,5,184,2026-05-01 15:00:00+00:00,2,161.22,1.61,4.05,73.98,2.03,2.78,3.47,0.77
921,1,185,2026-05-01 16:00:00+00:00,1,98.02,0.0,0.98,26.16,0.21,2.39,4.6,0.81
922,2,185,2026-05-01 16:00:00+00:00,2,153.76,6.24,22.7,59.97,9.83,19.38,22.4,0.18
923,3,185,2026-05-01 16:00:00+00:00,2,135.37,0.05,1.17,88.76,0.26,0.5,0.5,0.54
924,4,185,2026-05-01 16:00:00+00:00,2,117.68,0.09,1.51,89.74,0.07,1.33,1.59,2.54
925,5,185,2026-05-01 16:00:00+00:00,2,148.58,0.65,2.09,97.95,1.79,2.89,3.34,0.46
926,1,186,2026-05-01 17:00:00+00:00,1,117.04,0.0,1.3,22.25,0.24,3.19,6.2,0.84
927,2,186,2026-05-01 17:00:00+00:00,2,150.97,3.36,21.49,72.47,9.2,16.61,19.63,0.24
928,3,186,2026-05-01 17:00:00+00:00,2,138.44,0.01,2.17,72.96,0.26,0.5,0.58,0.74
929,4,186,2026-05-01 17:00:00+00:00,2,119.03,0.1,2.11,84.39,0.09,1.39,1.66,3.03
930,5,186,2026-05-01 17:00:00+00:00,3,141.48,0.33,1.22,106.67,1.38,2.92,3.26,0.37
931,1,187,2026-05-01 18:00:00+00:00,1,133.6,0.0,1.51,19.27,0.25,3.95,7.6,0.79
932,2,187,2026-05-01 18:00:00+00:00,2,150.05,1.5,21.48,83.29,8.9,15.09,18.2,0.31
933,3,187,2026-05-01 18:00:00+00:00,2,140.77,0.0,2.86,63.1,0.23,0.5,0.67,0.76
934,4,187,2026-05-01 18:00:00+00:00,2,120.66,0.06,2.54,80.4,0.11,1.44,1.73,3.41
935,5,187,2026-05-01 18:00:00+00:00,3,138.79,0.25,1.0,110.64,1.24,3.13,3.47,0.36
936,1,188,2026-05-01 19:00:00+00:00,1,145.33,0.0,1.63,16.88,0.25,4.52,8.62,0.75
937,2,188,2026-05-01 19:00:00+00:00,2,149.72,0.33,21.45,92.36,8.74,14.57,17.79,0.39
938,3,188,2026-05-01 19:00:00+00:00,1,142.91,0.0,3.39,56.98,0.21,0.5,0.74,0.72
939,4,188,2026-05-01 19:00:00+00:00,2,120.56,0.01,3.17,69.87,0.12,1.52,1.9,3.66
940,5,188,2026-05-01 19:00:00+00:00,3,138.93,0.22,0.99,115.44,1.17,3.29,3.65,0.38
941,1,189,2026-05-01 20:00:00+00:00,1,150.15,0.0,1.64,15.39,0.21,4.7,8.85,0.57
942,2,189,2026-05-01 20:00:00+00:00,2,149.97,0.0,19.72,99.38,8.78,14.87,18.23,0.39
943,3,189,2026-05-01 20:00:00+00:00,1,144.02,0.0,3.46,54.59,0.19,0.51,0.75,0.66
944,4,189,2026-05-01 20:00:00+00:00,1,121.63,0.0,3.81,56.01,0.13,1.66,2.17,3.42
945,5,189,2026-05-01 20:00:00+00:00,3,137.64,0.23,1.14,117.52,1.13,3.23,3.65,0.4
946,1,190,2026-05-01 21:00:00+00:00,1,145.25,0.0,1.52,14.75,0.15,4.37,8.01,0.39
947,2,190,2026-05-01 21:00:00+00:00,3,150.42,0.0,18.21,104.16,8.86,15.38,18.86,0.35
948,3,190,2026-05-01 21:00:00+00:00,1,142.59,0.0,2.96,56.02,0.18,0.53,0.73,0.6
949,4,190,2026-05-01 21:00:00+00:00,1,121.44,0.0,4.27,44.92,0.12,1.77,2.37,3.16
950,5,190,2026-05-01 21:00:00+00:00,3,137.62,0.26,1.51,117.73,1.19,3.22,3.68,0.45
951,1,191,2026-05-01 22:00:00+00:00,1,132.32,0.0,1.28,14.64,0.11,3.62,6.53,0.33
952,2,191,2026-05-01 22:00:00+00:00,3,150.08,0.0,17.33,106.27,8.91,15.56,19.03,0.3
953,3,191,2026-05-01 22:00:00+00:00,1,139.79,0.0,2.3,59.47,0.18,0.56,0.73,0.51
954,4,191,2026-05-01 22:00:00+00:00,1,118.67,0.0,4.22,36.03,0.08,1.78,2.41,3.01
955,5,191,2026-05-01 22:00:00+00:00,3,142.99,0.3,2.78,112.55,1.28,3.34,3.84,0.57
956,1,192,2026-05-01 23:00:00+00:00,1,128.8,0.0,1.19,13.59,0.09,3.37,6.01,0.34
957,2,192,2026-05-01 23:00:00+00:00,3,150.28,0.0,17.14,106.35,9.04,15.74,19.18,0.24
958,3,192,2026-05-01 23:00:00+00:00,2,138.55,0.0,1.92,60.63,0.17,0.62,0.77,0.43
959,4,192,2026-05-01 23:00:00+00:00,1,116.16,0.0,3.62,30.79,0.06,1.75,2.35,2.47
960,5,192,2026-05-01 23:00:00+00:00,3,150.08,0.21,4.7,101.62,1.36,3.48,4.05,0.75
961,1,193,2026-05-02 00:00:00+00:00,1,127.25,0.0,1.15,12.76,0.08,3.21,5.67,0.4
962,2,193,2026-05-02 00:00:00+00:00,3,150.47,0.0,17.12,105.63,9.2,15.54,18.97,0.21
963,3,193,2026-05-02 00:00:00+00:00,2,138.25,0.0,1.7,61.8,0.17,0.7,0.83,0.37
964,4,193,2026-05-02 00:00:00+00:00,1,114.19,0.0,2.99,29.28,0.04,1.72,2.26,2.13
965,5,193,2026-05-02 00:00:00+00:00,2,154.51,0.03,6.02,93.04,1.42,3.56,4.21,0.92
966,1,194,2026-05-02 01:00:00+00:00,1,124.76,0.0,1.1,12.51,0.08,3.04,5.28,0.45
967,2,194,2026-05-02 01:00:00+00:00,3,149.89,0.0,17.23,104.26,9.31,15.19,18.63,0.2
968,3,194,2026-05-02 01:00:00+00:00,2,137.75,0.0,1.55,62.44,0.17,0.78,0.89,0.34
969,4,194,2026-05-02 01:00:00+00:00,1,115.05,0.0,2.12,38.51,0.04,1.68,2.16,2.15
970,5,194,2026-05-02 01:00:00+00:00,2,155.59,0.0,6.18,86.94,1.43,3.58,4.28,1.04
971,1,195,2026-05-02 02:00:00+00:00,1,121.35,0.0,1.02,12.34,0.07,2.86,4.85,0.37
972,2,195,2026-05-02 02:00:00+00:00,3,149.29,0.0,17.67,101.26,9.39,14.58,18.05,0.21
973,3,195,2026-05-02 02:00:00+00:00,2,138.18,0.0,1.55,60.72,0.16,0.84,0.95,0.33
974,4,195,2026-05-02 02:00:00+00:00,1,114.27,0.0,1.8,35.53,0.04,1.79,2.27,2.15
975,5,195,2026-05-02 02:00:00+00:00,2,157.04,0.0,5.98,84.28,1.48,3.58,4.29,1.12
976,1,196,2026-05-02 03:00:00+00:00,1,118.09,0.0,0.96,12.64,0.07,2.68,4.43,0.3
977,2,196,2026-05-02 03:00:00+00:00,2,148.32,0.0,18.3,96.99,9.49,13.95,17.45,0.19
978,3,196,2026-05-02 03:00:00+00:00,1,139.56,0.02,1.77,58.31,0.17,0.89,1.0,0.32
979,4,196,2026-05-02 03:00:00+00:00,1,113.29,0.0,1.67,31.69,0.04,1.96,2.42,2.41
980,5,196,2026-05-02 03:00:00+00:00,2,157.39,0.0,5.34,83.79,1.52,3.53,4.2,1.18
981,1,197,2026-05-02 04:00:00+00:00,1,116.81,0.03,0.91,13.08,0.1,2.58,4.37,0.31
982,2,197,2026-05-02 04:00:00+00:00,2,147.72,0.0,19.72,91.28,9.64,13.44,16.93,0.18
983,3,197,2026-05-02 04:00:00+00:00,1,139.77,0.22,1.93,55.28,0.2,0.89,1.02,0.33
984,4,197,2026-05-02 04:00:00+00:00,1,111.58,0.0,1.69,28.37,0.04,2.18,2.61,2.52
985,5,197,2026-05-02 04:00:00+00:00,2,155.49,0.0,4.89,74.87,1.17,3.47,4.05,1.28
986,1,198,2026-05-02 05:00:00+00:00,1,118.7,0.2,0.66,14.38,0.13,2.67,4.79,0.42
987,2,198,2026-05-02 05:00:00+00:00,2,148.06,0.0,22.05,83.88,10.06,13.47,16.91,0.19
988,3,198,2026-05-02 05:00:00+00:00,1,138.41,0.46,1.72,53.2,0.25,0.88,1.02,0.43
989,4,198,2026-05-02 05:00:00+00:00,1,112.26,0.01,2.27,26.34,0.06,2.35,2.79,2.38
990,5,198,2026-05-02 05:00:00+00:00,2,153.71,0.0,4.71,60.29,0.71,3.5,4.06,1.2
991,1,199,2026-05-02 06:00:00+00:00,1,120.64,0.22,0.48,18.75,0.17,3.14,5.46,0.62
992,2,199,2026-05-02 06:00:00+00:00,2,148.58,0.24,25.43,78.18,10.73,14.12,17.42,0.16
993,3,199,2026-05-02 06:00:00+00:00,1,135.66,0.49,1.37,54.9,0.32,0.9,1.06,0.59
994,4,199,2026-05-02 06:00:00+00:00,1,113.49,0.08,3.18,25.15,0.07,2.51,2.99,2.31
995,5,199,2026-05-02 06:00:00+00:00,1,149.52,0.0,4.25,49.66,0.47,3.55,4.14,0.89
996,1,200,2026-05-02 07:00:00+00:00,1,87.14,0.08,0.21,39.17,0.16,2.58,3.79,0.42
997,2,200,2026-05-02 07:00:00+00:00,2,149.84,1.97,27.36,75.59,11.53,14.92,18.06,0.19
998,3,200,2026-05-02 07:00:00+00:00,2,132.48,0.16,0.74,83.04,0.41,0.61,0.69,0.33
999,4,200,2026-05-02 07:00:00+00:00,1,113.68,0.42,3.24,26.58,0.08,2.59,3.17,2.41
1000,5,200,2026-05-02 07:00:00+00:00,1,144.01,0.0,3.76,43.48,0.38,3.52,4.14,0.81
1001,1,201,2026-05-02 08:00:00+00:00,1,82.02,0.05,0.15,42.05,0.15,2.76,3.83,0.38
1002,2,201,2026-05-02 08:00:00+00:00,2,151.66,4.64,27.39,74.04,12.74,15.95,18.95,0.21
1003,3,201,2026-05-02 08:00:00+00:00,2,129.23,0.1,0.46,88.38,0.34,0.5,0.55,0.3
1004,4,201,2026-05-02 08:00:00+00:00,1,112.74,0.87,2.73,28.91,0.09,2.57,3.34,3.63
1005,5,201,2026-05-02 08:00:00+00:00,1,141.62,0.0,3.31,44.17,0.39,3.39,3.96,0.84
1006,1,202,2026-05-02 09:00:00+00:00,1,78.23,0.04,0.13,42.33,0.14,2.82,3.77,0.35
1007,2,202,2026-05-02 09:00:00+00:00,2,153.47,7.09,27.57,73.3,14.58,17.19,20.07,0.18
1008,3,202,2026-05-02 09:00:00+00:00,2,127.21,0.08,0.37,89.89,0.32,0.5,0.54,0.32
1009,4,202,2026-05-02 09:00:00+00:00,1,111.72,0.94,2.14,35.85,0.11,2.81,3.75,5.44
1010,5,202,2026-05-02 09:00:00+00:00,1,141.81,0.0,2.85,54.2,0.56,2.91,3.41,1.06
1011,1,203,2026-05-02 10:00:00+00:00,1,73.09,0.03,0.11,44.74,0.11,2.64,3.41,0.29
1012,2,203,2026-05-02 10:00:00+00:00,2,155.79,7.63,29.43,71.64,16.21,18.42,21.17,0.15
1013,3,203,2026-05-02 10:00:00+00:00,2,127.17,0.07,0.33,92.04,0.33,0.53,0.58,0.36
1014,4,203,2026-05-02 10:00:00+00:00,2,119.42,0.25,0.92,87.67,0.16,3.56,5.23,5.48
1015,5,203,2026-05-02 10:00:00+00:00,2,146.93,0.0,2.44,72.56,0.93,2.0,2.37,1.17
1016,1,204,2026-05-02 11:00:00+00:00,1,71.61,0.04,0.12,45.3,0.1,2.65,3.4,0.29
1017,2,204,2026-05-02 11:00:00+00:00,2,156.74,7.81,29.09,71.57,16.05,18.84,21.49,0.11
1018,3,204,2026-05-02 11:00:00+00:00,2,125.99,0.06,0.32,92.86,0.34,0.57,0.63,0.42
1019,4,204,2026-05-02 11:00:00+00:00,2,119.39,0.14,0.62,99.19,0.16,4.11,6.04,5.45
1020,5,204,2026-05-02 11:00:00+00:00,2,155.13,0.0,3.07,75.78,1.06,1.66,1.97,1.04
1021,1,205,2026-05-02 12:00:00+00:00,1,71.16,0.04,0.13,45.0,0.11,2.7,3.48,0.31
1022,2,205,2026-05-02 12:00:00+00:00,2,156.75,7.03,26.42,74.28,14.27,18.58,21.18,0.09
1023,3,205,2026-05-02 12:00:00+00:00,2,124.99,0.06,0.33,93.06,0.36,0.61,0.67,0.48
1024,4,205,2026-05-02 12:00:00+00:00,3,118.46,0.12,0.53,101.77,0.17,4.55,6.58,5.63
1025,5,205,2026-05-02 12:00:00+00:00,2,163.92,0.11,4.16,76.22,1.15,1.6,1.89,0.97
1026,1,206,2026-05-02 13:00:00+00:00,1,77.63,0.06,0.25,40.64,0.13,3.05,4.14,0.5
1027,2,206,2026-05-02 13:00:00+00:00,2,155.62,3.52,25.09,77.77,10.24,17.64,19.76,0.13
1028,3,206,2026-05-02 13:00:00+00:00,2,125.14,0.05,0.4,93.28,0.38,0.65,0.72,0.56
1029,4,206,2026-05-02 13:00:00+00:00,3,117.72,0.07,0.47,103.95,0.16,4.53,6.67,4.51
1030,5,206,2026-05-02 13:00:00+00:00,2,167.6,0.43,4.23,76.28,1.22,1.58,1.86,0.86
1031,1,207,2026-05-02 14:00:00+00:00,1,88.97,0.07,0.53,34.58,0.17,3.66,5.24,0.75
1032,2,207,2026-05-02 14:00:00+00:00,2,152.05,2.07,20.13,86.09,6.43,15.7,17.29,0.24
1033,3,207,2026-05-02 14:00:00+00:00,2,125.17,0.05,0.53,92.05,0.43,0.72,0.79,0.67
1034,4,207,2026-05-02 14:00:00+00:00,3,116.54,0.05,0.49,102.7,0.14,4.13,6.05,3.4
1035,5,207,2026-05-02 14:00:00+00:00,2,166.7,0.67,3.75,77.24,1.21,1.6,1.88,0.82
1036,1,208,2026-05-02 15:00:00+00:00,1,100.94,0.01,0.96,29.62,0.19,4.25,6.34,0.91
1037,2,208,2026-05-02 15:00:00+00:00,2,147.37,1.09,15.61,93.03,4.56,13.23,14.5,0.34
1038,3,208,2026-05-02 15:00:00+00:00,2,125.38,0.03,0.67,90.67,0.49,0.79,0.88,0.79
1039,4,208,2026-05-02 15:00:00+00:00,3,116.51,0.03,0.59,101.53,0.13,3.89,5.46,2.91
1040,5,208,2026-05-02 15:00:00+00:00,2,163.41,0.69,3.06,80.57,1.16,1.74,2.02,0.82
1041,1,209,2026-05-02 16:00:00+00:00,1,114.37,0.0,1.26,25.24,0.23,4.9,7.67,1.07
1042,2,209,2026-05-02 16:00:00+00:00,2,142.33,0.66,12.41,96.37,3.9,11.09,12.14,0.37
1043,3,209,2026-05-02 16:00:00+00:00,2,125.84,0.02,0.88,88.44,0.56,0.87,0.97,0.94
1044,4,209,2026-05-02 16:00:00+00:00,2,117.55,0.04,0.98,97.64,0.15,3.91,5.04,2.99
1045,5,209,2026-05-02 16:00:00+00:00,2,157.57,0.46,2.27,88.38,1.01,1.88,2.14,0.79
1046,1,210,2026-05-02 17:00:00+00:00,1,130.99,0.0,1.53,21.89,0.26,5.73,9.32,1.3
1047,2,210,2026-05-02 17:00:00+00:00,2,138.76,0.6,12.18,91.62,3.92,9.81,10.66,0.34
1048,3,210,2026-05-02 17:00:00+00:00,2,126.91,0.0,1.12,85.5,0.63,0.95,1.08,1.14
1049,4,210,2026-05-02 17:00:00+00:00,2,118.88,0.04,1.47,92.28,0.16,4.1,4.89,3.27
1050,5,210,2026-05-02 17:00:00+00:00,2,150.69,0.3,1.54,95.02,0.83,1.97,2.21,0.77
1051,1,211,2026-05-02 18:00:00+00:00,1,145.05,0.0,1.72,19.38,0.28,6.52,10.73,1.44
1052,2,211,2026-05-02 18:00:00+00:00,2,136.41,0.48,13.96,83.88,4.18,8.7,9.35,0.31
1053,3,211,2026-05-02 18:00:00+00:00,2,128.08,0.0,1.25,82.85,0.64,1.04,1.18,1.33
1054,4,211,2026-05-02 18:00:00+00:00,2,120.58,0.02,1.73,89.02,0.16,4.23,4.83,3.37
1055,5,211,2026-05-02 18:00:00+00:00,2,146.79,0.22,1.18,98.95,0.76,2.16,2.4,0.81
1056,1,212,2026-05-02 19:00:00+00:00,1,154.61,0.0,1.83,17.1,0.28,7.07,11.67,1.38
1057,2,212,2026-05-02 19:00:00+00:00,2,135.39,0.16,16.86,76.08,4.65,7.78,8.36,0.31
1058,3,212,2026-05-02 19:00:00+00:00,2,127.96,0.0,1.3,79.17,0.59,1.1,1.25,1.42
1059,4,212,2026-05-02 19:00:00+00:00,2,120.52,0.0,1.76,86.24,0.14,4.29,4.8,3.1
1060,5,212,2026-05-02 19:00:00+00:00,3,145.88,0.18,1.12,101.55,0.75,2.29,2.54,0.89
1061,1,213,2026-05-02 20:00:00+00:00,1,159.05,0.0,1.87,15.47,0.24,7.29,11.8,1.13
1062,2,213,2026-05-02 20:00:00+00:00,2,134.41,0.0,19.23,68.55,5.18,7.02,7.57,0.34
1063,3,213,2026-05-02 20:00:00+00:00,2,128.75,0.0,1.29,75.8,0.48,1.16,1.31,1.35
1064,4,213,2026-05-02 20:00:00+00:00,2,121.66,0.0,1.66,84.39,0.12,4.35,4.8,2.77
1065,5,213,2026-05-02 20:00:00+00:00,3,143.77,0.19,1.32,100.82,0.71,2.26,2.52,0.93
1066,1,214,2026-05-02 21:00:00+00:00,1,155.12,0.0,1.8,14.48,0.18,7.07,10.97,0.86
1067,2,214,2026-05-02 21:00:00+00:00,2,133.7,0.0,21.32,62.32,5.64,6.41,6.96,0.37
1068,3,214,2026-05-02 21:00:00+00:00,2,128.9,0.0,1.19,72.73,0.38,1.2,1.36,1.12
1069,4,214,2026-05-02 21:00:00+00:00,2,122.26,0.0,1.54,82.15,0.1,4.29,4.66,2.33
1070,5,214,2026-05-02 21:00:00+00:00,2,143.29,0.23,1.74,99.09,0.7,2.19,2.46,0.97
1071,1,215,2026-05-02 22:00:00+00:00,1,147.18,0.0,1.63,13.76,0.13,6.61,9.79,0.55
1072,2,215,2026-05-02 22:00:00+00:00,1,133.16,0.0,22.46,56.6,5.95,5.92,6.49,0.38
1073,3,215,2026-05-02 22:00:00+00:00,2,127.45,0.0,1.07,69.98,0.3,1.21,1.38,0.88
1074,4,215,2026-05-02 22:00:00+00:00,2,121.05,0.0,1.36,78.59,0.08,4.11,4.38,1.93
1075,5,215,2026-05-02 22:00:00+00:00,2,146.25,0.22,2.41,97.59,0.72,2.16,2.45,1.03
1076,1,216,2026-05-02 23:00:00+00:00,1,141.26,0.0,1.49,13.03,0.09,6.23,8.92,0.35
1077,2,216,2026-05-02 23:00:00+00:00,1,133.18,0.0,22.69,51.66,6.13,5.63,6.24,0.35
1078,3,216,2026-05-02 23:00:00+00:00,2,127.18,0.0,0.98,69.0,0.27,1.21,1.38,0.77
1079,4,216,2026-05-02 23:00:00+00:00,2,120.81,0.0,1.17,75.57,0.07,4.0,4.21,1.72
1080,5,216,2026-05-02 23:00:00+00:00,2,148.88,0.08,3.21,94.19,0.76,2.13,2.44,1.08
1081,1,217,2026-05-03 00:00:00+00:00,1,134.29,0.0,1.33,13.32,0.07,5.75,8.04,0.27
1082,2,217,2026-05-03 00:00:00+00:00,1,133.47,0.0,22.39,47.36,6.35,5.58,6.24,0.35
1083,3,217,2026-05-03 00:00:00+00:00,2,127.47,0.0,0.93,69.46,0.28,1.2,1.37,0.71
1084,4,217,2026-05-03 00:00:00+00:00,2,120.65,0.0,1.02,72.69,0.07,3.97,4.17,1.64
1085,5,217,2026-05-03 00:00:00+00:00,2,151.52,0.01,3.69,91.38,0.81,2.08,2.42,1.13
1086,1,218,2026-05-03 01:00:00+00:00,1,117.94,0.0,1.02,16.52,0.07,4.71,6.48,0.26
1087,2,218,2026-05-03 01:00:00+00:00,1,134.17,0.0,22.32,43.03,6.18,5.96,6.64,0.33
1088,3,218,2026-05-03 01:00:00+00:00,2,127.55,0.0,0.92,69.96,0.3,1.18,1.37,0.74
1089,4,218,2026-05-03 01:00:00+00:00,2,119.97,0.0,0.92,69.51,0.07,3.95,4.16,1.55
1090,5,218,2026-05-03 01:00:00+00:00,2,151.47,0.0,3.94,84.78,0.81,2.01,2.39,1.22
1091,1,219,2026-05-03 02:00:00+00:00,1,110.77,0.0,0.88,17.48,0.06,4.25,5.76,0.26
1092,2,219,2026-05-03 02:00:00+00:00,1,135.94,0.0,24.35,37.36,6.0,6.58,7.28,0.34
1093,3,219,2026-05-03 02:00:00+00:00,2,127.03,0.0,0.94,69.14,0.33,1.21,1.39,0.89
1094,4,219,2026-05-03 02:00:00+00:00,2,119.47,0.0,0.84,65.7,0.08,3.92,4.13,1.45
1095,5,219,2026-05-03 02:00:00+00:00,2,152.22,0.0,4.1,78.14,0.82,1.95,2.39,1.34
1096,1,220,2026-05-03 03:00:00+00:00,1,106.8,0.0,0.81,18.23,0.07,4.01,5.43,0.3
1097,2,220,2026-05-03 03:00:00+00:00,1,138.27,0.01,28.47,31.05,6.34,7.79,8.5,0.3
1098,3,220,2026-05-03 03:00:00+00:00,2,127.25,0.0,1.07,68.4,0.38,1.3,1.48,1.13
1099,4,220,2026-05-03 03:00:00+00:00,2,118.43,0.0,0.8,62.39,0.07,3.84,4.03,1.41
1100,5,220,2026-05-03 03:00:00+00:00,2,152.04,0.0,4.18,73.36,0.85,1.91,2.41,1.44
1101,1,221,2026-05-03 04:00:00+00:00,1,106.29,0.03,0.78,18.96,0.1,3.89,5.53,0.42
1102,2,221,2026-05-03 04:00:00+00:00,1,140.4,0.03,34.34,23.84,6.68,9.15,9.83,0.28
1103,3,221,2026-05-03 04:00:00+00:00,2,128.85,0.06,1.23,68.4,0.45,1.41,1.59,1.38
1104,4,221,2026-05-03 04:00:00+00:00,2,116.91,0.0,0.8,60.51,0.07,3.64,3.82,1.33
1105,5,221,2026-05-03 04:00:00+00:00,2,149.41,0.0,3.98,69.49,0.95,1.89,2.38,1.5
1106,1,222,2026-05-03 05:00:00+00:00,1,107.15,0.17,0.56,20.54,0.13,3.85,5.82,0.59
1107,2,222,2026-05-03 05:00:00+00:00,2,142.35,0.1,40.48,17.0,7.23,10.71,11.34,0.27
1108,3,222,2026-05-03 05:00:00+00:00,2,129.04,0.17,1.19,67.8,0.51,1.51,1.68,1.54
1109,4,222,2026-05-03 05:00:00+00:00,2,116.65,0.0,0.98,61.34,0.07,3.39,3.55,1.23
1110,5,222,2026-05-03 05:00:00+00:00,2,146.91,0.0,3.43,69.14,1.08,1.9,2.35,1.5
1111,1,223,2026-05-03 06:00:00+00:00,1,104.37,0.17,0.39,24.86,0.15,3.9,5.95,0.64
1112,2,223,2026-05-03 06:00:00+00:00,2,144.11,1.84,43.93,13.58,8.01,12.33,12.89,0.28
1113,3,223,2026-05-03 06:00:00+00:00,2,128.59,0.26,1.02,69.16,0.61,1.62,1.78,1.6
1114,4,223,2026-05-03 06:00:00+00:00,2,117.03,0.0,1.3,64.48,0.07,3.11,3.26,1.17
1115,5,223,2026-05-03 06:00:00+00:00,2,144.86,0.0,2.85,71.8,1.2,1.87,2.27,1.45
1116,1,224,2026-05-03 07:00:00+00:00,1,81.35,0.05,0.14,36.73,0.13,2.94,4.28,0.39
1117,2,224,2026-05-03 07:00:00+00:00,2,145.86,7.11,41.37,16.24,8.72,13.14,13.63,0.26
1118,3,224,2026-05-03 07:00:00+00:00,2,128.46,0.25,0.84,75.18,0.78,1.77,1.92,1.57
1119,4,224,2026-05-03 07:00:00+00:00,2,117.88,0.01,1.33,72.4,0.07,2.86,3.0,1.13
1120,5,224,2026-05-03 07:00:00+00:00,2,144.62,0.0,2.29,81.63,1.28,1.71,2.04,1.36
1121,1,225,2026-05-03 08:00:00+00:00,1,77.14,0.03,0.09,38.11,0.13,2.8,4.09,0.37
1122,2,225,2026-05-03 08:00:00+00:00,2,148.15,11.21,40.78,17.26,9.58,13.12,13.57,0.25
1123,3,225,2026-05-03 08:00:00+00:00,2,127.2,0.22,0.72,78.08,0.85,1.96,2.11,1.58
1124,4,225,2026-05-03 08:00:00+00:00,2,118.29,0.03,1.23,76.35,0.07,2.76,2.93,1.14
1125,5,225,2026-05-03 08:00:00+00:00,2,144.52,0.0,2.03,83.54,1.19,1.45,1.76,1.35
1126,1,226,2026-05-03 09:00:00+00:00,1,75.19,0.03,0.08,38.16,0.14,2.77,4.06,0.37
1127,2,226,2026-05-03 09:00:00+00:00,2,150.63,13.64,41.6,16.75,10.68,12.87,13.3,0.24
1128,3,226,2026-05-03 09:00:00+00:00,2,126.22,0.19,0.64,80.18,0.9,2.17,2.32,1.59
1129,4,226,2026-05-03 09:00:00+00:00,2,118.51,0.05,1.08,77.26,0.06,2.69,2.88,1.18
1130,5,226,2026-05-03 09:00:00+00:00,2,144.6,0.0,1.9,83.86,1.08,1.16,1.46,1.31
1131,1,227,2026-05-03 10:00:00+00:00,1,72.31,0.02,0.07,41.99,0.11,2.58,3.69,0.3
1132,2,227,2026-05-03 10:00:00+00:00,2,152.49,15.69,40.15,17.95,12.48,13.28,13.75,0.24
1133,3,227,2026-05-03 10:00:00+00:00,2,125.55,0.15,0.54,85.11,0.88,2.29,2.44,1.69
1134,4,227,2026-05-03 10:00:00+00:00,2,119.34,0.05,0.82,80.21,0.05,2.4,2.59,1.14
1135,5,227,2026-05-03 10:00:00+00:00,2,142.21,0.0,1.8,83.48,1.03,0.87,1.16,1.21
1136,1,228,2026-05-03 11:00:00+00:00,1,70.27,0.02,0.08,44.68,0.1,2.45,3.45,0.28
1137,2,228,2026-05-03 11:00:00+00:00,2,153.36,18.06,35.99,20.94,14.11,14.1,14.62,0.23
1138,3,228,2026-05-03 11:00:00+00:00,2,123.76,0.13,0.48,86.94,0.84,2.34,2.49,1.71
1139,4,228,2026-05-03 11:00:00+00:00,2,118.69,0.04,0.72,79.04,0.04,2.02,2.17,1.08
1140,5,228,2026-05-03 11:00:00+00:00,2,142.21,0.01,2.09,83.54,1.11,0.75,1.06,1.15
1141,1,229,2026-05-03 12:00:00+00:00,1,69.65,0.02,0.08,44.78,0.1,2.4,3.4,0.28
1142,2,229,2026-05-03 12:00:00+00:00,2,153.85,19.26,32.2,23.4,15.36,14.94,15.53,0.19
1143,3,229,2026-05-03 12:00:00+00:00,2,123.41,0.12,0.49,87.31,0.83,2.45,2.61,1.7
1144,4,229,2026-05-03 12:00:00+00:00,2,117.87,0.04,0.7,76.42,0.04,1.6,1.7,0.98
1145,5,229,2026-05-03 12:00:00+00:00,2,142.96,0.18,2.4,85.05,1.29,0.78,1.1,1.11
1146,1,230,2026-05-03 13:00:00+00:00,1,75.48,0.05,0.2,40.29,0.12,2.64,3.94,0.45
1147,2,230,2026-05-03 13:00:00+00:00,2,153.4,18.58,29.73,25.67,16.28,15.92,16.61,0.16
1148,3,230,2026-05-03 13:00:00+00:00,2,124.8,0.12,0.53,88.23,0.81,2.68,2.85,1.79
1149,4,230,2026-05-03 13:00:00+00:00,2,119.07,0.03,0.68,74.97,0.03,1.12,1.19,0.85
1150,5,230,2026-05-03 13:00:00+00:00,2,140.53,0.35,1.91,89.86,1.47,0.81,1.1,0.95
1151,1,231,2026-05-03 14:00:00+00:00,1,86.28,0.07,0.47,34.27,0.16,3.12,4.92,0.69
1152,2,231,2026-05-03 14:00:00+00:00,2,152.18,15.69,29.41,26.86,16.08,16.38,17.23,0.14
1153,3,231,2026-05-03 14:00:00+00:00,2,125.18,0.11,0.61,87.41,0.78,2.92,3.11,1.85
1154,4,231,2026-05-03 14:00:00+00:00,2,118.71,0.05,0.67,72.59,0.03,0.88,0.93,0.87
1155,5,231,2026-05-03 14:00:00+00:00,2,136.43,0.33,1.39,94.0,1.36,0.81,1.09,0.87
1156,1,232,2026-05-03 15:00:00+00:00,1,97.94,0.01,0.89,29.56,0.18,3.63,5.97,0.87
1157,2,232,2026-05-03 15:00:00+00:00,2,150.4,12.57,29.57,28.54,14.98,15.74,16.75,0.17
1158,3,232,2026-05-03 15:00:00+00:00,2,125.73,0.09,0.73,85.53,0.77,3.12,3.32,1.85
1159,4,232,2026-05-03 15:00:00+00:00,2,118.26,0.06,0.7,70.52,0.03,0.77,0.82,0.96
1160,5,232,2026-05-03 15:00:00+00:00,2,133.76,0.27,1.05,96.83,1.26,0.89,1.18,0.9
1161,1,233,2026-05-03 16:00:00+00:00,1,111.04,0.0,1.2,25.15,0.21,4.2,7.29,1.01
1162,2,233,2026-05-03 16:00:00+00:00,2,148.66,9.25,30.47,31.02,14.26,15.84,17.06,0.19
1163,3,233,2026-05-03 16:00:00+00:00,2,127.26,0.06,0.97,81.5,0.76,3.32,3.53,1.87
1164,4,233,2026-05-03 16:00:00+00:00,2,117.56,0.06,0.76,69.2,0.03,0.7,0.74,1.03
1165,5,233,2026-05-03 16:00:00+00:00,3,133.34,0.22,0.82,100.98,1.18,1.04,1.36,0.94
1166,1,234,2026-05-03 17:00:00+00:00,1,128.37,0.0,1.48,21.29,0.24,4.99,9.02,1.11
1167,2,234,2026-05-03 17:00:00+00:00,2,146.39,5.89,30.92,35.53,13.29,16.18,17.53,0.2
1168,3,234,2026-05-03 17:00:00+00:00,2,128.42,0.01,1.26,75.67,0.71,3.47,3.7,1.82
1169,4,234,2026-05-03 17:00:00+00:00,2,117.23,0.03,0.79,69.02,0.03,0.6,0.64,1.04
1170,5,234,2026-05-03 17:00:00+00:00,3,131.28,0.18,0.66,103.85,1.07,1.16,1.49,0.95
1171,1,235,2026-05-03 18:00:00+00:00,1,144.19,0.0,1.69,18.2,0.24,5.81,10.63,1.06
1172,2,235,2026-05-03 18:00:00+00:00,2,143.57,2.74,30.17,43.08,11.78,15.15,16.45,0.24
1173,3,235,2026-05-03 18:00:00+00:00,2,128.87,0.0,1.36,71.09,0.64,3.58,3.81,1.51
1174,4,235,2026-05-03 18:00:00+00:00,2,116.99,0.01,0.79,69.45,0.03,0.53,0.54,1.0
1175,5,235,2026-05-03 18:00:00+00:00,3,129.14,0.14,0.59,105.9,0.98,1.22,1.58,0.96
1176,1,236,2026-05-03 19:00:00+00:00,1,154.96,0.01,1.81,15.72,0.24,6.43,11.78,0.99
1177,2,236,2026-05-03 19:00:00+00:00,2,140.34,0.54,27.04,53.61,10.39,13.47,14.59,0.24
1178,3,236,2026-05-03 19:00:00+00:00,2,126.53,0.0,1.33,66.76,0.53,3.52,3.75,1.09
1179,4,236,2026-05-03 19:00:00+00:00,2,116.11,0.0,1.17,62.12,0.04,0.53,0.58,1.37
1180,5,236,2026-05-03 19:00:00+00:00,3,128.86,0.13,0.57,108.66,0.94,1.27,1.67,0.98
1181,1,237,2026-05-03 20:00:00+00:00,1,161.15,0.01,1.85,13.95,0.21,6.74,12.26,0.81
1182,2,237,2026-05-03 20:00:00+00:00,2,139.3,0.01,25.04,57.68,9.83,12.43,13.47,0.22
1183,3,237,2026-05-03 20:00:00+00:00,2,125.65,0.0,1.25,63.97,0.43,3.51,3.73,0.81
1184,4,237,2026-05-03 20:00:00+00:00,1,115.74,0.0,1.72,50.11,0.06,0.57,0.74,1.6
1185,5,237,2026-05-03 20:00:00+00:00,3,127.43,0.13,0.59,109.92,0.89,1.3,1.75,1.0
1186,1,238,2026-05-03 21:00:00+00:00,1,158.29,0.01,1.77,12.74,0.14,6.59,11.67,0.56
1187,2,238,2026-05-03 21:00:00+00:00,2,138.16,0.0,23.03,61.19,9.35,12.05,13.0,0.17
1188,3,238,2026-05-03 21:00:00+00:00,2,125.14,0.0,1.15,61.31,0.36,3.57,3.78,0.63
1189,4,238,2026-05-03 21:00:00+00:00,1,114.46,0.0,2.11,40.62,0.06,0.63,0.87,2.09
1190,5,238,2026-05-03 21:00:00+00:00,3,126.54,0.14,0.7,110.1,0.85,1.32,1.79,1.02
1191,1,239,2026-05-03 22:00:00+00:00,1,152.69,0.01,1.63,12.17,0.11,6.3,10.82,0.44
1192,2,239,2026-05-03 22:00:00+00:00,2,136.45,0.0,20.36,66.37,8.33,11.57,12.39,0.16
1193,3,239,2026-05-03 22:00:00+00:00,1,123.38,0.0,1.06,58.31,0.31,3.63,3.84,0.53
1194,4,239,2026-05-03 22:00:00+00:00,1,111.24,0.0,2.24,33.19,0.05,0.65,0.9,2.77
1195,5,239,2026-05-03 22:00:00+00:00,2,135.56,0.47,2.5,92.63,0.75,1.46,1.98,1.16
1196,1,240,2026-05-03 23:00:00+00:00,1,148.02,0.01,1.49,12.19,0.09,6.05,10.17,0.37
1197,2,240,2026-05-03 23:00:00+00:00,2,135.02,0.0,18.08,70.44,7.63,11.37,12.11,0.15
1198,3,240,2026-05-03 23:00:00+00:00,1,122.75,0.0,0.99,55.66,0.28,3.7,3.92,0.47
1199,4,240,2026-05-03 23:00:00+00:00,1,108.81,0.0,2.07,27.94,0.04,0.66,0.9,2.37
1200,5,240,2026-05-03 23:00:00+00:00,2,148.18,0.67,5.31,70.28,0.61,1.65,2.3,1.46
1201,1,241,2026-05-04 00:00:00+00:00,1,142.3,0.01,1.36,12.78,0.08,5.74,9.5,0.33
1202,2,241,2026-05-04 00:00:00+00:00,2,133.95,0.0,16.04,74.67,7.16,11.13,11.85,0.12
1203,3,241,2026-05-04 00:00:00+00:00,1,122.21,0.0,0.95,52.93,0.26,3.77,4.0,0.43
1204,4,241,2026-05-04 00:00:00+00:00,1,107.83,0.0,1.76,26.5,0.04,0.66,0.88,2.16
1205,5,241,2026-05-04 00:00:00+00:00,1,155.19,0.18,7.66,57.88,0.54,1.79,2.61,1.87
1206,1,242,2026-05-04 01:00:00+00:00,1,136.1,0.0,1.23,13.64,0.07,5.37,8.81,0.31
1207,2,242,2026-05-04 01:00:00+00:00,2,133.84,0.0,16.29,76.22,7.42,11.1,11.91,0.12
1208,3,242,2026-05-04 01:00:00+00:00,1,120.97,0.0,0.94,49.41,0.24,3.84,4.07,0.4
1209,4,242,2026-05-04 01:00:00+00:00,1,107.08,0.0,1.46,28.14,0.04,0.67,0.82,2.04
1210,5,242,2026-05-04 01:00:00+00:00,1,158.06,0.0,8.38,52.31,0.52,1.9,2.86,2.2
1211,1,243,2026-05-04 02:00:00+00:00,1,130.98,0.0,1.14,14.48,0.07,5.03,8.25,0.32
1212,2,243,2026-05-04 02:00:00+00:00,2,134.6,0.0,18.83,74.06,8.26,11.45,12.41,0.1
1213,3,243,2026-05-04 02:00:00+00:00,1,120.14,0.0,0.99,45.84,0.24,3.91,4.16,0.39
1214,4,243,2026-05-04 02:00:00+00:00,1,106.11,0.0,1.31,26.72,0.03,0.65,0.79,1.86
1215,5,243,2026-05-04 02:00:00+00:00,1,157.12,0.0,7.83,50.7,0.54,1.96,2.94,2.1
1216,1,244,2026-05-04 03:00:00+00:00,1,128.02,0.0,1.09,15.58,0.08,4.81,8.0,0.38
1217,2,244,2026-05-04 03:00:00+00:00,2,135.36,0.0,21.62,70.38,8.93,11.8,12.85,0.06
1218,3,244,2026-05-04 03:00:00+00:00,1,120.3,0.01,1.22,42.12,0.26,3.99,4.26,0.41
1219,4,244,2026-05-04 03:00:00+00:00,1,105.49,0.0,1.22,26.14,0.03,0.63,0.77,1.72
1220,5,244,2026-05-04 03:00:00+00:00,1,153.59,0.0,6.57,55.99,0.7,1.91,2.82,1.94
1221,1,245,2026-05-04 04:00:00+00:00,1,128.82,0.05,1.07,18.48,0.14,4.69,8.39,0.59
1222,2,245,2026-05-04 04:00:00+00:00,2,135.54,0.0,23.87,65.65,9.41,12.01,13.09,0.05
1223,3,245,2026-05-04 04:00:00+00:00,1,121.48,0.17,1.48,39.0,0.32,4.05,4.34,0.52
1224,4,245,2026-05-04 04:00:00+00:00,1,105.68,0.0,1.21,27.12,0.03,0.63,0.76,1.55
1225,5,245,2026-05-04 04:00:00+00:00,2,145.91,0.0,4.87,66.1,0.97,1.8,2.57,1.71
1226,1,246,2026-05-04 05:00:00+00:00,1,134.85,0.27,0.81,21.22,0.19,4.87,9.18,0.85
1227,2,246,2026-05-04 05:00:00+00:00,2,135.97,0.0,25.59,60.98,10.13,12.1,13.26,0.06
1228,3,246,2026-05-04 05:00:00+00:00,1,121.82,0.4,1.44,38.03,0.4,4.13,4.45,0.74
1229,4,246,2026-05-04 05:00:00+00:00,1,106.65,0.01,1.64,26.98,0.05,0.68,0.81,1.52
1230,5,246,2026-05-04 05:00:00+00:00,2,143.26,0.0,4.31,66.2,1.02,1.8,2.51,1.66
1231,1,247,2026-05-04 06:00:00+00:00,1,136.69,0.25,0.62,27.08,0.23,5.34,9.87,1.01
1232,2,247,2026-05-04 06:00:00+00:00,2,136.21,0.21,26.98,57.5,10.86,12.26,13.5,0.06
1233,3,247,2026-05-04 06:00:00+00:00,1,121.24,0.47,1.26,41.81,0.51,4.38,4.73,1.08
1234,4,247,2026-05-04 06:00:00+00:00,1,108.27,0.03,2.47,26.89,0.07,0.75,0.9,1.5
1235,5,247,2026-05-04 06:00:00+00:00,2,139.76,0.0,3.74,66.93,1.09,1.82,2.51,1.65
1236,1,248,2026-05-04 07:00:00+00:00,1,86.64,0.05,0.17,45.05,0.18,2.59,4.73,0.49
1237,2,248,2026-05-04 07:00:00+00:00,2,135.7,0.76,21.78,66.2,10.21,11.31,12.58,0.11
1238,3,248,2026-05-04 07:00:00+00:00,1,123.91,0.38,1.04,54.59,0.73,5.12,5.5,1.59
1239,4,248,2026-05-04 07:00:00+00:00,1,109.01,0.08,2.53,32.82,0.06,0.76,0.89,1.27
1240,5,248,2026-05-04 07:00:00+00:00,2,135.45,0.0,3.17,68.86,1.2,1.85,2.52,1.62
1241,1,249,2026-05-04 08:00:00+00:00,1,80.89,0.04,0.11,46.36,0.19,2.43,4.3,0.46
1242,2,249,2026-05-04 08:00:00+00:00,2,135.75,1.7,18.85,68.38,9.71,11.18,12.4,0.19
1243,3,249,2026-05-04 08:00:00+00:00,2,124.0,0.28,0.87,64.53,0.89,5.81,6.21,1.93
1244,4,249,2026-05-04 08:00:00+00:00,1,108.68,0.2,2.4,33.56,0.07,0.8,0.93,1.22
1245,5,249,2026-05-04 08:00:00+00:00,2,132.94,0.0,2.78,71.44,1.32,1.9,2.58,1.58
1246,1,250,2026-05-04 09:00:00+00:00,1,79.71,0.03,0.1,45.34,0.2,2.54,4.39,0.47
1247,2,250,2026-05-04 09:00:00+00:00,2,135.81,2.73,17.82,67.49,9.98,11.29,12.41,0.29
1248,3,250,2026-05-04 09:00:00+00:00,2,124.17,0.21,0.76,73.32,1.02,6.56,6.97,2.2
1249,4,250,2026-05-04 09:00:00+00:00,1,108.54,0.29,2.04,35.7,0.06,0.86,0.98,1.14
1250,5,250,2026-05-04 09:00:00+00:00,2,131.92,0.0,2.6,74.24,1.41,1.96,2.64,1.55
1251,1,251,2026-05-04 10:00:00+00:00,1,75.86,0.03,0.09,49.28,0.17,2.25,3.65,0.37
1252,2,251,2026-05-04 10:00:00+00:00,2,135.81,4.47,16.87,67.29,10.86,11.7,12.72,0.34
1253,3,251,2026-05-04 10:00:00+00:00,3,123.91,0.09,0.48,109.67,0.93,7.03,7.43,3.31
1254,4,251,2026-05-04 10:00:00+00:00,1,111.2,0.15,1.22,56.68,0.04,0.92,1.0,0.76
1255,5,251,2026-05-04 10:00:00+00:00,2,132.64,0.0,2.66,75.37,1.51,2.01,2.67,1.52
1256,1,252,2026-05-04 11:00:00+00:00,1,73.2,0.02,0.09,51.23,0.14,2.07,3.22,0.33
1257,2,252,2026-05-04 11:00:00+00:00,2,136.12,5.92,16.75,68.02,12.42,12.31,13.23,0.31
1258,3,252,2026-05-04 11:00:00+00:00,3,120.53,0.07,0.41,115.46,0.73,5.89,6.25,3.35
1259,4,252,2026-05-04 11:00:00+00:00,2,111.85,0.11,0.86,66.22,0.03,1.0,1.06,0.68
1260,5,252,2026-05-04 11:00:00+00:00,2,135.01,0.01,3.31,71.73,1.4,2.07,2.75,1.59
1261,1,253,2026-05-04 12:00:00+00:00,1,72.59,0.03,0.1,50.49,0.14,2.07,3.16,0.33
1262,2,253,2026-05-04 12:00:00+00:00,2,136.81,6.92,16.97,69.67,14.06,13.2,14.05,0.22
1263,3,253,2026-05-04 12:00:00+00:00,3,120.31,0.07,0.43,115.99,0.67,5.42,5.78,3.17
1264,4,253,2026-05-04 12:00:00+00:00,2,111.86,0.1,0.71,70.69,0.03,1.1,1.15,0.69
1265,5,253,2026-05-04 12:00:00+00:00,2,140.43,0.36,4.07,66.92,1.28,2.21,2.96,1.75
1266,1,254,2026-05-04 13:00:00+00:00,1,79.32,0.05,0.23,45.65,0.16,2.37,3.73,0.49
1267,2,254,2026-05-04 13:00:00+00:00,2,137.76,7.45,17.86,72.22,15.79,14.15,14.96,0.13
1268,3,254,2026-05-04 13:00:00+00:00,3,122.67,0.08,0.56,115.93,0.65,5.39,5.75,3.05
1269,4,254,2026-05-04 13:00:00+00:00,2,112.95,0.08,0.67,76.08,0.03,1.17,1.22,0.72
1270,5,254,2026-05-04 13:00:00+00:00,2,144.43,0.95,3.89,64.42,1.27,2.39,3.26,1.96
1271,1,255,2026-05-04 14:00:00+00:00,1,91.15,0.06,0.51,39.4,0.19,2.91,4.77,0.71
1272,2,255,2026-05-04 14:00:00+00:00,2,138.69,7.36,19.79,74.88,17.45,15.02,15.83,0.07
1273,3,255,2026-05-04 14:00:00+00:00,3,126.49,0.09,0.78,113.23,0.67,5.66,6.02,2.96
1274,4,255,2026-05-04 14:00:00+00:00,2,113.41,0.07,0.84,77.5,0.04,1.2,1.26,0.88
1275,5,255,2026-05-04 14:00:00+00:00,2,144.13,1.12,3.35,65.83,1.4,2.66,3.63,2.09
1276,1,256,2026-05-04 15:00:00+00:00,1,103.94,0.0,0.92,34.55,0.22,3.48,5.89,0.92
1277,2,256,2026-05-04 15:00:00+00:00,2,139.72,7.01,22.94,76.82,19.22,15.51,16.37,0.08
1278,3,256,2026-05-04 15:00:00+00:00,3,130.86,0.07,0.96,110.58,0.67,6.06,6.41,2.94
1279,4,256,2026-05-04 15:00:00+00:00,2,113.41,0.09,1.16,77.07,0.04,1.23,1.3,1.12
1280,5,256,2026-05-04 15:00:00+00:00,2,142.63,0.92,2.69,72.97,1.59,3.25,4.28,2.09
1281,1,257,2026-05-04 16:00:00+00:00,1,115.77,0.0,1.17,30.12,0.25,4.02,7.0,1.09
1282,2,257,2026-05-04 16:00:00+00:00,2,141.01,6.33,27.51,76.28,21.03,15.7,16.71,0.09
1283,3,257,2026-05-04 16:00:00+00:00,2,134.32,0.05,1.34,97.35,0.61,6.38,6.74,2.61
1284,4,257,2026-05-04 16:00:00+00:00,2,113.96,0.11,1.67,74.44,0.05,1.27,1.37,1.5
1285,5,257,2026-05-04 16:00:00+00:00,3,132.27,0.3,1.25,107.07,1.33,3.03,3.8,1.26
1286,1,258,2026-05-04 17:00:00+00:00,1,127.66,0.0,1.3,26.64,0.25,4.55,8.0,1.04
1287,2,258,2026-05-04 17:00:00+00:00,2,141.73,4.63,32.02,73.61,21.08,15.1,16.31,0.11
1288,3,258,2026-05-04 17:00:00+00:00,2,137.66,0.01,1.78,80.48,0.51,6.74,7.12,1.95
1289,4,258,2026-05-04 17:00:00+00:00,2,113.99,0.09,2.08,69.52,0.07,1.31,1.45,1.79
1290,5,258,2026-05-04 17:00:00+00:00,3,126.11,0.17,0.78,115.35,0.99,2.58,3.18,1.02
1291,1,259,2026-05-04 18:00:00+00:00,1,135.67,0.0,1.35,24.29,0.22,4.93,8.59,0.8
1292,2,259,2026-05-04 18:00:00+00:00,2,141.62,2.07,35.66,71.09,19.12,13.97,15.42,0.12
1293,3,259,2026-05-04 18:00:00+00:00,2,139.23,0.0,2.02,67.6,0.42,7.01,7.4,1.32
1294,4,259,2026-05-04 18:00:00+00:00,2,114.1,0.05,2.22,65.94,0.09,1.33,1.52,1.97
1295,5,259,2026-05-04 18:00:00+00:00,3,124.26,0.15,0.74,116.38,0.94,2.58,3.14,1.0
1296,1,260,2026-05-04 19:00:00+00:00,1,129.55,0.0,1.18,23.7,0.19,4.55,7.97,0.56
1297,2,260,2026-05-04 19:00:00+00:00,2,141.86,0.2,36.07,69.56,16.1,12.85,14.48,0.15
1298,3,260,2026-05-04 19:00:00+00:00,1,136.83,0.0,2.23,57.26,0.34,6.95,7.34,0.91
1299,4,260,2026-05-04 19:00:00+00:00,2,115.17,0.01,2.4,60.48,0.11,1.4,1.65,2.17
1300,5,260,2026-05-04 19:00:00+00:00,3,125.86,0.16,0.87,118.24,0.98,2.77,3.31,1.02
1301,1,261,2026-05-04 20:00:00+00:00,1,129.11,0.0,1.12,22.49,0.16,4.39,7.76,0.39
1302,2,261,2026-05-04 20:00:00+00:00,2,141.42,0.0,32.18,68.38,13.48,11.88,13.56,0.2
1303,3,261,2026-05-04 20:00:00+00:00,1,133.53,0.0,2.24,52.36,0.3,6.69,7.07,0.79
1304,4,261,2026-05-04 20:00:00+00:00,1,117.57,0.0,2.75,50.77,0.13,1.57,1.92,2.07
1305,5,261,2026-05-04 20:00:00+00:00,3,126.39,0.18,1.2,116.79,1.02,2.86,3.4,1.04
1306,1,262,2026-05-04 21:00:00+00:00,1,123.94,0.0,1.0,21.66,0.12,3.97,6.87,0.27
1307,2,262,2026-05-04 21:00:00+00:00,2,140.52,0.0,28.25,66.33,11.47,10.85,12.48,0.29
1308,3,262,2026-05-04 21:00:00+00:00,1,128.6,0.0,1.96,52.65,0.3,6.2,6.55,0.8
1309,4,262,2026-05-04 21:00:00+00:00,1,120.53,0.0,3.23,40.9,0.15,1.81,2.25,1.78
1310,5,262,2026-05-04 21:00:00+00:00,3,127.54,0.17,1.77,113.53,1.02,2.74,3.25,1.04
1311,1,263,2026-05-04 22:00:00+00:00,1,119.05,0.0,0.91,20.44,0.09,3.58,5.56,0.25
1312,2,263,2026-05-04 22:00:00+00:00,2,139.15,0.0,25.08,63.65,9.69,9.71,11.32,0.37
1313,3,263,2026-05-04 22:00:00+00:00,1,121.49,0.0,1.55,56.61,0.31,5.46,5.8,0.85
1314,4,263,2026-05-04 22:00:00+00:00,1,122.59,0.0,3.6,32.4,0.14,2.05,2.57,1.58
1315,5,263,2026-05-04 22:00:00+00:00,3,132.35,0.12,2.79,107.57,1.03,2.58,3.08,1.11
1316,1,264,2026-05-04 23:00:00+00:00,1,117.42,0.0,0.87,18.69,0.08,3.39,5.04,0.27
1317,2,264,2026-05-04 23:00:00+00:00,2,137.98,0.0,22.8,61.24,8.19,9.05,10.69,0.35
1318,3,264,2026-05-04 23:00:00+00:00,1,115.9,0.0,1.3,58.31,0.31,4.87,5.2,0.78
1319,4,264,2026-05-04 23:00:00+00:00,1,126.94,0.0,3.84,27.08,0.14,2.52,3.09,1.56
1320,5,264,2026-05-04 23:00:00+00:00,2,137.1,0.07,3.84,98.85,1.13,2.53,3.09,1.23
1321,1,265,2026-05-05 00:00:00+00:00,1,116.17,0.0,0.84,17.31,0.08,3.23,4.79,0.31
1322,2,265,2026-05-05 00:00:00+00:00,2,136.52,0.0,20.24,61.64,7.08,8.75,10.55,0.28
1323,3,265,2026-05-05 00:00:00+00:00,2,112.28,0.0,1.13,61.56,0.37,4.51,4.86,0.8
1324,4,265,2026-05-05 00:00:00+00:00,1,133.31,0.0,4.07,23.88,0.15,3.35,3.98,1.6
1325,5,265,2026-05-05 00:00:00+00:00,2,140.2,0.01,4.46,92.48,1.33,2.64,3.29,1.37
1326,1,266,2026-05-05 01:00:00+00:00,1,115.2,0.0,0.82,16.18,0.08,3.13,4.65,0.34
1327,2,266,2026-05-05 01:00:00+00:00,2,134.93,0.0,13.38,69.31,5.0,8.02,9.89,0.31
1328,3,266,2026-05-05 01:00:00+00:00,2,110.25,0.0,1.03,65.6,0.46,4.38,4.79,0.93
1329,4,266,2026-05-05 01:00:00+00:00,1,140.27,0.0,4.33,21.9,0.18,4.14,4.74,1.51
1330,5,266,2026-05-05 01:00:00+00:00,2,140.33,0.0,4.59,87.53,1.53,2.89,3.64,1.48
1331,1,267,2026-05-05 02:00:00+00:00,1,114.18,0.0,0.81,15.46,0.08,3.06,4.56,0.35
1332,2,267,2026-05-05 02:00:00+00:00,2,134.24,0.0,9.55,72.8,3.84,6.94,8.93,0.4
1333,3,267,2026-05-05 02:00:00+00:00,2,109.35,0.0,1.05,65.08,0.48,4.42,4.85,1.12
1334,4,267,2026-05-05 02:00:00+00:00,1,146.53,0.0,4.63,20.52,0.2,4.6,5.13,1.43
1335,5,267,2026-05-05 02:00:00+00:00,2,140.94,0.0,4.42,86.07,1.62,3.21,4.04,1.59
1336,1,268,2026-05-05 03:00:00+00:00,1,114.2,0.0,0.83,15.33,0.09,3.02,4.59,0.37
1337,2,268,2026-05-05 03:00:00+00:00,2,134.37,0.0,7.85,74.34,3.53,6.07,8.26,0.46
1338,3,268,2026-05-05 03:00:00+00:00,2,109.98,0.01,1.28,63.02,0.52,4.52,4.97,1.44
1339,4,268,2026-05-05 03:00:00+00:00,1,148.77,0.0,4.79,19.87,0.19,4.75,5.19,1.47
1340,5,268,2026-05-05 03:00:00+00:00,2,141.1,0.0,4.04,87.06,1.6,3.55,4.4,1.72
1341,1,269,2026-05-05 04:00:00+00:00,1,119.3,0.03,0.9,15.76,0.13,3.16,5.31,0.44
1342,2,269,2026-05-05 04:00:00+00:00,2,134.27,0.0,7.01,75.42,3.49,5.55,7.91,0.49
1343,3,269,2026-05-05 04:00:00+00:00,2,111.89,0.12,1.55,60.76,0.58,4.6,5.08,1.78
1344,4,269,2026-05-05 04:00:00+00:00,1,145.25,0.0,4.7,20.51,0.19,4.35,4.7,1.55
1345,5,269,2026-05-05 04:00:00+00:00,2,138.73,0.0,3.51,89.24,1.62,3.9,4.75,1.84
1346,1,270,2026-05-05 05:00:00+00:00,1,126.25,0.2,0.77,17.16,0.17,3.39,6.26,0.54
1347,2,270,2026-05-05 05:00:00+00:00,2,134.66,0.0,6.67,76.47,3.47,5.16,7.59,0.52
1348,3,270,2026-05-05 05:00:00+00:00,1,112.73,0.3,1.55,59.83,0.67,4.65,5.16,2.03
1349,4,270,2026-05-05 05:00:00+00:00,1,139.95,0.01,4.6,19.96,0.18,3.78,4.07,1.55
1350,5,270,2026-05-05 05:00:00+00:00,2,138.7,0.0,3.09,90.55,1.7,4.31,5.18,2.0
1351,1,271,2026-05-05 06:00:00+00:00,1,127.27,0.22,0.58,21.45,0.19,3.62,6.7,0.71
1352,2,271,2026-05-05 06:00:00+00:00,2,135.23,0.02,6.77,76.88,3.46,4.88,7.26,0.55
1353,3,271,2026-05-05 06:00:00+00:00,2,112.31,0.35,1.34,62.94,0.8,4.72,5.27,2.29
1354,4,271,2026-05-05 06:00:00+00:00,1,135.93,0.07,4.9,18.81,0.17,3.39,3.64,1.49
1355,5,271,2026-05-05 06:00:00+00:00,2,138.57,0.0,2.69,92.64,1.9,4.74,5.64,2.14
1356,1,272,2026-05-05 07:00:00+00:00,1,81.27,0.05,0.16,38.77,0.15,1.4,2.6,0.35
1357,2,272,2026-05-05 07:00:00+00:00,2,135.67,0.17,7.03,78.13,3.43,4.33,6.52,0.55
1358,3,272,2026-05-05 07:00:00+00:00,2,113.12,0.28,1.06,72.82,1.02,4.97,5.56,2.71
1359,4,272,2026-05-05 07:00:00+00:00,1,133.75,0.29,4.76,19.84,0.17,3.12,3.32,1.32
1360,5,272,2026-05-05 07:00:00+00:00,2,137.71,0.0,2.35,94.88,2.2,5.15,6.08,2.23
1361,1,273,2026-05-05 08:00:00+00:00,1,74.24,0.03,0.1,41.23,0.15,1.19,2.16,0.32
1362,2,273,2026-05-05 08:00:00+00:00,2,136.06,0.65,7.9,78.57,3.91,3.96,6.01,0.58
1363,3,273,2026-05-05 08:00:00+00:00,2,111.98,0.23,0.87,76.56,1.09,5.2,5.8,2.82
1364,4,273,2026-05-05 08:00:00+00:00,1,134.48,0.65,4.45,18.85,0.17,2.93,3.11,1.23
1365,5,273,2026-05-05 08:00:00+00:00,2,137.74,0.0,2.18,95.73,2.43,5.5,6.47,2.28
1366,1,274,2026-05-05 09:00:00+00:00,1,72.63,0.03,0.08,40.25,0.16,1.29,2.26,0.33
1367,2,274,2026-05-05 09:00:00+00:00,2,136.36,1.33,8.56,79.25,4.48,3.95,5.9,0.62
1368,3,274,2026-05-05 09:00:00+00:00,2,110.84,0.19,0.75,78.61,1.12,5.48,6.08,2.81
1369,4,274,2026-05-05 09:00:00+00:00,1,136.67,1.04,4.07,17.47,0.17,2.77,2.94,1.17
1370,5,274,2026-05-05 09:00:00+00:00,2,137.87,0.0,2.14,95.17,2.57,5.73,6.72,2.3
1371,1,275,2026-05-05 10:00:00+00:00,1,71.96,0.03,0.08,41.73,0.16,1.38,2.25,0.31
1372,2,275,2026-05-05 10:00:00+00:00,2,136.33,1.72,8.91,81.8,4.83,4.06,5.95,0.64
1373,3,275,2026-05-05 10:00:00+00:00,3,113.3,0.09,0.5,109.64,1.17,5.73,6.3,3.67
1374,4,275,2026-05-05 10:00:00+00:00,1,136.54,1.29,3.66,17.2,0.16,2.32,2.46,1.16
1375,5,275,2026-05-05 10:00:00+00:00,2,137.01,0.0,2.22,92.49,2.57,5.76,6.76,2.26
1376,1,276,2026-05-05 11:00:00+00:00,1,70.28,0.02,0.08,43.09,0.15,1.4,2.18,0.29
1377,2,276,2026-05-05 11:00:00+00:00,2,135.32,1.52,8.91,86.61,4.81,3.93,5.72,0.64
1378,3,276,2026-05-05 11:00:00+00:00,3,112.38,0.07,0.44,115.38,0.99,4.91,5.4,3.63
1379,4,276,2026-05-05 11:00:00+00:00,1,134.12,1.28,3.36,18.99,0.15,2.12,2.25,1.08
1380,5,276,2026-05-05 11:00:00+00:00,2,137.71,0.01,2.8,88.29,2.5,5.67,6.7,2.18
1381,1,277,2026-05-05 12:00:00+00:00,1,69.85,0.02,0.09,42.81,0.15,1.5,2.26,0.29
1382,2,277,2026-05-05 12:00:00+00:00,2,134.22,1.34,8.64,91.26,4.76,3.71,5.4,0.68
1383,3,277,2026-05-05 12:00:00+00:00,3,111.9,0.06,0.47,115.31,0.88,4.2,4.61,3.58
1384,4,277,2026-05-05 12:00:00+00:00,1,131.52,1.04,3.24,22.68,0.14,2.07,2.19,1.06
1385,5,277,2026-05-05 12:00:00+00:00,2,140.49,0.23,3.49,83.72,2.39,5.56,6.61,2.1
1386,1,278,2026-05-05 13:00:00+00:00,1,74.49,0.04,0.18,40.42,0.16,1.78,2.77,0.43
1387,2,278,2026-05-05 13:00:00+00:00,2,133.91,1.38,8.37,95.45,4.9,3.8,5.43,0.68
1388,3,278,2026-05-05 13:00:00+00:00,3,113.55,0.08,0.7,113.23,0.88,4.08,4.47,3.57
1389,4,278,2026-05-05 13:00:00+00:00,1,127.81,0.34,2.38,45.68,0.09,1.6,1.66,0.75
1390,5,278,2026-05-05 13:00:00+00:00,2,141.84,0.59,3.38,82.85,2.34,5.47,6.54,2.0
1391,1,279,2026-05-05 14:00:00+00:00,1,83.24,0.04,0.41,37.01,0.19,2.25,3.67,0.68
1392,2,279,2026-05-05 14:00:00+00:00,2,133.47,1.24,8.55,98.25,5.05,4.02,5.66,0.69
1393,3,279,2026-05-05 14:00:00+00:00,3,115.34,0.11,1.06,107.64,0.94,4.32,4.73,3.43
1394,4,279,2026-05-05 14:00:00+00:00,2,124.16,0.14,1.61,60.29,0.06,1.35,1.39,0.63
1395,5,279,2026-05-05 14:00:00+00:00,2,139.5,0.65,2.8,86.5,2.39,5.53,6.6,1.88
1396,1,280,2026-05-05 15:00:00+00:00,1,93.23,0.0,0.74,34.17,0.22,2.76,4.62,0.87
1397,2,280,2026-05-05 15:00:00+00:00,3,132.85,0.98,8.68,100.5,5.02,4.09,5.84,0.74
1398,3,280,2026-05-05 15:00:00+00:00,3,116.43,0.11,1.35,101.89,0.97,4.56,4.99,3.28
1399,4,280,2026-05-05 15:00:00+00:00,2,123.67,0.11,1.51,65.06,0.05,1.39,1.43,0.64
1400,5,280,2026-05-05 15:00:00+00:00,2,136.12,0.49,2.08,94.65,2.45,5.94,7.01,1.74
1401,1,281,2026-05-05 16:00:00+00:00,1,106.78,0.0,1.04,30.58,0.26,3.41,5.93,1.09
1402,2,281,2026-05-05 16:00:00+00:00,3,132.85,0.89,9.41,100.58,5.24,3.99,5.88,0.78
1403,3,281,2026-05-05 16:00:00+00:00,2,117.63,0.07,1.94,84.88,0.86,4.7,5.16,2.9
1404,4,281,2026-05-05 16:00:00+00:00,2,125.11,0.12,1.74,66.06,0.06,1.48,1.52,0.72
1405,5,281,2026-05-05 16:00:00+00:00,3,128.69,0.23,1.15,116.74,1.91,5.82,6.79,1.35
1406,1,282,2026-05-05 17:00:00+00:00,1,125.93,0.0,1.36,26.71,0.31,4.31,7.76,1.34
1407,2,282,2026-05-05 17:00:00+00:00,2,132.73,0.67,11.66,97.14,5.85,4.0,6.03,0.77
1408,3,282,2026-05-05 17:00:00+00:00,2,119.29,0.01,2.53,66.14,0.67,4.83,5.31,2.65
1409,4,282,2026-05-05 17:00:00+00:00,2,126.68,0.13,2.06,64.66,0.08,1.54,1.59,0.84
1410,5,282,2026-05-05 17:00:00+00:00,3,122.45,0.16,0.85,123.2,1.5,5.16,6.0,1.08
1411,1,283,2026-05-05 18:00:00+00:00,1,143.58,0.0,1.6,23.39,0.33,5.19,9.39,1.44
1412,2,283,2026-05-05 18:00:00+00:00,2,132.8,0.37,14.2,93.0,6.56,4.06,6.22,0.75
1413,3,283,2026-05-05 18:00:00+00:00,1,119.55,0.0,2.79,54.56,0.52,4.91,5.4,2.57
1414,4,283,2026-05-05 18:00:00+00:00,2,128.07,0.09,2.38,63.29,0.1,1.59,1.65,0.92
1415,5,283,2026-05-05 18:00:00+00:00,3,119.5,0.15,0.81,123.96,1.37,4.71,5.49,0.95
1416,1,284,2026-05-05 19:00:00+00:00,1,156.84,0.0,1.76,20.39,0.34,5.91,10.59,1.36
1417,2,284,2026-05-05 19:00:00+00:00,2,132.37,0.08,15.7,89.53,6.93,4.04,6.26,0.72
1418,3,284,2026-05-05 19:00:00+00:00,1,117.81,0.0,2.97,46.23,0.4,4.84,5.34,2.11
1419,4,284,2026-05-05 19:00:00+00:00,2,129.19,0.02,2.71,60.99,0.11,1.65,1.74,1.02
1420,5,284,2026-05-05 19:00:00+00:00,3,119.6,0.15,0.84,126.01,1.29,4.32,5.06,0.9
1421,1,285,2026-05-05 20:00:00+00:00,1,165.39,0.0,1.85,17.87,0.28,6.37,11.28,1.04
1422,2,285,2026-05-05 20:00:00+00:00,2,130.77,0.0,15.11,87.53,6.48,3.73,5.87,0.66
1423,3,285,2026-05-05 20:00:00+00:00,1,116.98,0.0,2.96,39.91,0.29,4.82,5.29,1.4
1424,4,285,2026-05-05 20:00:00+00:00,1,130.56,0.0,2.86,57.47,0.12,1.76,1.88,1.19
1425,5,285,2026-05-05 20:00:00+00:00,3,119.61,0.15,0.94,126.23,1.19,4.0,4.74,0.91
1426,1,286,2026-05-05 21:00:00+00:00,1,164.28,0.0,1.8,15.93,0.2,6.33,10.99,0.68
1427,2,286,2026-05-05 21:00:00+00:00,2,129.0,0.0,13.42,88.47,5.77,3.17,5.13,0.68
1428,3,286,2026-05-05 21:00:00+00:00,1,114.62,0.0,2.66,35.75,0.21,4.77,5.2,0.84
1429,4,286,2026-05-05 21:00:00+00:00,1,131.58,0.0,2.93,53.2,0.12,1.85,2.0,1.33
1430,5,286,2026-05-05 21:00:00+00:00,3,120.75,0.16,1.15,125.54,1.09,3.8,4.56,0.98
1431,1,287,2026-05-05 22:00:00+00:00,1,160.82,0.0,1.72,14.44,0.15,6.13,10.32,0.53
1432,2,287,2026-05-05 22:00:00+00:00,2,128.23,0.0,10.0,93.99,4.59,2.44,4.21,0.73
1433,3,287,2026-05-05 22:00:00+00:00,1,110.25,0.0,2.2,33.27,0.16,4.58,4.97,0.59
1434,4,287,2026-05-05 22:00:00+00:00,1,130.88,0.0,2.83,48.72,0.11,1.87,2.04,1.43
1435,5,287,2026-05-05 22:00:00+00:00,3,122.93,0.15,1.5,124.07,1.02,3.8,4.67,1.1
1436,1,288,2026-05-05 23:00:00+00:00,1,158.23,0.0,1.64,13.52,0.13,5.92,9.68,0.51
1437,2,288,2026-05-05 23:00:00+00:00,2,128.3,0.0,7.98,95.77,3.89,1.95,3.65,0.75
1438,3,288,2026-05-05 23:00:00+00:00,1,107.65,0.0,1.84,33.91,0.15,4.42,4.78,0.62
1439,4,288,2026-05-05 23:00:00+00:00,1,130.99,0.0,2.66,45.17,0.1,1.99,2.18,1.48
1440,5,288,2026-05-05 23:00:00+00:00,3,125.2,0.08,1.99,120.45,1.06,3.94,4.96,1.24
1441,1,289,2026-05-06 00:00:00+00:00,1,153.73,0.0,1.55,13.25,0.12,5.56,8.94,0.56
1442,2,289,2026-05-06 00:00:00+00:00,2,128.83,0.0,6.63,96.29,3.41,1.65,3.28,0.78
1443,3,289,2026-05-06 00:00:00+00:00,1,106.12,0.0,1.55,37.63,0.16,4.29,4.62,0.75
1444,4,289,2026-05-06 00:00:00+00:00,1,131.47,0.0,2.5,42.4,0.09,2.32,2.52,1.46
1445,5,289,2026-05-06 00:00:00+00:00,3,126.6,0.01,2.33,116.05,1.15,4.01,5.24,1.36
1446,1,290,2026-05-06 01:00:00+00:00,1,147.18,0.0,1.43,13.75,0.12,5.1,8.1,0.58
1447,2,290,2026-05-06 01:00:00+00:00,2,128.97,0.0,5.7,96.55,3.04,1.62,3.17,0.78
1448,3,290,2026-05-06 01:00:00+00:00,1,106.51,0.0,1.28,45.3,0.21,4.22,4.56,0.9
1449,4,290,2026-05-06 01:00:00+00:00,1,131.79,0.0,2.36,39.68,0.09,2.68,2.88,1.37
1450,5,290,2026-05-06 01:00:00+00:00,3,126.48,0.0,2.37,110.76,1.24,3.96,5.42,1.44
1451,1,291,2026-05-06 02:00:00+00:00,1,143.35,0.0,1.34,13.42,0.11,4.86,7.56,0.48
1452,2,291,2026-05-06 02:00:00+00:00,2,130.28,0.0,5.81,95.99,3.15,1.96,3.54,0.79
1453,3,291,2026-05-06 02:00:00+00:00,1,105.95,0.0,1.29,40.66,0.18,4.19,4.52,0.75
1454,4,291,2026-05-06 02:00:00+00:00,1,132.31,0.0,2.33,36.95,0.09,2.99,3.19,1.3
1455,5,291,2026-05-06 02:00:00+00:00,3,127.74,0.0,2.41,107.06,1.33,3.9,5.65,1.53
1456,1,292,2026-05-06 03:00:00+00:00,1,141.54,0.01,1.3,13.18,0.1,4.72,7.21,0.41
1457,2,292,2026-05-06 03:00:00+00:00,2,131.23,0.0,5.97,94.16,3.34,2.63,4.37,0.82
1458,3,292,2026-05-06 03:00:00+00:00,1,107.28,0.04,1.61,35.39,0.2,4.19,4.53,0.71
1459,4,292,2026-05-06 03:00:00+00:00,1,133.2,0.0,2.38,35.21,0.1,3.4,3.59,1.33
1460,5,292,2026-05-06 03:00:00+00:00,3,128.65,0.0,2.41,103.96,1.35,3.76,5.77,1.6
1461,1,293,2026-05-06 04:00:00+00:00,1,143.59,0.05,1.27,13.26,0.13,4.67,7.41,0.42
1462,2,293,2026-05-06 04:00:00+00:00,2,131.18,0.0,6.07,90.51,3.45,3.53,5.48,0.83
1463,3,293,2026-05-06 04:00:00+00:00,1,110.77,0.35,1.97,30.58,0.26,4.17,4.54,0.8
1464,4,293,2026-05-06 04:00:00+00:00,1,134.2,0.0,2.51,35.11,0.12,3.8,3.98,1.31
1465,5,293,2026-05-06 04:00:00+00:00,3,127.45,0.0,2.25,100.85,1.3,3.55,5.79,1.64
1466,1,294,2026-05-06 05:00:00+00:00,1,147.2,0.31,0.91,15.01,0.18,4.76,8.11,0.54
1467,2,294,2026-05-06 05:00:00+00:00,2,131.06,0.0,6.23,85.59,3.54,4.23,6.55,0.84
1468,3,294,2026-05-06 05:00:00+00:00,1,113.41,0.81,1.9,28.23,0.32,4.16,4.55,1.07
1469,4,294,2026-05-06 05:00:00+00:00,1,136.23,0.0,2.89,36.73,0.15,4.65,4.81,1.21
1470,5,294,2026-05-06 05:00:00+00:00,2,126.63,0.0,2.01,99.89,1.22,3.45,5.93,1.65
1471,1,295,2026-05-06 06:00:00+00:00,1,148.38,0.29,0.65,20.64,0.22,5.38,9.04,0.8
1472,2,295,2026-05-06 06:00:00+00:00,2,131.13,0.01,6.53,80.9,3.65,4.38,7.13,0.84
1473,3,295,2026-05-06 06:00:00+00:00,1,113.52,0.97,1.67,29.15,0.36,4.2,4.61,1.35
1474,4,295,2026-05-06 06:00:00+00:00,1,138.63,0.01,3.47,39.4,0.19,5.53,5.71,1.14
1475,5,295,2026-05-06 06:00:00+00:00,2,125.54,0.0,1.78,100.0,1.16,3.4,6.14,1.62
1476,1,296,2026-05-06 07:00:00+00:00,1,95.56,0.09,0.22,33.28,0.21,2.75,4.48,0.58
1477,2,296,2026-05-06 07:00:00+00:00,2,131.43,0.09,7.09,77.21,3.75,3.82,6.91,0.92
1478,3,296,2026-05-06 07:00:00+00:00,1,113.48,0.39,1.15,56.91,0.77,4.55,5.09,1.8
1479,4,296,2026-05-06 07:00:00+00:00,1,141.41,0.05,3.91,44.24,0.24,6.21,6.38,0.98
1480,5,296,2026-05-06 07:00:00+00:00,2,122.86,0.0,1.59,99.54,1.11,3.35,6.32,1.54
1481,1,297,2026-05-06 08:00:00+00:00,1,87.85,0.05,0.14,35.94,0.19,2.66,4.12,0.5
1482,2,297,2026-05-06 08:00:00+00:00,2,132.44,0.31,7.65,75.49,3.98,3.42,6.68,0.96
1483,3,297,2026-05-06 08:00:00+00:00,2,112.34,0.27,0.87,64.32,0.92,4.85,5.42,1.86
1484,4,297,2026-05-06 08:00:00+00:00,1,142.93,0.15,4.26,47.43,0.27,6.82,7.01,0.9
1485,5,297,2026-05-06 08:00:00+00:00,2,121.76,0.0,1.47,99.97,1.11,3.36,6.63,1.48
1486,1,298,2026-05-06 09:00:00+00:00,1,83.28,0.04,0.11,36.68,0.18,2.62,3.93,0.45
1487,2,298,2026-05-06 09:00:00+00:00,2,134.11,0.73,8.16,74.82,4.33,3.27,6.55,1.01
1488,3,298,2026-05-06 09:00:00+00:00,2,111.55,0.22,0.74,66.86,0.95,5.22,5.79,1.84
1489,4,298,2026-05-06 09:00:00+00:00,1,144.63,0.33,4.56,50.04,0.31,7.34,7.54,0.9
1490,5,298,2026-05-06 09:00:00+00:00,3,120.74,0.0,1.43,100.33,1.14,3.42,7.04,1.43
1491,1,299,2026-05-06 10:00:00+00:00,1,75.62,0.03,0.09,40.39,0.15,2.08,3.06,0.34
1492,2,299,2026-05-06 10:00:00+00:00,2,135.36,1.53,9.1,74.23,5.11,3.3,6.61,1.06
1493,3,299,2026-05-06 10:00:00+00:00,2,113.96,0.13,0.6,90.74,1.08,5.54,6.08,2.61
1494,4,299,2026-05-06 10:00:00+00:00,1,145.82,0.63,4.68,53.15,0.35,7.45,7.7,0.99
1495,5,299,2026-05-06 10:00:00+00:00,2,119.92,0.0,1.5,99.54,1.22,3.48,7.16,1.37
1496,1,300,2026-05-06 11:00:00+00:00,1,72.79,0.03,0.08,42.22,0.14,1.95,2.79,0.31
1497,2,300,2026-05-06 11:00:00+00:00,2,136.02,2.12,10.33,74.61,6.02,3.42,6.64,1.07
1498,3,300,2026-05-06 11:00:00+00:00,3,114.6,0.11,0.61,100.69,0.99,5.5,6.01,3.03
1499,4,300,2026-05-06 11:00:00+00:00,1,147.04,0.72,4.98,57.37,0.4,7.12,7.43,1.18
1500,5,300,2026-05-06 11:00:00+00:00,2,120.73,0.0,1.92,98.54,1.3,3.49,7.07,1.34
1501,1,301,2026-05-06 12:00:00+00:00,1,71.83,0.03,0.09,42.5,0.14,1.95,2.76,0.3
1502,2,301,2026-05-06 12:00:00+00:00,2,135.84,2.51,11.0,76.74,6.94,3.78,6.77,1.07
1503,3,301,2026-05-06 12:00:00+00:00,3,115.33,0.11,0.72,102.95,0.92,5.46,5.95,3.13
1504,4,301,2026-05-06 12:00:00+00:00,2,146.43,0.71,4.96,63.07,0.42,6.61,6.95,1.34
1505,5,301,2026-05-06 12:00:00+00:00,2,123.43,0.04,2.67,97.3,1.39,3.53,7.12,1.33
1506,1,302,2026-05-06 13:00:00+00:00,1,78.61,0.06,0.23,39.46,0.16,2.31,3.43,0.48
1507,2,302,2026-05-06 13:00:00+00:00,2,136.0,2.71,11.68,79.95,7.97,4.43,7.17,1.04
1508,3,302,2026-05-06 13:00:00+00:00,2,118.86,0.18,1.29,95.38,0.85,5.51,5.98,3.02
1509,4,302,2026-05-06 13:00:00+00:00,2,141.43,0.46,3.93,75.53,0.38,4.43,4.76,1.53
1510,5,302,2026-05-06 13:00:00+00:00,2,125.2,0.1,3.08,96.82,1.49,3.55,6.94,1.25
1511,1,303,2026-05-06 14:00:00+00:00,1,91.44,0.07,0.56,34.75,0.19,2.96,4.66,0.74
1512,2,303,2026-05-06 14:00:00+00:00,2,135.09,2.85,12.23,83.58,8.8,4.98,7.47,0.97
1513,3,303,2026-05-06 14:00:00+00:00,2,124.94,0.28,2.19,81.98,0.8,5.63,6.12,2.84
1514,4,303,2026-05-06 14:00:00+00:00,2,135.32,0.28,2.92,84.89,0.35,2.71,3.05,1.67
1515,5,303,2026-05-06 14:00:00+00:00,2,124.58,0.18,2.82,97.85,1.54,3.56,6.67,1.1
1516,1,304,2026-05-06 15:00:00+00:00,1,105.56,0.01,1.04,30.57,0.22,3.64,5.94,0.94
1517,2,304,2026-05-06 15:00:00+00:00,2,134.38,3.05,12.93,86.72,9.74,5.44,7.76,0.92
1518,3,304,2026-05-06 15:00:00+00:00,2,128.69,0.27,2.81,71.02,0.77,5.72,6.24,2.75
1519,4,304,2026-05-06 15:00:00+00:00,2,131.32,0.19,2.42,88.52,0.35,1.72,2.09,1.81
1520,5,304,2026-05-06 15:00:00+00:00,3,123.7,0.23,2.29,100.11,1.53,3.67,6.42,0.95
1521,1,305,2026-05-06 16:00:00+00:00,1,123.11,0.0,1.42,25.93,0.25,4.47,7.67,1.08
1522,2,305,2026-05-06 16:00:00+00:00,2,133.94,3.04,14.79,87.48,10.76,5.7,7.9,0.91
1523,3,305,2026-05-06 16:00:00+00:00,2,129.8,0.17,3.19,61.94,0.7,5.79,6.34,2.55
1524,4,305,2026-05-06 16:00:00+00:00,2,128.58,0.15,2.09,90.7,0.35,1.52,1.93,1.9
1525,5,305,2026-05-06 16:00:00+00:00,3,124.3,0.21,1.73,103.93,1.33,3.82,5.78,0.77
1526,1,306,2026-05-06 17:00:00+00:00,1,146.52,0.0,1.8,21.72,0.28,5.62,10.01,1.13
1527,2,306,2026-05-06 17:00:00+00:00,2,133.68,2.39,18.18,84.48,11.29,5.27,7.39,0.98
1528,3,306,2026-05-06 17:00:00+00:00,1,129.58,0.03,3.29,56.59,0.6,5.89,6.45,1.96
1529,4,306,2026-05-06 17:00:00+00:00,2,125.9,0.12,2.11,89.17,0.36,1.45,1.93,2.18
1530,5,306,2026-05-06 17:00:00+00:00,3,124.93,0.18,1.48,104.1,1.03,3.67,4.62,0.55
1531,1,307,2026-05-06 18:00:00+00:00,1,168.19,0.0,2.06,18.52,0.29,6.79,12.18,1.08
1532,2,307,2026-05-06 18:00:00+00:00,2,133.69,1.22,21.7,80.53,11.31,4.8,6.9,1.05
1533,3,307,2026-05-06 18:00:00+00:00,1,128.55,0.0,3.15,54.98,0.52,5.95,6.51,1.33
1534,4,307,2026-05-06 18:00:00+00:00,2,124.3,0.08,2.17,87.03,0.37,1.42,1.97,2.48
1535,5,307,2026-05-06 18:00:00+00:00,3,125.47,0.16,1.38,102.51,0.82,3.39,3.79,0.4
1536,1,308,2026-05-06 19:00:00+00:00,1,183.45,0.01,2.22,16.02,0.31,7.7,13.56,1.11
1537,2,308,2026-05-06 19:00:00+00:00,2,133.85,0.28,23.16,77.65,10.96,4.44,6.51,1.11
1538,3,308,2026-05-06 19:00:00+00:00,1,125.91,0.0,3.0,54.38,0.46,5.81,6.36,0.92
1539,4,308,2026-05-06 19:00:00+00:00,2,123.86,0.02,2.42,82.0,0.35,1.44,2.07,2.89
1540,5,308,2026-05-06 19:00:00+00:00,3,126.85,0.13,1.45,100.45,0.76,3.26,3.49,0.37
1541,1,309,2026-05-06 20:00:00+00:00,1,192.43,0.01,2.3,14.57,0.3,8.23,14.02,1.12
1542,2,309,2026-05-06 20:00:00+00:00,2,133.76,0.01,22.34,74.71,10.65,4.3,6.28,1.16
1543,3,309,2026-05-06 20:00:00+00:00,1,124.69,0.0,2.92,53.4,0.41,5.72,6.27,0.85
1544,4,309,2026-05-06 20:00:00+00:00,2,124.65,0.0,2.71,74.51,0.31,1.54,2.27,3.0
1545,5,309,2026-05-06 20:00:00+00:00,2,128.01,0.12,1.68,97.68,0.83,3.22,3.45,0.42
1546,1,310,2026-05-06 21:00:00+00:00,1,189.34,0.01,2.21,13.78,0.25,8.13,13.2,1.04
1547,2,310,2026-05-06 21:00:00+00:00,2,133.4,0.0,21.08,72.57,10.45,4.48,6.29,1.19
1548,3,310,2026-05-06 21:00:00+00:00,1,123.11,0.0,2.81,51.5,0.38,5.67,6.24,0.84
1549,4,310,2026-05-06 21:00:00+00:00,2,125.35,0.0,2.96,67.67,0.27,1.64,2.47,2.6
1550,5,310,2026-05-06 21:00:00+00:00,2,130.21,0.11,2.13,95.38,0.97,3.21,3.51,0.53
1551,1,311,2026-05-06 22:00:00+00:00,1,181.14,0.01,2.04,13.36,0.2,7.71,11.9,0.97
1552,2,311,2026-05-06 22:00:00+00:00,2,132.45,0.0,17.67,77.46,9.08,4.35,5.88,1.06
1553,3,311,2026-05-06 22:00:00+00:00,1,120.16,0.0,2.69,48.55,0.38,5.58,6.18,0.81
1554,4,311,2026-05-06 22:00:00+00:00,2,123.68,0.0,3.04,60.18,0.21,1.71,2.6,2.04
1555,5,311,2026-05-06 22:00:00+00:00,2,133.87,0.08,2.69,94.04,1.11,3.16,3.65,0.68
1556,1,312,2026-05-06 23:00:00+00:00,1,174.2,0.0,1.87,13.12,0.17,7.29,10.66,0.85
1557,2,312,2026-05-06 23:00:00+00:00,2,132.11,0.0,15.63,79.93,8.0,3.98,5.36,0.9
1558,3,312,2026-05-06 23:00:00+00:00,1,117.99,0.0,2.59,44.81,0.36,5.48,6.08,0.72
1559,4,312,2026-05-06 23:00:00+00:00,1,123.04,0.0,2.94,53.32,0.16,1.79,2.73,1.65
1560,5,312,2026-05-06 23:00:00+00:00,2,134.43,0.03,3.04,90.85,1.2,2.9,3.62,0.82
1561,1,313,2026-05-07 00:00:00+00:00,1,165.02,0.0,1.67,13.37,0.13,6.66,9.31,0.59
1562,2,313,2026-05-07 00:00:00+00:00,2,131.4,0.0,12.41,84.23,6.4,3.59,4.83,0.69
1563,3,313,2026-05-07 00:00:00+00:00,1,115.63,0.0,2.42,41.21,0.32,5.26,5.84,0.64
1564,4,313,2026-05-07 00:00:00+00:00,1,122.58,0.0,2.73,47.97,0.14,1.89,2.87,1.47
1565,5,313,2026-05-07 00:00:00+00:00,2,134.1,0.0,3.1,86.77,1.21,2.56,3.39,0.93
1566,1,314,2026-05-07 01:00:00+00:00,1,151.66,0.0,1.42,14.5,0.09,5.86,8.03,0.32
1567,2,314,2026-05-07 01:00:00+00:00,2,128.98,0.0,6.93,92.99,4.04,2.68,3.78,0.6
1568,3,314,2026-05-07 01:00:00+00:00,1,112.06,0.0,2.14,38.78,0.27,4.9,5.43,0.59
1569,4,314,2026-05-07 01:00:00+00:00,1,120.64,0.0,2.51,42.52,0.12,1.96,2.98,1.44
1570,5,314,2026-05-07 01:00:00+00:00,2,135.09,0.0,3.07,82.66,1.19,2.35,3.19,1.01
1571,1,315,2026-05-07 02:00:00+00:00,1,144.37,0.0,1.28,14.99,0.08,5.47,7.52,0.29
1572,2,315,2026-05-07 02:00:00+00:00,2,128.66,0.0,6.05,93.43,3.6,2.44,3.49,0.56
1573,3,315,2026-05-07 02:00:00+00:00,1,109.89,0.0,1.91,37.43,0.25,4.57,5.05,0.64
1574,4,315,2026-05-07 02:00:00+00:00,1,119.83,0.0,2.39,37.37,0.1,2.05,3.11,1.53
1575,5,315,2026-05-07 02:00:00+00:00,2,136.5,0.0,3.12,78.17,1.18,2.35,3.23,1.08
1576,1,316,2026-05-07 03:00:00+00:00,1,140.13,0.0,1.22,15.76,0.08,5.23,7.35,0.37
1577,2,316,2026-05-07 03:00:00+00:00,2,128.52,0.0,5.82,92.75,3.48,2.34,3.36,0.53
1578,3,316,2026-05-07 03:00:00+00:00,1,110.15,0.04,1.93,36.89,0.28,4.34,4.79,0.77
1579,4,316,2026-05-07 03:00:00+00:00,1,119.02,0.0,2.36,32.93,0.09,2.17,3.25,1.68
1580,5,316,2026-05-07 03:00:00+00:00,2,138.27,0.0,3.21,73.64,1.19,2.44,3.36,1.08
1581,1,317,2026-05-07 04:00:00+00:00,1,138.84,0.05,1.2,17.04,0.13,5.0,7.67,0.57
1582,2,317,2026-05-07 04:00:00+00:00,2,128.21,0.0,5.64,92.31,3.4,2.27,3.27,0.52
1583,3,317,2026-05-07 04:00:00+00:00,1,112.96,0.3,2.01,37.44,0.37,4.22,4.68,1.0
1584,4,317,2026-05-07 04:00:00+00:00,1,117.83,0.0,2.46,29.08,0.1,2.29,3.38,1.75
1585,5,317,2026-05-07 04:00:00+00:00,2,137.47,0.0,3.38,63.84,1.18,2.5,3.25,0.79
1586,1,318,2026-05-07 05:00:00+00:00,1,141.12,0.28,0.89,20.19,0.17,4.89,8.23,0.75
1587,2,318,2026-05-07 05:00:00+00:00,2,127.99,0.0,5.24,92.99,3.25,2.24,3.21,0.5
1588,3,318,2026-05-07 05:00:00+00:00,1,115.79,0.59,1.93,40.94,0.49,4.3,4.77,1.31
1589,4,318,2026-05-07 05:00:00+00:00,1,119.15,0.01,3.12,25.67,0.12,2.45,3.6,1.69
1590,5,318,2026-05-07 05:00:00+00:00,1,136.84,0.0,3.35,51.52,0.9,2.53,3.04,0.47
1591,1,319,2026-05-07 06:00:00+00:00,1,138.47,0.26,0.64,27.59,0.2,4.98,8.54,0.87
1592,2,319,2026-05-07 06:00:00+00:00,2,127.77,0.08,5.14,94.64,3.07,2.14,3.07,0.5
1593,3,319,2026-05-07 06:00:00+00:00,1,118.2,0.56,1.69,51.3,0.7,4.84,5.32,1.54
1594,4,319,2026-05-07 06:00:00+00:00,1,121.5,0.47,3.73,23.1,0.15,2.75,3.98,1.65
1595,5,319,2026-05-07 06:00:00+00:00,1,134.77,0.0,3.03,40.64,0.63,2.46,2.84,0.38
1596,1,320,2026-05-07 07:00:00+00:00,1,76.97,0.05,0.15,49.12,0.13,1.23,2.48,0.34
1597,2,320,2026-05-07 07:00:00+00:00,2,127.18,0.33,4.55,97.01,2.87,1.89,2.8,0.51
1598,3,320,2026-05-07 07:00:00+00:00,2,128.29,0.25,1.14,86.51,1.42,6.83,7.34,1.83
1599,4,320,2026-05-07 07:00:00+00:00,1,123.07,1.61,3.21,22.01,0.18,2.88,4.18,1.62
1600,5,320,2026-05-07 07:00:00+00:00,1,133.98,0.0,2.86,33.51,0.47,2.4,2.71,0.36
1601,1,321,2026-05-07 08:00:00+00:00,1,71.23,0.03,0.1,50.2,0.13,1.02,2.09,0.33
1602,2,321,2026-05-07 08:00:00+00:00,3,126.86,0.55,3.91,100.01,2.76,1.77,2.66,0.49
1603,3,321,2026-05-07 08:00:00+00:00,2,131.12,0.18,0.85,90.46,1.4,7.41,7.91,1.99
1604,4,321,2026-05-07 08:00:00+00:00,1,123.68,2.43,2.79,21.5,0.2,2.85,4.22,1.78
1605,5,321,2026-05-07 08:00:00+00:00,1,138.08,0.0,2.94,32.71,0.45,2.48,2.73,0.27
1606,1,322,2026-05-07 09:00:00+00:00,1,70.06,0.03,0.09,49.88,0.14,1.11,2.16,0.34
1607,2,322,2026-05-07 09:00:00+00:00,3,126.73,0.65,3.37,103.34,2.7,1.81,2.68,0.45
1608,3,322,2026-05-07 09:00:00+00:00,2,130.36,0.16,0.74,90.21,1.31,7.42,7.91,2.09
1609,4,322,2026-05-07 09:00:00+00:00,1,124.64,2.54,2.71,25.39,0.28,3.1,4.56,2.38
1610,5,322,2026-05-07 09:00:00+00:00,1,148.04,0.0,3.29,40.73,0.63,2.75,2.95,0.22
1611,1,323,2026-05-07 10:00:00+00:00,1,69.22,0.03,0.09,53.32,0.13,1.14,2.06,0.33
1612,2,323,2026-05-07 10:00:00+00:00,3,126.17,0.63,2.84,107.51,2.65,1.99,2.87,0.42
1613,3,323,2026-05-07 10:00:00+00:00,3,119.75,0.09,0.48,108.59,0.96,5.32,5.72,1.8
1614,4,323,2026-05-07 10:00:00+00:00,2,127.94,0.32,1.3,88.69,0.66,3.09,4.09,1.91
1615,5,323,2026-05-07 10:00:00+00:00,1,156.65,0.0,3.62,56.06,0.97,3.09,3.26,0.22
1616,1,324,2026-05-07 11:00:00+00:00,1,68.07,0.03,0.09,55.31,0.13,1.14,1.97,0.31
1617,2,324,2026-05-07 11:00:00+00:00,3,125.57,0.54,2.35,112.27,2.61,2.28,3.18,0.39
1618,3,324,2026-05-07 11:00:00+00:00,3,114.31,0.07,0.41,111.48,0.81,4.38,4.73,1.61
1619,4,324,2026-05-07 11:00:00+00:00,2,123.65,0.13,0.75,98.34,0.5,2.27,3.01,1.63
1620,5,324,2026-05-07 11:00:00+00:00,2,159.17,0.0,3.99,62.96,1.07,3.07,3.25,0.24
1621,1,325,2026-05-07 12:00:00+00:00,1,67.65,0.03,0.1,55.26,0.13,1.16,1.99,0.32
1622,2,325,2026-05-07 12:00:00+00:00,3,124.68,0.45,1.97,117.12,2.58,2.59,3.52,0.36
1623,3,325,2026-05-07 12:00:00+00:00,3,112.17,0.06,0.43,111.63,0.73,3.95,4.29,1.63
1624,4,325,2026-05-07 12:00:00+00:00,2,121.83,0.09,0.69,99.45,0.45,2.23,2.91,1.62
1625,5,325,2026-05-07 12:00:00+00:00,2,158.77,0.03,4.61,66.87,1.08,2.77,2.96,0.27
1626,1,326,2026-05-07 13:00:00+00:00,1,74.47,0.05,0.23,52.19,0.17,1.43,2.61,0.53
1627,2,326,2026-05-07 13:00:00+00:00,3,124.35,0.41,1.86,121.3,2.66,2.84,3.8,0.35
1628,3,326,2026-05-07 13:00:00+00:00,3,112.71,0.07,0.58,111.28,0.7,3.78,4.13,1.72
1629,4,326,2026-05-07 13:00:00+00:00,3,121.97,0.07,0.7,100.59,0.43,2.25,2.9,1.65
1630,5,326,2026-05-07 13:00:00+00:00,2,153.71,0.13,4.74,70.83,1.08,2.35,2.54,0.31
1631,1,327,2026-05-07 14:00:00+00:00,1,86.52,0.05,0.54,49.37,0.25,1.93,3.71,0.93
1632,2,327,2026-05-07 14:00:00+00:00,3,123.9,0.42,2.0,123.8,2.9,2.98,3.99,0.34
1633,3,327,2026-05-07 14:00:00+00:00,3,114.71,0.09,0.83,109.9,0.74,3.83,4.21,1.82
1634,4,327,2026-05-07 14:00:00+00:00,3,120.79,0.07,0.7,100.68,0.4,2.24,2.87,1.65
1635,5,327,2026-05-07 14:00:00+00:00,2,149.84,0.26,4.68,74.38,1.15,2.05,2.27,0.38
1636,1,328,2026-05-07 15:00:00+00:00,1,98.99,0.0,0.97,46.81,0.33,2.43,4.8,1.34
1637,2,328,2026-05-07 15:00:00+00:00,3,123.65,0.43,2.23,125.48,3.1,3.14,4.24,0.33
1638,3,328,2026-05-07 15:00:00+00:00,3,116.72,0.08,1.06,108.29,0.78,3.96,4.36,1.88
1639,4,328,2026-05-07 15:00:00+00:00,3,120.17,0.08,0.75,100.68,0.38,2.26,2.88,1.66
1640,5,328,2026-05-07 15:00:00+00:00,2,147.81,0.4,4.54,77.94,1.26,1.9,2.14,0.5
1641,1,329,2026-05-07 16:00:00+00:00,1,112.54,0.0,1.27,42.72,0.42,3.07,6.17,1.71
1642,2,329,2026-05-07 16:00:00+00:00,3,123.86,0.49,2.86,125.42,3.48,3.27,4.5,0.33
1643,3,329,2026-05-07 16:00:00+00:00,3,119.08,0.04,1.35,103.71,0.81,4.19,4.59,1.92
1644,4,329,2026-05-07 16:00:00+00:00,2,120.59,0.11,0.94,99.89,0.37,2.4,3.05,1.82
1645,5,329,2026-05-07 16:00:00+00:00,2,146.36,0.34,4.63,79.85,1.33,1.84,2.1,0.62
1646,1,330,2026-05-07 17:00:00+00:00,1,128.76,0.0,1.5,38.18,0.47,3.89,7.83,1.9
1647,2,330,2026-05-07 17:00:00+00:00,3,123.99,0.52,3.85,123.28,3.94,3.33,4.79,0.36
1648,3,330,2026-05-07 17:00:00+00:00,2,122.33,0.01,1.61,97.72,0.79,4.56,4.95,1.98
1649,4,330,2026-05-07 17:00:00+00:00,2,121.88,0.13,1.26,96.81,0.39,2.72,3.44,2.19
1650,5,330,2026-05-07 17:00:00+00:00,2,146.05,0.36,4.68,80.49,1.39,1.86,2.13,0.71
1651,1,331,2026-05-07 18:00:00+00:00,1,140.65,0.0,1.59,34.07,0.44,4.59,9.03,1.67
1652,2,331,2026-05-07 18:00:00+00:00,3,123.93,0.4,4.82,119.39,4.15,3.23,5.05,0.43
1653,3,331,2026-05-07 18:00:00+00:00,2,125.96,0.0,1.67,93.09,0.73,5.06,5.44,2.06
1654,4,331,2026-05-07 18:00:00+00:00,2,124.16,0.11,1.62,93.57,0.42,3.1,3.93,2.57
1655,5,331,2026-05-07 18:00:00+00:00,2,146.65,0.35,4.75,80.81,1.4,1.93,2.19,0.75
1656,1,332,2026-05-07 19:00:00+00:00,1,139.86,0.0,1.46,30.22,0.28,4.65,8.91,0.71
1657,2,332,2026-05-07 19:00:00+00:00,3,123.99,0.12,5.48,115.14,4.08,3.06,5.28,0.58
1658,3,332,2026-05-07 19:00:00+00:00,2,127.91,0.0,1.67,88.33,0.66,5.6,5.96,2.1
1659,4,332,2026-05-07 19:00:00+00:00,2,127.73,0.03,2.22,87.67,0.45,3.61,4.58,3.08
1660,5,332,2026-05-07 19:00:00+00:00,2,148.82,0.37,4.99,80.24,1.37,2.04,2.27,0.72
1661,1,333,2026-05-07 20:00:00+00:00,1,146.16,0.0,1.48,26.3,0.2,5.02,9.26,0.42
1662,2,333,2026-05-07 20:00:00+00:00,3,123.91,0.0,5.12,112.11,3.75,2.87,5.42,0.76
1663,3,333,2026-05-07 20:00:00+00:00,2,132.84,0.0,1.6,87.26,0.64,6.47,6.82,2.17
1664,4,333,2026-05-07 20:00:00+00:00,2,133.0,0.0,2.83,79.25,0.45,4.29,5.39,3.51
1665,5,333,2026-05-07 20:00:00+00:00,2,152.55,0.34,5.68,77.51,1.3,2.17,2.38,0.67
1666,1,334,2026-05-07 21:00:00+00:00,1,145.58,0.0,1.43,23.26,0.14,5.05,8.85,0.32
1667,2,334,2026-05-07 21:00:00+00:00,3,123.36,0.0,4.59,110.6,3.42,2.72,5.44,0.95
1668,3,334,2026-05-07 21:00:00+00:00,2,138.87,0.0,1.44,87.03,0.63,7.57,7.92,2.24
1669,4,334,2026-05-07 21:00:00+00:00,2,137.58,0.0,3.32,71.53,0.4,4.98,6.15,3.18
1670,5,334,2026-05-07 21:00:00+00:00,2,156.84,0.29,6.6,75.41,1.26,2.25,2.44,0.63
1671,1,335,2026-05-07 22:00:00+00:00,1,141.96,0.0,1.34,21.06,0.1,4.94,8.18,0.29
1672,2,335,2026-05-07 22:00:00+00:00,3,123.24,0.0,4.32,109.62,3.21,2.65,5.31,1.13
1673,3,335,2026-05-07 22:00:00+00:00,2,143.67,0.0,1.28,85.41,0.61,8.68,9.02,2.3
1674,4,335,2026-05-07 22:00:00+00:00,2,136.45,0.0,3.33,63.05,0.3,5.36,6.46,2.37
1675,5,335,2026-05-07 22:00:00+00:00,2,169.25,0.7,8.55,63.63,0.97,2.42,2.67,0.65
1676,1,336,2026-05-07 23:00:00+00:00,1,138.9,0.0,1.25,19.83,0.09,4.82,7.65,0.27
1677,2,336,2026-05-07 23:00:00+00:00,3,123.84,0.0,4.61,107.9,3.26,2.96,5.43,1.23
1678,3,336,2026-05-07 23:00:00+00:00,2,148.83,0.0,1.18,83.31,0.59,9.67,10.01,2.36
1679,4,336,2026-05-07 23:00:00+00:00,1,134.16,0.0,2.89,56.0,0.21,5.66,6.65,1.77
1680,5,336,2026-05-07 23:00:00+00:00,1,185.2,1.08,10.85,48.05,0.65,2.7,3.1,0.64
1681,1,337,2026-05-08 00:00:00+00:00,1,134.46,0.0,1.15,19.58,0.08,4.62,7.13,0.27
1682,2,337,2026-05-08 00:00:00+00:00,3,125.37,0.0,5.05,105.38,3.34,3.76,6.0,1.27
1683,3,337,2026-05-08 00:00:00+00:00,2,152.94,0.0,1.1,81.58,0.59,10.44,10.78,2.39
1684,4,337,2026-05-08 00:00:00+00:00,1,130.75,0.0,2.33,50.22,0.14,5.77,6.63,1.52
1685,5,337,2026-05-08 00:00:00+00:00,1,192.7,0.39,12.71,37.42,0.49,2.93,3.48,0.62
1686,1,338,2026-05-08 01:00:00+00:00,1,129.62,0.0,1.06,20.02,0.07,4.36,6.63,0.27
1687,2,338,2026-05-08 01:00:00+00:00,3,127.46,0.0,5.8,101.84,3.51,4.85,6.8,1.28
1688,3,338,2026-05-08 01:00:00+00:00,2,153.89,0.0,1.06,78.33,0.57,10.84,11.17,2.36
1689,4,338,2026-05-08 01:00:00+00:00,1,126.57,0.0,1.87,45.45,0.1,5.63,6.35,1.44
1690,5,338,2026-05-08 01:00:00+00:00,1,192.33,0.02,12.34,31.93,0.4,3.07,3.73,0.58
1691,1,339,2026-05-08 02:00:00+00:00,1,126.1,0.0,1.01,20.43,0.07,4.11,6.22,0.27
1692,2,339,2026-05-08 02:00:00+00:00,2,129.65,0.0,6.8,95.76,3.86,5.73,7.44,1.33
1693,3,339,2026-05-08 02:00:00+00:00,2,154.38,0.0,1.1,73.86,0.53,11.01,11.34,2.28
1694,4,339,2026-05-08 02:00:00+00:00,1,123.41,0.0,1.57,41.75,0.08,5.34,5.97,1.37
1695,5,339,2026-05-08 02:00:00+00:00,1,187.21,0.01,10.79,31.22,0.37,3.14,3.82,0.47
1696,1,340,2026-05-08 03:00:00+00:00,1,125.21,0.0,1.0,20.69,0.08,3.96,6.05,0.3
1697,2,340,2026-05-08 03:00:00+00:00,2,130.36,0.0,7.73,87.45,4.18,6.41,7.96,1.45
1698,3,340,2026-05-08 03:00:00+00:00,2,154.51,0.01,1.34,68.53,0.5,11.01,11.34,2.06
1699,4,340,2026-05-08 03:00:00+00:00,1,120.61,0.0,1.41,38.88,0.06,5.03,5.57,1.35
1700,5,340,2026-05-08 03:00:00+00:00,1,179.68,0.0,9.19,33.31,0.39,3.12,3.76,0.39
1701,1,341,2026-05-08 04:00:00+00:00,1,130.38,0.03,1.1,20.92,0.13,4.05,6.6,0.39
1702,2,341,2026-05-08 04:00:00+00:00,2,130.57,0.0,8.82,77.98,4.46,6.65,8.07,1.58
1703,3,341,2026-05-08 04:00:00+00:00,2,154.45,0.09,1.69,63.12,0.52,10.7,11.03,1.78
1704,4,341,2026-05-08 04:00:00+00:00,1,118.48,0.0,1.44,36.38,0.06,4.8,5.28,1.33
1705,5,341,2026-05-08 04:00:00+00:00,1,167.64,0.0,7.07,40.32,0.49,3.02,3.57,0.36
1706,1,342,2026-05-08 05:00:00+00:00,1,137.31,0.24,0.92,22.49,0.17,4.21,7.45,0.54
1707,2,342,2026-05-08 05:00:00+00:00,2,130.26,0.0,9.97,69.65,4.76,6.79,8.16,1.63
1708,3,342,2026-05-08 05:00:00+00:00,1,152.41,0.16,1.87,59.11,0.54,9.97,10.28,1.62
1709,4,342,2026-05-08 05:00:00+00:00,1,117.97,0.0,1.91,34.06,0.08,4.63,5.11,1.34
1710,5,342,2026-05-08 05:00:00+00:00,1,159.79,0.0,5.67,39.95,0.42,3.04,3.55,0.34
1711,1,343,2026-05-08 06:00:00+00:00,1,138.42,0.26,0.68,28.13,0.2,4.53,8.13,0.75
1712,2,343,2026-05-08 06:00:00+00:00,2,130.15,0.04,11.16,63.55,5.05,6.91,8.31,1.61
1713,3,343,2026-05-08 06:00:00+00:00,1,146.11,0.15,1.83,57.09,0.57,8.65,8.92,1.48
1714,4,343,2026-05-08 06:00:00+00:00,1,118.93,0.25,2.57,32.16,0.1,4.59,5.08,1.39
1715,5,343,2026-05-08 06:00:00+00:00,1,153.24,0.0,4.49,38.75,0.34,3.16,3.65,0.38
1716,1,344,2026-05-08 07:00:00+00:00,1,82.74,0.06,0.19,47.4,0.16,1.48,2.97,0.39
1717,2,344,2026-05-08 07:00:00+00:00,1,130.29,0.48,11.94,59.79,5.24,6.94,8.4,1.51
1718,3,344,2026-05-08 07:00:00+00:00,2,134.77,0.09,1.49,66.05,0.53,6.0,6.17,1.3
1719,4,344,2026-05-08 07:00:00+00:00,1,119.36,0.89,2.48,32.01,0.11,4.43,4.92,1.6
1720,5,344,2026-05-08 07:00:00+00:00,1,146.06,0.0,3.49,40.18,0.36,3.38,3.88,0.49
1721,1,345,2026-05-08 08:00:00+00:00,1,75.06,0.04,0.12,49.88,0.14,1.21,2.41,0.35
1722,2,345,2026-05-08 08:00:00+00:00,1,131.8,1.61,11.68,58.0,5.55,7.22,8.77,1.36
1723,3,345,2026-05-08 08:00:00+00:00,2,127.51,0.08,1.32,68.3,0.44,4.33,4.45,0.97
1724,4,345,2026-05-08 08:00:00+00:00,1,118.26,1.23,2.16,33.84,0.13,4.06,4.54,2.18
1725,5,345,2026-05-08 08:00:00+00:00,1,141.03,0.0,2.89,43.13,0.46,3.63,4.19,0.67
1726,1,346,2026-05-08 09:00:00+00:00,1,72.41,0.03,0.09,49.21,0.14,1.25,2.38,0.35
1727,2,346,2026-05-08 09:00:00+00:00,1,134.15,2.84,10.8,58.45,6.01,8.28,9.95,1.26
1728,3,346,2026-05-08 09:00:00+00:00,2,123.71,0.08,1.22,68.41,0.39,3.28,3.36,0.69
1729,4,346,2026-05-08 09:00:00+00:00,1,116.52,1.15,1.92,39.06,0.15,3.8,4.26,2.86
1730,5,346,2026-05-08 09:00:00+00:00,1,138.6,0.0,2.73,47.37,0.63,3.86,4.48,1.02
1731,1,347,2026-05-08 10:00:00+00:00,1,68.44,0.02,0.08,51.03,0.13,1.02,1.87,0.29
1732,2,347,2026-05-08 10:00:00+00:00,2,137.04,3.77,9.43,61.88,6.5,10.6,12.44,1.14
1733,3,347,2026-05-08 10:00:00+00:00,2,121.84,0.04,1.28,69.29,0.41,2.45,2.51,0.55
1734,4,347,2026-05-08 10:00:00+00:00,2,116.97,0.19,0.7,86.42,0.13,2.11,2.32,2.24
1735,5,347,2026-05-08 10:00:00+00:00,1,138.09,0.0,2.98,50.81,0.83,3.95,4.64,1.4
1736,1,348,2026-05-08 11:00:00+00:00,1,66.96,0.02,0.08,50.65,0.13,1.03,1.77,0.28
1737,2,348,2026-05-08 11:00:00+00:00,2,139.64,3.49,8.52,68.06,6.54,14.07,16.04,0.99
1738,3,348,2026-05-08 11:00:00+00:00,2,122.26,0.02,1.41,68.52,0.48,2.05,2.11,0.47
1739,4,348,2026-05-08 11:00:00+00:00,2,115.35,0.1,0.44,93.01,0.11,1.76,1.9,2.01
1740,5,348,2026-05-08 11:00:00+00:00,1,142.21,0.05,4.15,48.72,0.9,3.98,4.76,1.54
1741,1,349,2026-05-08 12:00:00+00:00,1,67.01,0.02,0.09,49.17,0.13,1.11,1.87,0.3
1742,2,349,2026-05-08 12:00:00+00:00,2,140.55,2.72,7.23,78.59,6.14,17.65,19.66,0.85
1743,3,349,2026-05-08 12:00:00+00:00,2,124.01,0.01,1.51,67.43,0.59,2.02,2.1,0.41
1744,4,349,2026-05-08 12:00:00+00:00,2,114.45,0.09,0.4,93.65,0.1,1.76,1.9,1.99
1745,5,349,2026-05-08 12:00:00+00:00,1,153.02,0.9,5.32,44.6,0.93,4.02,4.91,1.62
1746,1,350,2026-05-08 13:00:00+00:00,1,72.45,0.04,0.21,45.36,0.16,1.39,2.45,0.45
1747,2,350,2026-05-08 13:00:00+00:00,2,139.55,1.92,5.87,91.7,5.54,20.03,21.94,0.79
1748,3,350,2026-05-08 13:00:00+00:00,2,126.07,0.01,1.63,67.68,0.78,2.21,2.31,0.39
1749,4,350,2026-05-08 13:00:00+00:00,2,114.65,0.09,0.41,95.05,0.11,1.8,1.93,1.99
1750,5,350,2026-05-08 13:00:00+00:00,1,162.38,2.21,5.27,42.85,1.0,4.03,5.02,1.75
1751,1,351,2026-05-08 14:00:00+00:00,1,82.6,0.04,0.51,40.19,0.19,1.86,3.43,0.69
1752,2,351,2026-05-08 14:00:00+00:00,3,136.82,1.32,4.87,103.73,4.79,19.82,21.51,0.84
1753,3,351,2026-05-08 14:00:00+00:00,2,128.81,0.01,1.84,70.36,1.09,2.48,2.59,0.39
1754,4,351,2026-05-08 14:00:00+00:00,2,113.78,0.09,0.44,96.0,0.11,1.76,1.89,1.94
1755,5,351,2026-05-08 14:00:00+00:00,1,163.68,2.62,4.76,45.66,1.16,4.06,5.08,1.82
1756,1,352,2026-05-08 15:00:00+00:00,1,93.66,0.0,0.88,36.09,0.22,2.35,4.44,0.86
1757,2,352,2026-05-08 15:00:00+00:00,3,134.18,0.96,4.26,112.31,4.09,17.43,18.88,1.03
1758,3,352,2026-05-08 15:00:00+00:00,2,131.1,0.01,2.3,73.21,1.53,2.63,2.76,0.39
1759,4,352,2026-05-08 15:00:00+00:00,2,112.92,0.09,0.51,96.48,0.11,1.67,1.79,1.92
1760,5,352,2026-05-08 15:00:00+00:00,1,160.56,2.16,4.17,56.09,1.42,4.3,5.3,1.84
1761,1,353,2026-05-08 16:00:00+00:00,1,104.39,0.0,1.11,32.38,0.24,2.89,5.56,0.97
1762,2,353,2026-05-08 16:00:00+00:00,3,134.16,0.76,4.24,117.23,3.72,15.7,17.02,1.19
1763,3,353,2026-05-08 16:00:00+00:00,2,135.39,0.02,3.88,73.91,2.15,2.58,2.82,0.42
1764,4,353,2026-05-08 16:00:00+00:00,2,113.2,0.13,0.84,94.51,0.12,1.73,1.87,2.17
1765,5,353,2026-05-08 16:00:00+00:00,3,139.31,0.48,1.75,102.91,1.76,3.1,3.58,1.96
1766,1,354,2026-05-08 17:00:00+00:00,1,115.35,0.0,1.25,29.51,0.24,3.46,6.73,0.99
1767,2,354,2026-05-08 17:00:00+00:00,3,136.48,0.57,4.78,118.81,3.64,15.51,16.92,1.38
1768,3,354,2026-05-08 17:00:00+00:00,2,143.52,0.01,8.92,69.28,3.46,2.47,2.93,0.49
1769,4,354,2026-05-08 17:00:00+00:00,2,113.74,0.14,1.36,89.45,0.16,1.95,2.14,2.69
1770,5,354,2026-05-08 17:00:00+00:00,3,130.9,0.22,0.99,109.49,1.24,2.48,2.8,1.87
1771,1,355,2026-05-08 18:00:00+00:00,1,123.29,0.0,1.31,27.36,0.23,3.92,7.58,0.81
1772,2,355,2026-05-08 18:00:00+00:00,3,138.97,0.32,5.48,118.72,3.64,15.8,17.37,1.54
1773,3,355,2026-05-08 18:00:00+00:00,2,152.9,0.0,16.95,61.72,4.7,2.39,2.97,0.54
1774,4,355,2026-05-08 18:00:00+00:00,2,114.45,0.09,1.85,84.3,0.2,2.16,2.4,3.23
1775,5,355,2026-05-08 18:00:00+00:00,3,127.51,0.16,0.85,109.91,1.04,2.31,2.59,1.83
1776,1,356,2026-05-08 19:00:00+00:00,1,130.63,0.0,1.37,24.76,0.21,4.35,8.25,0.56
1777,2,356,2026-05-08 19:00:00+00:00,3,139.97,0.09,5.95,117.51,3.6,15.21,16.88,1.66
1778,3,356,2026-05-08 19:00:00+00:00,1,154.12,0.0,20.98,57.0,4.68,2.14,2.57,0.46
1779,4,356,2026-05-08 19:00:00+00:00,2,115.35,0.02,2.25,79.86,0.24,2.35,2.63,3.67
1780,5,356,2026-05-08 19:00:00+00:00,3,127.66,0.15,0.93,110.19,0.93,2.18,2.45,1.79
1781,1,357,2026-05-08 20:00:00+00:00,1,138.91,0.0,1.45,22.4,0.18,4.83,8.93,0.42
1782,2,357,2026-05-08 20:00:00+00:00,3,139.28,0.0,5.99,115.8,3.53,13.69,15.35,1.72
1783,3,357,2026-05-08 20:00:00+00:00,2,149.54,0.0,17.03,61.7,3.44,1.82,2.08,0.33
1784,4,357,2026-05-08 20:00:00+00:00,2,117.59,0.0,2.47,76.52,0.26,2.5,2.83,3.95
1785,5,357,2026-05-08 20:00:00+00:00,3,128.0,0.19,1.12,108.33,0.83,2.09,2.36,1.67
1786,1,358,2026-05-08 21:00:00+00:00,1,138.99,0.0,1.42,20.77,0.13,4.9,8.75,0.33
1787,2,358,2026-05-08 21:00:00+00:00,3,139.51,0.0,6.11,114.42,3.53,12.75,14.42,1.8
1788,3,358,2026-05-08 21:00:00+00:00,2,142.36,0.0,9.9,71.86,2.45,1.58,1.77,0.26
1789,4,358,2026-05-08 21:00:00+00:00,2,120.04,0.0,2.66,73.85,0.28,2.62,2.98,3.91
1790,5,358,2026-05-08 21:00:00+00:00,3,129.69,0.26,1.43,106.87,0.76,2.05,2.32,1.58
1791,1,359,2026-05-08 22:00:00+00:00,1,134.45,0.0,1.31,19.44,0.1,4.7,8.11,0.29
1792,2,359,2026-05-08 22:00:00+00:00,3,142.33,0.0,6.52,112.54,3.62,13.89,15.68,1.95
1793,3,359,2026-05-08 22:00:00+00:00,2,135.66,0.0,4.74,80.2,1.89,1.42,1.58,0.24
1794,4,359,2026-05-08 22:00:00+00:00,2,119.79,0.0,2.69,69.41,0.26,2.65,3.01,3.54
1795,5,359,2026-05-08 22:00:00+00:00,3,133.45,0.31,1.92,105.1,0.73,2.1,2.38,1.56
1796,1,360,2026-05-08 23:00:00+00:00,1,128.93,0.0,1.19,18.85,0.08,4.37,7.38,0.27
1797,2,360,2026-05-08 23:00:00+00:00,3,146.71,0.0,7.29,108.1,3.85,16.68,18.69,2.03
1798,3,360,2026-05-08 23:00:00+00:00,2,132.41,0.0,2.33,86.07,1.63,1.27,1.41,0.27
1799,4,360,2026-05-08 23:00:00+00:00,2,119.83,0.0,2.57,64.31,0.23,2.72,3.09,3.09
1800,5,360,2026-05-08 23:00:00+00:00,3,136.44,0.24,2.6,100.02,0.81,2.2,2.55,1.59
1801,1,361,2026-05-09 00:00:00+00:00,1,121.2,0.0,1.05,19.45,0.07,3.9,6.5,0.27
1802,2,361,2026-05-09 00:00:00+00:00,3,149.7,0.0,7.96,101.28,4.0,19.41,21.59,2.09
1803,3,361,2026-05-09 00:00:00+00:00,2,130.18,0.0,1.38,89.19,1.5,1.1,1.21,0.32
1804,4,361,2026-05-09 00:00:00+00:00,1,118.96,0.0,2.37,59.19,0.2,2.8,3.18,2.63
1805,5,361,2026-05-09 00:00:00+00:00,2,137.47,0.06,3.29,93.6,1.03,2.32,2.73,1.65
1806,1,362,2026-05-09 01:00:00+00:00,1,111.51,0.0,0.88,21.06,0.07,3.35,5.56,0.27
1807,2,362,2026-05-09 01:00:00+00:00,2,152.15,0.0,8.29,94.07,4.03,21.12,23.34,2.19
1808,3,362,2026-05-09 01:00:00+00:00,2,128.54,0.0,1.15,89.99,1.51,0.96,1.06,0.41
1809,4,362,2026-05-09 01:00:00+00:00,1,116.51,0.0,2.15,53.61,0.17,2.84,3.21,2.26
1810,5,362,2026-05-09 01:00:00+00:00,2,136.18,0.0,3.52,88.86,1.39,2.48,2.95,1.67
1811,1,363,2026-05-09 02:00:00+00:00,1,107.73,0.0,0.82,21.24,0.07,3.13,5.08,0.25
1812,2,363,2026-05-09 02:00:00+00:00,2,154.43,0.0,8.54,87.98,4.04,22.13,24.31,2.21
1813,3,363,2026-05-09 02:00:00+00:00,2,128.16,0.0,1.28,88.72,1.73,0.84,0.96,0.5
1814,4,363,2026-05-09 02:00:00+00:00,1,114.68,0.0,2.0,48.36,0.14,2.89,3.25,2.12
1815,5,363,2026-05-09 02:00:00+00:00,2,135.71,0.0,3.53,87.75,1.81,2.75,3.24,1.65
1816,1,364,2026-05-09 03:00:00+00:00,1,105.85,0.0,0.8,21.45,0.07,3.0,4.79,0.24
1817,2,364,2026-05-09 03:00:00+00:00,2,157.09,0.0,8.74,82.84,4.07,22.95,25.05,2.15
1818,3,364,2026-05-09 03:00:00+00:00,2,128.69,0.0,1.71,86.42,1.97,0.77,0.9,0.55
1819,4,364,2026-05-09 03:00:00+00:00,1,113.02,0.0,1.94,43.57,0.12,2.94,3.31,2.09
1820,5,364,2026-05-09 03:00:00+00:00,2,135.51,0.0,3.46,87.87,2.13,3.08,3.6,1.63
1821,1,365,2026-05-09 04:00:00+00:00,1,106.41,0.02,0.82,22.0,0.09,2.94,4.88,0.28
1822,2,365,2026-05-09 04:00:00+00:00,2,159.01,0.0,8.87,78.74,4.09,24.25,26.25,2.0
1823,3,365,2026-05-09 04:00:00+00:00,2,129.54,0.01,2.5,84.79,2.06,0.71,0.85,0.54
1824,4,365,2026-05-09 04:00:00+00:00,1,111.1,0.0,1.99,38.65,0.12,2.99,3.38,2.02
1825,5,365,2026-05-09 04:00:00+00:00,2,133.91,0.0,3.29,86.5,2.22,3.43,3.95,1.62
1826,1,366,2026-05-09 05:00:00+00:00,1,108.14,0.15,0.65,23.49,0.12,2.94,5.27,0.4
1827,2,366,2026-05-09 05:00:00+00:00,3,160.38,0.0,9.08,75.1,4.17,26.09,28.02,1.84
1828,3,366,2026-05-09 05:00:00+00:00,2,130.06,0.05,2.86,82.51,2.0,0.71,0.84,0.53
1829,4,366,2026-05-09 05:00:00+00:00,1,109.92,0.0,2.35,33.5,0.13,3.05,3.48,1.89
1830,5,366,2026-05-09 05:00:00+00:00,2,133.56,0.0,2.99,84.55,2.04,3.77,4.31,1.64
1831,1,367,2026-05-09 06:00:00+00:00,1,108.71,0.17,0.46,27.24,0.15,3.12,5.72,0.59
1832,2,367,2026-05-09 06:00:00+00:00,3,161.56,0.12,9.62,71.63,4.29,28.51,30.43,1.66
1833,3,367,2026-05-09 06:00:00+00:00,2,129.65,0.09,2.85,79.83,1.94,0.71,0.83,0.52
1834,4,367,2026-05-09 06:00:00+00:00,1,109.11,0.26,2.73,28.59,0.14,3.1,3.58,1.8
1835,5,367,2026-05-09 06:00:00+00:00,2,133.39,0.0,2.71,82.04,1.73,4.09,4.65,1.67
1836,1,368,2026-05-09 07:00:00+00:00,1,76.36,0.05,0.14,42.12,0.14,1.47,2.99,0.34
1837,2,368,2026-05-09 07:00:00+00:00,3,162.32,0.5,9.85,68.37,4.39,31.09,33.06,1.54
1838,3,368,2026-05-09 07:00:00+00:00,2,128.88,0.11,2.67,78.47,1.89,0.66,0.75,0.48
1839,4,368,2026-05-09 07:00:00+00:00,1,107.63,0.99,2.33,25.26,0.14,3.08,3.58,1.91
1840,5,368,2026-05-09 07:00:00+00:00,2,132.36,0.0,2.51,78.26,1.42,4.36,4.94,1.68
1841,1,369,2026-05-09 08:00:00+00:00,1,72.08,0.03,0.09,43.42,0.15,1.38,2.9,0.33
1842,2,369,2026-05-09 08:00:00+00:00,3,163.79,1.17,9.72,66.53,4.48,33.37,35.45,1.57
1843,3,369,2026-05-09 08:00:00+00:00,2,127.56,0.13,2.29,78.5,1.68,0.57,0.65,0.43
1844,4,369,2026-05-09 08:00:00+00:00,1,105.95,1.45,1.91,24.16,0.14,3.05,3.56,2.46
1845,5,369,2026-05-09 08:00:00+00:00,2,132.85,0.0,2.42,74.0,1.17,4.69,5.3,1.66
1846,1,370,2026-05-09 09:00:00+00:00,1,70.87,0.03,0.08,43.19,0.16,1.51,3.16,0.34
1847,2,370,2026-05-09 09:00:00+00:00,3,164.52,1.83,9.43,67.24,4.59,35.4,37.61,1.7
1848,3,370,2026-05-09 09:00:00+00:00,2,126.52,0.13,1.83,79.8,1.49,0.52,0.56,0.39
1849,4,370,2026-05-09 09:00:00+00:00,1,104.47,1.43,1.69,27.16,0.14,3.14,3.65,3.23
1850,5,370,2026-05-09 09:00:00+00:00,2,134.27,0.0,2.43,69.49,0.98,5.07,5.72,1.49
1851,1,371,2026-05-09 10:00:00+00:00,1,67.59,0.02,0.07,46.36,0.13,1.39,2.84,0.27
1852,2,371,2026-05-09 10:00:00+00:00,3,164.59,2.24,8.43,73.09,4.56,35.99,38.25,1.88
1853,3,371,2026-05-09 10:00:00+00:00,2,125.29,0.1,1.47,81.35,1.34,0.5,0.51,0.4
1854,4,371,2026-05-09 10:00:00+00:00,1,108.52,0.62,1.26,54.34,0.15,3.09,3.52,4.03
1855,5,371,2026-05-09 10:00:00+00:00,2,135.66,0.0,2.55,65.35,0.86,5.41,6.11,1.31
1856,1,372,2026-05-09 11:00:00+00:00,1,65.47,0.02,0.07,47.95,0.12,1.33,2.66,0.24
1857,2,372,2026-05-09 11:00:00+00:00,3,161.59,2.03,6.99,85.32,4.28,33.98,36.13,1.9
1858,3,372,2026-05-09 11:00:00+00:00,2,124.45,0.07,1.26,82.46,1.38,0.5,0.5,0.44
1859,4,372,2026-05-09 11:00:00+00:00,2,107.86,0.32,0.91,66.18,0.14,3.36,3.76,3.99
1860,5,372,2026-05-09 11:00:00+00:00,2,139.02,0.01,3.06,62.53,0.83,5.73,6.51,1.32
1861,1,373,2026-05-09 12:00:00+00:00,1,64.97,0.02,0.08,47.65,0.12,1.39,2.77,0.25
1862,2,373,2026-05-09 12:00:00+00:00,3,155.64,1.47,5.48,101.09,3.92,29.97,31.89,1.74
1863,3,373,2026-05-09 12:00:00+00:00,2,123.69,0.06,1.19,82.38,1.42,0.5,0.5,0.47
1864,4,373,2026-05-09 12:00:00+00:00,2,106.32,0.19,0.7,73.01,0.12,3.41,3.76,3.83
1865,5,373,2026-05-09 12:00:00+00:00,2,143.74,0.27,3.55,61.92,0.87,6.03,6.89,1.39
1866,1,374,2026-05-09 13:00:00+00:00,1,70.0,0.04,0.18,44.18,0.14,1.66,3.35,0.39
1867,2,374,2026-05-09 13:00:00+00:00,3,148.72,1.0,4.27,115.9,3.63,24.8,26.54,1.65
1868,3,374,2026-05-09 13:00:00+00:00,2,123.81,0.05,1.17,82.18,1.37,0.5,0.5,0.48
1869,4,374,2026-05-09 13:00:00+00:00,2,107.15,0.09,0.46,88.12,0.08,2.12,2.34,2.87
1870,5,374,2026-05-09 13:00:00+00:00,2,146.77,0.53,3.52,64.15,0.97,6.28,7.22,1.47
1871,1,375,2026-05-09 14:00:00+00:00,1,79.16,0.05,0.43,40.02,0.17,2.1,4.3,0.63
1872,2,375,2026-05-09 14:00:00+00:00,3,143.06,0.72,3.53,125.78,3.43,20.6,22.3,1.62
1873,3,375,2026-05-09 14:00:00+00:00,2,123.7,0.04,1.24,81.62,1.34,0.5,0.5,0.51
1874,4,375,2026-05-09 14:00:00+00:00,2,106.27,0.07,0.39,94.27,0.06,1.32,1.47,2.23
1875,5,375,2026-05-09 14:00:00+00:00,2,146.48,0.72,2.98,66.0,1.06,6.51,7.49,1.48
1876,1,376,2026-05-09 15:00:00+00:00,1,89.09,0.0,0.78,37.48,0.22,2.55,5.29,0.92
1877,2,376,2026-05-09 15:00:00+00:00,3,139.26,0.58,3.25,130.58,3.31,17.08,18.87,1.75
1878,3,376,2026-05-09 15:00:00+00:00,2,123.77,0.02,1.35,81.14,1.4,0.5,0.5,0.54
1879,4,376,2026-05-09 15:00:00+00:00,2,105.12,0.07,0.42,95.78,0.05,1.07,1.21,2.07
1880,5,376,2026-05-09 15:00:00+00:00,2,144.11,0.62,2.26,73.14,1.23,7.04,8.0,1.42
1881,1,377,2026-05-09 16:00:00+00:00,1,99.05,0.0,1.02,34.76,0.28,3.05,6.4,1.19
1882,2,377,2026-05-09 16:00:00+00:00,3,136.88,0.49,3.32,131.83,3.25,14.24,16.14,1.91
1883,3,377,2026-05-09 16:00:00+00:00,2,123.78,0.01,1.47,80.44,1.5,0.5,0.5,0.58
1884,4,377,2026-05-09 16:00:00+00:00,2,104.87,0.1,0.69,92.99,0.06,1.06,1.23,2.35
1885,5,377,2026-05-09 16:00:00+00:00,3,135.8,0.08,1.61,100.28,1.51,7.05,7.7,1.12
1886,1,378,2026-05-09 17:00:00+00:00,1,109.94,0.0,1.16,31.51,0.29,3.63,7.59,1.21
1887,2,378,2026-05-09 17:00:00+00:00,3,133.79,0.39,3.6,130.68,3.28,11.84,13.79,1.97
1888,3,378,2026-05-09 17:00:00+00:00,2,123.54,0.0,1.5,79.36,1.56,0.5,0.5,0.6
1889,4,378,2026-05-09 17:00:00+00:00,2,104.63,0.11,1.1,86.04,0.08,1.16,1.38,2.88
1890,5,378,2026-05-09 17:00:00+00:00,3,131.42,0.06,1.19,104.93,1.27,6.45,6.91,0.93
1891,1,379,2026-05-09 18:00:00+00:00,1,118.56,0.0,1.24,28.72,0.24,4.13,8.45,0.91
1892,2,379,2026-05-09 18:00:00+00:00,3,135.39,0.23,4.23,130.31,3.65,12.36,14.46,2.14
1893,3,379,2026-05-09 18:00:00+00:00,2,123.58,0.0,1.48,77.89,1.59,0.5,0.5,0.63
1894,4,379,2026-05-09 18:00:00+00:00,2,104.74,0.07,1.45,79.75,0.09,1.23,1.5,3.28
1895,5,379,2026-05-09 18:00:00+00:00,3,130.44,0.05,1.03,104.43,1.17,6.63,7.03,0.81
1896,1,380,2026-05-09 19:00:00+00:00,1,123.6,0.0,1.25,25.85,0.18,4.45,8.79,0.52
1897,2,380,2026-05-09 19:00:00+00:00,3,141.9,0.02,4.94,131.64,4.14,16.68,18.93,2.44
1898,3,380,2026-05-09 19:00:00+00:00,2,123.64,0.0,1.53,76.2,1.64,0.5,0.5,0.65
1899,4,380,2026-05-09 19:00:00+00:00,2,104.06,0.02,1.92,68.48,0.1,1.31,1.65,3.77
1900,5,380,2026-05-09 19:00:00+00:00,3,132.31,0.06,0.99,105.23,1.09,7.08,7.47,0.72
1901,1,381,2026-05-09 20:00:00+00:00,1,127.75,0.0,1.25,23.63,0.15,4.66,8.95,0.36
1902,2,381,2026-05-09 20:00:00+00:00,3,146.23,0.0,5.2,131.66,4.33,20.81,23.07,2.74
1903,3,381,2026-05-09 20:00:00+00:00,2,123.55,0.0,1.65,74.38,1.73,0.5,0.5,0.7
1904,4,381,2026-05-09 20:00:00+00:00,1,104.55,0.0,2.42,56.2,0.12,1.43,1.86,4.28
1905,5,381,2026-05-09 20:00:00+00:00,3,132.78,0.08,1.07,104.14,1.01,6.85,7.22,0.68
1906,1,382,2026-05-09 21:00:00+00:00,1,124.91,0.0,1.17,22.45,0.1,4.51,8.42,0.29
1907,2,382,2026-05-09 21:00:00+00:00,3,147.17,0.0,5.31,130.1,4.2,23.42,25.62,2.84
1908,3,382,2026-05-09 21:00:00+00:00,2,123.37,0.0,1.71,72.86,1.78,0.5,0.5,0.76
1909,4,382,2026-05-09 21:00:00+00:00,1,106.11,0.0,2.98,47.2,0.14,1.6,2.11,4.28
1910,5,382,2026-05-09 21:00:00+00:00,3,133.34,0.11,1.27,103.05,0.92,6.37,6.72,0.69
1911,1,383,2026-05-09 22:00:00+00:00,1,116.38,0.0,1.01,22.49,0.08,4.11,7.46,0.27
1912,2,383,2026-05-09 22:00:00+00:00,3,144.95,0.0,4.89,129.15,3.72,24.34,26.27,2.87
1913,3,383,2026-05-09 22:00:00+00:00,2,122.91,0.0,1.7,72.83,1.73,0.5,0.5,0.82
1914,4,383,2026-05-09 22:00:00+00:00,1,107.1,0.0,3.4,39.93,0.15,1.77,2.36,3.78
1915,5,383,2026-05-09 22:00:00+00:00,2,143.67,0.39,3.4,81.39,0.73,6.25,6.64,0.89
1916,1,384,2026-05-09 23:00:00+00:00,1,112.81,0.0,0.95,21.79,0.07,3.95,6.81,0.26
1917,2,384,2026-05-09 23:00:00+00:00,3,142.71,0.0,4.68,128.03,3.39,24.12,25.9,2.84
1918,3,384,2026-05-09 23:00:00+00:00,2,123.0,0.0,1.66,74.54,1.7,0.5,0.5,0.86
1919,4,384,2026-05-09 23:00:00+00:00,1,108.51,0.0,3.53,34.41,0.16,1.97,2.61,3.15
1920,5,384,2026-05-09 23:00:00+00:00,1,156.06,0.6,5.92,58.18,0.56,6.37,6.91,1.19
1921,1,385,2026-05-10 00:00:00+00:00,1,110.37,0.0,0.9,21.47,0.06,3.84,6.32,0.25
1922,2,385,2026-05-10 00:00:00+00:00,3,140.18,0.0,4.47,124.84,3.15,23.19,24.9,2.77
1923,3,385,2026-05-10 00:00:00+00:00,2,123.17,0.0,1.64,76.32,1.72,0.5,0.5,0.89
1924,4,385,2026-05-10 00:00:00+00:00,1,108.3,0.0,3.38,30.14,0.15,2.1,2.79,2.66
1925,5,385,2026-05-10 00:00:00+00:00,1,161.87,0.2,7.88,46.82,0.5,6.51,7.24,1.49
1926,1,386,2026-05-10 01:00:00+00:00,1,107.74,0.0,0.87,21.72,0.06,3.73,5.96,0.24
1927,2,386,2026-05-10 01:00:00+00:00,3,136.85,0.0,4.31,120.4,2.9,20.19,21.49,2.46
1928,3,386,2026-05-10 01:00:00+00:00,2,122.94,0.0,1.61,76.74,1.73,0.5,0.5,0.92
1929,4,386,2026-05-10 01:00:00+00:00,1,105.65,0.0,3.06,26.0,0.12,2.14,2.81,2.5
1930,5,386,2026-05-10 01:00:00+00:00,1,162.07,0.0,8.34,42.79,0.51,6.62,7.48,1.71
1931,1,387,2026-05-10 02:00:00+00:00,1,106.6,0.0,0.85,22.17,0.06,3.66,5.83,0.25
1932,2,387,2026-05-10 02:00:00+00:00,3,134.85,0.0,4.32,116.06,2.7,17.65,18.62,2.12
1933,3,387,2026-05-10 02:00:00+00:00,2,122.93,0.0,1.67,75.56,1.74,0.5,0.5,0.98
1934,4,387,2026-05-10 02:00:00+00:00,1,103.28,0.0,2.81,22.03,0.1,2.16,2.79,2.91
1935,5,387,2026-05-10 02:00:00+00:00,1,160.89,0.0,7.62,40.44,0.47,6.68,7.57,1.64
1936,1,388,2026-05-10 03:00:00+00:00,1,106.74,0.0,0.87,23.04,0.07,3.63,5.89,0.29
1937,2,388,2026-05-10 03:00:00+00:00,3,133.58,0.0,4.38,111.47,2.64,16.07,16.93,1.94
1938,3,388,2026-05-10 03:00:00+00:00,2,123.2,0.0,1.99,73.98,1.82,0.5,0.5,1.04
1939,4,388,2026-05-10 03:00:00+00:00,1,100.82,0.0,2.67,19.2,0.1,2.14,2.75,3.81
1940,5,388,2026-05-10 03:00:00+00:00,1,156.46,0.0,6.29,43.86,0.48,6.52,7.32,1.42
1941,1,389,2026-05-10 04:00:00+00:00,1,110.01,0.02,0.93,24.58,0.1,3.66,6.46,0.42
1942,2,389,2026-05-10 04:00:00+00:00,3,131.3,0.0,4.13,107.76,2.49,14.45,15.22,1.87
1943,3,389,2026-05-10 04:00:00+00:00,2,123.76,0.02,2.57,71.88,1.95,0.5,0.5,1.1
1944,4,389,2026-05-10 04:00:00+00:00,1,98.59,0.01,2.69,17.25,0.1,2.13,2.75,4.28
1945,5,389,2026-05-10 04:00:00+00:00,2,141.47,0.0,3.27,66.91,0.76,5.73,6.34,1.19
1946,1,390,2026-05-10 05:00:00+00:00,1,113.79,0.19,0.75,27.81,0.14,3.67,7.07,0.61
1947,2,390,2026-05-10 05:00:00+00:00,3,129.78,0.0,4.04,103.66,2.42,13.5,14.36,1.89
1948,3,390,2026-05-10 05:00:00+00:00,2,123.68,0.1,2.93,69.89,2.13,0.5,0.5,1.14
1949,4,390,2026-05-10 05:00:00+00:00,1,97.85,0.04,3.2,14.91,0.11,2.15,2.81,3.09
1950,5,390,2026-05-10 05:00:00+00:00,2,136.32,0.0,2.66,62.32,0.64,5.34,5.9,1.0
1951,1,391,2026-05-10 06:00:00+00:00,1,112.48,0.19,0.53,34.08,0.17,3.67,7.2,0.74
1952,2,391,2026-05-10 06:00:00+00:00,2,128.44,0.01,4.15,99.24,2.36,12.65,13.64,1.89
1953,3,391,2026-05-10 06:00:00+00:00,2,123.32,0.22,3.01,68.85,2.28,0.5,0.5,1.16
1954,4,391,2026-05-10 06:00:00+00:00,1,98.75,0.16,4.27,12.98,0.11,2.2,2.87,2.24
1955,5,391,2026-05-10 06:00:00+00:00,1,132.04,0.0,2.32,56.55,0.51,5.02,5.55,0.77
1956,1,392,2026-05-10 07:00:00+00:00,1,71.32,0.04,0.13,53.47,0.13,1.17,2.76,0.31
1957,2,392,2026-05-10 07:00:00+00:00,2,127.36,0.05,4.41,96.87,2.25,12.06,13.31,2.12
1958,3,392,2026-05-10 07:00:00+00:00,2,122.95,0.34,2.88,69.84,2.33,0.5,0.5,1.16
1959,4,392,2026-05-10 07:00:00+00:00,1,100.75,0.45,4.44,16.33,0.12,2.15,2.74,2.03
1960,5,392,2026-05-10 07:00:00+00:00,1,127.11,0.0,2.13,48.53,0.35,4.71,5.23,0.56
1961,1,393,2026-05-10 08:00:00+00:00,1,67.5,0.03,0.09,53.08,0.14,1.0,2.41,0.3
1962,2,393,2026-05-10 08:00:00+00:00,2,126.91,0.14,4.71,95.76,2.27,11.32,12.79,2.36
1963,3,393,2026-05-10 08:00:00+00:00,2,121.84,0.43,2.67,71.37,2.3,0.5,0.52,1.14
1964,4,393,2026-05-10 08:00:00+00:00,1,101.68,0.92,4.16,18.87,0.12,2.12,2.66,1.94
1965,5,393,2026-05-10 08:00:00+00:00,1,123.32,0.0,2.08,40.05,0.23,4.51,5.03,0.46
1966,1,394,2026-05-10 09:00:00+00:00,1,66.93,0.02,0.08,51.08,0.15,1.11,2.52,0.32
1967,2,394,2026-05-10 09:00:00+00:00,2,127.02,0.29,4.9,96.41,2.33,10.69,12.26,2.47
1968,3,394,2026-05-10 09:00:00+00:00,2,120.72,0.48,2.41,72.58,2.24,0.5,0.59,1.12
1969,4,394,2026-05-10 09:00:00+00:00,1,102.33,1.43,3.48,21.18,0.12,2.11,2.61,2.08
1970,5,394,2026-05-10 09:00:00+00:00,1,120.25,0.0,2.1,34.13,0.17,4.29,4.82,0.44
1971,1,395,2026-05-10 10:00:00+00:00,1,65.3,0.02,0.08,52.53,0.13,1.08,2.26,0.29
1972,2,395,2026-05-10 10:00:00+00:00,2,127.04,0.43,4.71,98.83,2.46,10.51,12.48,2.76
1973,3,395,2026-05-10 10:00:00+00:00,2,120.94,0.45,2.1,75.07,2.03,0.55,0.68,1.01
1974,4,395,2026-05-10 10:00:00+00:00,1,107.25,0.54,2.35,53.38,0.12,1.74,2.01,2.12
1975,5,395,2026-05-10 10:00:00+00:00,1,117.09,0.0,2.23,30.03,0.15,4.0,4.55,0.49
1976,1,396,2026-05-10 11:00:00+00:00,1,64.67,0.02,0.09,52.68,0.12,1.11,2.2,0.3
1977,2,396,2026-05-10 11:00:00+00:00,3,126.68,0.42,4.4,102.6,2.56,9.96,12.36,3.08
1978,3,396,2026-05-10 11:00:00+00:00,2,121.21,0.33,1.81,77.9,1.61,0.62,0.72,0.85
1979,4,396,2026-05-10 11:00:00+00:00,2,107.08,0.34,1.62,63.68,0.1,1.65,1.83,1.71
1980,5,396,2026-05-10 11:00:00+00:00,1,118.32,0.06,2.94,27.11,0.15,3.75,4.33,0.66
1981,1,397,2026-05-10 12:00:00+00:00,1,65.16,0.03,0.1,51.53,0.13,1.2,2.3,0.34
1982,2,397,2026-05-10 12:00:00+00:00,3,125.95,0.34,3.9,107.24,2.55,9.42,12.2,3.12
1983,3,397,2026-05-10 12:00:00+00:00,2,121.76,0.25,1.67,80.11,1.38,0.65,0.72,0.74
1984,4,397,2026-05-10 12:00:00+00:00,2,106.45,0.24,1.13,70.09,0.08,1.67,1.8,1.42
1985,5,397,2026-05-10 12:00:00+00:00,1,125.9,0.91,3.48,25.85,0.16,3.58,4.2,0.87
1986,1,398,2026-05-10 13:00:00+00:00,1,71.05,0.05,0.22,47.21,0.15,1.46,2.79,0.49
1987,2,398,2026-05-10 13:00:00+00:00,3,125.72,0.29,3.3,112.53,2.46,7.7,10.59,2.91
1988,3,398,2026-05-10 13:00:00+00:00,2,122.55,0.16,1.74,81.74,1.25,0.62,0.69,0.71
1989,4,398,2026-05-10 13:00:00+00:00,2,105.36,0.12,0.75,77.67,0.05,1.51,1.61,1.24
1990,5,398,2026-05-10 13:00:00+00:00,1,133.68,2.1,3.39,26.6,0.18,3.47,4.13,1.04
1991,1,399,2026-05-10 14:00:00+00:00,1,80.65,0.05,0.47,41.51,0.17,1.86,3.55,0.68
1992,2,399,2026-05-10 14:00:00+00:00,3,124.85,0.22,2.87,115.36,2.27,5.2,7.98,2.53
1993,3,399,2026-05-10 14:00:00+00:00,2,122.23,0.11,1.91,82.51,1.21,0.53,0.59,0.74
1994,4,399,2026-05-10 14:00:00+00:00,2,104.17,0.08,0.63,81.23,0.04,1.34,1.41,1.38
1995,5,399,2026-05-10 14:00:00+00:00,1,136.0,2.54,3.3,28.61,0.2,3.39,4.1,1.12
1996,1,400,2026-05-10 15:00:00+00:00,1,90.19,0.0,0.8,37.26,0.19,2.23,4.25,0.81
1997,2,400,2026-05-10 15:00:00+00:00,3,124.55,0.18,2.84,114.61,2.16,3.24,5.98,2.13
1998,3,400,2026-05-10 15:00:00+00:00,2,121.64,0.07,2.17,82.57,1.18,0.5,0.52,0.76
1999,4,400,2026-05-10 15:00:00+00:00,2,103.43,0.07,0.7,81.69,0.05,1.31,1.39,1.56
2000,5,400,2026-05-10 15:00:00+00:00,1,135.59,1.99,3.2,38.12,0.24,3.58,4.3,1.12
2001,1,401,2026-05-10 16:00:00+00:00,1,100.17,0.0,1.03,32.99,0.2,2.67,5.15,0.91
2002,2,401,2026-05-10 16:00:00+00:00,3,125.34,0.2,2.99,112.35,2.11,2.37,5.0,1.66
2003,3,401,2026-05-10 16:00:00+00:00,2,121.09,0.03,2.5,82.02,1.17,0.5,0.5,0.78
2004,4,401,2026-05-10 16:00:00+00:00,2,104.57,0.09,1.25,77.16,0.06,1.39,1.48,1.86
2005,5,401,2026-05-10 16:00:00+00:00,3,123.65,0.23,1.08,103.8,0.9,3.63,4.03,1.06
2006,1,402,2026-05-10 17:00:00+00:00,1,113.7,0.0,1.23,29.16,0.22,3.28,6.38,0.98
2007,2,402,2026-05-10 17:00:00+00:00,3,125.93,0.13,3.44,108.9,2.1,1.83,4.27,1.29
2008,3,402,2026-05-10 17:00:00+00:00,2,120.42,0.01,2.9,79.78,1.26,0.5,0.5,0.84
2009,4,402,2026-05-10 17:00:00+00:00,2,105.18,0.09,2.02,68.6,0.08,1.47,1.61,1.99
2010,5,402,2026-05-10 17:00:00+00:00,3,120.28,0.12,0.75,110.84,0.92,3.5,3.92,1.21
2011,1,403,2026-05-10 18:00:00+00:00,1,125.91,0.0,1.38,26.11,0.22,3.89,7.53,1.04
2012,2,403,2026-05-10 18:00:00+00:00,3,126.53,0.06,3.85,105.59,2.08,1.51,3.86,1.06
2013,3,403,2026-05-10 18:00:00+00:00,2,120.01,0.0,3.04,77.7,1.34,0.5,0.58,0.86
2014,4,403,2026-05-10 18:00:00+00:00,2,106.43,0.05,2.58,62.43,0.1,1.54,1.72,1.79
2015,5,403,2026-05-10 18:00:00+00:00,3,118.86,0.11,0.76,110.79,0.86,3.38,3.82,1.23
2016,1,404,2026-05-10 19:00:00+00:00,1,135.9,0.0,1.5,22.96,0.22,4.45,8.49,1.02
2017,2,404,2026-05-10 19:00:00+00:00,3,127.02,0.01,4.03,102.99,2.05,1.29,3.53,0.93
2018,3,404,2026-05-10 19:00:00+00:00,2,119.99,0.0,2.98,75.85,1.3,0.56,0.67,0.79
2019,4,404,2026-05-10 19:00:00+00:00,1,107.6,0.01,3.08,54.1,0.12,1.72,1.96,2.17
2020,5,404,2026-05-10 19:00:00+00:00,3,119.22,0.11,0.88,110.03,0.83,3.34,3.8,1.25
2021,1,405,2026-05-10 20:00:00+00:00,1,143.9,0.0,1.58,20.16,0.2,4.89,9.12,0.81
2022,2,405,2026-05-10 20:00:00+00:00,3,128.33,0.0,4.04,101.24,2.04,1.16,3.2,0.88
2023,3,405,2026-05-10 20:00:00+00:00,2,120.62,0.0,2.91,74.55,1.13,0.65,0.73,0.61
2024,4,405,2026-05-10 20:00:00+00:00,1,110.22,0.0,3.46,44.95,0.14,2.01,2.3,2.44
2025,5,405,2026-05-10 20:00:00+00:00,3,119.52,0.12,1.12,107.08,0.81,3.28,3.77,1.24
2026,1,406,2026-05-10 21:00:00+00:00,1,143.27,0.0,1.54,18.03,0.14,4.88,8.77,0.56
2027,2,406,2026-05-10 21:00:00+00:00,2,129.47,0.0,3.96,99.81,2.07,1.09,3.07,0.89
2028,3,406,2026-05-10 21:00:00+00:00,2,121.16,0.0,2.96,73.18,1.02,0.72,0.8,0.43
2029,4,406,2026-05-10 21:00:00+00:00,1,111.94,0.0,3.56,38.26,0.13,2.46,2.77,2.57
2030,5,406,2026-05-10 21:00:00+00:00,3,120.52,0.13,1.48,104.27,0.8,3.21,3.7,1.23
2031,1,407,2026-05-10 22:00:00+00:00,1,139.39,0.0,1.45,16.43,0.12,4.69,8.15,0.48
2032,2,407,2026-05-10 22:00:00+00:00,2,129.87,0.0,3.85,98.62,2.12,1.07,3.14,0.93
2033,3,407,2026-05-10 22:00:00+00:00,2,120.76,0.0,2.98,70.91,0.93,0.76,0.83,0.29
2034,4,407,2026-05-10 22:00:00+00:00,1,111.22,0.0,3.23,34.09,0.11,2.91,3.2,2.36
2035,5,407,2026-05-10 22:00:00+00:00,2,126.8,0.22,2.76,90.15,0.74,3.23,3.74,1.26
2036,1,408,2026-05-10 23:00:00+00:00,1,136.2,0.0,1.35,15.93,0.11,4.47,7.6,0.48
2037,2,408,2026-05-10 23:00:00+00:00,2,130.02,0.0,3.9,97.93,2.25,1.06,3.26,1.0
2038,3,408,2026-05-10 23:00:00+00:00,2,120.79,0.0,3.0,68.94,0.83,0.78,0.84,0.22
2039,4,408,2026-05-10 23:00:00+00:00,1,111.22,0.0,2.68,33.53,0.1,3.18,3.42,1.83
2040,5,408,2026-05-10 23:00:00+00:00,2,134.85,0.27,4.43,71.69,0.67,3.33,3.91,1.36
2041,1,409,2026-05-11 00:00:00+00:00,1,131.88,0.0,1.24,16.56,0.1,4.18,7.04,0.49
2042,2,409,2026-05-11 00:00:00+00:00,2,129.98,0.0,3.98,97.55,2.34,1.02,3.2,1.06
2043,3,409,2026-05-11 00:00:00+00:00,2,120.82,0.0,3.0,67.44,0.78,0.78,0.84,0.2
2044,4,409,2026-05-11 00:00:00+00:00,1,112.4,0.0,2.11,37.59,0.1,3.38,3.57,1.51
2045,5,409,2026-05-11 00:00:00+00:00,1,139.98,0.08,5.65,59.27,0.61,3.41,4.06,1.49
2046,1,410,2026-05-12 01:00:00+00:00,1,130.91,0.0,1.13,16.62,0.12,3.74,5.84,0.43
2047,2,410,2026-05-12 01:00:00+00:00,2,129.21,0.0,5.28,96.75,2.99,1.11,1.87,0.86
2048,3,410,2026-05-12 01:00:00+00:00,1,119.68,0.0,2.64,30.13,0.43,2.64,2.79,0.32
2049,4,410,2026-05-12 01:00:00+00:00,1,115.66,0.0,1.77,50.6,0.22,1.79,2.4,1.71
2050,5,410,2026-05-12 01:00:00+00:00,1,189.57,0.0,14.77,46.31,0.71,4.6,5.41,1.93
2051,1,411,2026-05-12 02:00:00+00:00,1,124.48,0.01,1.0,16.9,0.11,3.32,5.02,0.35
2052,2,411,2026-05-12 02:00:00+00:00,2,129.33,0.0,5.13,97.08,3.05,1.23,1.98,0.81
2053,3,411,2026-05-12 02:00:00+00:00,1,117.42,0.0,2.35,28.95,0.39,2.5,2.65,0.34
2054,4,411,2026-05-12 02:00:00+00:00,1,115.32,0.0,1.7,47.59,0.23,1.88,2.48,1.59
2055,5,411,2026-05-12 02:00:00+00:00,1,182.56,0.0,12.72,43.26,0.68,4.92,5.76,1.67
2056,1,412,2026-05-12 03:00:00+00:00,1,119.9,0.0,0.92,17.57,0.11,3.03,4.51,0.3
2057,2,412,2026-05-12 03:00:00+00:00,2,129.64,0.0,5.13,96.05,3.18,1.44,2.16,0.76
2058,3,412,2026-05-12 03:00:00+00:00,1,116.97,0.01,2.46,27.79,0.42,2.41,2.6,0.37
2059,4,412,2026-05-12 03:00:00+00:00,1,116.84,0.0,1.78,47.8,0.26,2.05,2.62,1.45
2060,5,412,2026-05-12 03:00:00+00:00,1,171.2,0.0,9.41,41.83,0.54,4.55,5.28,1.09
2061,1,413,2026-05-12 04:00:00+00:00,1,113.56,0.02,0.81,19.41,0.12,2.63,4.16,0.32
2062,2,413,2026-05-12 04:00:00+00:00,2,129.48,0.0,5.23,93.98,3.31,1.68,2.33,0.71
2063,3,413,2026-05-12 04:00:00+00:00,1,118.85,0.06,2.94,27.2,0.54,2.07,2.31,0.42
2064,4,413,2026-05-12 04:00:00+00:00,1,119.78,0.0,2.03,51.46,0.33,2.37,2.94,1.31
2065,5,413,2026-05-12 04:00:00+00:00,1,157.85,0.0,6.49,43.25,0.34,3.02,3.59,0.55
2066,1,414,2026-05-12 05:00:00+00:00,1,111.07,0.13,0.59,20.55,0.15,2.47,4.31,0.41
2067,2,414,2026-05-12 05:00:00+00:00,2,129.12,0.0,5.34,91.52,3.39,2.11,2.68,0.68
2068,3,414,2026-05-12 05:00:00+00:00,1,121.31,0.18,3.44,27.65,0.68,1.87,2.16,0.38
2069,4,414,2026-05-12 05:00:00+00:00,1,122.38,0.0,2.51,53.05,0.36,2.56,3.17,1.28
2070,5,414,2026-05-12 05:00:00+00:00,1,148.78,0.0,4.83,40.39,0.23,2.48,3.0,0.35
2071,1,415,2026-05-12 06:00:00+00:00,1,108.28,0.16,0.4,23.58,0.17,2.51,4.54,0.51
2072,2,415,2026-05-12 06:00:00+00:00,2,128.67,0.05,5.73,89.7,3.39,2.58,3.07,0.71
2073,3,415,2026-05-12 06:00:00+00:00,1,123.13,0.34,3.77,29.8,0.81,1.66,1.96,0.33
2074,4,415,2026-05-12 06:00:00+00:00,1,125.53,0.03,3.24,55.36,0.4,2.76,3.39,1.32
2075,5,415,2026-05-12 06:00:00+00:00,1,140.35,0.0,3.57,38.65,0.19,2.24,2.72,0.3
2076,1,416,2026-05-12 07:00:00+00:00,1,82.71,0.06,0.17,32.87,0.15,1.4,2.65,0.37
2077,2,416,2026-05-12 07:00:00+00:00,2,128.71,0.18,5.58,88.62,3.31,3.0,3.47,0.8
2078,3,416,2026-05-12 07:00:00+00:00,1,125.95,0.41,4.13,37.66,0.97,1.48,1.73,0.24
2079,4,416,2026-05-12 07:00:00+00:00,2,130.16,0.13,3.07,65.44,0.46,3.44,4.01,1.3
2080,5,416,2026-05-12 07:00:00+00:00,1,133.12,0.0,2.67,37.79,0.16,2.0,2.44,0.28
2081,1,417,2026-05-12 08:00:00+00:00,1,77.52,0.04,0.11,34.43,0.16,1.34,2.46,0.37
2082,2,417,2026-05-12 08:00:00+00:00,2,128.02,0.37,5.35,87.48,3.29,3.42,3.89,0.91
2083,3,417,2026-05-12 08:00:00+00:00,1,126.29,0.39,4.34,42.08,1.0,1.42,1.64,0.25
2084,4,417,2026-05-12 08:00:00+00:00,2,130.94,0.22,2.76,68.98,0.43,3.36,3.9,1.38
2085,5,417,2026-05-12 08:00:00+00:00,1,127.77,0.0,2.13,37.54,0.14,1.81,2.23,0.27
2086,1,418,2026-05-12 09:00:00+00:00,1,75.65,0.04,0.1,34.62,0.16,1.47,2.58,0.37
2087,2,418,2026-05-12 09:00:00+00:00,2,127.42,0.54,5.19,87.46,3.29,4.0,4.46,1.09
2088,3,418,2026-05-12 09:00:00+00:00,1,126.01,0.37,4.33,44.27,0.99,1.33,1.53,0.29
2089,4,418,2026-05-12 09:00:00+00:00,2,130.32,0.26,2.4,71.0,0.38,3.15,3.68,1.49
2090,5,418,2026-05-12 09:00:00+00:00,1,124.39,0.0,1.9,37.66,0.14,1.69,2.09,0.26
2091,1,419,2026-05-12 10:00:00+00:00,1,71.09,0.03,0.09,38.01,0.14,1.4,2.29,0.32
2092,2,419,2026-05-12 10:00:00+00:00,2,127.02,0.75,5.09,89.84,3.56,5.03,5.52,1.26
2093,3,419,2026-05-12 10:00:00+00:00,2,123.62,0.33,2.91,62.42,0.79,1.12,1.26,0.25
2094,4,419,2026-05-12 10:00:00+00:00,2,128.41,0.22,1.74,77.87,0.33,2.31,2.73,1.4
2095,5,419,2026-05-12 10:00:00+00:00,1,122.41,0.0,1.91,37.87,0.15,1.63,2.02,0.27
2096,1,420,2026-05-12 11:00:00+00:00,1,69.12,0.03,0.09,40.2,0.12,1.44,2.24,0.31
2097,2,420,2026-05-12 11:00:00+00:00,2,126.82,0.97,5.17,95.66,4.07,6.43,6.98,1.32
2098,3,420,2026-05-12 11:00:00+00:00,2,120.11,0.26,1.56,76.74,0.6,1.09,1.2,0.23
2099,4,420,2026-05-12 11:00:00+00:00,2,125.31,0.16,1.2,82.9,0.28,1.47,1.81,1.32
2100,5,420,2026-05-12 11:00:00+00:00,1,125.22,0.05,2.59,35.32,0.18,1.66,2.1,0.3
2101,1,421,2026-05-12 12:00:00+00:00,1,69.24,0.03,0.11,40.71,0.12,1.53,2.36,0.33
2102,2,421,2026-05-12 12:00:00+00:00,3,126.42,1.06,4.93,104.76,4.35,7.73,8.34,1.24
2103,3,421,2026-05-12 12:00:00+00:00,2,118.29,0.21,0.99,82.32,0.53,1.24,1.34,0.25
2104,4,421,2026-05-12 12:00:00+00:00,2,123.23,0.14,0.88,85.38,0.24,1.44,1.72,1.25
2105,5,421,2026-05-12 12:00:00+00:00,1,133.08,0.73,3.12,33.06,0.24,1.8,2.33,0.38
2106,1,422,2026-05-12 13:00:00+00:00,1,75.05,0.05,0.23,38.57,0.15,1.83,2.93,0.47
2107,2,422,2026-05-12 13:00:00+00:00,3,125.32,1.04,4.32,114.93,4.3,8.08,8.75,1.12
2108,3,422,2026-05-12 13:00:00+00:00,2,117.47,0.17,0.79,85.72,0.5,1.38,1.48,0.28
2109,4,422,2026-05-12 13:00:00+00:00,2,122.51,0.12,0.69,87.81,0.21,1.55,1.8,1.27
2110,5,422,2026-05-12 13:00:00+00:00,1,139.9,1.58,3.03,33.98,0.38,2.0,2.63,0.51
2111,1,423,2026-05-12 14:00:00+00:00,1,85.81,0.05,0.52,34.89,0.19,2.33,3.93,0.69
2112,2,423,2026-05-12 14:00:00+00:00,3,123.6,0.86,3.99,119.59,4.04,7.07,7.88,1.1
2113,3,423,2026-05-12 14:00:00+00:00,2,116.33,0.14,0.79,86.79,0.5,1.38,1.49,0.3
2114,4,423,2026-05-12 14:00:00+00:00,2,121.22,0.1,0.63,88.39,0.19,1.63,1.87,1.35
2115,5,423,2026-05-12 14:00:00+00:00,1,143.5,2.02,3.03,35.87,0.52,2.27,2.98,0.72
2116,1,424,2026-05-12 15:00:00+00:00,1,97.72,0.0,0.92,31.78,0.21,2.84,4.98,0.85
2117,2,424,2026-05-12 15:00:00+00:00,3,122.07,0.77,3.87,117.15,3.83,6.04,7.11,1.1
2118,3,424,2026-05-12 15:00:00+00:00,2,115.19,0.11,0.86,86.66,0.52,1.29,1.39,0.32
2119,4,424,2026-05-12 15:00:00+00:00,2,120.02,0.09,0.67,88.49,0.17,1.61,1.82,1.45
2120,5,424,2026-05-12 15:00:00+00:00,1,145.74,1.96,3.08,41.96,0.67,2.89,3.68,0.88
2121,1,425,2026-05-12 16:00:00+00:00,1,112.85,0.0,1.25,27.8,0.24,3.53,6.51,0.98
2122,2,425,2026-05-12 16:00:00+00:00,3,121.07,0.71,3.98,111.81,3.65,4.97,6.32,1.11
2123,3,425,2026-05-12 16:00:00+00:00,2,115.56,0.12,1.41,68.28,0.46,1.27,1.42,0.62
2124,4,425,2026-05-12 16:00:00+00:00,2,119.89,0.09,0.82,88.24,0.17,1.56,1.78,1.66
2125,5,425,2026-05-12 16:00:00+00:00,2,133.6,0.45,1.53,95.78,1.55,3.24,3.73,1.11
2126,1,426,2026-05-12 17:00:00+00:00,1,134.57,0.0,1.59,23.69,0.27,4.55,8.7,1.09
2127,2,426,2026-05-12 17:00:00+00:00,3,120.31,0.61,4.36,105.35,3.46,3.27,4.69,1.12
2128,3,426,2026-05-12 17:00:00+00:00,1,116.19,0.06,2.12,45.93,0.37,1.34,1.56,0.76
2129,4,426,2026-05-12 17:00:00+00:00,2,119.73,0.07,1.04,86.3,0.17,1.54,1.77,1.99
2130,5,426,2026-05-12 17:00:00+00:00,3,127.76,0.2,0.86,107.33,1.38,3.37,3.74,1.14
2131,1,427,2026-05-12 18:00:00+00:00,1,154.72,0.0,1.84,20.24,0.27,5.61,10.66,0.96
2132,2,427,2026-05-12 18:00:00+00:00,2,119.46,0.43,4.85,98.82,3.2,1.95,3.22,1.13
2133,3,427,2026-05-12 18:00:00+00:00,1,115.41,0.0,2.5,32.62,0.32,1.42,1.7,0.66
2134,4,427,2026-05-12 18:00:00+00:00,2,119.48,0.03,1.21,84.99,0.18,1.5,1.74,2.33
2135,5,427,2026-05-12 18:00:00+00:00,3,125.32,0.16,0.76,109.52,1.27,3.57,3.92,1.15
2136,1,428,2026-05-12 19:00:00+00:00,1,168.69,0.01,1.98,17.52,0.27,6.43,11.87,0.85
2137,2,428,2026-05-12 19:00:00+00:00,2,119.16,0.15,5.05,95.0,2.79,1.35,2.38,1.18
2138,3,428,2026-05-12 19:00:00+00:00,1,113.37,0.0,2.68,24.58,0.27,1.49,1.81,0.63
2139,4,428,2026-05-12 19:00:00+00:00,2,119.78,0.01,1.86,75.54,0.18,1.55,1.87,3.34
2140,5,428,2026-05-12 19:00:00+00:00,3,125.69,0.17,0.84,110.98,1.21,3.81,4.16,1.14
2141,1,429,2026-05-12 20:00:00+00:00,1,175.71,0.01,2.0,16.06,0.23,6.86,12.28,0.71
2142,2,429,2026-05-12 20:00:00+00:00,2,118.67,0.01,5.27,92.36,2.72,1.26,2.17,1.28
2143,3,429,2026-05-12 20:00:00+00:00,1,111.96,0.01,2.63,20.01,0.22,1.56,1.89,0.59
2144,4,429,2026-05-12 20:00:00+00:00,2,120.0,0.0,2.69,61.96,0.17,1.69,2.14,4.47
2145,5,429,2026-05-12 20:00:00+00:00,3,125.59,0.21,1.07,109.35,1.17,4.03,4.38,1.09
2146,1,430,2026-05-12 21:00:00+00:00,1,170.71,0.0,1.87,15.67,0.16,6.66,11.48,0.52
2147,2,430,2026-05-12 21:00:00+00:00,2,118.56,0.0,5.21,91.24,2.66,1.3,2.19,1.48
2148,3,430,2026-05-12 21:00:00+00:00,1,109.55,0.01,2.33,17.44,0.19,1.63,1.95,0.55
2149,4,430,2026-05-12 21:00:00+00:00,1,119.39,0.0,3.33,52.03,0.16,1.8,2.35,5.2
2150,5,430,2026-05-12 21:00:00+00:00,3,126.84,0.26,1.47,107.41,1.19,4.17,4.54,1.06
2151,1,431,2026-05-12 22:00:00+00:00,1,160.71,0.0,1.66,15.81,0.12,6.14,10.21,0.41
2152,2,431,2026-05-12 22:00:00+00:00,2,118.12,0.0,4.42,93.47,2.23,1.28,2.27,1.56
2153,3,431,2026-05-12 22:00:00+00:00,1,105.89,0.01,1.94,16.24,0.17,1.68,1.94,0.5
2154,4,431,2026-05-12 22:00:00+00:00,1,116.41,0.0,3.57,44.62,0.14,1.85,2.45,5.53
2155,5,431,2026-05-12 22:00:00+00:00,3,131.4,0.35,2.3,103.0,1.25,4.36,4.77,1.07
2156,1,432,2026-05-12 23:00:00+00:00,1,154.54,0.0,1.51,15.38,0.1,5.79,9.3,0.37
2157,2,432,2026-05-12 23:00:00+00:00,2,118.28,0.0,3.78,95.36,1.99,1.25,2.56,1.52
2158,3,432,2026-05-12 23:00:00+00:00,1,103.23,0.01,1.64,15.26,0.15,1.72,1.93,0.46
2159,4,432,2026-05-12 23:00:00+00:00,1,113.91,0.0,3.26,39.09,0.1,1.87,2.47,3.77
2160,5,432,2026-05-12 23:00:00+00:00,2,136.96,0.34,3.61,94.75,1.38,4.57,5.07,1.14
2161,1,433,2026-05-13 00:00:00+00:00,1,148.22,0.0,1.37,15.19,0.09,5.49,8.55,0.35
2162,2,433,2026-05-13 00:00:00+00:00,2,118.54,0.0,3.4,96.13,1.9,1.24,2.92,1.44
2163,3,433,2026-05-13 00:00:00+00:00,1,101.28,0.01,1.43,15.28,0.14,1.74,1.93,0.43
2164,4,433,2026-05-13 00:00:00+00:00,1,112.23,0.0,2.76,37.71,0.08,1.85,2.46,2.33
2165,5,433,2026-05-13 00:00:00+00:00,2,141.19,0.1,5.09,87.76,1.62,4.74,5.37,1.25
2166,1,434,2026-05-13 01:00:00+00:00,1,140.85,0.0,1.22,16.02,0.08,5.08,7.84,0.34
2167,2,434,2026-05-13 01:00:00+00:00,2,118.47,0.0,2.99,95.35,1.8,1.26,3.44,1.39
2168,3,434,2026-05-13 01:00:00+00:00,1,99.62,0.01,1.28,16.35,0.16,1.74,1.91,0.4
2169,4,434,2026-05-13 01:00:00+00:00,1,113.11,0.0,1.85,50.85,0.12,1.71,2.3,2.04
2170,5,434,2026-05-13 01:00:00+00:00,2,143.37,0.0,5.67,82.91,1.8,4.94,5.69,1.35
2171,1,435,2026-05-13 02:00:00+00:00,1,134.95,0.0,1.13,17.09,0.08,4.75,7.42,0.37
2172,2,435,2026-05-13 02:00:00+00:00,2,117.98,0.0,2.55,93.74,1.7,1.48,4.58,1.41
2173,3,435,2026-05-13 02:00:00+00:00,1,98.79,0.01,1.23,15.98,0.17,1.72,1.89,0.42
2174,4,435,2026-05-13 02:00:00+00:00,1,113.81,0.0,1.41,57.3,0.13,1.59,2.18,1.72
2175,5,435,2026-05-13 02:00:00+00:00,2,144.92,0.0,5.67,81.46,1.97,5.16,5.96,1.41
2176,1,436,2026-05-13 03:00:00+00:00,1,132.22,0.01,1.11,18.37,0.1,4.57,7.35,0.48
2177,2,436,2026-05-13 03:00:00+00:00,2,117.68,0.0,2.22,91.74,1.61,1.87,6.12,1.33
2178,3,436,2026-05-13 03:00:00+00:00,1,99.95,0.05,1.4,15.73,0.21,1.71,1.91,0.45
2179,4,436,2026-05-13 03:00:00+00:00,2,115.15,0.0,1.15,62.07,0.15,1.5,2.1,1.55
2180,5,436,2026-05-13 03:00:00+00:00,2,143.1,0.0,5.21,82.66,2.08,5.07,5.83,1.45
2181,1,437,2026-05-13 04:00:00+00:00,1,135.85,0.04,1.18,20.33,0.16,4.61,8.03,0.66
2182,2,437,2026-05-13 04:00:00+00:00,2,118.11,0.0,2.1,89.81,1.52,2.04,6.41,1.05
2183,3,437,2026-05-13 04:00:00+00:00,1,103.37,0.29,1.63,16.01,0.28,1.71,1.96,0.48
2184,4,437,2026-05-13 04:00:00+00:00,2,115.64,0.0,1.03,65.14,0.19,1.57,2.21,1.48
2185,5,437,2026-05-13 04:00:00+00:00,2,135.39,0.0,3.89,87.56,2.02,4.56,5.17,1.45
2186,1,438,2026-05-13 05:00:00+00:00,1,141.39,0.27,0.95,23.53,0.2,4.77,8.87,0.72
2187,2,438,2026-05-13 05:00:00+00:00,2,117.99,0.0,2.06,87.57,1.44,1.93,5.78,0.87
2188,3,438,2026-05-13 05:00:00+00:00,1,106.57,0.76,1.41,17.4,0.34,1.72,2.05,0.47
2189,4,438,2026-05-13 05:00:00+00:00,2,115.82,0.0,1.28,64.08,0.22,1.49,2.27,1.45
2190,5,438,2026-05-13 05:00:00+00:00,2,131.76,0.0,3.02,88.41,1.72,4.14,4.67,1.54
2191,1,439,2026-05-13 06:00:00+00:00,1,143.16,0.27,0.71,30.61,0.22,5.25,9.58,0.92
2192,2,439,2026-05-13 06:00:00+00:00,2,117.78,0.02,1.99,85.57,1.36,1.78,5.14,0.77
2193,3,439,2026-05-13 06:00:00+00:00,1,107.61,0.86,1.19,23.21,0.44,1.83,2.24,0.53
2194,4,439,2026-05-13 06:00:00+00:00,2,115.35,0.02,1.76,62.98,0.26,1.48,2.45,1.44
2195,5,439,2026-05-13 06:00:00+00:00,2,130.59,0.0,2.53,87.38,1.49,3.93,4.44,1.7
2196,1,440,2026-05-13 07:00:00+00:00,1,83.62,0.06,0.19,52.07,0.2,1.63,3.45,0.48
2197,2,440,2026-05-13 07:00:00+00:00,2,117.76,0.08,1.84,84.52,1.29,1.61,4.3,0.63
2198,3,440,2026-05-13 07:00:00+00:00,2,109.57,0.3,0.94,68.26,1.21,2.09,2.39,0.86
2199,4,440,2026-05-13 07:00:00+00:00,2,114.87,0.06,1.92,67.09,0.33,1.43,2.52,1.39
2200,5,440,2026-05-13 07:00:00+00:00,2,130.22,0.0,2.26,85.6,1.36,3.86,4.39,1.85
2201,1,441,2026-05-13 08:00:00+00:00,1,76.02,0.03,0.12,55.48,0.2,1.34,2.8,0.43
2202,2,441,2026-05-13 08:00:00+00:00,2,118.02,0.15,1.74,84.59,1.25,1.41,3.35,0.48
2203,3,441,2026-05-13 08:00:00+00:00,2,108.85,0.19,0.72,76.62,1.2,2.16,2.41,0.92
2204,4,441,2026-05-13 08:00:00+00:00,2,114.19,0.16,1.9,68.11,0.33,1.24,2.25,1.42
2205,5,441,2026-05-13 08:00:00+00:00,2,130.81,0.0,2.18,83.25,1.32,3.89,4.46,2.0
2206,1,442,2026-05-13 09:00:00+00:00,1,74.0,0.03,0.1,55.55,0.2,1.45,2.87,0.43
2207,2,442,2026-05-13 09:00:00+00:00,2,117.92,0.21,1.67,84.9,1.23,1.22,2.57,0.41
2208,3,442,2026-05-13 09:00:00+00:00,2,108.04,0.16,0.64,79.52,1.22,2.32,2.54,0.9
2209,4,442,2026-05-13 09:00:00+00:00,2,113.7,0.25,1.75,67.79,0.31,1.29,2.28,1.57
2210,5,442,2026-05-13 09:00:00+00:00,2,131.41,0.0,2.22,80.02,1.32,3.93,4.56,2.15
2211,1,443,2026-05-13 10:00:00+00:00,1,71.7,0.03,0.09,58.33,0.18,1.41,2.59,0.38
2212,2,443,2026-05-13 10:00:00+00:00,2,117.48,0.26,1.52,86.28,1.21,1.09,2.15,0.4
2213,3,443,2026-05-13 10:00:00+00:00,2,109.55,0.11,0.56,89.25,1.17,2.21,2.38,0.78
2214,4,443,2026-05-13 10:00:00+00:00,2,113.88,0.15,1.15,82.28,0.29,1.23,2.21,1.43
2215,5,443,2026-05-13 10:00:00+00:00,2,131.32,0.0,2.37,76.15,1.34,3.93,4.62,2.26
2216,1,444,2026-05-13 11:00:00+00:00,1,69.96,0.03,0.09,59.25,0.16,1.4,2.43,0.35
2217,2,444,2026-05-13 11:00:00+00:00,2,117.64,0.28,1.32,87.93,1.18,1.0,1.95,0.42
2218,3,444,2026-05-13 11:00:00+00:00,2,108.93,0.09,0.46,92.54,0.91,1.89,2.02,0.66
2219,4,444,2026-05-13 11:00:00+00:00,2,113.01,0.11,0.78,90.16,0.28,1.24,2.28,1.45
2220,5,444,2026-05-13 11:00:00+00:00,2,132.85,0.03,2.94,72.44,1.41,3.93,4.7,2.34
2221,1,445,2026-05-13 12:00:00+00:00,1,69.55,0.03,0.11,58.41,0.15,1.44,2.47,0.36
2222,2,445,2026-05-13 12:00:00+00:00,2,118.72,0.29,1.17,88.79,1.14,0.88,1.76,0.45
2223,3,445,2026-05-13 12:00:00+00:00,2,108.4,0.08,0.46,93.88,0.81,1.78,1.89,0.61
2224,4,445,2026-05-13 12:00:00+00:00,2,112.33,0.1,0.67,90.68,0.31,1.44,2.7,1.67
2225,5,445,2026-05-13 12:00:00+00:00,2,135.93,0.36,3.34,71.1,1.54,3.94,4.81,2.32
2226,1,446,2026-05-13 13:00:00+00:00,1,76.32,0.05,0.25,53.61,0.18,1.75,3.12,0.52
2227,2,446,2026-05-13 13:00:00+00:00,2,120.48,0.28,1.09,89.06,1.1,0.72,1.52,0.47
2228,3,446,2026-05-13 13:00:00+00:00,2,109.03,0.08,0.52,94.65,0.75,1.75,1.86,0.6
2229,4,446,2026-05-13 13:00:00+00:00,2,113.33,0.09,0.65,90.93,0.37,1.61,3.14,1.78
2230,5,446,2026-05-13 13:00:00+00:00,2,136.83,0.64,3.2,75.13,1.8,3.96,4.9,2.14
2231,1,447,2026-05-13 14:00:00+00:00,1,88.56,0.05,0.56,47.4,0.23,2.28,4.19,0.76
2232,2,447,2026-05-13 14:00:00+00:00,2,121.08,0.27,1.11,89.36,1.09,0.57,1.31,0.45
2233,3,447,2026-05-13 14:00:00+00:00,2,109.71,0.09,0.63,93.37,0.72,1.76,1.88,0.64
2234,4,447,2026-05-13 14:00:00+00:00,2,113.93,0.08,0.7,90.51,0.41,1.76,3.65,1.75
2235,5,447,2026-05-13 14:00:00+00:00,2,134.11,0.66,2.66,80.58,2.05,4.07,5.07,1.91
2236,1,448,2026-05-13 15:00:00+00:00,1,101.21,0.0,0.98,42.44,0.25,2.77,5.23,0.95
2237,2,448,2026-05-13 15:00:00+00:00,2,120.39,0.26,1.18,90.22,1.08,0.5,1.22,0.43
2238,3,448,2026-05-13 15:00:00+00:00,2,110.31,0.09,0.73,91.41,0.67,1.8,1.93,0.69
2239,4,448,2026-05-13 15:00:00+00:00,2,114.61,0.07,0.8,89.55,0.42,1.92,4.16,1.69
2240,5,448,2026-05-13 15:00:00+00:00,2,130.6,0.5,2.03,87.88,2.22,4.44,5.51,1.67
2241,1,449,2026-05-13 16:00:00+00:00,1,115.5,0.0,1.29,36.99,0.28,3.4,6.62,1.1
2242,2,449,2026-05-13 16:00:00+00:00,2,120.07,0.25,1.31,91.29,1.08,0.5,1.18,0.45
2243,3,449,2026-05-13 16:00:00+00:00,2,110.75,0.07,0.97,82.19,0.61,1.88,2.04,0.84
2244,4,449,2026-05-13 16:00:00+00:00,2,115.3,0.07,0.92,88.57,0.44,1.98,3.71,1.47
2245,5,449,2026-05-13 16:00:00+00:00,3,128.05,0.25,1.39,101.76,2.01,4.59,5.72,1.34
2246,1,450,2026-05-13 17:00:00+00:00,1,134.24,0.0,1.57,32.12,0.28,4.25,8.33,1.18
2247,2,450,2026-05-13 17:00:00+00:00,2,119.1,0.22,1.54,91.48,1.1,0.5,1.11,0.5
2248,3,450,2026-05-13 17:00:00+00:00,2,111.56,0.03,1.38,69.67,0.57,2.02,2.23,1.01
2249,4,450,2026-05-13 17:00:00+00:00,2,115.98,0.07,0.97,86.87,0.37,1.92,2.96,1.3
2250,5,450,2026-05-13 17:00:00+00:00,3,124.47,0.16,1.06,107.76,1.66,4.36,5.56,1.1
2251,1,451,2026-05-13 18:00:00+00:00,1,148.95,0.0,1.73,28.74,0.26,4.92,9.55,0.98
2252,2,451,2026-05-13 18:00:00+00:00,2,118.59,0.16,1.87,90.97,1.12,0.5,1.03,0.57
2253,3,451,2026-05-13 18:00:00+00:00,2,111.77,0.0,1.73,60.89,0.55,2.16,2.42,0.97
2254,4,451,2026-05-13 18:00:00+00:00,2,116.48,0.05,1.0,85.0,0.31,1.8,2.45,1.13
2255,5,451,2026-05-13 18:00:00+00:00,3,122.51,0.14,0.92,110.35,1.46,4.29,5.63,0.97
2256,1,452,2026-05-13 19:00:00+00:00,1,156.79,0.0,1.76,25.85,0.24,5.28,9.96,0.73
2257,2,452,2026-05-13 19:00:00+00:00,2,118.8,0.06,2.25,89.82,1.15,0.5,0.94,0.65
2258,3,452,2026-05-13 19:00:00+00:00,1,110.64,0.0,2.0,54.5,0.51,2.27,2.55,0.8
2259,4,452,2026-05-13 19:00:00+00:00,2,115.8,0.01,1.03,81.71,0.25,1.63,2.08,0.98
2260,5,452,2026-05-13 19:00:00+00:00,3,122.57,0.12,0.92,112.36,1.26,4.23,5.56,0.89
2261,1,453,2026-05-13 20:00:00+00:00,1,165.56,0.0,1.82,22.66,0.21,5.67,10.35,0.65
2262,2,453,2026-05-13 20:00:00+00:00,2,119.19,0.0,2.49,88.65,1.21,0.5,0.88,0.76
2263,3,453,2026-05-13 20:00:00+00:00,1,110.57,0.0,2.1,51.41,0.48,2.4,2.68,0.71
2264,4,453,2026-05-13 20:00:00+00:00,2,116.31,0.0,1.07,78.01,0.23,1.49,1.86,0.99
2265,5,453,2026-05-13 20:00:00+00:00,3,122.32,0.13,1.15,109.7,1.11,4.14,5.38,0.84
2266,1,454,2026-05-13 21:00:00+00:00,1,164.32,0.0,1.76,20.17,0.16,5.53,9.72,0.56
2267,2,454,2026-05-13 21:00:00+00:00,2,119.86,0.0,2.54,88.18,1.24,0.5,0.83,0.89
2268,3,454,2026-05-13 21:00:00+00:00,1,110.22,0.0,1.98,50.36,0.46,2.55,2.84,0.63
2269,4,454,2026-05-13 21:00:00+00:00,2,117.0,0.0,1.17,74.61,0.21,1.39,1.73,1.04
2270,5,454,2026-05-13 21:00:00+00:00,3,123.04,0.12,1.6,105.99,1.07,4.09,5.35,0.83
2271,1,455,2026-05-13 22:00:00+00:00,1,158.28,0.0,1.62,18.88,0.13,5.18,8.82,0.54
2272,2,455,2026-05-13 22:00:00+00:00,2,120.18,0.0,2.56,88.37,1.26,0.5,0.8,1.0
2273,3,455,2026-05-13 22:00:00+00:00,1,108.53,0.0,1.76,48.23,0.42,2.72,3.0,0.54
2274,4,455,2026-05-13 22:00:00+00:00,2,116.3,0.0,1.2,71.19,0.19,1.31,1.68,1.1
2275,5,455,2026-05-13 22:00:00+00:00,2,127.25,0.12,2.58,99.38,1.21,4.15,5.42,0.89
2276,1,456,2026-05-13 23:00:00+00:00,1,149.67,0.0,1.43,19.15,0.12,4.7,7.88,0.57
2277,2,456,2026-05-13 23:00:00+00:00,2,120.63,0.0,2.58,89.44,1.27,0.5,0.77,1.05
2278,3,456,2026-05-13 23:00:00+00:00,1,106.98,0.0,1.64,42.29,0.32,2.87,3.16,0.45
2279,4,456,2026-05-13 23:00:00+00:00,2,116.67,0.0,1.13,69.36,0.18,1.24,1.69,1.18
2280,5,456,2026-05-13 23:00:00+00:00,2,132.32,0.09,3.73,90.32,1.37,4.26,5.55,1.0
2281,1,457,2026-05-14 00:00:00+00:00,1,139.85,0.0,1.25,20.99,0.11,4.15,6.94,0.61
2282,2,457,2026-05-14 00:00:00+00:00,2,120.8,0.0,2.56,90.43,1.27,0.5,0.73,1.04
2283,3,457,2026-05-14 00:00:00+00:00,1,105.78,0.0,1.58,37.01,0.26,2.99,3.28,0.41
2284,4,457,2026-05-14 00:00:00+00:00,2,116.87,0.0,1.03,68.15,0.18,1.18,1.73,1.26
2285,5,457,2026-05-14 00:00:00+00:00,2,135.55,0.02,4.38,84.88,1.47,4.34,5.7,1.1
2286,1,458,2026-05-14 01:00:00+00:00,1,127.59,0.0,1.06,24.36,0.11,3.51,5.93,0.6
2287,2,458,2026-05-14 01:00:00+00:00,2,120.5,0.0,2.5,90.47,1.24,0.5,0.68,0.95
2288,3,458,2026-05-14 01:00:00+00:00,1,103.87,0.0,1.55,32.66,0.24,3.02,3.32,0.4
2289,4,458,2026-05-14 01:00:00+00:00,2,116.77,0.0,0.95,66.62,0.19,1.14,1.79,1.32
2290,5,458,2026-05-14 01:00:00+00:00,2,136.66,0.0,4.61,80.8,1.54,4.33,5.68,1.06
2291,1,459,2026-05-14 02:00:00+00:00,1,119.59,0.0,0.95,25.98,0.1,3.11,5.34,0.49
2292,2,459,2026-05-14 02:00:00+00:00,2,121.02,0.0,2.49,90.35,1.24,0.5,0.64,0.86
2293,3,459,2026-05-14 02:00:00+00:00,1,103.32,0.0,1.58,30.71,0.26,3.0,3.31,0.41
2294,4,459,2026-05-14 02:00:00+00:00,2,116.93,0.0,0.9,65.71,0.21,1.13,1.88,1.35
2295,5,459,2026-05-14 02:00:00+00:00,2,138.22,0.0,4.71,74.55,1.4,4.34,5.59,0.83
2296,1,460,2026-05-14 03:00:00+00:00,1,115.7,0.0,0.9,27.35,0.1,2.91,5.1,0.4
2297,2,460,2026-05-14 03:00:00+00:00,2,121.17,0.0,2.51,89.59,1.27,0.5,0.61,0.8
2298,3,460,2026-05-14 03:00:00+00:00,1,104.91,0.07,1.76,31.48,0.34,2.93,3.27,0.47
2299,4,460,2026-05-14 03:00:00+00:00,2,117.46,0.0,0.87,65.27,0.22,1.15,1.99,1.34
2300,5,460,2026-05-14 03:00:00+00:00,2,139.34,0.0,4.73,65.21,1.16,4.33,5.43,0.55
2301,1,461,2026-05-14 04:00:00+00:00,1,116.74,0.02,0.94,28.54,0.13,2.88,5.43,0.41
2302,2,461,2026-05-14 04:00:00+00:00,2,120.76,0.0,2.54,88.03,1.29,0.5,0.58,0.77
2303,3,461,2026-05-14 04:00:00+00:00,1,108.84,0.27,2.01,36.19,0.51,2.82,3.21,0.57
2304,4,461,2026-05-14 04:00:00+00:00,2,117.74,0.0,0.9,64.64,0.23,1.17,2.14,1.35
2305,5,461,2026-05-14 04:00:00+00:00,1,137.31,0.0,4.83,44.48,0.69,4.23,5.18,0.36
2306,1,462,2026-05-14 05:00:00+00:00,1,121.29,0.17,0.81,28.76,0.16,3.01,6.06,0.46
2307,2,462,2026-05-14 05:00:00+00:00,2,120.53,0.0,2.6,86.78,1.33,0.5,0.55,0.75
2308,3,462,2026-05-14 05:00:00+00:00,1,111.61,0.44,2.22,39.41,0.66,2.75,3.18,0.7
2309,4,462,2026-05-14 05:00:00+00:00,2,118.51,0.0,1.12,64.37,0.25,1.19,2.28,1.38
2310,5,462,2026-05-14 05:00:00+00:00,1,134.65,0.01,4.57,26.29,0.4,4.2,5.09,0.39
2311,1,463,2026-05-14 06:00:00+00:00,1,120.33,0.2,0.58,32.09,0.18,3.17,6.35,0.58
2312,2,463,2026-05-14 06:00:00+00:00,2,120.67,0.09,2.76,85.53,1.38,0.5,0.55,0.74
2313,3,463,2026-05-14 06:00:00+00:00,1,112.23,0.48,2.2,43.45,0.82,2.8,3.27,0.84
2314,4,463,2026-05-14 06:00:00+00:00,2,119.01,0.02,1.54,63.86,0.27,1.2,2.37,1.39
2315,5,463,2026-05-14 06:00:00+00:00,1,130.16,0.02,3.93,16.69,0.32,4.18,5.04,0.49
2316,1,464,2026-05-14 07:00:00+00:00,1,77.1,0.05,0.16,44.42,0.15,1.25,2.67,0.34
2317,2,464,2026-05-14 07:00:00+00:00,2,120.43,0.29,2.7,84.04,1.45,0.5,0.54,0.73
2318,3,464,2026-05-14 07:00:00+00:00,1,113.42,0.18,2.14,59.92,1.21,3.15,3.65,0.9
2319,4,464,2026-05-14 07:00:00+00:00,2,119.16,0.05,1.81,63.35,0.3,1.07,2.1,1.32
2320,5,464,2026-05-14 07:00:00+00:00,1,124.72,0.04,3.33,11.67,0.22,4.16,4.98,0.53
2321,1,465,2026-05-14 08:00:00+00:00,1,71.32,0.03,0.11,43.88,0.15,1.2,2.46,0.32
2322,2,465,2026-05-14 08:00:00+00:00,2,120.54,0.52,2.71,83.12,1.57,0.5,0.52,0.74
2323,3,465,2026-05-14 08:00:00+00:00,2,112.73,0.12,1.98,65.82,1.27,3.26,3.76,0.93
2324,4,465,2026-05-14 08:00:00+00:00,2,118.61,0.11,1.92,61.97,0.28,0.98,1.75,1.22
2325,5,465,2026-05-14 08:00:00+00:00,1,120.78,0.05,2.73,9.96,0.15,4.13,4.8,0.36
2326,1,466,2026-05-14 09:00:00+00:00,1,69.56,0.03,0.09,42.89,0.15,1.37,2.6,0.31
2327,2,466,2026-05-14 09:00:00+00:00,2,120.47,0.68,2.71,82.99,1.69,0.5,0.53,0.78
2328,3,466,2026-05-14 09:00:00+00:00,2,112.13,0.1,1.82,69.36,1.21,3.17,3.66,0.95
2329,4,466,2026-05-14 09:00:00+00:00,2,117.78,0.18,1.92,61.0,0.25,0.87,1.43,1.24
2330,5,466,2026-05-14 09:00:00+00:00,1,118.3,0.04,2.31,11.75,0.15,3.98,4.47,0.27
2331,1,467,2026-05-14 10:00:00+00:00,1,65.46,0.03,0.09,49.4,0.11,1.28,2.26,0.24
2332,2,467,2026-05-14 10:00:00+00:00,2,119.58,0.68,2.49,84.87,1.69,0.5,0.58,0.76
2333,3,467,2026-05-14 10:00:00+00:00,2,110.06,0.03,1.05,93.89,0.93,2.34,2.55,0.61
2334,4,467,2026-05-14 10:00:00+00:00,2,117.83,0.14,1.33,71.48,0.17,0.53,0.76,0.9
2335,5,467,2026-05-14 10:00:00+00:00,1,128.51,0.0,2.01,42.54,0.55,3.17,3.54,0.35
2336,1,468,2026-05-14 11:00:00+00:00,1,63.57,0.02,0.09,54.69,0.1,1.23,2.11,0.21
2337,2,468,2026-05-14 11:00:00+00:00,2,117.76,0.55,2.04,88.42,1.54,0.53,0.63,0.67
2338,3,468,2026-05-14 11:00:00+00:00,2,109.48,0.03,0.96,99.89,0.71,1.74,1.87,0.54
2339,4,468,2026-05-14 11:00:00+00:00,2,116.47,0.12,1.04,76.48,0.12,0.5,0.5,0.76
2340,5,468,2026-05-14 11:00:00+00:00,1,136.55,0.03,2.74,41.89,0.68,3.05,3.43,0.33
2341,1,469,2026-05-14 12:00:00+00:00,1,63.21,0.02,0.1,56.02,0.1,1.24,2.16,0.22
2342,2,469,2026-05-14 12:00:00+00:00,2,116.14,0.44,1.78,91.96,1.49,0.63,0.74,0.62
2343,3,469,2026-05-14 12:00:00+00:00,3,110.21,0.03,1.2,100.59,0.72,1.5,1.61,0.54
2344,4,469,2026-05-14 12:00:00+00:00,2,115.3,0.11,0.93,78.02,0.11,0.5,0.5,0.77
2345,5,469,2026-05-14 12:00:00+00:00,1,146.63,0.44,3.31,40.26,0.8,3.22,3.61,0.34
2346,1,470,2026-05-14 13:00:00+00:00,1,65.84,0.03,0.15,54.67,0.12,1.33,2.48,0.31
2347,2,470,2026-05-14 13:00:00+00:00,2,115.5,0.38,1.75,95.29,1.52,0.74,0.84,0.59
2348,3,470,2026-05-14 13:00:00+00:00,2,111.65,0.08,1.52,99.81,0.84,1.38,1.48,0.57
2349,4,470,2026-05-14 13:00:00+00:00,2,114.82,0.11,0.81,80.84,0.1,0.5,0.5,0.76
2350,5,470,2026-05-14 13:00:00+00:00,1,154.06,0.85,3.35,45.81,0.98,3.36,3.73,0.38
2351,1,471,2026-05-14 14:00:00+00:00,1,71.03,0.02,0.27,51.41,0.15,1.5,3.04,0.47
2352,2,471,2026-05-14 14:00:00+00:00,2,115.0,0.34,2.04,96.76,1.67,0.8,0.89,0.57
2353,3,471,2026-05-14 14:00:00+00:00,2,113.38,0.17,1.82,97.33,0.99,1.3,1.4,0.61
2354,4,471,2026-05-14 14:00:00+00:00,2,113.59,0.11,0.67,84.15,0.1,0.5,0.5,0.74
2355,5,471,2026-05-14 14:00:00+00:00,1,156.96,0.94,3.34,51.14,1.11,3.41,3.76,0.44
2356,1,472,2026-05-14 15:00:00+00:00,1,76.64,0.0,0.43,48.59,0.17,1.7,3.63,0.57
2357,2,472,2026-05-14 15:00:00+00:00,2,114.78,0.3,2.53,96.97,1.81,0.79,0.88,0.53
2358,3,472,2026-05-14 15:00:00+00:00,2,114.58,0.22,2.11,94.1,1.18,1.28,1.41,0.66
2359,4,472,2026-05-14 15:00:00+00:00,2,112.45,0.11,0.61,86.99,0.11,0.5,0.5,0.73
2360,5,472,2026-05-14 15:00:00+00:00,1,156.76,0.84,3.19,56.48,1.12,3.31,3.64,0.52
2361,1,473,2026-05-14 16:00:00+00:00,1,85.76,0.0,0.65,43.44,0.19,2.11,4.63,0.67
2362,2,473,2026-05-14 16:00:00+00:00,2,115.75,0.3,3.08,96.93,1.92,0.75,0.83,0.49
2363,3,473,2026-05-14 16:00:00+00:00,2,115.83,0.19,2.67,85.26,1.38,1.39,1.55,0.8
2364,4,473,2026-05-14 16:00:00+00:00,2,112.29,0.12,0.67,88.02,0.12,0.5,0.5,0.77
2365,5,473,2026-05-14 16:00:00+00:00,2,153.24,0.59,2.56,67.39,1.02,2.85,3.1,0.52
2366,1,474,2026-05-14 17:00:00+00:00,1,101.43,0.0,0.93,38.32,0.21,2.82,6.2,0.79
2367,2,474,2026-05-14 17:00:00+00:00,2,116.82,0.32,3.48,97.05,1.89,0.73,0.8,0.45
2368,3,474,2026-05-14 17:00:00+00:00,2,117.39,0.07,3.47,72.75,1.5,1.59,1.8,0.92
2369,4,474,2026-05-14 17:00:00+00:00,2,112.41,0.12,0.83,86.24,0.14,0.5,0.5,0.92
2370,5,474,2026-05-14 17:00:00+00:00,2,147.17,0.38,1.85,76.28,0.87,2.49,2.68,0.52
2371,1,475,2026-05-14 18:00:00+00:00,1,115.18,0.0,1.11,34.65,0.21,3.52,7.58,0.82
2372,2,475,2026-05-14 18:00:00+00:00,2,117.99,0.25,3.78,97.81,1.8,0.72,0.79,0.4
2373,3,475,2026-05-14 18:00:00+00:00,2,118.42,0.0,3.9,62.78,1.5,1.82,2.06,0.82
2374,4,475,2026-05-14 18:00:00+00:00,2,112.98,0.09,1.02,83.83,0.15,0.5,0.5,1.03
2375,5,475,2026-05-14 18:00:00+00:00,2,142.31,0.28,1.45,81.94,0.82,2.26,2.43,0.54
2376,1,476,2026-05-14 19:00:00+00:00,1,124.39,0.0,1.2,31.66,0.21,4.06,8.3,0.76
2377,2,476,2026-05-14 19:00:00+00:00,2,118.53,0.11,4.19,97.31,1.73,0.68,0.75,0.39
2378,3,476,2026-05-14 19:00:00+00:00,1,117.57,0.0,3.81,54.9,1.38,2.04,2.29,0.61
2379,4,476,2026-05-14 19:00:00+00:00,2,113.39,0.03,1.42,77.35,0.16,0.51,0.56,1.26
2380,5,476,2026-05-14 19:00:00+00:00,2,140.0,0.24,1.35,85.9,0.84,2.02,2.19,0.58
2381,1,477,2026-05-14 20:00:00+00:00,1,130.09,0.0,1.24,29.93,0.18,4.39,8.45,0.65
2382,2,477,2026-05-14 20:00:00+00:00,2,119.09,0.01,4.74,95.89,1.83,0.7,0.77,0.43
2383,3,477,2026-05-14 20:00:00+00:00,1,118.46,0.0,3.47,49.36,1.24,2.24,2.52,0.49
2384,4,477,2026-05-14 20:00:00+00:00,2,115.01,0.0,1.89,68.31,0.15,0.58,0.65,1.36
2385,5,477,2026-05-14 20:00:00+00:00,2,138.77,0.22,1.54,86.72,0.88,1.86,2.04,0.63
2386,1,478,2026-05-14 21:00:00+00:00,1,128.2,0.0,1.18,28.91,0.14,4.35,7.8,0.5
2387,2,478,2026-05-14 21:00:00+00:00,2,119.19,0.0,5.04,93.83,1.97,0.75,0.84,0.47
2388,3,478,2026-05-14 21:00:00+00:00,1,118.82,0.0,3.05,45.13,1.05,2.42,2.73,0.42
2389,4,478,2026-05-14 21:00:00+00:00,2,115.82,0.0,2.24,60.82,0.14,0.64,0.79,1.31
2390,5,478,2026-05-14 21:00:00+00:00,2,139.17,0.21,1.94,86.3,0.9,1.74,1.92,0.67
2391,1,479,2026-05-14 22:00:00+00:00,1,123.1,0.0,1.08,28.53,0.11,4.14,7.03,0.42
2392,2,479,2026-05-14 22:00:00+00:00,2,118.5,0.0,5.26,91.64,2.1,0.81,0.91,0.52
2393,3,479,2026-05-14 22:00:00+00:00,1,117.87,0.0,2.74,41.5,1.1,2.49,2.82,0.38
2394,4,479,2026-05-14 22:00:00+00:00,1,114.13,0.0,2.38,54.04,0.11,0.67,0.89,1.32
2395,5,479,2026-05-14 22:00:00+00:00,2,139.48,0.2,2.29,85.84,0.89,1.66,1.85,0.7
2396,1,480,2026-05-14 23:00:00+00:00,1,118.23,0.0,0.97,29.12,0.1,3.91,6.48,0.42
2397,2,480,2026-05-14 23:00:00+00:00,2,118.23,0.0,5.43,89.66,2.24,0.87,1.0,0.57
2398,3,480,2026-05-14 23:00:00+00:00,1,116.68,0.0,2.57,38.23,1.02,2.48,2.82,0.36
2399,4,480,2026-05-14 23:00:00+00:00,1,113.43,0.0,2.32,49.29,0.1,0.73,1.0,1.33
2400,5,480,2026-05-14 23:00:00+00:00,2,137.98,0.11,2.46,84.17,0.9,1.54,1.74,0.74
2401,1,481,2026-05-15 00:00:00+00:00,1,112.88,0.0,0.86,30.65,0.09,3.64,6.01,0.44
2402,2,481,2026-05-15 00:00:00+00:00,2,117.95,0.0,5.5,87.76,2.36,0.92,1.08,0.65
2403,3,481,2026-05-15 00:00:00+00:00,1,114.76,0.0,2.44,35.37,0.85,2.41,2.73,0.36
2404,4,481,2026-05-15 00:00:00+00:00,1,112.73,0.0,2.19,45.54,0.1,0.85,1.16,1.34
2405,5,481,2026-05-15 00:00:00+00:00,2,135.57,0.02,2.6,80.78,0.92,1.31,1.52,0.8
2406,1,482,2026-05-15 01:00:00+00:00,1,107.85,0.0,0.78,32.38,0.09,3.35,5.56,0.47
2407,2,482,2026-05-15 01:00:00+00:00,2,118.05,0.0,6.17,84.65,2.82,1.16,1.35,0.74
2408,3,482,2026-05-15 01:00:00+00:00,1,111.72,0.0,2.32,32.65,0.69,2.26,2.58,0.36
2409,4,482,2026-05-15 01:00:00+00:00,1,111.74,0.0,2.07,42.65,0.1,1.05,1.39,1.32
2410,5,482,2026-05-15 01:00:00+00:00,2,132.7,0.0,2.69,76.43,0.96,1.06,1.28,0.86
2411,1,483,2026-05-15 02:00:00+00:00,1,105.19,0.0,0.75,33.56,0.09,3.15,5.25,0.47
2412,2,483,2026-05-15 02:00:00+00:00,2,118.98,0.0,7.32,80.17,3.52,1.93,2.18,0.77
2413,3,483,2026-05-15 02:00:00+00:00,1,108.27,0.0,2.22,30.75,0.62,2.02,2.31,0.35
2414,4,483,2026-05-15 02:00:00+00:00,1,111.93,0.0,2.02,41.45,0.12,1.34,1.69,1.27
2415,5,483,2026-05-15 02:00:00+00:00,2,131.83,0.0,2.85,73.04,1.03,0.92,1.16,0.97
2416,1,484,2026-05-15 03:00:00+00:00,1,104.46,0.0,0.75,34.99,0.1,3.02,5.11,0.48
2417,2,484,2026-05-15 03:00:00+00:00,2,120.28,0.0,8.18,75.75,4.01,2.81,3.11,0.77
2418,3,484,2026-05-15 03:00:00+00:00,1,106.52,0.07,2.43,30.19,0.67,1.76,2.04,0.34
2419,4,484,2026-05-15 03:00:00+00:00,1,112.86,0.0,2.07,42.27,0.15,1.73,2.09,1.23
2420,5,484,2026-05-15 03:00:00+00:00,2,132.06,0.0,3.0,71.12,1.11,0.89,1.16,1.11
2421,1,485,2026-05-15 04:00:00+00:00,1,107.87,0.01,0.83,36.68,0.13,3.02,5.51,0.53
2422,2,485,2026-05-15 04:00:00+00:00,2,121.29,0.0,9.45,68.39,4.58,4.01,4.39,0.77
2423,3,485,2026-05-15 04:00:00+00:00,1,108.39,0.4,2.83,31.34,0.87,1.71,2.01,0.34
2424,4,485,2026-05-15 04:00:00+00:00,1,113.97,0.0,2.25,44.02,0.2,2.2,2.61,1.23
2425,5,485,2026-05-15 04:00:00+00:00,2,130.76,0.0,3.05,67.73,1.09,0.92,1.21,1.27
2426,1,486,2026-05-15 05:00:00+00:00,1,112.76,0.09,0.82,37.8,0.16,3.01,6.05,0.58
2427,2,486,2026-05-15 05:00:00+00:00,1,123.13,0.01,11.19,59.44,5.15,5.34,5.82,0.75
2428,3,486,2026-05-15 05:00:00+00:00,1,111.46,0.83,3.05,31.87,1.04,1.86,2.2,0.38
2429,4,486,2026-05-15 05:00:00+00:00,1,115.54,0.01,2.86,43.3,0.25,2.53,3.04,1.27
2430,5,486,2026-05-15 05:00:00+00:00,2,130.23,0.0,2.99,62.96,0.96,0.99,1.31,1.43
2431,1,487,2026-05-15 06:00:00+00:00,1,112.31,0.13,0.63,41.05,0.17,2.88,6.06,0.66
2432,2,487,2026-05-15 06:00:00+00:00,1,124.78,0.37,12.35,53.72,5.3,6.03,6.57,0.72
2433,3,487,2026-05-15 06:00:00+00:00,1,114.41,1.06,3.05,34.59,1.18,2.1,2.47,0.42
2434,4,487,2026-05-15 06:00:00+00:00,1,117.84,0.32,3.43,43.81,0.35,2.78,3.38,1.34
2435,5,487,2026-05-15 06:00:00+00:00,1,128.67,0.0,2.78,58.79,0.82,1.06,1.42,1.52
2436,1,488,2026-05-15 07:00:00+00:00,2,74.9,0.03,0.16,63.01,0.13,1.13,2.96,0.31
2437,2,488,2026-05-15 07:00:00+00:00,1,125.85,1.49,11.35,52.53,5.19,5.88,6.45,0.72
2438,3,488,2026-05-15 07:00:00+00:00,2,111.63,0.3,1.65,70.95,0.85,1.51,1.66,0.22
2439,4,488,2026-05-15 07:00:00+00:00,1,119.79,0.83,3.24,48.24,0.53,2.87,3.55,1.43
2440,5,488,2026-05-15 07:00:00+00:00,1,125.87,0.0,2.52,54.86,0.7,1.13,1.52,1.46
2441,1,489,2026-05-15 08:00:00+00:00,2,70.02,0.02,0.1,63.73,0.13,0.97,2.58,0.29
2442,2,489,2026-05-15 08:00:00+00:00,1,127.08,2.6,9.69,55.22,4.98,5.26,5.86,0.75
2443,3,489,2026-05-15 08:00:00+00:00,2,109.28,0.11,0.87,80.96,0.53,0.98,1.07,0.2
2444,4,489,2026-05-15 08:00:00+00:00,1,120.53,1.14,3.12,50.03,0.63,2.81,3.54,1.63
2445,5,489,2026-05-15 08:00:00+00:00,1,124.05,0.0,2.3,53.56,0.68,1.21,1.63,1.41
2446,1,490,2026-05-15 09:00:00+00:00,2,68.39,0.02,0.08,62.16,0.13,0.99,2.52,0.29
2447,2,490,2026-05-15 09:00:00+00:00,2,128.12,3.01,8.24,61.03,4.59,4.58,5.2,0.72
2448,3,490,2026-05-15 09:00:00+00:00,2,108.7,0.06,0.7,85.06,0.45,0.78,0.85,0.22
2449,4,490,2026-05-15 09:00:00+00:00,1,120.89,1.2,3.05,52.68,0.71,2.87,3.61,1.92
2450,5,490,2026-05-15 09:00:00+00:00,1,122.78,0.0,2.2,54.17,0.77,1.28,1.73,1.39
2451,1,491,2026-05-15 10:00:00+00:00,2,65.63,0.01,0.07,66.23,0.11,0.91,2.18,0.24
2452,2,491,2026-05-15 10:00:00+00:00,2,125.95,1.36,5.15,79.67,2.67,1.86,2.27,0.58
2453,3,491,2026-05-15 10:00:00+00:00,2,109.0,0.05,0.64,88.78,0.44,0.62,0.67,0.23
2454,4,491,2026-05-15 10:00:00+00:00,2,118.96,0.46,1.7,80.93,0.66,1.36,1.74,1.22
2455,5,491,2026-05-15 10:00:00+00:00,1,121.89,0.0,2.26,55.89,0.96,1.32,1.79,1.43
2456,1,492,2026-05-15 11:00:00+00:00,2,63.95,0.01,0.07,68.6,0.11,0.91,2.06,0.23
2457,2,492,2026-05-15 11:00:00+00:00,2,124.19,0.81,3.17,90.25,1.94,0.74,0.99,0.47
2458,3,492,2026-05-15 11:00:00+00:00,2,109.13,0.04,0.62,90.99,0.42,0.51,0.54,0.23
2459,4,492,2026-05-15 11:00:00+00:00,2,114.86,0.2,0.86,89.76,0.41,0.68,0.86,0.85
2460,5,492,2026-05-15 11:00:00+00:00,1,123.31,0.03,2.84,56.54,1.16,1.31,1.82,1.53
2461,1,493,2026-05-15 12:00:00+00:00,2,63.75,0.02,0.08,68.56,0.11,0.98,2.15,0.25
2462,2,493,2026-05-15 12:00:00+00:00,2,123.47,0.66,2.56,95.15,1.94,0.84,1.05,0.44
2463,3,493,2026-05-15 12:00:00+00:00,2,109.18,0.04,0.62,93.13,0.4,0.5,0.5,0.25
2464,4,493,2026-05-15 12:00:00+00:00,2,112.24,0.14,0.59,91.52,0.29,0.6,0.7,0.74
2465,5,493,2026-05-15 12:00:00+00:00,1,127.22,0.38,3.25,58.01,1.37,1.26,1.8,1.63
2466,1,494,2026-05-15 13:00:00+00:00,2,69.28,0.03,0.19,65.2,0.14,1.23,2.69,0.41
2467,2,494,2026-05-15 13:00:00+00:00,3,123.25,0.53,2.25,100.15,2.01,1.09,1.28,0.45
2468,3,494,2026-05-15 13:00:00+00:00,2,109.77,0.05,0.68,94.39,0.39,0.5,0.5,0.28
2469,4,494,2026-05-15 13:00:00+00:00,2,111.2,0.1,0.48,92.36,0.21,0.5,0.57,0.71
2470,5,494,2026-05-15 13:00:00+00:00,2,129.29,0.7,2.92,63.07,1.64,1.2,1.72,1.68
2471,1,495,2026-05-15 14:00:00+00:00,1,78.83,0.03,0.43,59.73,0.17,1.63,3.53,0.62
2472,2,495,2026-05-15 14:00:00+00:00,3,122.78,0.41,1.93,103.89,1.89,1.23,1.42,0.47
2473,3,495,2026-05-15 14:00:00+00:00,2,110.31,0.08,0.78,93.51,0.44,0.51,0.52,0.35
2474,4,495,2026-05-15 14:00:00+00:00,2,110.02,0.09,0.5,91.5,0.16,0.5,0.5,0.73
2475,5,495,2026-05-15 14:00:00+00:00,2,129.06,0.77,2.5,65.52,1.77,1.27,1.79,1.7
2476,1,496,2026-05-15 15:00:00+00:00,1,89.13,0.0,0.75,54.84,0.19,2.05,4.38,0.77
2477,2,496,2026-05-15 15:00:00+00:00,3,122.04,0.31,1.69,105.64,1.61,1.13,1.33,0.5
2478,3,496,2026-05-15 15:00:00+00:00,2,110.59,0.09,0.86,91.42,0.49,0.55,0.57,0.43
2479,4,496,2026-05-15 15:00:00+00:00,2,109.74,0.08,0.63,90.49,0.14,0.53,0.55,0.78
2480,5,496,2026-05-15 15:00:00+00:00,2,128.91,0.65,2.03,70.07,1.82,1.57,2.07,1.67
2481,1,497,2026-05-15 16:00:00+00:00,1,98.6,0.0,0.95,49.74,0.21,2.5,5.26,0.85
2482,2,497,2026-05-15 16:00:00+00:00,3,121.38,0.26,1.62,105.55,1.37,0.88,1.09,0.53
2483,3,497,2026-05-15 16:00:00+00:00,2,111.36,0.09,1.15,81.93,0.51,0.61,0.7,0.63
2484,4,497,2026-05-15 16:00:00+00:00,2,110.75,0.08,0.97,88.77,0.17,0.59,0.6,0.91
2485,5,497,2026-05-15 16:00:00+00:00,2,130.99,0.39,1.36,80.9,1.66,2.0,2.43,1.43
2486,1,498,2026-05-15 17:00:00+00:00,1,108.45,0.0,1.07,45.72,0.22,2.96,6.16,0.9
2487,2,498,2026-05-15 17:00:00+00:00,3,119.78,0.23,1.78,104.81,1.27,0.66,0.86,0.57
2488,3,498,2026-05-15 17:00:00+00:00,2,112.27,0.04,1.59,68.7,0.48,0.73,0.88,0.83
2489,4,498,2026-05-15 17:00:00+00:00,2,112.68,0.08,1.34,86.26,0.2,0.64,0.7,1.08
2490,5,498,2026-05-15 17:00:00+00:00,2,131.3,0.26,0.96,88.27,1.39,2.4,2.76,1.19
2491,1,499,2026-05-15 18:00:00+00:00,1,115.44,0.0,1.11,42.78,0.21,3.32,6.77,0.89
2492,2,499,2026-05-15 18:00:00+00:00,3,118.54,0.17,2.15,103.83,1.28,0.54,0.73,0.63
2493,3,499,2026-05-15 18:00:00+00:00,1,112.74,0.0,1.86,58.65,0.43,0.9,1.09,0.74
2494,4,499,2026-05-15 18:00:00+00:00,2,114.63,0.05,1.58,84.43,0.22,0.77,0.84,1.04
2495,5,499,2026-05-15 18:00:00+00:00,2,131.06,0.21,0.82,92.94,1.26,2.85,3.19,1.07
2496,1,500,2026-05-15 19:00:00+00:00,1,120.7,0.0,1.12,39.3,0.2,3.58,7.16,0.79
2497,2,500,2026-05-15 19:00:00+00:00,3,118.36,0.07,2.73,102.4,1.35,0.5,0.64,0.68
2498,3,500,2026-05-15 19:00:00+00:00,1,111.75,0.0,1.98,50.78,0.39,1.09,1.3,0.56
2499,4,500,2026-05-15 19:00:00+00:00,2,114.84,0.02,1.94,77.71,0.21,0.91,1.01,1.14
2500,5,500,2026-05-15 19:00:00+00:00,2,132.61,0.2,0.82,97.11,1.19,3.29,3.62,1.02
2501,1,501,2026-05-15 20:00:00+00:00,1,127.85,0.0,1.18,35.76,0.18,3.88,7.54,0.61
2502,2,501,2026-05-15 20:00:00+00:00,3,118.76,0.0,3.23,100.76,1.43,0.5,0.58,0.73
2503,3,501,2026-05-15 20:00:00+00:00,1,111.6,0.0,1.97,46.15,0.36,1.29,1.5,0.46
2504,4,501,2026-05-15 20:00:00+00:00,2,116.14,0.0,2.36,68.18,0.19,1.09,1.26,1.3
2505,5,501,2026-05-15 20:00:00+00:00,2,132.7,0.2,0.93,98.77,1.14,3.59,3.92,0.99
2506,1,502,2026-05-15 21:00:00+00:00,1,127.94,0.0,1.15,33.23,0.14,3.86,7.21,0.45
2507,2,502,2026-05-15 21:00:00+00:00,3,119.35,0.0,3.49,100.39,1.5,0.5,0.56,0.76
2508,3,502,2026-05-15 21:00:00+00:00,1,110.82,0.0,1.77,44.35,0.37,1.45,1.64,0.41
2509,4,502,2026-05-15 21:00:00+00:00,1,116.43,0.0,2.68,58.89,0.17,1.27,1.48,1.37
2510,5,502,2026-05-15 21:00:00+00:00,2,133.24,0.21,1.22,98.96,1.09,3.78,4.11,0.98
2511,1,503,2026-05-15 22:00:00+00:00,1,124.15,0.0,1.07,31.65,0.11,3.67,6.58,0.39
2512,2,503,2026-05-15 22:00:00+00:00,3,119.34,0.0,3.66,100.94,1.6,0.5,0.62,0.83
2513,3,503,2026-05-15 22:00:00+00:00,1,109.02,0.0,1.55,43.08,0.39,1.5,1.65,0.38
2514,4,503,2026-05-15 22:00:00+00:00,1,114.37,0.0,2.8,49.53,0.12,1.38,1.62,1.43
2515,5,503,2026-05-15 22:00:00+00:00,2,148.14,0.68,3.95,80.46,0.92,4.11,4.51,1.11
2516,1,504,2026-05-15 23:00:00+00:00,1,120.56,0.0,0.98,31.36,0.09,3.47,6.06,0.34
2517,2,504,2026-05-15 23:00:00+00:00,3,119.29,0.0,3.84,101.69,1.79,0.58,0.79,0.97
2518,3,504,2026-05-15 23:00:00+00:00,1,107.91,0.0,1.43,38.97,0.33,1.46,1.59,0.36
2519,4,504,2026-05-15 23:00:00+00:00,1,112.08,0.0,2.66,41.0,0.08,1.46,1.72,1.47
2520,5,504,2026-05-15 23:00:00+00:00,1,167.77,0.85,7.9,55.29,0.68,4.46,5.03,1.32
2521,1,505,2026-05-16 00:00:00+00:00,1,115.8,0.0,0.89,32.52,0.07,3.27,5.63,0.3
2522,2,505,2026-05-16 00:00:00+00:00,3,119.33,0.0,3.93,102.05,1.97,0.64,0.97,1.12
2523,3,505,2026-05-16 00:00:00+00:00,1,107.07,0.0,1.36,35.19,0.29,1.36,1.49,0.36
2524,4,505,2026-05-16 00:00:00+00:00,1,109.88,0.0,2.4,34.72,0.06,1.58,1.84,1.48
2525,5,505,2026-05-16 00:00:00+00:00,1,178.98,0.23,10.87,39.9,0.51,4.67,5.42,1.49
2526,1,506,2026-05-16 01:00:00+00:00,1,111.7,0.0,0.81,34.05,0.07,3.11,5.36,0.27
2527,2,506,2026-05-16 01:00:00+00:00,3,119.4,0.0,3.88,101.79,2.08,0.67,1.09,1.22
2528,3,506,2026-05-16 01:00:00+00:00,1,105.17,0.0,1.31,31.57,0.27,1.23,1.36,0.36
2529,4,506,2026-05-16 01:00:00+00:00,1,107.35,0.0,2.16,30.26,0.05,1.75,2.01,1.47
2530,5,506,2026-05-16 01:00:00+00:00,1,180.45,0.01,11.53,33.4,0.45,4.69,5.59,1.51
2531,1,507,2026-05-16 02:00:00+00:00,1,109.75,0.0,0.79,33.55,0.06,3.04,5.28,0.26
2532,2,507,2026-05-16 02:00:00+00:00,3,119.88,0.0,3.78,100.76,2.12,0.65,1.13,1.25
2533,3,507,2026-05-16 02:00:00+00:00,1,104.86,0.0,1.32,28.95,0.27,1.11,1.25,0.37
2534,4,507,2026-05-16 02:00:00+00:00,1,106.06,0.0,2.0,27.92,0.05,1.9,2.16,1.47
2535,5,507,2026-05-16 02:00:00+00:00,1,179.51,0.0,11.1,31.87,0.46,4.7,5.7,1.52
2536,1,508,2026-05-16 03:00:00+00:00,1,109.01,0.0,0.8,33.25,0.06,3.01,5.31,0.26
2537,2,508,2026-05-16 03:00:00+00:00,2,120.35,0.0,3.71,98.77,2.11,0.62,1.11,1.25
2538,3,508,2026-05-16 03:00:00+00:00,1,105.44,0.09,1.35,26.91,0.29,1.02,1.17,0.38
2539,4,508,2026-05-16 03:00:00+00:00,1,105.43,0.0,1.94,26.99,0.05,2.09,2.36,1.48
2540,5,508,2026-05-16 03:00:00+00:00,1,178.38,0.01,10.84,31.33,0.48,4.68,5.74,1.54
2541,1,509,2026-05-16 04:00:00+00:00,1,111.23,0.01,0.87,33.11,0.09,3.08,5.73,0.34
2542,2,509,2026-05-16 04:00:00+00:00,2,120.81,0.0,3.72,95.73,2.08,0.57,1.05,1.26
2543,3,509,2026-05-16 04:00:00+00:00,1,106.57,0.36,1.32,25.41,0.33,0.95,1.12,0.42
2544,4,509,2026-05-16 04:00:00+00:00,1,105.18,0.0,1.91,27.72,0.07,2.29,2.58,1.46
2545,5,509,2026-05-16 04:00:00+00:00,1,174.04,0.0,10.12,32.4,0.49,4.58,5.62,1.45
2546,1,510,2026-05-16 05:00:00+00:00,1,114.36,0.12,0.76,34.4,0.13,3.16,6.27,0.49
2547,2,510,2026-05-16 05:00:00+00:00,2,121.36,0.0,3.77,93.01,2.07,0.55,0.95,1.26
2548,3,510,2026-05-16 05:00:00+00:00,1,106.78,0.53,1.29,24.59,0.36,0.9,1.07,0.51
2549,4,510,2026-05-16 05:00:00+00:00,1,106.07,0.01,2.16,29.05,0.09,2.5,2.83,1.46
2550,5,510,2026-05-16 05:00:00+00:00,1,167.67,0.0,8.76,32.64,0.46,4.51,5.53,1.28
2551,1,511,2026-05-16 06:00:00+00:00,1,113.9,0.16,0.54,38.73,0.15,3.25,6.55,0.63
2552,2,511,2026-05-16 06:00:00+00:00,2,121.91,0.12,3.89,91.8,2.04,0.52,0.83,1.21
2553,3,511,2026-05-16 06:00:00+00:00,1,105.83,0.5,1.25,25.28,0.42,0.9,1.07,0.62
2554,4,511,2026-05-16 06:00:00+00:00,1,108.17,0.27,2.29,32.17,0.12,2.64,3.02,1.5
2555,5,511,2026-05-16 06:00:00+00:00,1,160.61,0.0,7.4,32.1,0.41,4.45,5.43,1.1
2556,1,512,2026-05-16 07:00:00+00:00,1,72.79,0.04,0.13,52.03,0.11,1.12,2.53,0.27
2557,2,512,2026-05-16 07:00:00+00:00,2,121.45,0.35,3.39,91.88,1.97,0.5,0.72,1.09
2558,3,512,2026-05-16 07:00:00+00:00,1,109.38,0.21,0.93,42.72,0.58,0.96,1.07,0.45
2559,4,512,2026-05-16 07:00:00+00:00,1,109.85,0.6,1.89,37.51,0.15,2.53,2.98,1.53
2560,5,512,2026-05-16 07:00:00+00:00,1,152.68,0.0,6.31,31.7,0.41,4.3,5.24,0.97
2561,1,513,2026-05-16 08:00:00+00:00,1,67.32,0.02,0.08,49.86,0.11,0.96,2.15,0.26
2562,2,513,2026-05-16 08:00:00+00:00,2,120.82,0.46,2.78,93.98,1.85,0.5,0.65,0.91
2563,3,513,2026-05-16 08:00:00+00:00,1,109.59,0.15,0.7,46.7,0.47,0.93,1.0,0.38
2564,4,513,2026-05-16 08:00:00+00:00,1,110.33,0.75,1.62,40.23,0.18,2.13,2.68,1.68
2565,5,513,2026-05-16 08:00:00+00:00,1,145.82,0.0,5.49,31.66,0.42,4.16,5.05,0.92
2566,1,514,2026-05-16 09:00:00+00:00,1,66.12,0.02,0.06,47.48,0.12,1.05,2.23,0.27
2567,2,514,2026-05-16 09:00:00+00:00,2,120.0,0.46,2.31,96.79,1.74,0.5,0.65,0.77
2568,3,514,2026-05-16 09:00:00+00:00,1,109.09,0.13,0.62,47.32,0.42,0.97,1.03,0.37
2569,4,514,2026-05-16 09:00:00+00:00,1,110.54,0.7,1.42,44.97,0.22,1.93,2.61,2.12
2570,5,514,2026-05-16 09:00:00+00:00,1,139.49,0.0,4.94,31.82,0.46,4.04,4.88,0.93
2571,1,515,2026-05-16 10:00:00+00:00,1,63.83,0.02,0.05,48.83,0.11,0.92,1.86,0.23
2572,2,515,2026-05-16 10:00:00+00:00,2,119.33,0.4,2.03,99.26,1.68,0.5,0.73,0.71
2573,3,515,2026-05-16 10:00:00+00:00,1,109.08,0.12,0.57,48.46,0.39,1.02,1.08,0.36
2574,4,515,2026-05-16 10:00:00+00:00,2,114.45,0.18,0.67,83.23,0.36,0.95,1.61,1.3
2575,5,515,2026-05-16 10:00:00+00:00,1,133.93,0.0,4.56,32.6,0.54,3.92,4.71,0.99
2576,1,516,2026-05-16 11:00:00+00:00,1,62.12,0.02,0.06,50.62,0.1,0.86,1.64,0.21
2577,2,516,2026-05-16 11:00:00+00:00,2,118.45,0.34,1.91,99.45,1.64,0.54,0.83,0.7
2578,3,516,2026-05-16 11:00:00+00:00,1,108.86,0.1,0.53,50.44,0.34,0.98,1.03,0.35
2579,4,516,2026-05-16 11:00:00+00:00,2,113.89,0.1,0.4,92.13,0.28,0.68,1.15,0.97
2580,5,516,2026-05-16 11:00:00+00:00,1,133.31,0.1,4.66,35.06,0.69,3.88,4.68,1.14
2581,1,517,2026-05-16 12:00:00+00:00,1,61.74,0.02,0.07,51.01,0.1,0.88,1.63,0.21
2582,2,517,2026-05-16 12:00:00+00:00,2,118.02,0.29,1.93,98.3,1.63,0.62,0.96,0.68
2583,3,517,2026-05-16 12:00:00+00:00,1,108.47,0.08,0.52,52.31,0.3,0.91,0.96,0.35
2584,4,517,2026-05-16 12:00:00+00:00,2,112.98,0.08,0.34,93.71,0.23,0.63,1.01,0.95
2585,5,517,2026-05-16 12:00:00+00:00,1,137.1,0.75,4.37,42.65,0.95,3.99,4.83,1.35
2586,1,518,2026-05-16 13:00:00+00:00,1,65.2,0.03,0.14,49.13,0.11,1.03,1.96,0.33
2587,2,518,2026-05-16 13:00:00+00:00,2,118.37,0.26,2.16,96.77,1.69,0.74,1.17,0.59
2588,3,518,2026-05-16 13:00:00+00:00,1,108.78,0.07,0.55,54.1,0.27,0.85,0.89,0.35
2589,4,518,2026-05-16 13:00:00+00:00,2,113.3,0.07,0.32,95.08,0.2,0.63,0.94,1.0
2590,5,518,2026-05-16 13:00:00+00:00,1,137.12,0.91,3.33,58.22,1.34,4.23,5.13,1.62
2591,1,519,2026-05-16 14:00:00+00:00,1,71.57,0.03,0.32,45.31,0.14,1.3,2.57,0.52
2592,2,519,2026-05-16 14:00:00+00:00,2,118.73,0.25,2.46,95.02,1.76,0.84,1.33,0.42
2593,3,519,2026-05-16 14:00:00+00:00,1,108.81,0.06,0.6,55.3,0.25,0.8,0.84,0.36
2594,4,519,2026-05-16 14:00:00+00:00,2,112.84,0.07,0.34,95.55,0.18,0.62,0.88,1.04
2595,5,519,2026-05-16 14:00:00+00:00,2,136.16,0.84,2.64,64.86,1.39,4.53,5.49,1.78
2596,1,520,2026-05-16 15:00:00+00:00,1,78.67,0.0,0.56,41.91,0.16,1.6,3.18,0.65
2597,2,520,2026-05-16 15:00:00+00:00,2,117.81,0.21,2.74,92.01,1.77,0.87,1.36,0.25
2598,3,520,2026-05-16 15:00:00+00:00,1,108.68,0.05,0.64,56.3,0.24,0.76,0.8,0.38
2599,4,520,2026-05-16 15:00:00+00:00,2,112.66,0.06,0.4,95.32,0.16,0.58,0.78,1.07
2600,5,520,2026-05-16 15:00:00+00:00,2,134.47,0.58,1.94,73.38,1.47,5.22,6.21,1.87
2601,1,521,2026-05-16 16:00:00+00:00,1,90.54,0.0,0.84,36.52,0.18,2.13,4.26,0.79
2602,2,521,2026-05-16 16:00:00+00:00,2,115.33,0.15,2.91,88.79,1.69,0.83,1.27,0.12
2603,3,521,2026-05-16 16:00:00+00:00,1,108.58,0.06,1.09,47.44,0.26,0.76,0.84,0.76
2604,4,521,2026-05-16 16:00:00+00:00,2,113.42,0.06,0.47,95.11,0.14,0.55,0.7,1.11
2605,5,521,2026-05-16 16:00:00+00:00,3,127.31,0.22,1.04,107.9,2.15,5.09,5.92,1.37
2606,1,522,2026-05-16 17:00:00+00:00,1,108.68,0.0,1.17,31.05,0.21,2.93,5.92,0.95
2607,2,522,2026-05-16 17:00:00+00:00,2,111.95,0.09,2.87,86.85,1.54,0.78,1.18,0.07
2608,3,522,2026-05-16 17:00:00+00:00,1,107.98,0.04,1.69,36.17,0.27,0.8,0.93,1.16
2609,4,522,2026-05-16 17:00:00+00:00,2,113.93,0.05,0.55,94.06,0.12,0.54,0.67,1.2
2610,5,522,2026-05-16 17:00:00+00:00,3,122.12,0.15,0.75,116.44,1.87,4.7,5.38,1.03
2611,1,523,2026-05-16 18:00:00+00:00,1,125.1,0.0,1.41,26.82,0.22,3.74,7.49,1.08
2612,2,523,2026-05-16 18:00:00+00:00,2,109.22,0.03,2.74,86.57,1.41,0.72,1.13,0.06
2613,3,523,2026-05-16 18:00:00+00:00,1,106.84,0.0,2.05,29.71,0.29,0.83,0.99,1.39
2614,4,523,2026-05-16 18:00:00+00:00,2,114.53,0.03,0.63,92.77,0.11,0.54,0.66,1.31
2615,5,523,2026-05-16 18:00:00+00:00,3,120.15,0.14,0.72,117.63,1.69,4.68,5.3,0.91
2616,1,524,2026-05-16 19:00:00+00:00,1,137.18,0.0,1.58,23.61,0.24,4.4,8.76,1.24
2617,2,524,2026-05-16 19:00:00+00:00,2,108.75,0.01,2.56,86.8,1.34,0.66,1.1,0.08
2618,3,524,2026-05-16 19:00:00+00:00,1,105.11,0.0,2.24,25.64,0.31,0.85,1.03,1.63
2619,4,524,2026-05-16 19:00:00+00:00,2,114.5,0.01,0.82,88.27,0.11,0.56,0.7,1.71
2620,5,524,2026-05-16 19:00:00+00:00,3,120.9,0.14,0.75,120.02,1.62,4.83,5.43,0.86
2621,1,525,2026-05-16 20:00:00+00:00,1,143.38,0.0,1.66,22.1,0.24,4.72,9.24,1.21
2622,2,525,2026-05-16 20:00:00+00:00,2,109.05,0.0,2.5,86.82,1.34,0.69,1.2,0.11
2623,3,525,2026-05-16 20:00:00+00:00,1,103.32,0.01,2.17,21.24,0.26,0.87,1.05,1.42
2624,4,525,2026-05-16 20:00:00+00:00,2,114.74,0.0,1.08,81.15,0.12,0.63,0.85,2.43
2625,5,525,2026-05-16 20:00:00+00:00,3,120.76,0.14,0.83,119.71,1.58,4.96,5.57,0.84
2626,1,526,2026-05-16 21:00:00+00:00,1,139.91,0.0,1.6,21.97,0.2,4.53,8.7,1.04
2627,2,526,2026-05-16 21:00:00+00:00,2,109.07,0.0,2.53,88.02,1.38,0.81,1.42,0.13
2628,3,526,2026-05-16 21:00:00+00:00,1,100.53,0.01,1.85,17.62,0.2,0.88,1.04,1.11
2629,4,526,2026-05-16 21:00:00+00:00,2,114.43,0.0,1.3,74.23,0.13,0.71,1.02,2.89
2630,5,526,2026-05-16 21:00:00+00:00,3,121.32,0.15,1.02,119.25,1.6,5.17,5.82,0.86
2631,1,527,2026-05-16 22:00:00+00:00,1,131.62,0.0,1.44,22.77,0.16,4.1,7.7,0.92
2632,2,527,2026-05-16 22:00:00+00:00,2,108.62,0.0,2.61,91.04,1.4,0.96,1.62,0.11
2633,3,527,2026-05-16 22:00:00+00:00,1,96.94,0.01,1.54,14.81,0.15,0.88,1.03,0.82
2634,4,527,2026-05-16 22:00:00+00:00,2,113.19,0.0,1.4,67.94,0.13,0.76,1.17,3.07
2635,5,527,2026-05-16 22:00:00+00:00,3,124.81,0.17,1.6,114.69,1.64,5.49,6.2,0.95
2636,1,528,2026-05-16 23:00:00+00:00,1,125.22,0.0,1.3,22.93,0.14,3.77,6.97,0.83
2637,2,528,2026-05-16 23:00:00+00:00,2,107.87,0.0,2.76,93.81,1.44,1.04,1.69,0.08
2638,3,528,2026-05-16 23:00:00+00:00,1,95.7,0.01,1.38,13.96,0.14,0.9,1.04,0.6
2639,4,528,2026-05-16 23:00:00+00:00,2,112.23,0.0,1.31,64.58,0.13,0.79,1.3,3.39
2640,5,528,2026-05-16 23:00:00+00:00,3,128.47,0.13,2.46,106.43,1.72,5.79,6.58,1.09
2641,1,529,2026-05-17 00:00:00+00:00,1,120.28,0.0,1.18,22.74,0.11,3.51,6.39,0.69
2642,2,529,2026-05-17 00:00:00+00:00,2,107.31,0.0,2.87,94.2,1.44,1.06,1.66,0.06
2643,3,529,2026-05-17 00:00:00+00:00,1,95.99,0.01,1.4,15.28,0.16,0.96,1.11,0.46
2644,4,529,2026-05-17 00:00:00+00:00,2,111.82,0.0,1.17,63.11,0.14,0.8,1.41,3.72
2645,5,529,2026-05-17 00:00:00+00:00,3,130.48,0.03,3.16,100.59,1.81,5.99,6.86,1.23
2646,1,530,2026-05-17 01:00:00+00:00,1,115.08,0.0,1.06,22.52,0.09,3.21,5.76,0.45
2647,2,530,2026-05-17 01:00:00+00:00,2,108.52,0.0,2.88,92.15,1.43,1.08,1.65,0.07
2648,3,530,2026-05-17 01:00:00+00:00,1,99.19,0.0,1.65,20.01,0.29,1.12,1.33,0.35
2649,4,530,2026-05-17 01:00:00+00:00,2,110.93,0.0,1.05,62.26,0.14,0.78,1.38,3.46
2650,5,530,2026-05-17 01:00:00+00:00,2,129.44,0.0,3.28,95.35,1.82,5.99,6.93,1.36
2651,1,531,2026-05-17 02:00:00+00:00,1,109.67,0.0,0.95,22.71,0.07,2.88,5.1,0.34
2652,2,531,2026-05-17 02:00:00+00:00,2,111.3,0.0,2.8,89.22,1.41,1.14,1.69,0.12
2653,3,531,2026-05-17 02:00:00+00:00,1,102.93,0.01,2.34,20.08,0.47,1.43,1.78,0.32
2654,4,531,2026-05-17 02:00:00+00:00,1,109.85,0.0,0.95,59.83,0.12,0.75,1.23,2.52
2655,5,531,2026-05-17 02:00:00+00:00,2,129.4,0.0,3.14,90.48,1.71,5.96,6.93,1.51
2656,1,532,2026-05-17 03:00:00+00:00,1,104.19,0.0,0.83,23.81,0.08,2.54,4.52,0.31
2657,2,532,2026-05-17 03:00:00+00:00,2,114.55,0.0,2.67,87.01,1.39,1.13,1.68,0.22
2658,3,532,2026-05-17 03:00:00+00:00,1,109.03,0.3,3.38,19.29,0.82,1.97,2.56,0.32
2659,4,532,2026-05-17 03:00:00+00:00,1,108.87,0.0,0.87,57.24,0.09,0.72,1.08,1.77
2660,5,532,2026-05-17 03:00:00+00:00,2,129.36,0.0,2.9,85.81,1.5,5.93,6.89,1.64
2661,1,533,2026-05-17 04:00:00+00:00,1,101.4,0.01,0.78,25.54,0.1,2.31,4.33,0.34
2662,2,533,2026-05-17 04:00:00+00:00,2,116.15,0.0,2.55,85.21,1.39,0.97,1.5,0.34
2663,3,533,2026-05-17 04:00:00+00:00,1,118.0,1.8,3.81,20.33,1.42,2.89,3.86,0.33
2664,4,533,2026-05-17 04:00:00+00:00,1,108.07,0.0,0.84,55.04,0.07,0.68,0.95,1.35
2665,5,533,2026-05-17 04:00:00+00:00,2,127.69,0.0,2.6,81.09,1.26,5.87,6.76,1.7
2666,1,534,2026-05-17 05:00:00+00:00,1,102.93,0.08,0.69,26.41,0.13,2.29,4.54,0.42
2667,2,534,2026-05-17 05:00:00+00:00,2,116.29,0.0,2.49,83.66,1.36,0.71,1.17,0.44
2668,3,534,2026-05-17 05:00:00+00:00,1,125.77,3.28,4.37,21.91,1.92,3.96,5.27,0.38
2669,4,534,2026-05-17 05:00:00+00:00,1,107.83,0.0,0.98,52.97,0.06,0.66,0.85,1.16
2670,5,534,2026-05-17 05:00:00+00:00,2,126.81,0.0,2.42,73.82,1.04,5.89,6.74,1.73
2671,1,535,2026-05-17 06:00:00+00:00,1,101.28,0.11,0.51,29.79,0.15,2.24,4.55,0.55
2672,2,535,2026-05-17 06:00:00+00:00,2,115.79,0.01,2.5,81.71,1.34,0.51,0.87,0.51
2673,3,535,2026-05-17 06:00:00+00:00,1,130.67,3.91,5.13,27.81,2.47,5.19,6.69,0.42
2674,4,535,2026-05-17 06:00:00+00:00,1,107.87,0.01,1.3,50.97,0.06,0.64,0.79,1.08
2675,5,535,2026-05-17 06:00:00+00:00,2,125.65,0.0,2.23,67.19,0.89,5.94,6.77,1.73
2676,1,536,2026-05-17 07:00:00+00:00,1,68.95,0.03,0.14,47.59,0.1,0.81,1.65,0.23
2677,2,536,2026-05-17 07:00:00+00:00,2,115.01,0.04,2.6,79.29,1.36,0.5,0.68,0.55
2678,3,536,2026-05-17 07:00:00+00:00,1,134.66,2.79,6.31,46.06,3.57,7.1,8.49,0.27
2679,4,536,2026-05-17 07:00:00+00:00,1,107.37,0.06,1.44,50.28,0.06,0.63,0.75,1.09
2680,5,536,2026-05-17 07:00:00+00:00,2,123.36,0.0,2.09,60.19,0.74,5.96,6.78,1.64
2681,1,537,2026-05-17 08:00:00+00:00,1,64.24,0.02,0.08,48.89,0.08,0.64,1.2,0.19
2682,2,537,2026-05-17 08:00:00+00:00,2,115.06,0.11,2.81,76.95,1.48,0.5,0.59,0.58
2683,3,537,2026-05-17 08:00:00+00:00,1,133.01,1.64,5.25,56.51,3.05,7.82,8.99,0.31
2684,4,537,2026-05-17 08:00:00+00:00,1,106.6,0.09,1.37,51.94,0.06,0.6,0.73,1.14
2685,5,537,2026-05-17 08:00:00+00:00,1,122.01,0.0,2.05,54.03,0.63,6.05,6.9,1.6
2686,1,538,2026-05-17 09:00:00+00:00,1,63.22,0.01,0.06,47.6,0.08,0.66,1.15,0.19
2687,2,538,2026-05-17 09:00:00+00:00,2,115.3,0.23,2.96,74.92,1.64,0.5,0.57,0.61
2688,3,538,2026-05-17 09:00:00+00:00,2,128.57,0.73,3.55,66.59,2.54,8.1,8.99,0.35
2689,4,538,2026-05-17 09:00:00+00:00,1,105.66,0.1,1.2,56.43,0.06,0.56,0.69,1.2
2690,5,538,2026-05-17 09:00:00+00:00,1,121.38,0.0,2.11,49.12,0.56,6.16,7.05,1.54
2691,1,539,2026-05-17 10:00:00+00:00,1,64.06,0.02,0.07,46.45,0.09,0.77,1.28,0.22
2692,2,539,2026-05-17 10:00:00+00:00,2,115.61,0.37,2.88,74.14,1.76,0.5,0.58,0.61
2693,3,539,2026-05-17 10:00:00+00:00,2,124.47,0.31,2.18,68.9,2.3,7.84,8.4,0.44
2694,4,539,2026-05-17 10:00:00+00:00,2,105.62,0.05,0.77,77.62,0.05,0.5,0.51,0.83
2695,5,539,2026-05-17 10:00:00+00:00,1,120.62,0.0,2.3,44.22,0.52,6.22,7.16,1.45
2696,1,540,2026-05-17 11:00:00+00:00,1,65.02,0.02,0.09,45.19,0.1,0.9,1.47,0.26
2697,2,540,2026-05-17 11:00:00+00:00,2,115.81,0.44,2.62,74.87,1.82,0.5,0.63,0.6
2698,3,540,2026-05-17 11:00:00+00:00,1,120.12,0.26,1.5,57.46,1.75,7.33,7.71,0.5
2699,4,540,2026-05-17 11:00:00+00:00,2,104.65,0.04,0.61,85.65,0.04,0.5,0.5,0.72
2700,5,540,2026-05-17 11:00:00+00:00,1,123.26,0.04,2.98,39.25,0.51,6.34,7.37,1.48
2701,1,541,2026-05-17 12:00:00+00:00,1,65.92,0.02,0.11,44.46,0.1,1.03,1.66,0.31
2702,2,541,2026-05-17 12:00:00+00:00,2,116.0,0.44,2.31,76.62,1.81,0.5,0.7,0.58
2703,3,541,2026-05-17 12:00:00+00:00,1,117.24,0.29,1.28,48.4,1.42,6.78,7.1,0.51
2704,4,541,2026-05-17 12:00:00+00:00,2,103.69,0.04,0.58,86.39,0.04,0.5,0.5,0.76
2705,5,541,2026-05-17 12:00:00+00:00,1,130.21,0.6,3.55,35.76,0.53,6.52,7.65,1.55
2706,1,542,2026-05-17 13:00:00+00:00,1,68.28,0.02,0.16,43.7,0.12,1.19,1.96,0.39
2707,2,542,2026-05-17 13:00:00+00:00,2,116.1,0.4,1.99,79.17,1.71,0.5,0.75,0.53
2708,3,542,2026-05-17 13:00:00+00:00,1,114.94,0.36,1.3,45.03,1.32,6.18,6.48,0.59
2709,4,542,2026-05-17 13:00:00+00:00,2,104.36,0.05,0.61,85.41,0.04,0.5,0.5,0.85
2710,5,542,2026-05-17 13:00:00+00:00,1,135.54,1.3,3.29,36.52,0.57,6.76,7.98,1.57
2711,1,543,2026-05-17 14:00:00+00:00,1,70.96,0.01,0.25,41.9,0.13,1.39,2.3,0.43
2712,2,543,2026-05-17 14:00:00+00:00,2,116.48,0.32,1.77,81.72,1.53,0.5,0.76,0.46
2713,3,543,2026-05-17 14:00:00+00:00,1,113.4,0.3,1.53,44.17,1.26,5.37,5.65,0.48
2714,4,543,2026-05-17 14:00:00+00:00,2,104.21,0.07,0.68,81.22,0.05,0.5,0.5,0.89
2715,5,543,2026-05-17 14:00:00+00:00,1,135.82,1.33,2.85,41.46,0.61,7.07,8.35,1.53
2716,1,544,2026-05-17 15:00:00+00:00,1,73.45,0.0,0.35,40.59,0.13,1.58,2.6,0.4
2717,2,544,2026-05-17 15:00:00+00:00,2,117.14,0.28,1.67,83.87,1.37,0.5,0.76,0.4
2718,3,544,2026-05-17 15:00:00+00:00,1,110.71,0.17,1.79,47.07,1.28,4.3,4.56,0.38
2719,4,544,2026-05-17 15:00:00+00:00,2,104.05,0.09,0.79,77.09,0.05,0.5,0.5,0.83
2720,5,544,2026-05-17 15:00:00+00:00,1,135.28,0.91,2.33,52.0,0.63,7.89,9.2,1.48
2721,1,545,2026-05-17 16:00:00+00:00,1,80.58,0.0,0.53,36.89,0.14,1.9,3.25,0.49
2722,2,545,2026-05-17 16:00:00+00:00,2,117.22,0.19,1.79,84.9,1.27,0.5,0.78,0.33
2723,3,545,2026-05-17 16:00:00+00:00,1,107.18,0.1,1.96,54.51,1.27,3.15,3.4,0.31
2724,4,545,2026-05-17 16:00:00+00:00,2,103.32,0.12,0.95,71.6,0.05,0.5,0.5,0.86
2725,5,545,2026-05-17 16:00:00+00:00,2,127.45,0.21,1.04,97.58,0.65,6.44,7.27,1.08
2726,1,546,2026-05-17 17:00:00+00:00,1,94.0,0.0,0.79,32.36,0.17,2.42,4.35,0.62
2727,2,546,2026-05-17 17:00:00+00:00,2,117.12,0.1,2.04,85.68,1.25,0.5,0.71,0.26
2728,3,546,2026-05-17 17:00:00+00:00,1,106.01,0.04,2.15,53.37,1.16,2.47,2.72,0.3
2729,4,546,2026-05-17 17:00:00+00:00,2,103.66,0.11,1.19,66.54,0.06,0.5,0.51,0.96
2730,5,546,2026-05-17 17:00:00+00:00,3,121.25,0.12,0.69,105.28,0.44,4.65,5.17,0.84
2731,1,547,2026-05-17 18:00:00+00:00,1,106.33,0.0,0.99,28.81,0.18,2.93,5.36,0.63
2732,2,547,2026-05-17 18:00:00+00:00,2,116.73,0.04,2.19,86.78,1.24,0.5,0.6,0.19
2733,3,547,2026-05-17 18:00:00+00:00,1,105.72,0.0,2.09,50.4,1.06,2.08,2.35,0.3
2734,4,547,2026-05-17 18:00:00+00:00,2,104.63,0.07,1.35,63.07,0.07,0.5,0.53,1.09
2735,5,547,2026-05-17 18:00:00+00:00,3,118.41,0.1,0.64,105.75,0.35,3.95,4.37,0.78
2736,1,548,2026-05-17 19:00:00+00:00,1,118.13,0.0,1.17,25.32,0.19,3.45,6.32,0.64
2737,2,548,2026-05-17 19:00:00+00:00,2,117.03,0.01,2.26,88.31,1.22,0.5,0.5,0.15
2738,3,548,2026-05-17 19:00:00+00:00,1,105.44,0.0,1.79,47.24,0.9,1.86,2.17,0.3
2739,4,548,2026-05-17 19:00:00+00:00,1,105.18,0.02,1.5,58.04,0.07,0.5,0.55,1.26
2740,5,548,2026-05-17 19:00:00+00:00,3,118.11,0.1,0.63,106.38,0.28,3.39,3.73,0.79
2741,1,549,2026-05-17 20:00:00+00:00,1,128.37,0.0,1.33,22.04,0.18,3.91,7.06,0.62
2742,2,549,2026-05-17 20:00:00+00:00,2,117.36,0.0,2.26,89.22,1.2,0.5,0.5,0.12
2743,3,549,2026-05-17 20:00:00+00:00,1,104.55,0.0,1.49,44.62,0.73,1.73,2.15,0.3
2744,4,549,2026-05-17 20:00:00+00:00,1,105.68,0.0,1.61,50.6,0.07,0.52,0.59,1.34
2745,5,549,2026-05-17 20:00:00+00:00,3,117.81,0.1,0.73,105.38,0.25,3.06,3.38,0.85
2746,1,550,2026-05-17 21:00:00+00:00,1,131.78,0.0,1.39,19.39,0.14,4.05,7.05,0.56
2747,2,550,2026-05-17 21:00:00+00:00,2,117.32,0.0,2.27,88.87,1.19,0.5,0.5,0.11
2748,3,550,2026-05-17 21:00:00+00:00,1,103.65,0.0,1.3,42.75,0.6,2.0,3.54,0.31
2749,4,550,2026-05-17 21:00:00+00:00,1,105.72,0.0,1.72,43.61,0.07,0.53,0.67,1.36
2750,5,550,2026-05-17 21:00:00+00:00,3,118.82,0.11,0.97,104.53,0.25,3.02,3.35,0.94
2751,1,551,2026-05-17 22:00:00+00:00,1,134.45,0.0,1.43,17.53,0.13,4.16,7.01,0.64
2752,2,551,2026-05-17 22:00:00+00:00,2,116.94,0.0,2.27,87.74,1.16,0.5,0.5,0.09
2753,3,551,2026-05-17 22:00:00+00:00,1,102.62,0.0,1.21,40.7,0.53,3.02,8.29,0.31
2754,4,551,2026-05-17 22:00:00+00:00,1,104.33,0.0,1.72,37.8,0.06,0.55,0.72,1.38
2755,5,551,2026-05-17 22:00:00+00:00,2,129.97,0.43,3.29,81.44,0.25,3.23,3.65,1.14
2756,1,552,2026-05-17 23:00:00+00:00,1,138.51,0.0,1.49,16.29,0.14,4.34,7.2,0.78
2757,2,552,2026-05-17 23:00:00+00:00,2,116.3,0.0,2.24,87.34,1.1,0.5,0.5,0.07
2758,3,552,2026-05-17 23:00:00+00:00,1,101.26,0.0,1.2,38.51,0.5,4.93,17.36,0.31
2759,4,552,2026-05-17 23:00:00+00:00,1,104.3,0.0,1.64,34.37,0.06,0.58,0.75,1.38
2760,5,552,2026-05-17 23:00:00+00:00,1,144.99,0.71,6.21,55.84,0.25,3.58,4.17,1.4
2761,1,553,2026-05-18 00:00:00+00:00,1,141.88,0.0,1.54,15.29,0.16,4.48,7.36,0.98
2762,2,553,2026-05-18 00:00:00+00:00,2,115.57,0.0,2.2,87.66,1.07,0.5,0.5,0.06
2763,3,553,2026-05-18 00:00:00+00:00,2,99.9,0.0,1.27,37.16,0.5,7.82,31.23,0.32
2764,4,553,2026-05-18 00:00:00+00:00,1,104.72,0.0,1.51,32.24,0.06,0.6,0.75,1.37
2765,5,553,2026-05-18 00:00:00+00:00,1,153.1,0.29,8.57,42.27,0.28,4.0,4.79,1.6
2766,1,554,2026-05-18 01:00:00+00:00,1,143.78,0.0,1.56,14.49,0.18,4.57,7.44,1.16
2767,2,554,2026-05-18 01:00:00+00:00,2,114.52,0.0,2.23,87.62,1.08,0.5,0.5,0.06
2768,3,554,2026-05-18 01:00:00+00:00,2,98.22,0.0,1.41,36.24,0.5,11.33,44.45,0.33
2769,4,554,2026-05-18 01:00:00+00:00,1,104.76,0.0,1.39,30.04,0.06,0.6,0.75,1.39
2770,5,554,2026-05-18 01:00:00+00:00,1,153.84,0.0,9.14,36.27,0.33,4.47,5.42,1.68
2771,1,555,2026-05-18 02:00:00+00:00,1,144.86,0.01,1.55,13.86,0.16,4.62,7.45,1.08
2772,2,555,2026-05-18 02:00:00+00:00,2,114.07,0.0,2.39,87.64,1.16,0.5,0.5,0.06
2773,3,555,2026-05-18 02:00:00+00:00,3,97.38,0.0,1.62,36.14,0.51,14.85,54.66,0.35
2774,4,555,2026-05-18 02:00:00+00:00,1,104.12,0.0,1.3,27.51,0.05,0.59,0.75,1.45
2775,5,555,2026-05-18 02:00:00+00:00,1,152.34,0.0,8.36,32.61,0.37,5.14,6.22,1.43
2776,1,556,2026-05-18 03:00:00+00:00,1,146.24,0.01,1.54,13.74,0.15,4.67,7.18,0.96
2777,2,556,2026-05-18 03:00:00+00:00,2,114.1,0.0,2.51,86.94,1.23,0.5,0.5,0.06
2778,3,556,2026-05-18 03:00:00+00:00,3,97.96,0.03,2.02,37.08,0.55,18.1,61.25,0.38
2779,4,556,2026-05-18 03:00:00+00:00,1,103.49,0.0,1.27,25.56,0.05,0.59,0.77,1.5
2780,5,556,2026-05-18 03:00:00+00:00,1,150.66,0.0,7.58,31.39,0.44,6.02,7.18,1.2
2781,1,557,2026-05-18 04:00:00+00:00,1,150.51,0.04,1.54,14.74,0.17,4.77,7.56,0.74
2782,2,557,2026-05-18 04:00:00+00:00,2,114.21,0.0,2.53,86.39,1.27,0.5,0.5,0.06
2783,3,557,2026-05-18 04:00:00+00:00,3,99.54,0.18,2.49,39.03,0.64,20.61,64.36,0.48
2784,4,557,2026-05-18 04:00:00+00:00,1,102.52,0.01,1.34,23.94,0.06,0.59,0.8,1.49
2785,5,557,2026-05-18 04:00:00+00:00,1,145.43,0.0,6.45,33.41,0.49,6.99,8.25,1.06
2786,1,558,2026-05-18 05:00:00+00:00,1,156.72,0.32,1.18,16.64,0.2,4.97,8.56,0.65
2787,2,558,2026-05-18 05:00:00+00:00,2,114.22,0.0,2.39,86.64,1.22,0.5,0.52,0.06
2788,3,558,2026-05-18 05:00:00+00:00,3,101.11,0.46,2.67,42.42,0.81,21.9,65.62,0.69
2789,4,558,2026-05-18 05:00:00+00:00,1,103.15,0.03,1.78,22.55,0.08,0.62,0.87,1.51
2790,5,558,2026-05-18 05:00:00+00:00,1,141.29,0.0,5.51,34.19,0.49,7.76,9.22,1.03
2791,1,559,2026-05-18 06:00:00+00:00,1,156.66,0.31,0.85,22.28,0.21,5.44,9.29,0.79
2792,2,559,2026-05-18 06:00:00+00:00,2,114.51,0.01,2.26,88.17,1.15,0.5,0.55,0.06
2793,3,559,2026-05-18 06:00:00+00:00,3,101.6,0.65,2.72,48.84,1.2,21.72,66.85,0.96
2794,4,559,2026-05-18 06:00:00+00:00,1,105.08,0.17,2.5,22.17,0.1,0.68,0.97,1.58
2795,5,559,2026-05-18 06:00:00+00:00,1,136.25,0.0,4.63,35.32,0.51,8.16,9.93,1.09
2796,1,560,2026-05-18 07:00:00+00:00,1,78.85,0.05,0.17,40.14,0.15,1.33,2.56,0.33
2797,2,560,2026-05-18 07:00:00+00:00,2,114.61,0.05,2.16,90.33,1.11,0.5,0.62,0.05
2798,3,560,2026-05-18 07:00:00+00:00,3,103.06,0.75,2.82,60.9,2.04,20.46,68.66,1.18
2799,4,560,2026-05-18 07:00:00+00:00,1,107.22,0.36,2.75,24.85,0.11,0.72,1.06,1.65
2800,5,560,2026-05-18 07:00:00+00:00,1,130.77,0.0,3.74,37.57,0.55,8.27,10.44,1.2
2801,1,561,2026-05-18 08:00:00+00:00,1,70.53,0.03,0.1,41.84,0.12,1.05,2.01,0.28
2802,2,561,2026-05-18 08:00:00+00:00,2,114.52,0.1,2.21,91.93,1.18,0.54,0.8,0.05
2803,3,561,2026-05-18 08:00:00+00:00,3,102.86,0.69,2.37,67.98,2.46,18.99,63.08,1.3
2804,4,561,2026-05-18 08:00:00+00:00,1,108.83,0.52,2.58,28.24,0.12,0.75,1.14,1.69
2805,5,561,2026-05-18 08:00:00+00:00,1,126.56,0.0,3.09,37.53,0.53,8.24,10.77,1.23
2806,1,562,2026-05-18 09:00:00+00:00,1,69.14,0.02,0.08,41.28,0.12,1.09,2.02,0.29
2807,2,562,2026-05-18 09:00:00+00:00,2,114.24,0.16,2.27,93.05,1.26,0.57,0.95,0.04
2808,3,562,2026-05-18 09:00:00+00:00,3,102.14,0.47,1.71,75.59,2.65,17.65,55.63,1.37
2809,4,562,2026-05-18 09:00:00+00:00,1,109.59,0.58,2.38,32.61,0.14,0.78,1.22,1.97
2810,5,562,2026-05-18 09:00:00+00:00,1,124.21,0.0,2.74,36.57,0.51,8.1,10.86,1.19
2811,1,563,2026-05-18 10:00:00+00:00,1,68.88,0.02,0.08,42.08,0.12,1.17,1.97,0.29
2812,2,563,2026-05-18 10:00:00+00:00,2,113.84,0.24,2.16,94.22,1.29,0.58,1.0,0.03
2813,3,563,2026-05-18 10:00:00+00:00,3,103.19,0.21,1.06,107.06,2.51,14.72,67.41,0.63
2814,4,563,2026-05-18 10:00:00+00:00,2,112.96,0.11,1.06,68.82,0.13,0.5,0.7,1.1
2815,5,563,2026-05-18 10:00:00+00:00,1,122.53,0.0,2.69,34.52,0.51,7.82,10.68,1.13
2816,1,564,2026-05-18 11:00:00+00:00,1,69.0,0.02,0.09,42.22,0.13,1.3,2.07,0.31
2817,2,564,2026-05-18 11:00:00+00:00,2,113.59,0.28,1.9,96.17,1.28,0.53,0.96,0.03
2818,3,564,2026-05-18 11:00:00+00:00,3,102.98,0.12,0.68,115.02,1.83,11.8,57.06,0.48
2819,4,564,2026-05-18 11:00:00+00:00,2,112.8,0.07,0.68,77.46,0.1,0.5,0.51,0.9
2820,5,564,2026-05-18 11:00:00+00:00,1,125.21,0.05,3.25,32.29,0.55,7.58,10.53,1.16
2821,1,565,2026-05-18 12:00:00+00:00,1,69.57,0.03,0.11,41.83,0.14,1.4,2.21,0.34
2822,2,565,2026-05-18 12:00:00+00:00,2,113.35,0.28,1.65,98.03,1.24,0.5,0.88,0.03
2823,3,565,2026-05-18 12:00:00+00:00,3,103.55,0.11,0.64,117.6,1.67,9.27,41.47,0.52
2824,4,565,2026-05-18 12:00:00+00:00,2,112.0,0.07,0.64,78.93,0.1,0.5,0.5,0.91
2825,5,565,2026-05-18 12:00:00+00:00,1,131.91,0.62,3.6,32.93,0.66,7.37,10.46,1.27
2826,1,566,2026-05-18 13:00:00+00:00,1,75.78,0.05,0.24,39.16,0.16,1.65,2.71,0.51
2827,2,566,2026-05-18 13:00:00+00:00,2,113.47,0.25,1.55,99.25,1.23,0.5,0.85,0.04
2828,3,566,2026-05-18 13:00:00+00:00,3,105.88,0.12,0.78,118.48,1.75,7.73,30.2,0.64
2829,4,566,2026-05-18 13:00:00+00:00,2,112.23,0.07,0.61,80.08,0.1,0.5,0.5,0.91
2830,5,566,2026-05-18 13:00:00+00:00,1,136.11,1.12,3.16,38.58,0.84,7.25,10.49,1.4
2831,1,567,2026-05-18 14:00:00+00:00,1,86.9,0.04,0.55,35.06,0.19,2.02,3.5,0.72
2832,2,567,2026-05-18 14:00:00+00:00,2,113.21,0.23,1.57,99.9,1.31,0.5,0.85,0.09
2833,3,567,2026-05-18 14:00:00+00:00,3,107.99,0.15,1.08,116.48,2.07,6.86,22.62,0.79
2834,4,567,2026-05-18 14:00:00+00:00,2,112.2,0.07,0.58,80.77,0.09,0.5,0.51,0.86
2835,5,567,2026-05-18 14:00:00+00:00,1,135.49,0.98,2.63,46.77,0.98,7.36,10.66,1.45
2836,1,568,2026-05-18 15:00:00+00:00,1,99.0,0.0,0.93,31.29,0.21,2.39,4.29,0.86
2837,2,568,2026-05-18 15:00:00+00:00,3,113.23,0.22,1.64,100.24,1.39,0.51,0.87,0.17
2838,3,568,2026-05-18 15:00:00+00:00,3,109.58,0.16,1.45,113.43,2.53,6.22,17.28,0.92
2839,4,568,2026-05-18 15:00:00+00:00,2,112.0,0.07,0.6,81.3,0.08,0.5,0.5,0.84
2840,5,568,2026-05-18 15:00:00+00:00,2,133.11,0.56,1.93,61.97,1.15,8.11,11.43,1.43
2841,1,569,2026-05-18 16:00:00+00:00,1,110.38,0.0,1.17,27.89,0.22,2.81,5.22,1.0
2842,2,569,2026-05-18 16:00:00+00:00,3,113.32,0.23,1.73,100.64,1.46,0.52,0.89,0.28
2843,3,569,2026-05-18 16:00:00+00:00,3,109.96,0.1,2.03,105.83,2.84,5.67,13.51,1.06
2844,4,569,2026-05-18 16:00:00+00:00,2,112.21,0.08,0.73,81.01,0.06,0.5,0.5,0.92
2845,5,569,2026-05-18 16:00:00+00:00,2,122.81,0.18,0.92,98.09,1.03,5.75,8.18,1.01
2846,1,570,2026-05-18 17:00:00+00:00,1,120.93,0.0,1.29,25.55,0.22,3.23,6.07,0.99
2847,2,570,2026-05-18 17:00:00+00:00,2,113.59,0.17,2.08,99.11,1.54,0.52,0.88,0.41
2848,3,570,2026-05-18 17:00:00+00:00,2,110.61,0.02,2.64,96.61,2.88,5.2,10.86,1.24
2849,4,570,2026-05-18 17:00:00+00:00,2,112.12,0.07,0.91,79.2,0.06,0.5,0.5,1.14
2850,5,570,2026-05-18 17:00:00+00:00,3,115.09,0.12,0.66,105.8,0.66,3.99,5.65,0.88
2851,1,571,2026-05-18 18:00:00+00:00,1,126.64,0.0,1.31,24.22,0.2,3.45,6.43,0.73
2852,2,571,2026-05-18 18:00:00+00:00,2,113.66,0.09,2.59,96.31,1.64,0.5,0.84,0.57
2853,3,571,2026-05-18 18:00:00+00:00,2,110.64,0.0,2.89,88.72,2.7,4.77,8.87,1.38
2854,4,571,2026-05-18 18:00:00+00:00,2,112.11,0.05,1.04,77.53,0.06,0.5,0.5,1.3
2855,5,571,2026-05-18 18:00:00+00:00,3,112.02,0.11,0.64,106.92,0.58,3.58,5.03,0.85
2856,1,572,2026-05-18 19:00:00+00:00,1,125.65,0.0,1.22,23.16,0.18,3.36,6.32,0.49
2857,2,572,2026-05-18 19:00:00+00:00,2,114.26,0.01,3.06,93.18,1.68,0.5,0.75,0.69
2858,3,572,2026-05-18 19:00:00+00:00,2,108.31,0.0,2.82,80.72,2.31,4.34,7.26,1.43
2859,4,572,2026-05-18 19:00:00+00:00,2,111.95,0.02,1.38,71.08,0.07,0.5,0.5,1.66
2860,5,572,2026-05-18 19:00:00+00:00,3,112.25,0.11,0.68,108.71,0.61,3.52,4.93,0.85
2861,1,573,2026-05-18 20:00:00+00:00,1,125.2,0.0,1.17,21.88,0.16,3.27,6.26,0.37
2862,2,573,2026-05-18 20:00:00+00:00,2,114.38,0.0,3.22,90.02,1.6,0.5,0.67,0.7
2863,3,573,2026-05-18 20:00:00+00:00,2,106.63,0.0,2.67,74.47,1.87,4.04,6.17,1.47
2864,4,573,2026-05-18 20:00:00+00:00,2,111.9,0.0,1.81,60.66,0.08,0.5,0.57,1.83
2865,5,573,2026-05-18 20:00:00+00:00,3,111.53,0.12,0.79,109.49,0.67,3.5,4.9,0.85
2866,1,574,2026-05-18 21:00:00+00:00,1,120.2,0.0,1.07,20.92,0.12,2.95,5.58,0.29
2867,2,574,2026-05-18 21:00:00+00:00,2,114.31,0.0,3.16,87.02,1.48,0.5,0.63,0.63
2868,3,574,2026-05-18 21:00:00+00:00,2,105.11,0.0,2.43,69.02,1.46,3.77,5.37,1.51
2869,4,574,2026-05-18 21:00:00+00:00,1,111.57,0.0,2.12,52.04,0.08,0.52,0.68,1.63
2870,5,574,2026-05-18 21:00:00+00:00,3,111.84,0.13,1.02,109.89,0.75,3.49,4.9,0.85
2871,1,575,2026-05-18 22:00:00+00:00,1,117.28,0.0,1.02,19.36,0.09,2.75,4.69,0.3
2872,2,575,2026-05-18 22:00:00+00:00,2,114.11,0.0,3.13,84.39,1.42,0.5,0.62,0.49
2873,3,575,2026-05-18 22:00:00+00:00,2,102.61,0.0,2.14,63.92,1.13,3.49,4.73,1.54
2874,4,575,2026-05-18 22:00:00+00:00,1,109.38,0.0,2.17,45.42,0.06,0.52,0.71,1.51
2875,5,575,2026-05-18 22:00:00+00:00,3,115.74,0.19,1.73,107.19,0.89,3.6,5.09,0.9
2876,1,576,2026-05-18 23:00:00+00:00,1,117.6,0.0,1.02,17.69,0.09,2.73,4.35,0.42
2877,2,576,2026-05-18 23:00:00+00:00,2,113.97,0.0,3.17,82.61,1.41,0.5,0.67,0.34
2878,3,576,2026-05-18 23:00:00+00:00,1,101.24,0.0,1.92,59.94,0.89,3.28,4.29,1.51
2879,4,576,2026-05-18 23:00:00+00:00,1,108.01,0.0,1.94,42.49,0.05,0.51,0.69,1.48
2880,5,576,2026-05-18 23:00:00+00:00,3,121.97,0.2,2.87,100.98,1.12,3.86,5.51,1.0
2881,1,577,2026-05-19 00:00:00+00:00,1,117.41,0.0,1.01,16.7,0.1,2.69,4.22,0.57
2882,2,577,2026-05-19 00:00:00+00:00,2,113.84,0.0,3.09,82.19,1.37,0.51,0.72,0.25
2883,3,577,2026-05-19 00:00:00+00:00,1,100.23,0.0,1.76,56.52,0.73,3.14,3.98,1.43
2884,4,577,2026-05-19 00:00:00+00:00,1,106.92,0.0,1.6,42.26,0.04,0.5,0.65,1.48
2885,5,577,2026-05-19 00:00:00+00:00,2,127.46,0.07,4.07,94.71,1.37,4.13,5.98,1.1
2886,1,578,2026-05-20 01:00:00+00:00,1,155.27,0.0,1.59,19.58,0.18,5.5,8.8,1.11
2887,2,578,2026-05-20 01:00:00+00:00,2,113.3,0.0,2.63,94.9,1.7,3.14,6.4,0.03
2888,3,578,2026-05-20 01:00:00+00:00,1,117.74,0.0,1.84,54.21,0.57,6.17,6.75,1.9
2889,4,578,2026-05-20 01:00:00+00:00,2,106.03,0.0,0.67,70.64,0.2,2.82,5.74,1.26
2890,5,578,2026-05-20 01:00:00+00:00,2,128.35,0.0,4.98,77.29,1.39,5.41,7.97,1.33
2891,1,579,2026-05-20 02:00:00+00:00,1,151.29,0.0,1.52,19.64,0.16,5.22,8.28,1.03
2892,2,579,2026-05-20 02:00:00+00:00,2,112.94,0.0,2.65,94.5,1.7,3.4,6.66,0.02
2893,3,579,2026-05-20 02:00:00+00:00,1,117.84,0.0,1.76,51.69,0.49,6.39,6.95,1.84
2894,4,579,2026-05-20 02:00:00+00:00,2,106.04,0.0,0.59,69.84,0.2,3.22,6.54,1.19
2895,5,579,2026-05-20 02:00:00+00:00,2,129.19,0.0,4.71,74.89,1.47,5.58,8.13,1.45
2896,1,580,2026-05-20 03:00:00+00:00,1,147.5,0.0,1.45,20.66,0.17,4.94,7.83,1.0
2897,2,580,2026-05-20 03:00:00+00:00,2,112.94,0.0,2.71,94.03,1.74,3.59,7.06,0.02
2898,3,580,2026-05-20 03:00:00+00:00,1,117.5,0.03,1.94,48.48,0.47,6.33,6.88,1.75
2899,4,580,2026-05-20 03:00:00+00:00,2,106.32,0.0,0.55,69.59,0.2,3.44,7.0,1.17
2900,5,580,2026-05-20 03:00:00+00:00,2,128.37,0.0,4.08,74.21,1.42,5.53,7.96,1.62
2901,1,581,2026-05-20 04:00:00+00:00,1,144.25,0.02,1.4,23.2,0.22,4.59,7.82,1.16
2902,2,581,2026-05-20 04:00:00+00:00,2,113.37,0.0,2.79,93.85,1.79,3.6,7.13,0.02
2903,3,581,2026-05-20 04:00:00+00:00,1,117.29,0.14,2.29,45.34,0.52,6.02,6.56,1.68
2904,4,581,2026-05-20 04:00:00+00:00,2,106.27,0.0,0.54,69.78,0.2,3.45,7.05,1.14
2905,5,581,2026-05-20 04:00:00+00:00,2,125.61,0.0,3.22,75.49,1.31,5.29,7.54,1.79
2906,1,582,2026-05-20 05:00:00+00:00,1,144.81,0.2,1.13,25.53,0.28,4.47,8.23,1.39
2907,2,582,2026-05-20 05:00:00+00:00,2,113.69,0.0,3.03,93.55,1.93,3.72,7.68,0.02
2908,3,582,2026-05-20 05:00:00+00:00,1,116.49,0.31,2.47,43.51,0.62,5.64,6.2,1.64
2909,4,582,2026-05-20 05:00:00+00:00,2,106.91,0.0,0.71,70.17,0.2,3.34,6.9,1.15
2910,5,582,2026-05-20 05:00:00+00:00,2,124.76,0.0,2.81,72.73,1.21,5.14,7.33,1.97
2911,1,583,2026-05-20 06:00:00+00:00,1,144.88,0.24,0.77,30.11,0.3,4.79,8.75,1.4
2912,2,583,2026-05-20 06:00:00+00:00,2,114.37,0.09,3.27,93.58,2.1,4.03,9.03,0.01
2913,3,583,2026-05-20 06:00:00+00:00,1,114.99,0.46,2.3,45.62,0.83,5.45,6.06,1.57
2914,4,583,2026-05-20 06:00:00+00:00,2,107.45,0.01,1.05,70.24,0.21,3.26,6.83,1.18
2915,5,583,2026-05-20 06:00:00+00:00,2,124.53,0.0,2.56,69.34,1.19,5.04,7.27,2.1
2916,1,584,2026-05-20 07:00:00+00:00,1,82.33,0.05,0.18,45.48,0.17,1.89,3.52,0.47
2917,2,584,2026-05-20 07:00:00+00:00,2,114.67,0.26,3.31,93.83,2.27,4.33,10.43,0.01
2918,3,584,2026-05-20 07:00:00+00:00,2,116.95,0.37,2.79,62.22,2.09,5.96,6.74,1.37
2919,4,584,2026-05-20 07:00:00+00:00,2,108.05,0.02,1.26,70.7,0.22,3.07,6.24,1.19
2920,5,584,2026-05-20 07:00:00+00:00,2,123.86,0.0,2.41,65.57,1.2,4.96,7.21,2.16
2921,1,585,2026-05-20 08:00:00+00:00,1,74.06,0.03,0.1,47.17,0.14,1.76,3.13,0.38
2922,2,585,2026-05-20 08:00:00+00:00,2,115.44,0.35,3.62,94.01,2.48,4.52,10.77,0.01
2923,3,585,2026-05-20 08:00:00+00:00,2,114.63,0.42,2.77,67.67,2.7,5.89,6.81,1.34
2924,4,585,2026-05-20 08:00:00+00:00,2,108.26,0.05,1.26,71.88,0.21,2.81,5.27,1.21
2925,5,585,2026-05-20 08:00:00+00:00,2,124.69,0.0,2.36,62.22,1.22,5.03,7.31,2.2
2926,1,586,2026-05-20 09:00:00+00:00,1,72.18,0.02,0.09,47.01,0.15,1.86,3.16,0.37
2927,2,586,2026-05-20 09:00:00+00:00,2,116.67,0.35,4.0,93.54,2.57,4.43,9.46,0.02
2928,3,586,2026-05-20 09:00:00+00:00,2,111.55,0.42,2.34,73.59,3.05,5.87,6.94,1.33
2929,4,586,2026-05-20 09:00:00+00:00,2,108.38,0.08,1.16,73.52,0.21,2.67,4.63,1.24
2930,5,586,2026-05-20 09:00:00+00:00,1,126.15,0.0,2.39,59.17,1.24,5.22,7.54,2.23
2931,1,587,2026-05-20 10:00:00+00:00,1,70.78,0.02,0.08,48.97,0.14,1.92,3.03,0.33
2932,2,587,2026-05-20 10:00:00+00:00,2,117.27,0.4,4.26,91.9,2.49,4.12,7.15,0.02
2933,3,587,2026-05-20 10:00:00+00:00,3,107.17,0.16,1.13,103.21,2.09,4.62,9.06,0.69
2934,4,587,2026-05-20 10:00:00+00:00,2,109.03,0.11,0.89,77.72,0.19,2.41,3.91,1.17
2935,5,587,2026-05-20 10:00:00+00:00,1,126.7,0.0,2.5,55.52,1.24,5.42,7.78,2.19
2936,1,588,2026-05-20 11:00:00+00:00,1,69.71,0.02,0.09,50.05,0.14,1.95,2.96,0.31
2937,2,588,2026-05-20 11:00:00+00:00,2,117.71,0.57,4.1,91.8,2.47,4.08,6.52,0.03
2938,3,588,2026-05-20 11:00:00+00:00,3,105.29,0.09,0.64,109.68,1.32,4.71,15.92,0.55
2939,4,588,2026-05-20 11:00:00+00:00,2,108.75,0.1,0.67,81.27,0.16,2.02,3.15,1.09
2940,5,588,2026-05-20 11:00:00+00:00,1,129.82,0.04,3.01,51.94,1.26,5.7,8.2,2.14
2941,1,589,2026-05-20 12:00:00+00:00,1,69.87,0.02,0.11,49.93,0.14,2.01,2.99,0.32
2942,2,589,2026-05-20 12:00:00+00:00,2,116.93,0.62,3.57,95.05,2.57,4.48,7.86,0.02
2943,3,589,2026-05-20 12:00:00+00:00,3,104.7,0.09,0.6,111.68,1.19,5.18,20.8,0.54
2944,4,589,2026-05-20 12:00:00+00:00,2,108.11,0.09,0.56,83.01,0.15,1.85,2.85,1.12
2945,5,589,2026-05-20 12:00:00+00:00,1,135.34,0.45,3.43,49.81,1.33,6.05,8.77,2.1
2946,1,590,2026-05-20 13:00:00+00:00,1,75.16,0.03,0.23,47.22,0.16,2.25,3.43,0.46
2947,2,590,2026-05-20 13:00:00+00:00,3,116.03,0.53,3.08,100.73,2.84,5.18,11.19,0.01
2948,3,590,2026-05-20 13:00:00+00:00,3,105.0,0.09,0.74,112.39,1.22,5.38,21.96,0.59
2949,4,590,2026-05-20 13:00:00+00:00,2,108.54,0.09,0.47,85.34,0.14,1.84,2.89,1.23
2950,5,590,2026-05-20 13:00:00+00:00,1,138.36,0.86,3.2,51.51,1.44,6.4,9.4,2.04
2951,1,591,2026-05-20 14:00:00+00:00,1,85.03,0.03,0.51,42.84,0.2,2.68,4.24,0.69
2952,2,591,2026-05-20 14:00:00+00:00,3,115.08,0.51,3.03,105.19,3.2,5.82,14.71,0.01
2953,3,591,2026-05-20 14:00:00+00:00,3,105.49,0.08,1.07,110.61,1.44,5.29,20.07,0.68
2954,4,591,2026-05-20 14:00:00+00:00,2,108.41,0.09,0.45,87.17,0.14,1.89,3.11,1.4
2955,5,591,2026-05-20 14:00:00+00:00,1,136.85,0.78,2.6,57.86,1.52,6.84,10.04,1.95
2956,1,592,2026-05-20 15:00:00+00:00,1,96.07,0.0,0.85,39.46,0.23,3.14,5.11,0.88
2957,2,592,2026-05-20 15:00:00+00:00,3,114.41,0.52,3.18,108.21,3.38,5.95,15.98,0.01
2958,3,592,2026-05-20 15:00:00+00:00,3,105.9,0.04,1.57,107.2,1.89,5.05,17.25,0.77
2959,4,592,2026-05-20 15:00:00+00:00,2,108.27,0.09,0.5,88.38,0.14,1.94,3.36,1.56
2960,5,592,2026-05-20 15:00:00+00:00,2,133.61,0.49,1.91,69.54,1.59,7.65,10.91,1.83
2961,1,593,2026-05-20 16:00:00+00:00,1,110.24,0.0,1.15,35.52,0.26,3.76,6.4,1.04
2962,2,593,2026-05-20 16:00:00+00:00,3,113.84,0.58,3.29,109.96,3.42,5.66,15.44,0.01
2963,3,593,2026-05-20 16:00:00+00:00,3,106.32,0.02,2.21,100.53,2.41,4.74,14.02,0.93
2964,4,593,2026-05-20 16:00:00+00:00,2,108.59,0.09,0.64,88.35,0.15,2.01,3.68,1.8
2965,5,593,2026-05-20 16:00:00+00:00,2,120.42,0.2,1.01,96.15,1.21,5.62,8.0,1.3
2966,1,594,2026-05-20 17:00:00+00:00,1,128.88,0.0,1.42,31.93,0.3,4.61,8.1,1.22
2967,2,594,2026-05-20 17:00:00+00:00,3,113.54,0.51,3.74,110.19,3.43,5.23,14.24,0.02
2968,3,594,2026-05-20 17:00:00+00:00,2,107.71,0.01,2.83,91.88,2.77,4.51,11.29,1.16
2969,4,594,2026-05-20 17:00:00+00:00,2,108.73,0.1,0.86,85.98,0.16,2.13,4.03,2.19
2970,5,594,2026-05-20 17:00:00+00:00,3,112.53,0.13,0.73,102.16,0.74,4.26,6.09,1.02
2971,1,595,2026-05-20 18:00:00+00:00,1,143.71,0.0,1.58,29.2,0.3,5.35,9.48,1.26
2972,2,595,2026-05-20 18:00:00+00:00,3,113.52,0.4,4.36,108.66,3.41,4.81,12.86,0.03
2973,3,595,2026-05-20 18:00:00+00:00,2,108.95,0.0,3.1,84.42,2.81,4.34,9.21,1.36
2974,4,595,2026-05-20 18:00:00+00:00,2,108.78,0.08,1.04,83.31,0.17,2.2,4.23,2.53
2975,5,595,2026-05-20 18:00:00+00:00,3,110.04,0.12,0.72,103.17,0.62,4.07,5.81,0.98
2976,1,596,2026-05-20 19:00:00+00:00,1,154.32,0.0,1.68,26.67,0.3,5.89,10.34,1.31
2977,2,596,2026-05-20 19:00:00+00:00,3,113.79,0.19,5.28,105.47,3.51,4.53,11.83,0.05
2978,3,596,2026-05-20 19:00:00+00:00,2,108.3,0.0,3.1,76.12,2.48,4.2,7.76,1.51
2979,4,596,2026-05-20 19:00:00+00:00,2,108.88,0.05,1.88,67.61,0.16,2.3,4.41,3.45
2980,5,596,2026-05-20 19:00:00+00:00,3,110.29,0.13,0.8,105.05,0.62,4.19,5.94,0.98
2981,1,597,2026-05-20 20:00:00+00:00,1,162.18,0.0,1.76,24.49,0.28,6.21,10.73,1.35
2982,2,597,2026-05-20 20:00:00+00:00,3,114.94,0.02,6.32,101.56,3.86,4.61,11.87,0.07
2983,3,597,2026-05-20 20:00:00+00:00,2,108.94,0.0,3.01,68.52,1.92,4.25,7.16,1.64
2984,4,597,2026-05-20 20:00:00+00:00,1,109.14,0.0,2.94,49.82,0.17,2.47,4.65,4.61
2985,5,597,2026-05-20 20:00:00+00:00,3,110.69,0.16,1.0,105.45,0.7,4.43,6.23,0.98
2986,1,598,2026-05-20 21:00:00+00:00,1,160.79,0.0,1.73,22.78,0.22,6.04,10.14,1.28
2987,2,598,2026-05-20 21:00:00+00:00,2,115.98,0.0,6.84,97.65,4.09,4.66,11.73,0.08
2988,3,598,2026-05-20 21:00:00+00:00,2,108.61,0.0,2.78,61.55,1.35,4.37,6.98,1.67
2989,4,598,2026-05-20 21:00:00+00:00,1,108.76,0.0,3.7,40.63,0.18,2.61,4.87,6.23
2990,5,598,2026-05-20 21:00:00+00:00,3,112.12,0.2,1.33,105.77,0.8,4.74,6.6,0.97
2991,1,599,2026-05-20 22:00:00+00:00,1,155.98,0.0,1.65,21.67,0.19,5.76,9.37,1.25
2992,2,599,2026-05-20 22:00:00+00:00,2,116.35,0.0,7.41,93.55,4.26,4.67,11.44,0.08
2993,3,599,2026-05-20 22:00:00+00:00,1,106.92,0.0,2.43,55.54,0.89,4.45,6.87,1.55
2994,4,599,2026-05-20 22:00:00+00:00,1,105.83,0.0,4.06,36.04,0.18,2.65,4.92,8.83
2995,5,599,2026-05-20 22:00:00+00:00,3,117.0,0.26,2.14,102.19,0.93,5.12,7.1,1.02
2996,1,600,2026-05-20 23:00:00+00:00,1,153.53,0.0,1.58,21.1,0.17,5.62,8.97,1.1
2997,2,600,2026-05-20 23:00:00+00:00,2,117.06,0.0,8.16,90.3,4.52,4.79,11.48,0.08
2998,3,600,2026-05-20 23:00:00+00:00,1,105.84,0.0,2.11,51.39,0.62,4.49,6.82,1.51
2999,4,600,2026-05-20 23:00:00+00:00,1,103.16,0.0,3.82,30.79,0.15,2.69,4.95,9.17
3000,5,600,2026-05-20 23:00:00+00:00,2,122.64,0.23,3.31,94.21,1.08,5.44,7.64,1.12
3001,1,601,2026-05-21 00:00:00+00:00,1,149.56,0.0,1.5,21.35,0.15,5.4,8.56,0.94
3002,2,601,2026-05-21 00:00:00+00:00,2,117.31,0.0,8.99,87.45,4.86,5.1,12.02,0.08
3003,3,601,2026-05-21 00:00:00+00:00,1,104.67,0.0,1.86,47.77,0.45,4.46,6.66,1.5
3004,4,601,2026-05-21 00:00:00+00:00,1,101.21,0.0,3.47,26.55,0.13,2.74,4.95,8.28
3005,5,601,2026-05-21 00:00:00+00:00,2,126.08,0.07,4.39,87.03,1.25,5.66,8.14,1.24
3006,1,602,2026-05-21 01:00:00+00:00,1,139.16,0.0,1.3,22.83,0.14,4.78,7.57,0.8
3007,2,602,2026-05-21 01:00:00+00:00,2,117.6,0.0,10.87,83.52,5.57,5.67,13.1,0.09
3008,3,602,2026-05-21 01:00:00+00:00,1,102.8,0.0,1.68,44.13,0.36,4.33,6.32,1.47
3009,4,602,2026-05-21 01:00:00+00:00,1,98.84,0.0,3.1,22.88,0.12,2.8,4.9,7.53
3010,1,603,2026-05-21 02:00:00+00:00,1,133.31,0.0,1.19,22.9,0.11,4.33,6.89,0.62
3011,2,603,2026-05-21 02:00:00+00:00,2,118.61,0.0,14.07,78.04,6.54,6.48,14.61,0.12
3012,3,603,2026-05-21 02:00:00+00:00,1,101.4,0.0,1.61,41.35,0.35,4.22,6.0,1.47
3013,4,603,2026-05-21 02:00:00+00:00,1,97.26,0.0,2.68,21.12,0.09,2.87,4.9,5.93
3014,1,604,2026-05-21 03:00:00+00:00,1,130.84,0.0,1.15,22.66,0.1,4.07,6.37,0.49
3015,2,604,2026-05-21 03:00:00+00:00,2,119.8,0.0,16.84,73.12,7.12,7.32,16.17,0.21
3016,3,604,2026-05-21 03:00:00+00:00,1,101.69,0.07,1.74,40.06,0.43,4.14,5.76,1.48
3017,4,604,2026-05-21 03:00:00+00:00,1,96.69,0.0,2.38,22.45,0.08,2.91,4.88,4.17
3018,1,605,2026-05-21 04:00:00+00:00,1,128.0,0.01,1.12,23.61,0.12,3.77,6.09,0.41
3019,2,605,2026-05-21 04:00:00+00:00,2,121.38,0.0,18.69,68.77,7.36,7.98,17.35,0.47
3020,3,605,2026-05-21 04:00:00+00:00,1,104.04,0.26,1.96,41.0,0.59,4.13,5.64,1.52
3021,4,605,2026-05-21 04:00:00+00:00,1,96.67,0.0,2.1,26.64,0.07,2.83,4.78,2.77
3022,1,606,2026-05-21 05:00:00+00:00,1,127.33,0.09,1.03,24.71,0.15,3.53,6.32,0.49
3023,2,606,2026-05-21 05:00:00+00:00,2,122.68,0.02,19.63,64.83,7.39,8.49,18.02,0.9
3024,3,606,2026-05-21 05:00:00+00:00,1,105.57,0.4,2.15,42.93,0.78,4.14,5.59,1.57
3025,4,606,2026-05-21 05:00:00+00:00,1,97.48,0.02,2.44,26.9,0.08,2.73,4.72,2.19
3026,1,607,2026-05-21 06:00:00+00:00,1,123.48,0.16,0.76,27.62,0.17,3.29,6.18,0.7
3027,2,607,2026-05-21 06:00:00+00:00,2,123.61,0.4,20.28,61.13,7.35,8.77,17.88,1.31
3028,3,607,2026-05-21 06:00:00+00:00,1,105.66,0.41,2.2,46.41,1.02,4.22,5.67,1.57
3029,4,607,2026-05-21 06:00:00+00:00,1,99.03,0.39,2.92,26.61,0.09,2.75,4.8,1.98
3030,1,608,2026-05-21 07:00:00+00:00,1,78.91,0.04,0.19,40.97,0.14,1.23,2.43,0.38
3031,2,608,2026-05-21 07:00:00+00:00,1,124.0,1.59,19.36,57.16,7.3,8.63,16.98,1.55
3032,3,608,2026-05-21 07:00:00+00:00,2,106.43,0.36,2.77,62.12,2.24,4.59,6.3,1.44
3033,4,608,2026-05-21 07:00:00+00:00,1,100.82,0.98,2.62,30.87,0.11,2.73,4.86,2.07
3034,1,609,2026-05-21 08:00:00+00:00,1,72.54,0.02,0.11,44.37,0.13,1.13,2.12,0.33
3035,2,609,2026-05-21 08:00:00+00:00,1,124.3,3.47,17.81,52.75,7.43,8.62,16.21,1.61
3036,3,609,2026-05-21 08:00:00+00:00,2,105.5,0.31,3.09,67.43,2.92,4.8,6.59,1.45
3037,4,609,2026-05-21 08:00:00+00:00,1,100.71,1.24,2.14,35.02,0.12,2.71,4.87,2.63
3038,1,610,2026-05-21 09:00:00+00:00,1,70.78,0.02,0.09,45.15,0.14,1.16,2.12,0.33
3039,2,610,2026-05-21 09:00:00+00:00,1,124.51,5.47,15.98,48.86,7.73,9.07,16.13,1.55
3040,3,610,2026-05-21 09:00:00+00:00,2,104.76,0.26,3.31,68.53,3.29,4.95,6.76,1.5
3041,4,610,2026-05-21 09:00:00+00:00,1,99.31,1.04,1.71,40.96,0.13,2.88,5.06,3.24
3042,1,611,2026-05-21 10:00:00+00:00,1,71.4,0.02,0.11,46.41,0.14,1.28,2.25,0.35
3043,2,611,2026-05-21 10:00:00+00:00,2,124.41,7.19,14.23,45.72,7.98,10.04,16.74,1.39
3044,3,611,2026-05-21 10:00:00+00:00,3,102.48,0.13,2.12,102.59,2.67,4.13,6.3,0.7
3045,4,611,2026-05-21 10:00:00+00:00,2,104.71,0.17,0.6,81.3,0.11,2.25,4.14,2.23
3046,1,612,2026-05-21 11:00:00+00:00,1,72.14,0.02,0.14,46.47,0.15,1.4,2.43,0.39
3047,2,612,2026-05-21 11:00:00+00:00,2,124.46,8.38,13.22,42.82,8.26,11.41,17.85,1.19
3048,3,612,2026-05-21 11:00:00+00:00,3,100.83,0.08,1.1,111.24,1.6,3.13,4.97,0.53
3049,4,612,2026-05-21 11:00:00+00:00,2,104.14,0.1,0.37,87.17,0.09,1.96,3.49,1.95
3050,1,613,2026-05-21 12:00:00+00:00,1,73.3,0.02,0.19,45.66,0.16,1.5,2.58,0.42
3051,2,613,2026-05-21 12:00:00+00:00,2,124.42,9.01,12.77,41.84,8.67,13.34,19.51,0.97
3052,3,613,2026-05-21 12:00:00+00:00,3,100.14,0.08,0.85,114.17,1.28,2.66,4.15,0.51
3053,4,613,2026-05-21 12:00:00+00:00,2,102.75,0.09,0.34,87.61,0.08,1.9,3.27,1.96
3054,1,614,2026-05-21 13:00:00+00:00,1,77.34,0.02,0.3,43.9,0.18,1.68,2.92,0.56
3055,2,614,2026-05-21 13:00:00+00:00,2,124.62,9.08,12.92,42.73,9.01,15.22,21.13,0.79
3056,3,614,2026-05-21 13:00:00+00:00,3,100.56,0.08,0.83,116.7,1.24,2.61,3.87,0.54
3057,4,614,2026-05-21 13:00:00+00:00,2,102.8,0.09,0.34,88.81,0.08,1.88,3.12,2.03
3058,1,615,2026-05-21 14:00:00+00:00,1,84.25,0.01,0.53,41.07,0.21,1.94,3.45,0.76
3059,2,615,2026-05-21 14:00:00+00:00,2,125.06,8.89,13.58,44.34,9.09,16.6,22.14,0.63
3060,3,615,2026-05-21 14:00:00+00:00,3,101.32,0.08,0.97,117.72,1.33,2.74,3.81,0.6
3061,4,615,2026-05-21 14:00:00+00:00,2,101.87,0.09,0.36,89.31,0.07,1.79,2.89,2.06
3062,1,616,2026-05-21 15:00:00+00:00,1,91.87,0.0,0.76,38.57,0.23,2.22,4.0,0.91
3063,2,616,2026-05-21 15:00:00+00:00,2,125.41,8.47,14.41,45.94,9.13,17.52,22.57,0.51
3064,3,616,2026-05-21 15:00:00+00:00,3,101.82,0.08,1.18,117.26,1.42,2.79,3.69,0.66
3065,4,616,2026-05-21 15:00:00+00:00,2,101.12,0.09,0.42,89.43,0.07,1.75,2.74,2.14
3066,1,617,2026-05-21 16:00:00+00:00,1,99.32,0.0,0.93,35.72,0.25,2.5,4.6,1.02
3067,2,617,2026-05-21 16:00:00+00:00,2,125.98,7.56,15.65,48.11,9.15,18.26,22.93,0.38
3068,3,617,2026-05-21 16:00:00+00:00,3,101.58,0.07,1.62,106.93,1.41,2.8,3.59,0.85
3069,4,617,2026-05-21 16:00:00+00:00,2,101.52,0.11,0.56,89.0,0.07,1.8,2.75,2.32
3070,1,618,2026-05-21 17:00:00+00:00,1,108.8,0.0,1.07,33.23,0.25,2.85,5.33,1.1
3071,2,618,2026-05-21 17:00:00+00:00,2,125.55,5.64,16.72,53.69,8.39,17.95,22.31,0.37
3072,3,618,2026-05-21 17:00:00+00:00,2,102.51,0.04,2.31,92.82,1.43,2.9,3.66,1.14
3073,4,618,2026-05-21 17:00:00+00:00,2,101.91,0.12,0.74,86.05,0.07,1.9,2.85,2.65
3074,1,619,2026-05-21 18:00:00+00:00,1,116.69,0.0,1.15,31.21,0.23,3.14,5.89,1.05
3075,2,619,2026-05-21 18:00:00+00:00,2,124.38,3.19,17.02,64.06,7.14,17.06,21.16,0.38
3076,3,619,2026-05-21 18:00:00+00:00,2,103.53,0.0,2.89,82.03,1.44,3.01,3.77,1.3
3077,4,619,2026-05-21 18:00:00+00:00,2,102.31,0.1,0.92,82.64,0.08,1.94,2.87,2.95
3078,1,620,2026-05-21 19:00:00+00:00,1,118.4,0.0,1.13,29.98,0.2,3.15,5.92,0.82
3079,2,620,2026-05-21 19:00:00+00:00,2,122.7,0.85,16.16,76.92,6.01,14.51,18.53,0.54
3080,3,620,2026-05-21 19:00:00+00:00,2,102.87,0.0,3.21,72.66,1.34,3.04,3.8,1.14
3081,4,620,2026-05-21 19:00:00+00:00,2,102.71,0.05,1.35,74.36,0.09,1.98,2.9,3.34
3082,1,621,2026-05-21 20:00:00+00:00,1,118.61,0.0,1.1,28.85,0.17,3.08,5.85,0.51
3083,2,621,2026-05-21 20:00:00+00:00,2,121.25,0.04,13.29,83.73,5.14,12.32,16.21,0.5
3084,3,621,2026-05-21 20:00:00+00:00,2,103.08,0.0,3.3,65.66,1.17,3.06,3.83,0.95
3085,4,621,2026-05-21 20:00:00+00:00,2,104.02,0.0,1.91,62.99,0.11,2.05,3.0,3.67
3086,1,622,2026-05-21 21:00:00+00:00,1,113.9,0.0,1.01,28.08,0.12,2.75,5.19,0.28
3087,2,622,2026-05-21 21:00:00+00:00,2,120.45,0.0,10.57,85.23,4.66,10.44,14.08,0.41
3088,3,622,2026-05-21 21:00:00+00:00,2,102.57,0.0,3.1,60.06,1.01,3.04,3.84,0.77
3089,4,622,2026-05-21 21:00:00+00:00,1,105.7,0.0,2.35,54.14,0.12,2.13,3.08,3.28
3090,1,623,2026-05-21 22:00:00+00:00,1,107.3,0.0,0.9,27.47,0.08,2.36,4.02,0.2
3091,2,623,2026-05-21 22:00:00+00:00,2,120.79,0.0,9.22,83.06,4.29,8.55,11.89,0.44
3092,3,623,2026-05-21 22:00:00+00:00,1,100.85,0.0,2.84,55.32,0.91,2.96,3.82,0.64
3093,4,623,2026-05-21 22:00:00+00:00,1,104.65,0.0,2.49,46.68,0.1,2.12,3.02,2.31
3094,1,624,2026-05-21 23:00:00+00:00,1,102.17,0.0,0.8,27.15,0.07,2.05,3.22,0.19
3095,2,624,2026-05-21 23:00:00+00:00,2,121.59,0.0,9.8,76.85,4.23,7.56,10.83,0.52
3096,3,624,2026-05-21 23:00:00+00:00,1,100.14,0.0,2.73,51.4,0.85,2.89,3.85,0.6
3097,4,624,2026-05-21 23:00:00+00:00,1,103.94,0.0,2.24,42.01,0.08,2.08,2.92,1.71
3098,1,625,2026-05-22 00:00:00+00:00,1,97.16,0.0,0.71,27.23,0.06,1.77,2.74,0.19
3099,2,625,2026-05-22 00:00:00+00:00,2,122.77,0.0,11.14,69.39,4.36,7.23,10.53,0.64
3100,3,625,2026-05-22 00:00:00+00:00,1,99.6,0.0,2.76,47.13,0.79,2.81,3.93,0.57
3101,4,625,2026-05-22 00:00:00+00:00,1,102.96,0.0,1.87,38.72,0.06,2.01,2.79,1.42
3102,1,626,2026-05-22 01:00:00+00:00,1,92.89,0.0,0.64,27.44,0.06,1.55,2.48,0.2
3103,2,626,2026-05-22 01:00:00+00:00,2,124.56,0.0,12.62,62.6,4.6,7.31,10.7,0.76
3104,3,626,2026-05-22 01:00:00+00:00,1,98.08,0.0,2.83,42.15,0.71,2.72,4.15,0.59
3105,4,626,2026-05-22 01:00:00+00:00,1,100.45,0.0,1.58,33.75,0.05,1.95,2.67,1.3
3106,5,626,2026-05-22 01:00:00+00:00,1,165.41,0.0,9.99,55.7,1.99,3.33,3.71,0.63
3107,1,627,2026-05-22 02:00:00+00:00,1,89.82,0.0,0.6,27.49,0.06,1.42,2.34,0.2
3108,2,627,2026-05-22 02:00:00+00:00,1,126.33,0.0,13.8,56.56,4.83,7.72,11.2,0.82
3109,3,627,2026-05-22 02:00:00+00:00,1,96.99,0.0,2.98,37.89,0.64,2.68,4.56,0.74
3110,4,627,2026-05-22 02:00:00+00:00,1,97.88,0.0,1.45,27.48,0.04,1.94,2.64,1.36
3111,5,627,2026-05-22 02:00:00+00:00,1,168.12,0.0,9.63,50.96,1.54,3.23,3.48,0.4
3112,1,628,2026-05-22 03:00:00+00:00,1,88.39,0.0,0.59,27.69,0.06,1.36,2.34,0.21
3113,2,628,2026-05-22 03:00:00+00:00,1,128.56,0.0,14.56,51.84,5.01,8.42,12.0,0.84
3114,3,628,2026-05-22 03:00:00+00:00,1,97.6,0.18,3.14,35.16,0.63,2.7,5.1,0.96
3115,4,628,2026-05-22 03:00:00+00:00,1,95.67,0.0,1.42,22.45,0.04,1.94,2.64,1.52
3116,5,628,2026-05-22 03:00:00+00:00,1,170.86,0.0,9.24,46.18,1.16,3.18,3.36,0.26
3117,1,629,2026-05-22 04:00:00+00:00,1,90.32,0.0,0.64,28.22,0.09,1.42,2.77,0.26
3118,2,629,2026-05-22 04:00:00+00:00,1,130.93,0.0,15.1,47.69,5.16,9.24,12.9,0.83
3119,3,629,2026-05-22 04:00:00+00:00,1,99.8,0.66,3.06,34.14,0.67,2.75,5.68,1.25
3120,4,629,2026-05-22 04:00:00+00:00,1,93.06,0.01,1.57,18.31,0.04,1.94,2.64,1.63
3121,5,629,2026-05-22 04:00:00+00:00,1,169.97,0.0,8.48,42.34,0.92,3.11,3.23,0.2
3122,1,630,2026-05-22 05:00:00+00:00,1,94.78,0.07,0.66,29.3,0.13,1.58,3.55,0.37
3123,2,630,2026-05-22 05:00:00+00:00,1,132.79,0.07,15.57,43.47,5.29,9.81,13.5,0.79
3124,3,630,2026-05-22 05:00:00+00:00,1,101.84,1.06,2.88,35.53,0.75,2.82,6.25,1.48
3125,4,630,2026-05-22 05:00:00+00:00,1,93.0,0.07,2.32,14.79,0.06,1.99,2.73,1.71
3126,5,630,2026-05-22 05:00:00+00:00,1,169.33,0.0,7.62,40.75,0.78,3.06,3.15,0.17
3127,1,631,2026-05-22 06:00:00+00:00,1,98.38,0.14,0.53,32.24,0.16,1.83,4.21,0.58
3128,2,631,2026-05-22 06:00:00+00:00,1,133.63,1.28,14.4,40.99,5.4,9.84,13.44,0.76
3129,3,631,2026-05-22 06:00:00+00:00,1,102.01,1.06,2.61,41.64,0.93,2.97,6.92,1.6
3130,4,631,2026-05-22 06:00:00+00:00,1,94.59,0.69,2.94,13.26,0.08,2.07,2.83,2.03
3131,5,631,2026-05-22 06:00:00+00:00,1,168.49,0.0,6.8,39.66,0.68,2.99,3.07,0.15
3132,1,632,2026-05-22 07:00:00+00:00,1,75.39,0.04,0.19,44.14,0.14,1.23,2.58,0.38
3133,2,632,2026-05-22 07:00:00+00:00,1,133.24,3.15,11.78,39.86,5.43,9.41,12.84,0.72
3134,3,632,2026-05-22 07:00:00+00:00,2,104.78,0.59,2.07,66.48,1.78,3.61,8.47,1.47
3135,4,632,2026-05-22 07:00:00+00:00,1,95.9,1.6,2.48,15.61,0.1,2.08,2.84,2.8
3136,5,632,2026-05-22 07:00:00+00:00,1,166.14,0.0,6.04,38.64,0.6,2.91,2.97,0.15
3137,1,633,2026-05-22 08:00:00+00:00,1,72.47,0.03,0.12,46.05,0.14,1.34,2.51,0.36
3138,2,633,2026-05-22 08:00:00+00:00,1,133.29,4.49,9.98,39.16,5.46,8.9,12.16,0.7
3139,3,633,2026-05-22 08:00:00+00:00,2,105.68,0.38,1.58,78.48,2.08,4.39,9.29,1.43
3140,4,633,2026-05-22 08:00:00+00:00,1,95.56,2.15,2.17,17.97,0.12,2.11,2.87,3.72
3141,5,633,2026-05-22 08:00:00+00:00,1,162.64,0.0,5.3,38.17,0.55,2.78,2.85,0.15
3142,1,634,2026-05-22 09:00:00+00:00,1,71.74,0.02,0.09,46.12,0.15,1.41,2.54,0.37
3143,2,634,2026-05-22 09:00:00+00:00,1,133.72,5.21,9.14,39.61,5.53,8.56,11.7,0.69
3144,3,634,2026-05-22 09:00:00+00:00,2,106.91,0.28,1.3,85.99,2.23,5.3,9.95,1.44
3145,4,634,2026-05-22 09:00:00+00:00,1,95.75,1.96,2.04,25.8,0.13,2.23,2.98,4.41
3146,5,634,2026-05-22 09:00:00+00:00,1,158.4,0.0,4.64,38.25,0.51,2.61,2.67,0.16
3147,1,635,2026-05-22 10:00:00+00:00,1,71.41,0.02,0.09,47.74,0.15,1.52,2.56,0.35
3148,2,635,2026-05-22 10:00:00+00:00,1,134.13,5.44,8.77,41.51,5.43,8.72,11.8,0.68
3149,3,635,2026-05-22 10:00:00+00:00,3,111.41,0.19,1.06,100.54,2.11,5.56,9.48,1.24
3150,4,635,2026-05-22 10:00:00+00:00,2,103.79,0.37,1.09,77.63,0.16,2.16,2.67,3.46
3151,5,635,2026-05-22 10:00:00+00:00,1,154.22,0.0,4.21,38.82,0.49,2.43,2.5,0.16
3152,1,636,2026-05-22 11:00:00+00:00,1,70.25,0.02,0.1,48.67,0.15,1.57,2.54,0.33
3153,2,636,2026-05-22 11:00:00+00:00,1,135.36,5.42,8.71,44.76,5.33,9.82,12.94,0.66
3154,3,636,2026-05-22 11:00:00+00:00,3,112.7,0.16,0.94,101.6,1.69,5.34,8.69,1.09
3155,4,636,2026-05-22 11:00:00+00:00,2,103.2,0.18,0.67,89.15,0.15,2.4,2.87,3.15
3156,5,636,2026-05-22 11:00:00+00:00,1,152.13,0.0,4.24,39.68,0.51,2.27,2.36,0.19
3157,1,637,2026-05-22 12:00:00+00:00,1,69.93,0.01,0.12,48.71,0.15,1.6,2.55,0.33
3158,2,637,2026-05-22 12:00:00+00:00,2,136.13,5.09,8.87,51.07,5.37,11.77,15.01,0.65
3159,3,637,2026-05-22 12:00:00+00:00,2,114.35,0.15,0.97,98.62,1.47,5.25,8.17,1.02
3160,4,637,2026-05-22 12:00:00+00:00,2,102.18,0.14,0.57,92.82,0.14,2.66,3.12,3.08
3161,5,637,2026-05-22 12:00:00+00:00,1,151.52,0.06,4.62,40.78,0.54,2.1,2.22,0.21
3162,1,638,2026-05-22 13:00:00+00:00,1,73.72,0.01,0.24,47.01,0.17,1.76,2.87,0.44
3163,2,638,2026-05-22 13:00:00+00:00,2,136.81,4.56,9.1,60.14,5.39,13.91,17.3,0.62
3164,3,638,2026-05-22 13:00:00+00:00,2,115.22,0.18,1.15,92.97,1.38,5.3,7.83,0.96
3165,4,638,2026-05-22 13:00:00+00:00,2,102.73,0.1,0.47,99.39,0.12,2.27,2.68,2.75
3166,5,638,2026-05-22 13:00:00+00:00,1,148.94,0.17,4.49,42.92,0.58,1.89,2.03,0.22
3167,1,639,2026-05-22 14:00:00+00:00,1,81.18,0.01,0.48,43.86,0.19,2.02,3.45,0.61
3168,2,639,2026-05-22 14:00:00+00:00,2,136.87,3.82,9.17,71.13,5.22,15.71,19.1,0.59
3169,3,639,2026-05-22 14:00:00+00:00,2,117.85,0.22,1.47,87.83,1.4,5.48,7.74,0.91
3170,4,639,2026-05-22 14:00:00+00:00,3,101.49,0.09,0.46,101.78,0.1,2.0,2.38,2.47
3171,5,639,2026-05-22 14:00:00+00:00,1,144.4,0.29,3.91,45.54,0.61,1.65,1.8,0.21
3172,1,640,2026-05-22 15:00:00+00:00,1,89.2,0.0,0.72,41.1,0.21,2.3,4.06,0.73
3173,2,640,2026-05-22 15:00:00+00:00,2,136.93,3.04,9.17,83.32,5.04,16.86,20.16,0.6
3174,3,640,2026-05-22 15:00:00+00:00,2,119.07,0.22,1.75,82.97,1.39,5.47,7.48,0.84
3175,4,640,2026-05-22 15:00:00+00:00,3,100.34,0.09,0.51,102.43,0.09,1.91,2.29,2.35
3176,5,640,2026-05-22 15:00:00+00:00,1,140.05,0.38,3.27,48.47,0.62,1.44,1.59,0.2
3177,1,641,2026-05-22 16:00:00+00:00,1,96.83,0.0,0.89,38.01,0.22,2.56,4.72,0.82
3178,2,641,2026-05-22 16:00:00+00:00,2,137.03,2.46,9.64,93.64,5.03,17.16,20.38,0.62
3179,3,641,2026-05-22 16:00:00+00:00,2,118.84,0.16,2.04,77.53,1.31,5.33,7.16,0.77
3180,4,641,2026-05-22 16:00:00+00:00,3,100.19,0.11,0.71,101.62,0.1,1.93,2.35,2.43
3181,5,641,2026-05-22 16:00:00+00:00,1,136.93,0.42,2.67,51.89,0.61,1.28,1.42,0.19
3182,1,642,2026-05-22 17:00:00+00:00,1,104.59,0.0,1.0,35.69,0.22,2.84,5.42,0.88
3183,2,642,2026-05-22 17:00:00+00:00,2,134.51,1.94,10.79,98.3,5.1,16.19,19.3,0.65
3184,3,642,2026-05-22 17:00:00+00:00,2,118.13,0.06,2.38,71.42,1.19,5.21,6.84,0.68
3185,4,642,2026-05-22 17:00:00+00:00,2,100.68,0.12,0.94,98.83,0.11,2.07,2.56,2.72
3186,5,642,2026-05-22 17:00:00+00:00,1,134.85,0.39,2.25,54.95,0.56,1.22,1.35,0.18
3187,1,643,2026-05-22 18:00:00+00:00,1,109.37,0.0,1.01,34.05,0.2,2.99,5.83,0.73
3188,2,643,2026-05-22 18:00:00+00:00,2,130.63,1.34,12.59,97.75,5.15,14.28,17.23,0.69
3189,3,643,2026-05-22 18:00:00+00:00,2,117.42,0.0,2.55,65.73,1.04,5.15,6.51,0.58
3190,4,643,2026-05-22 18:00:00+00:00,2,101.71,0.1,1.14,96.41,0.13,2.23,2.79,3.04
3191,5,643,2026-05-22 18:00:00+00:00,1,133.88,0.35,1.96,57.65,0.53,1.3,1.43,0.19
3192,1,644,2026-05-22 19:00:00+00:00,1,111.44,0.0,1.0,32.2,0.18,3.01,6.03,0.48
3193,2,644,2026-05-22 19:00:00+00:00,2,127.51,0.49,15.28,92.96,5.29,12.25,14.99,0.73
3194,3,644,2026-05-22 19:00:00+00:00,2,115.45,0.0,2.44,60.47,0.84,5.1,6.32,0.52
3195,4,644,2026-05-22 19:00:00+00:00,2,102.08,0.05,1.99,81.35,0.15,2.49,3.13,4.03
3196,5,644,2026-05-22 19:00:00+00:00,1,134.08,0.28,1.9,59.86,0.52,1.49,1.63,0.21
3197,1,645,2026-05-22 20:00:00+00:00,1,114.22,0.0,1.02,30.67,0.15,2.99,6.08,0.35
3198,2,645,2026-05-22 20:00:00+00:00,2,125.05,0.03,17.5,85.2,5.65,10.66,13.27,0.77
3199,3,645,2026-05-22 20:00:00+00:00,1,113.65,0.0,2.21,56.71,0.65,5.06,6.28,0.48
3200,4,645,2026-05-22 20:00:00+00:00,2,103.76,0.0,3.04,62.98,0.18,2.85,3.58,5.11
3201,5,645,2026-05-22 20:00:00+00:00,2,133.7,0.21,2.14,60.09,0.52,1.64,1.8,0.24
3202,1,646,2026-05-22 21:00:00+00:00,1,111.46,0.0,0.95,29.74,0.11,2.71,5.59,0.26
3203,2,646,2026-05-22 21:00:00+00:00,2,123.6,0.0,19.38,76.73,6.38,9.59,12.19,0.84
3204,3,646,2026-05-22 21:00:00+00:00,1,110.87,0.0,1.82,55.31,0.48,4.89,6.12,0.46
3205,4,646,2026-05-22 21:00:00+00:00,1,104.74,0.0,3.81,50.8,0.17,3.19,3.99,5.61
3206,5,646,2026-05-22 21:00:00+00:00,1,134.05,0.17,2.64,59.8,0.52,1.72,1.9,0.28
3207,1,647,2026-05-22 22:00:00+00:00,1,107.64,0.0,0.88,28.56,0.08,2.44,4.94,0.21
3208,2,647,2026-05-22 22:00:00+00:00,2,122.38,0.0,21.42,67.69,7.01,8.79,11.47,0.92
3209,3,647,2026-05-22 22:00:00+00:00,1,106.58,0.0,1.41,54.9,0.36,4.48,5.63,0.41
3210,4,647,2026-05-22 22:00:00+00:00,1,102.59,0.0,4.04,42.0,0.13,3.39,4.2,5.34
3211,5,647,2026-05-22 22:00:00+00:00,2,134.98,0.1,3.15,60.32,0.54,1.79,2.07,0.35
3212,1,648,2026-05-22 23:00:00+00:00,1,105.72,0.0,0.84,26.98,0.06,2.28,4.21,0.21
3213,2,648,2026-05-22 23:00:00+00:00,1,121.12,0.0,22.54,58.56,6.76,7.93,10.64,0.95
3214,3,648,2026-05-22 23:00:00+00:00,1,103.91,0.0,1.13,53.05,0.27,3.98,4.92,0.34
3215,4,648,2026-05-22 23:00:00+00:00,1,101.35,0.0,3.61,37.05,0.09,3.57,4.34,4.29
3216,5,648,2026-05-22 23:00:00+00:00,2,134.4,0.04,3.32,61.37,0.58,1.88,2.39,0.42
3217,1,649,2026-05-23 00:00:00+00:00,1,103.39,0.0,0.8,25.8,0.05,2.11,3.67,0.22
3218,2,649,2026-05-23 00:00:00+00:00,1,119.4,0.0,22.73,49.32,6.26,7.1,9.75,0.98
3219,3,649,2026-05-23 00:00:00+00:00,1,101.85,0.0,0.91,50.81,0.21,3.32,3.92,0.29
3220,4,649,2026-05-23 00:00:00+00:00,1,100.46,0.0,3.04,34.24,0.07,3.68,4.41,3.26
3221,5,649,2026-05-23 00:00:00+00:00,2,133.08,0.01,3.21,62.62,0.6,2.02,2.82,0.48
3222,1,650,2026-05-23 01:00:00+00:00,1,101.58,0.0,0.78,24.21,0.05,1.98,3.38,0.24
3223,2,650,2026-05-23 01:00:00+00:00,1,116.86,0.0,22.24,41.02,5.83,6.47,9.01,0.99
3224,3,650,2026-05-23 01:00:00+00:00,1,100.06,0.0,0.68,49.48,0.17,2.45,2.78,0.25
3225,4,650,2026-05-23 01:00:00+00:00,1,98.74,0.0,2.53,32.22,0.06,3.65,4.33,2.59
3226,5,650,2026-05-23 01:00:00+00:00,2,131.66,0.0,2.95,64.08,0.59,2.16,3.14,0.48
3227,1,651,2026-05-23 02:00:00+00:00,1,101.91,0.0,0.8,22.32,0.05,1.94,3.35,0.26
3228,2,651,2026-05-23 02:00:00+00:00,1,114.31,0.0,21.81,35.18,5.69,6.22,8.75,1.02
3229,3,651,2026-05-23 02:00:00+00:00,1,99.62,0.0,0.59,47.6,0.16,1.74,1.92,0.24
3230,4,651,2026-05-23 02:00:00+00:00,1,96.92,0.0,2.22,28.39,0.05,3.59,4.25,2.38
3231,5,651,2026-05-23 02:00:00+00:00,2,132.33,0.0,2.82,64.21,0.57,2.3,3.31,0.41
3232,1,652,2026-05-23 03:00:00+00:00,1,103.18,0.0,0.83,21.21,0.06,1.97,3.56,0.29
3233,2,652,2026-05-23 03:00:00+00:00,1,112.58,0.0,21.7,31.74,5.86,6.49,9.13,1.12
3234,3,652,2026-05-23 03:00:00+00:00,1,100.0,0.02,0.59,47.76,0.17,1.23,1.33,0.27
3235,4,652,2026-05-23 03:00:00+00:00,1,94.73,0.0,2.03,24.56,0.04,3.5,4.15,2.37
3236,5,652,2026-05-23 03:00:00+00:00,2,133.66,0.0,2.81,63.14,0.56,2.46,3.43,0.36
3237,1,653,2026-05-23 04:00:00+00:00,1,105.3,0.01,0.89,21.71,0.1,2.03,4.08,0.36
3238,2,653,2026-05-23 04:00:00+00:00,1,112.0,0.01,22.66,29.26,5.92,7.46,10.34,1.01
3239,3,653,2026-05-23 04:00:00+00:00,1,101.19,0.05,0.61,53.33,0.21,0.86,0.93,0.31
3240,4,653,2026-05-23 04:00:00+00:00,1,91.87,0.01,1.97,21.43,0.04,3.37,4.02,2.47
3241,5,653,2026-05-23 04:00:00+00:00,2,131.84,0.0,2.67,60.54,0.55,2.55,3.49,0.33
3242,1,654,2026-05-23 05:00:00+00:00,1,108.07,0.14,0.77,22.99,0.13,2.12,4.64,0.48
3243,2,654,2026-05-23 05:00:00+00:00,1,113.31,0.06,25.32,26.18,5.87,8.77,12.01,0.77
3244,3,654,2026-05-23 05:00:00+00:00,1,102.12,0.07,0.63,57.06,0.27,0.74,0.81,0.35
3245,4,654,2026-05-23 05:00:00+00:00,1,91.0,0.04,2.35,19.67,0.06,3.3,3.97,2.74
3246,5,654,2026-05-23 05:00:00+00:00,1,130.32,0.0,2.35,58.97,0.55,2.65,3.66,0.31
3247,1,655,2026-05-23 06:00:00+00:00,1,107.61,0.19,0.55,26.53,0.15,2.25,4.9,0.69
3248,2,655,2026-05-23 06:00:00+00:00,2,115.08,1.86,26.56,25.39,6.45,10.21,13.77,0.73
3249,3,655,2026-05-23 06:00:00+00:00,1,102.05,0.08,0.64,58.34,0.33,0.78,0.84,0.39
3250,4,655,2026-05-23 06:00:00+00:00,1,91.58,0.56,2.61,19.66,0.08,3.29,4.0,3.11
3251,5,655,2026-05-23 06:00:00+00:00,1,128.51,0.0,2.03,57.83,0.53,2.7,3.76,0.3
3252,1,656,2026-05-23 07:00:00+00:00,1,73.45,0.04,0.13,45.3,0.12,1.15,2.11,0.32
3253,2,656,2026-05-23 07:00:00+00:00,2,116.12,6.3,24.11,27.52,7.56,11.56,15.33,0.78
3254,3,656,2026-05-23 07:00:00+00:00,2,103.05,0.08,0.55,63.41,0.35,0.83,0.89,0.39
3255,4,656,2026-05-23 07:00:00+00:00,1,91.52,1.24,2.36,21.26,0.1,3.28,4.0,3.67
3256,5,656,2026-05-23 07:00:00+00:00,1,126.49,0.0,1.8,56.96,0.5,2.66,3.63,0.28
3257,1,657,2026-05-23 08:00:00+00:00,1,69.42,0.03,0.08,48.04,0.11,1.17,1.95,0.28
3258,2,657,2026-05-23 08:00:00+00:00,2,117.45,10.45,21.97,28.84,8.37,12.89,16.76,0.79
3259,3,657,2026-05-23 08:00:00+00:00,2,103.23,0.07,0.46,68.21,0.33,0.86,0.92,0.38
3260,4,657,2026-05-23 08:00:00+00:00,1,89.64,1.6,2.1,22.06,0.11,3.29,4.03,4.27
3261,5,657,2026-05-23 08:00:00+00:00,1,124.26,0.0,1.64,55.96,0.45,2.54,3.33,0.25
3262,1,658,2026-05-23 09:00:00+00:00,1,67.69,0.02,0.07,48.5,0.1,1.17,1.91,0.28
3263,2,658,2026-05-23 09:00:00+00:00,2,118.42,13.54,20.25,28.77,8.78,13.95,17.71,0.83
3264,3,658,2026-05-23 09:00:00+00:00,2,103.23,0.07,0.39,70.33,0.3,0.89,0.94,0.38
3265,4,658,2026-05-23 09:00:00+00:00,1,88.05,1.57,1.95,25.21,0.12,3.51,4.27,4.72
3266,5,658,2026-05-23 09:00:00+00:00,1,122.12,0.0,1.55,55.25,0.4,2.4,3.02,0.23
3267,1,659,2026-05-23 10:00:00+00:00,1,66.37,0.02,0.06,51.64,0.1,1.16,1.81,0.25
3268,2,659,2026-05-23 10:00:00+00:00,2,118.68,15.32,18.74,28.47,8.86,14.41,17.89,0.83
3269,3,659,2026-05-23 10:00:00+00:00,2,103.8,0.06,0.32,75.58,0.21,0.76,0.81,0.37
3270,4,659,2026-05-23 10:00:00+00:00,2,97.91,0.24,0.95,91.74,0.18,3.7,4.27,3.83
3271,5,659,2026-05-23 10:00:00+00:00,1,120.91,0.0,1.57,54.73,0.38,2.25,2.76,0.21
3272,1,660,2026-05-23 11:00:00+00:00,1,64.73,0.02,0.07,53.65,0.1,1.14,1.72,0.23
3273,2,660,2026-05-23 11:00:00+00:00,2,118.26,15.63,17.42,28.96,8.75,14.09,17.33,0.76
3274,3,660,2026-05-23 11:00:00+00:00,2,103.09,0.06,0.28,79.1,0.16,0.66,0.7,0.35
3275,4,660,2026-05-23 11:00:00+00:00,3,97.83,0.12,0.59,103.05,0.19,4.05,4.58,3.54
3276,5,660,2026-05-23 11:00:00+00:00,1,121.19,0.0,1.91,53.49,0.37,2.13,2.59,0.21
3277,1,661,2026-05-23 12:00:00+00:00,1,63.82,0.02,0.08,53.85,0.1,1.14,1.7,0.24
3278,2,661,2026-05-23 12:00:00+00:00,2,117.0,14.83,16.15,30.13,8.47,13.16,16.28,0.67
3279,3,661,2026-05-23 12:00:00+00:00,2,102.56,0.07,0.28,79.79,0.15,0.67,0.71,0.34
3280,4,661,2026-05-23 12:00:00+00:00,3,97.31,0.11,0.52,105.67,0.2,4.48,5.01,3.53
3281,5,661,2026-05-23 12:00:00+00:00,1,124.16,0.02,2.65,51.54,0.36,2.07,2.52,0.23
3282,1,662,2026-05-23 13:00:00+00:00,1,67.38,0.03,0.17,51.25,0.12,1.29,2.04,0.35
3283,2,662,2026-05-23 13:00:00+00:00,2,115.48,13.0,14.87,32.43,8.06,11.84,15.03,0.59
3284,3,662,2026-05-23 13:00:00+00:00,2,102.89,0.07,0.3,79.25,0.14,0.7,0.74,0.33
3285,4,662,2026-05-23 13:00:00+00:00,3,97.38,0.09,0.45,111.06,0.19,4.3,5.54,3.05
3286,5,662,2026-05-23 13:00:00+00:00,1,126.96,0.09,3.08,49.25,0.36,2.02,2.42,0.23
3287,1,663,2026-05-23 14:00:00+00:00,1,74.44,0.03,0.38,46.49,0.14,1.58,2.67,0.54
3288,2,663,2026-05-23 14:00:00+00:00,2,113.72,10.78,13.88,36.28,7.63,10.6,13.99,0.55
3289,3,663,2026-05-23 14:00:00+00:00,2,102.74,0.07,0.34,77.84,0.13,0.69,0.74,0.32
3290,4,663,2026-05-23 14:00:00+00:00,3,96.27,0.08,0.46,111.5,0.17,4.12,6.4,2.61
3291,5,663,2026-05-23 14:00:00+00:00,1,127.63,0.19,2.96,45.74,0.35,1.92,2.27,0.21
3292,1,664,2026-05-23 15:00:00+00:00,1,82.44,0.0,0.65,42.21,0.16,1.9,3.34,0.68
3293,2,664,2026-05-23 15:00:00+00:00,1,112.23,8.7,13.62,41.59,7.29,9.77,13.43,0.53
3294,3,664,2026-05-23 15:00:00+00:00,2,102.6,0.06,0.39,75.75,0.13,0.66,0.7,0.32
3295,4,664,2026-05-23 15:00:00+00:00,3,96.31,0.1,0.56,111.42,0.18,4.22,6.57,2.55
3296,5,664,2026-05-23 15:00:00+00:00,1,127.48,0.29,2.66,42.49,0.34,1.81,2.14,0.2
3297,1,665,2026-05-23 16:00:00+00:00,1,93.33,0.0,0.91,36.85,0.18,2.37,4.37,0.79
3298,2,665,2026-05-23 16:00:00+00:00,1,110.36,6.75,14.01,48.33,7.06,9.12,13.03,0.52
3299,3,665,2026-05-23 16:00:00+00:00,2,103.13,0.04,0.51,73.39,0.15,0.62,0.67,0.38
3300,4,665,2026-05-23 16:00:00+00:00,3,97.85,0.11,0.7,113.12,0.22,4.5,6.62,2.61
3301,5,665,2026-05-23 16:00:00+00:00,1,128.13,0.33,2.43,40.35,0.34,1.79,2.12,0.2
3302,1,666,2026-05-23 17:00:00+00:00,1,109.79,0.0,1.2,31.69,0.21,3.1,5.94,0.93
3303,2,666,2026-05-23 17:00:00+00:00,1,108.48,5.02,15.29,54.67,6.91,8.47,12.43,0.51
3304,3,666,2026-05-23 17:00:00+00:00,2,103.91,0.02,0.66,70.72,0.18,0.57,0.62,0.47
3305,4,666,2026-05-23 17:00:00+00:00,3,100.46,0.1,0.86,115.21,0.28,4.93,6.69,2.76
3306,5,666,2026-05-23 17:00:00+00:00,1,128.5,0.33,2.31,39.39,0.34,1.82,2.17,0.21
3307,1,667,2026-05-23 18:00:00+00:00,1,125.76,0.0,1.44,27.58,0.23,3.9,7.49,1.1
3308,2,667,2026-05-23 18:00:00+00:00,1,106.88,3.36,17.82,58.22,6.84,7.74,11.57,0.49
3309,3,667,2026-05-23 18:00:00+00:00,2,104.51,0.0,0.73,69.86,0.19,0.52,0.56,0.54
3310,4,667,2026-05-23 18:00:00+00:00,3,103.43,0.08,1.12,117.61,0.36,5.35,6.84,2.91
3311,5,667,2026-05-23 18:00:00+00:00,1,128.95,0.33,2.23,39.07,0.34,1.88,2.24,0.21
3312,1,668,2026-05-23 19:00:00+00:00,1,137.87,0.0,1.6,24.49,0.25,4.53,8.62,1.34
3313,2,668,2026-05-23 19:00:00+00:00,1,105.82,1.45,21.6,57.64,6.83,6.95,10.52,0.51
3314,3,668,2026-05-23 19:00:00+00:00,2,103.93,0.0,0.76,68.59,0.19,0.5,0.53,0.62
3315,4,668,2026-05-23 19:00:00+00:00,3,106.09,0.03,1.71,111.86,0.44,5.82,7.14,3.47
3316,5,668,2026-05-23 19:00:00+00:00,1,130.35,0.31,2.21,38.84,0.35,1.97,2.35,0.22
3317,1,669,2026-05-23 20:00:00+00:00,1,145.71,0.0,1.71,22.89,0.27,4.91,9.27,1.47
3318,2,669,2026-05-23 20:00:00+00:00,1,105.28,0.12,24.14,54.55,6.8,6.21,9.4,0.63
3319,3,669,2026-05-23 20:00:00+00:00,2,104.48,0.0,0.8,66.99,0.19,0.5,0.53,0.74
3320,4,669,2026-05-23 20:00:00+00:00,3,109.77,0.0,2.35,101.92,0.48,6.24,7.54,4.24
3321,5,669,2026-05-23 20:00:00+00:00,1,130.88,0.28,2.32,37.45,0.35,2.01,2.39,0.22
3322,1,670,2026-05-23 21:00:00+00:00,1,145.76,0.0,1.71,22.35,0.27,4.88,9.12,1.54
3323,2,670,2026-05-23 21:00:00+00:00,1,105.12,0.0,24.05,50.95,6.69,5.57,8.29,0.9
3324,3,670,2026-05-23 21:00:00+00:00,2,104.77,0.0,0.77,65.53,0.18,0.52,0.57,0.84
3325,4,670,2026-05-23 21:00:00+00:00,2,113.31,0.0,2.75,93.76,0.49,6.37,7.78,4.72
3326,5,670,2026-05-23 21:00:00+00:00,1,132.13,0.27,2.66,35.98,0.35,2.07,2.43,0.22
3327,1,671,2026-05-23 22:00:00+00:00,1,141.71,0.0,1.66,22.97,0.27,4.65,8.57,1.61
3328,2,671,2026-05-23 22:00:00+00:00,1,105.53,0.0,24.57,45.58,6.63,5.15,7.4,1.18
3329,3,671,2026-05-23 22:00:00+00:00,2,103.62,0.0,0.74,62.31,0.17,0.55,0.64,0.92
3330,4,671,2026-05-23 22:00:00+00:00,2,113.13,0.0,2.89,84.14,0.43,6.18,7.73,4.84
3331,5,671,2026-05-23 22:00:00+00:00,1,134.33,0.22,3.13,34.71,0.35,2.16,2.5,0.22
3332,1,672,2026-05-23 23:00:00+00:00,1,138.23,0.0,1.58,23.88,0.27,4.42,8.02,1.66
3333,2,672,2026-05-23 23:00:00+00:00,1,105.68,0.0,25.51,39.04,6.61,4.94,6.84,1.33
3334,3,672,2026-05-23 23:00:00+00:00,1,102.75,0.0,0.75,58.4,0.16,0.62,0.72,0.95
3335,4,672,2026-05-23 23:00:00+00:00,2,114.58,0.0,2.86,75.47,0.37,6.16,7.83,4.78
3336,5,672,2026-05-23 23:00:00+00:00,1,135.01,0.1,3.48,32.86,0.35,2.26,2.59,0.22
3337,1,673,2026-05-24 00:00:00+00:00,1,134.91,0.0,1.51,24.79,0.27,4.2,7.51,1.73
3338,2,673,2026-05-24 00:00:00+00:00,1,105.83,0.0,26.17,32.55,6.49,4.85,6.49,1.33
3339,3,673,2026-05-24 00:00:00+00:00,1,101.79,0.0,0.77,54.17,0.16,0.7,0.81,0.85
3340,4,673,2026-05-24 00:00:00+00:00,2,116.22,0.0,2.75,67.79,0.32,6.32,8.03,4.57
3341,5,673,2026-05-24 00:00:00+00:00,1,134.15,0.02,3.5,31.89,0.35,2.34,2.66,0.22
3342,1,674,2026-05-24 01:00:00+00:00,1,133.46,0.0,1.47,25.15,0.28,4.05,7.11,1.81
3343,2,674,2026-05-24 01:00:00+00:00,1,106.07,0.01,26.31,26.94,6.24,4.81,6.27,1.21
3344,3,674,2026-05-24 01:00:00+00:00,1,99.73,0.0,0.8,49.21,0.15,0.79,0.91,0.72
3345,4,674,2026-05-24 01:00:00+00:00,2,116.71,0.0,2.61,60.68,0.28,6.54,8.17,4.12
3346,5,674,2026-05-24 01:00:00+00:00,1,132.82,0.0,3.27,32.58,0.33,2.47,2.82,0.22
3347,1,675,2026-05-24 02:00:00+00:00,1,132.85,0.0,1.44,25.0,0.29,3.98,6.87,1.88
3348,2,675,2026-05-24 02:00:00+00:00,1,106.1,0.03,26.48,22.02,5.97,4.83,6.17,1.01
3349,3,675,2026-05-24 02:00:00+00:00,1,98.32,0.0,0.87,44.01,0.16,0.88,1.02,0.67
3350,4,675,2026-05-24 02:00:00+00:00,1,116.77,0.0,2.47,56.11,0.27,6.86,8.36,3.78
3351,5,675,2026-05-24 02:00:00+00:00,1,131.37,0.0,3.01,34.02,0.31,2.67,3.06,0.22
3352,1,676,2026-05-24 03:00:00+00:00,1,132.74,0.0,1.43,25.26,0.3,3.94,6.76,1.93
3353,2,676,2026-05-24 03:00:00+00:00,1,106.05,0.07,26.34,17.98,5.79,4.85,6.14,0.88
3354,3,676,2026-05-24 03:00:00+00:00,1,97.99,0.07,1.03,38.88,0.19,0.97,1.13,0.64
3355,4,676,2026-05-24 03:00:00+00:00,1,116.28,0.0,2.37,52.48,0.26,7.2,8.54,3.47
3356,5,676,2026-05-24 03:00:00+00:00,1,130.38,0.0,2.84,35.57,0.31,2.84,3.26,0.21
3357,1,677,2026-05-24 04:00:00+00:00,1,135.21,0.02,1.43,25.24,0.29,3.99,7.13,1.66
3358,2,677,2026-05-24 04:00:00+00:00,1,106.03,0.19,25.62,15.17,5.53,4.84,6.16,0.79
3359,3,677,2026-05-24 04:00:00+00:00,1,98.44,0.29,1.18,34.57,0.24,1.05,1.24,0.69
3360,4,677,2026-05-24 04:00:00+00:00,1,114.54,0.0,2.37,49.32,0.25,7.44,8.67,3.36
3361,5,677,2026-05-24 04:00:00+00:00,1,126.79,0.0,2.59,36.28,0.31,2.9,3.33,0.21
3362,1,678,2026-05-24 05:00:00+00:00,1,138.97,0.23,1.11,25.77,0.25,4.14,7.72,1.36
3363,2,678,2026-05-24 05:00:00+00:00,1,106.89,0.7,24.26,13.76,5.35,4.94,6.39,0.73
3364,3,678,2026-05-24 05:00:00+00:00,1,98.64,0.51,1.16,32.92,0.29,1.14,1.35,0.84
3365,4,678,2026-05-24 05:00:00+00:00,1,113.91,0.01,2.7,47.18,0.28,7.65,8.86,3.61
3366,5,678,2026-05-24 05:00:00+00:00,1,124.5,0.0,2.34,34.71,0.3,2.89,3.29,0.21
3367,1,679,2026-05-24 06:00:00+00:00,1,140.98,0.25,0.75,30.69,0.25,4.71,8.47,1.28
3368,2,679,2026-05-24 06:00:00+00:00,1,108.22,4.13,18.77,17.66,5.28,5.27,6.94,0.67
3369,3,679,2026-05-24 06:00:00+00:00,1,97.68,0.51,1.02,35.87,0.34,1.27,1.49,0.91
3370,4,679,2026-05-24 06:00:00+00:00,1,113.64,0.3,2.99,46.41,0.31,7.77,9.06,3.95
3371,5,679,2026-05-24 06:00:00+00:00,1,122.13,0.0,2.1,32.63,0.29,2.82,3.2,0.21
3372,1,680,2026-05-24 07:00:00+00:00,1,82.48,0.05,0.17,47.08,0.25,2.27,3.68,0.51
3373,2,680,2026-05-24 07:00:00+00:00,1,109.57,7.17,13.87,22.11,5.22,5.93,7.91,0.62
3374,3,680,2026-05-24 07:00:00+00:00,2,101.92,0.1,0.4,79.57,0.31,1.05,1.18,0.43
3375,4,680,2026-05-24 07:00:00+00:00,1,112.43,0.78,2.8,47.14,0.35,7.71,9.17,4.29
3376,5,680,2026-05-24 07:00:00+00:00,1,120.0,0.0,1.94,30.04,0.27,2.73,3.11,0.22
3377,1,681,2026-05-24 08:00:00+00:00,1,76.47,0.03,0.1,48.66,0.21,2.2,3.35,0.42
3378,2,681,2026-05-24 08:00:00+00:00,1,111.32,8.69,11.6,25.15,5.33,6.98,9.39,0.59
3379,3,681,2026-05-24 08:00:00+00:00,2,101.65,0.06,0.27,88.65,0.24,0.88,0.97,0.38
3380,4,681,2026-05-24 08:00:00+00:00,1,110.48,1.02,2.54,48.5,0.38,7.58,9.28,4.59
3381,5,681,2026-05-24 08:00:00+00:00,1,118.14,0.0,1.86,26.58,0.25,2.63,3.02,0.23
3382,1,682,2026-05-24 09:00:00+00:00,1,74.61,0.02,0.09,48.34,0.2,2.21,3.29,0.41
3383,2,682,2026-05-24 09:00:00+00:00,1,112.78,9.31,10.69,27.74,5.59,8.34,11.21,0.57
3384,3,682,2026-05-24 09:00:00+00:00,2,100.66,0.05,0.24,90.15,0.21,0.78,0.86,0.38
3385,4,682,2026-05-24 09:00:00+00:00,1,108.9,0.89,2.23,55.9,0.44,7.73,9.81,4.98
3386,5,682,2026-05-24 09:00:00+00:00,1,116.64,0.0,1.85,23.29,0.23,2.54,2.95,0.25
3387,1,683,2026-05-24 10:00:00+00:00,1,73.46,0.02,0.08,50.73,0.19,2.28,3.26,0.38
3388,2,683,2026-05-24 10:00:00+00:00,1,113.32,9.29,10.41,30.56,5.92,9.86,13.24,0.51
3389,3,683,2026-05-24 10:00:00+00:00,2,101.0,0.05,0.25,91.26,0.19,0.69,0.75,0.38
3390,4,683,2026-05-24 10:00:00+00:00,3,110.95,0.36,1.39,101.39,0.98,7.4,9.79,5.49
3391,5,683,2026-05-24 10:00:00+00:00,1,115.97,0.01,1.99,20.49,0.22,2.48,2.95,0.28
3392,1,684,2026-05-24 11:00:00+00:00,1,73.37,0.02,0.09,51.01,0.19,2.45,3.41,0.39
3393,2,684,2026-05-24 11:00:00+00:00,2,113.88,8.96,10.49,33.63,6.48,11.55,15.49,0.45
3394,3,684,2026-05-24 11:00:00+00:00,2,100.61,0.04,0.27,90.92,0.17,0.6,0.66,0.38
3395,4,684,2026-05-24 11:00:00+00:00,3,110.33,0.2,0.97,113.27,1.05,8.1,10.55,5.4
3396,5,684,2026-05-24 11:00:00+00:00,1,118.44,0.05,2.61,17.85,0.23,2.45,3.06,0.33
3397,1,685,2026-05-24 12:00:00+00:00,1,74.07,0.02,0.1,50.39,0.19,2.61,3.57,0.4
3398,2,685,2026-05-24 12:00:00+00:00,2,114.34,8.52,10.75,36.95,7.37,13.64,18.1,0.39
3399,3,685,2026-05-24 12:00:00+00:00,2,100.41,0.03,0.31,90.21,0.17,0.55,0.6,0.4
3400,4,685,2026-05-24 12:00:00+00:00,3,109.98,0.15,0.81,117.16,1.02,8.73,11.2,5.28
3401,5,685,2026-05-24 12:00:00+00:00,1,125.16,0.37,3.51,15.59,0.25,2.46,3.25,0.39
3402,1,686,2026-05-24 13:00:00+00:00,1,76.13,0.02,0.16,48.45,0.19,2.79,3.84,0.46
3403,2,686,2026-05-24 13:00:00+00:00,2,115.41,8.0,11.19,40.89,8.56,16.0,20.82,0.39
3404,3,686,2026-05-24 13:00:00+00:00,2,101.49,0.03,0.37,89.93,0.19,0.53,0.57,0.41
3405,4,686,2026-05-24 13:00:00+00:00,3,105.97,0.1,0.6,122.7,0.92,7.42,9.86,4.87
3406,5,686,2026-05-24 13:00:00+00:00,1,130.88,0.93,3.76,15.0,0.28,2.48,3.46,0.41
3407,1,687,2026-05-24 14:00:00+00:00,1,79.57,0.01,0.28,46.34,0.2,3.01,4.25,0.57
3408,2,687,2026-05-24 14:00:00+00:00,2,115.89,7.1,11.61,45.77,9.23,18.06,23.06,0.39
3409,3,687,2026-05-24 14:00:00+00:00,2,102.46,0.04,0.45,89.04,0.2,0.55,0.57,0.42
3410,4,687,2026-05-24 14:00:00+00:00,3,101.8,0.09,0.54,122.67,0.78,6.48,9.68,4.47
3411,5,687,2026-05-24 14:00:00+00:00,1,132.61,1.38,3.41,16.37,0.33,2.53,3.69,0.38
3412,1,688,2026-05-24 15:00:00+00:00,1,83.54,0.0,0.4,45.04,0.21,3.26,4.7,0.67
3413,2,688,2026-05-24 15:00:00+00:00,2,115.9,5.94,12.01,52.13,9.27,19.49,24.48,0.32
3414,3,688,2026-05-24 15:00:00+00:00,2,103.18,0.03,0.52,87.98,0.22,0.57,0.6,0.44
3415,4,688,2026-05-24 15:00:00+00:00,3,100.09,0.09,0.6,121.15,0.72,6.28,10.71,4.38
3416,5,688,2026-05-24 15:00:00+00:00,1,132.87,1.51,3.24,19.85,0.4,2.64,3.95,0.36
3417,1,689,2026-05-24 16:00:00+00:00,1,89.49,0.0,0.55,42.41,0.22,3.56,5.3,0.8
3418,2,689,2026-05-24 16:00:00+00:00,2,116.43,4.84,12.88,59.58,9.01,20.44,25.37,0.24
3419,3,689,2026-05-24 16:00:00+00:00,2,102.96,0.03,0.73,83.08,0.28,0.6,0.66,0.52
3420,4,689,2026-05-24 16:00:00+00:00,3,100.3,0.1,0.71,120.74,0.71,6.49,12.45,4.53
3421,5,689,2026-05-24 16:00:00+00:00,1,128.05,0.79,2.96,38.77,0.54,2.8,4.25,0.26
3422,1,690,2026-05-24 17:00:00+00:00,1,99.68,0.0,0.74,38.97,0.25,3.99,6.18,0.97
3423,2,690,2026-05-24 17:00:00+00:00,2,116.37,3.76,14.03,66.26,8.49,20.76,25.66,0.19
3424,3,690,2026-05-24 17:00:00+00:00,2,103.5,0.01,1.0,76.58,0.32,0.67,0.74,0.58
3425,4,690,2026-05-24 17:00:00+00:00,3,101.38,0.09,0.85,119.96,0.75,6.97,14.48,4.85
3426,5,690,2026-05-24 17:00:00+00:00,1,123.05,0.47,2.27,48.85,0.53,2.87,4.29,0.23
3427,1,691,2026-05-24 18:00:00+00:00,1,108.89,0.0,0.89,35.71,0.25,4.39,6.99,1.05
3428,2,691,2026-05-24 18:00:00+00:00,2,115.76,2.56,15.6,70.9,7.8,20.51,25.5,0.18
3429,3,691,2026-05-24 18:00:00+00:00,2,104.03,0.0,1.14,71.34,0.32,0.71,0.79,0.49
3430,4,691,2026-05-24 18:00:00+00:00,3,102.39,0.07,1.03,117.74,0.77,7.37,16.72,5.06
3431,5,691,2026-05-24 18:00:00+00:00,1,120.07,0.3,1.78,55.36,0.54,3.24,4.61,0.23
3432,1,692,2026-05-24 19:00:00+00:00,1,118.36,0.0,1.04,31.85,0.23,4.78,7.77,0.99
3433,2,692,2026-05-24 19:00:00+00:00,2,115.12,1.08,17.31,73.45,6.99,19.93,25.19,0.21
3434,3,692,2026-05-24 19:00:00+00:00,2,103.06,0.0,1.22,64.55,0.28,0.69,0.76,0.39
3435,4,692,2026-05-24 19:00:00+00:00,3,103.2,0.03,1.35,111.92,0.79,7.94,19.88,5.36
3436,5,692,2026-05-24 19:00:00+00:00,2,118.99,0.24,1.45,60.84,0.54,3.59,4.85,0.23
3437,1,693,2026-05-24 20:00:00+00:00,1,128.11,0.0,1.2,28.38,0.21,5.15,8.47,1.0
3438,2,693,2026-05-24 20:00:00+00:00,2,115.11,0.1,17.52,74.61,6.03,19.56,25.2,0.23
3439,3,693,2026-05-24 20:00:00+00:00,1,102.46,0.0,1.25,57.14,0.23,0.66,0.71,0.35
3440,4,693,2026-05-24 20:00:00+00:00,3,105.13,0.0,1.71,104.55,0.79,8.9,24.96,5.76
3441,5,693,2026-05-24 20:00:00+00:00,2,117.28,0.22,1.55,60.85,0.52,3.59,4.74,0.25
3442,1,694,2026-05-24 21:00:00+00:00,1,131.72,0.0,1.27,25.88,0.18,5.24,8.62,0.95
3443,2,694,2026-05-24 21:00:00+00:00,2,117.13,0.0,16.06,75.5,5.24,19.7,25.8,0.3
3444,3,694,2026-05-24 21:00:00+00:00,1,101.31,0.0,1.21,50.85,0.21,0.62,0.67,0.34
3445,4,694,2026-05-24 21:00:00+00:00,2,107.44,0.0,1.98,98.24,0.78,10.1,32.13,5.83
3446,5,694,2026-05-24 21:00:00+00:00,1,117.53,0.23,2.04,59.33,0.54,3.58,4.71,0.28
3447,1,695,2026-05-24 22:00:00+00:00,1,134.9,0.0,1.35,24.36,0.19,5.36,8.8,1.11
3448,2,695,2026-05-24 22:00:00+00:00,2,121.43,0.0,14.85,76.23,4.74,20.62,27.24,0.4
3449,3,695,2026-05-24 22:00:00+00:00,1,99.49,0.0,1.11,46.0,0.19,0.57,0.62,0.35
3450,4,695,2026-05-24 22:00:00+00:00,2,107.33,0.0,2.1,90.62,0.72,11.38,40.42,5.62
3451,5,695,2026-05-24 22:00:00+00:00,1,124.51,0.33,3.52,50.8,0.51,3.74,4.98,0.41
3452,1,696,2026-05-24 23:00:00+00:00,1,140.58,0.0,1.46,23.38,0.23,5.61,9.24,1.39
3453,2,696,2026-05-24 23:00:00+00:00,2,128.45,0.0,13.97,78.37,4.55,22.26,29.6,0.51
3454,3,696,2026-05-24 23:00:00+00:00,1,98.36,0.0,1.02,43.51,0.18,0.5,0.55,0.34
3455,4,696,2026-05-24 23:00:00+00:00,2,107.72,0.0,2.07,83.84,0.63,12.87,48.9,5.49
3456,5,696,2026-05-24 23:00:00+00:00,1,132.95,0.34,5.25,37.64,0.42,3.97,5.42,0.52
3457,1,697,2026-05-25 00:00:00+00:00,1,146.51,0.0,1.56,22.63,0.27,5.86,9.7,1.65
3458,2,697,2026-05-25 00:00:00+00:00,2,135.75,0.0,13.36,82.36,4.57,23.91,32.08,0.61
3459,3,697,2026-05-25 00:00:00+00:00,1,97.22,0.0,0.96,43.02,0.19,0.5,0.5,0.32
3460,4,697,2026-05-25 00:00:00+00:00,3,107.13,0.0,1.94,77.4,0.53,14.19,55.75,5.32
3461,5,697,2026-05-25 00:00:00+00:00,1,137.02,0.17,6.17,28.79,0.37,4.11,5.74,0.58
3462,1,698,2026-05-25 01:00:00+00:00,1,151.64,0.0,1.64,22.23,0.3,6.09,10.12,1.9
3463,2,698,2026-05-25 01:00:00+00:00,2,141.38,0.0,12.79,89.18,4.91,24.6,33.49,0.8
3464,3,698,2026-05-25 01:00:00+00:00,1,96.21,0.0,0.94,46.03,0.23,0.5,0.5,0.29
3465,4,698,2026-05-25 01:00:00+00:00,3,104.62,0.0,1.8,70.33,0.44,14.98,58.57,5.13
3466,5,698,2026-05-25 01:00:00+00:00,1,137.3,0.02,6.11,23.01,0.33,4.2,5.95,0.58
3467,1,699,2026-05-25 02:00:00+00:00,1,157.32,0.0,1.75,21.64,0.34,6.39,10.56,2.17
3468,2,699,2026-05-25 02:00:00+00:00,2,144.8,0.0,12.25,92.27,4.92,24.6,33.21,0.84
3469,3,699,2026-05-25 02:00:00+00:00,1,95.04,0.0,1.0,44.49,0.23,0.54,0.56,0.27
3470,4,699,2026-05-25 02:00:00+00:00,3,102.79,0.0,1.71,63.52,0.36,15.4,57.81,5.04
3471,5,699,2026-05-25 02:00:00+00:00,1,136.55,0.03,5.52,18.17,0.29,4.29,6.1,0.48
3472,1,700,2026-05-25 03:00:00+00:00,1,164.06,0.0,1.86,21.11,0.39,6.77,11.08,2.44
3473,2,700,2026-05-25 03:00:00+00:00,2,147.1,0.0,11.72,92.18,4.77,24.09,32.24,0.82
3474,3,700,2026-05-25 03:00:00+00:00,1,94.41,0.01,1.11,41.24,0.24,0.58,0.65,0.25
3475,4,700,2026-05-25 03:00:00+00:00,3,100.87,0.0,1.65,57.1,0.3,15.55,55.23,4.8
3476,5,700,2026-05-25 03:00:00+00:00,1,136.06,0.07,5.03,13.95,0.25,4.35,6.18,0.4
3477,1,701,2026-05-25 04:00:00+00:00,1,175.57,0.02,1.98,19.66,0.37,7.26,12.2,2.02
3478,2,701,2026-05-25 04:00:00+00:00,2,147.67,0.0,11.36,89.65,4.6,23.23,30.95,0.83
3479,3,701,2026-05-25 04:00:00+00:00,1,94.77,0.02,1.14,38.53,0.24,0.6,0.66,0.22
3480,4,701,2026-05-25 04:00:00+00:00,3,98.28,0.0,1.69,50.51,0.25,15.46,51.82,4.49
3481,5,701,2026-05-25 04:00:00+00:00,1,132.71,0.07,4.4,11.11,0.22,4.31,6.06,0.34
3482,1,702,2026-05-25 05:00:00+00:00,1,186.17,0.32,1.58,19.96,0.33,7.67,13.2,1.6
3483,2,702,2026-05-25 05:00:00+00:00,2,147.88,0.02,11.36,84.42,4.43,22.36,29.78,0.83
3484,3,702,2026-05-25 05:00:00+00:00,1,95.03,0.04,1.05,37.14,0.24,0.54,0.59,0.19
3485,4,702,2026-05-25 05:00:00+00:00,2,97.29,0.01,2.05,44.44,0.24,15.51,49.49,4.45
3486,5,702,2026-05-25 05:00:00+00:00,1,129.11,0.05,3.78,10.48,0.23,4.27,5.92,0.29
3487,1,703,2026-05-25 06:00:00+00:00,1,184.61,0.33,1.0,26.63,0.33,8.05,13.47,1.52
3488,2,703,2026-05-25 06:00:00+00:00,2,146.99,0.43,11.46,78.56,4.32,21.67,28.94,0.81
3489,3,703,2026-05-25 06:00:00+00:00,1,95.48,0.06,0.92,37.72,0.26,0.5,0.51,0.19
3490,4,703,2026-05-25 06:00:00+00:00,2,97.2,0.23,2.53,39.41,0.24,15.71,47.98,4.48
3491,5,703,2026-05-25 06:00:00+00:00,1,126.13,0.02,3.33,11.66,0.27,4.25,5.84,0.26
3492,1,704,2026-05-25 07:00:00+00:00,1,107.9,0.06,0.21,43.82,0.28,4.83,7.32,0.78
3493,2,704,2026-05-25 07:00:00+00:00,2,146.25,1.33,10.39,73.17,4.2,21.11,28.43,0.77
3494,3,704,2026-05-25 07:00:00+00:00,1,98.18,0.05,0.76,47.38,0.25,0.5,0.5,0.18
3495,4,704,2026-05-25 07:00:00+00:00,2,96.75,0.69,2.43,36.38,0.25,15.85,46.75,4.71
3496,5,704,2026-05-25 07:00:00+00:00,1,124.79,0.0,3.34,15.39,0.41,4.24,5.85,0.25
3497,1,705,2026-05-25 08:00:00+00:00,1,97.84,0.03,0.12,46.37,0.24,4.51,6.57,0.66
3498,2,705,2026-05-25 08:00:00+00:00,2,144.94,2.04,9.12,69.74,4.16,20.68,28.25,0.78
3499,3,705,2026-05-25 08:00:00+00:00,1,99.81,0.04,0.67,56.83,0.26,0.5,0.5,0.19
3500,4,705,2026-05-25 08:00:00+00:00,2,95.5,0.91,2.08,36.91,0.27,15.98,45.74,5.09
3501,5,705,2026-05-25 08:00:00+00:00,1,123.64,0.0,3.48,14.91,0.49,4.16,5.63,0.25
3502,1,706,2026-05-25 09:00:00+00:00,1,95.54,0.03,0.1,47.04,0.23,4.55,6.52,0.64
3503,2,706,2026-05-25 09:00:00+00:00,2,144.0,2.29,7.88,70.29,4.18,20.57,28.36,0.95
3504,3,706,2026-05-25 09:00:00+00:00,2,100.18,0.04,0.6,61.9,0.28,0.5,0.5,0.22
3505,4,706,2026-05-25 09:00:00+00:00,2,94.34,0.77,1.74,42.71,0.3,16.41,45.73,5.55
3506,5,706,2026-05-25 09:00:00+00:00,1,122.03,0.01,3.69,13.02,0.57,3.9,5.14,0.26
3507,1,707,2026-05-25 10:00:00+00:00,1,93.7,0.02,0.09,49.2,0.22,4.78,6.65,0.61
3508,2,707,2026-05-25 10:00:00+00:00,2,143.21,2.03,6.58,77.73,4.2,21.18,28.92,1.38
3509,3,707,2026-05-25 10:00:00+00:00,2,100.88,0.05,0.47,67.37,0.27,0.5,0.5,0.23
3510,4,707,2026-05-25 10:00:00+00:00,2,98.15,0.32,1.15,71.0,0.45,16.08,44.55,6.1
3511,5,707,2026-05-25 10:00:00+00:00,1,119.64,0.02,3.85,10.89,0.65,3.35,4.25,0.27
3512,1,708,2026-05-25 11:00:00+00:00,1,93.32,0.02,0.1,49.49,0.21,4.95,6.75,0.61
3513,2,708,2026-05-25 11:00:00+00:00,2,142.92,1.55,5.38,90.05,4.13,22.67,29.95,1.56
3514,3,708,2026-05-25 11:00:00+00:00,2,100.05,0.05,0.34,70.04,0.23,0.5,0.5,0.23
3515,4,708,2026-05-25 11:00:00+00:00,2,98.0,0.2,0.87,81.6,0.49,16.01,42.45,6.13
3516,5,708,2026-05-25 11:00:00+00:00,1,117.91,0.11,4.04,8.74,0.57,2.64,3.24,0.28
3517,1,709,2026-05-25 12:00:00+00:00,1,93.68,0.02,0.12,49.06,0.21,5.07,6.86,0.62
3518,2,709,2026-05-25 12:00:00+00:00,3,143.38,1.13,4.52,103.95,4.04,23.99,30.9,1.57
3519,3,709,2026-05-25 12:00:00+00:00,2,99.49,0.05,0.27,71.78,0.18,0.5,0.5,0.22
3520,4,709,2026-05-25 12:00:00+00:00,2,97.5,0.16,0.76,88.05,0.51,15.99,41.03,6.12
3521,5,709,2026-05-25 12:00:00+00:00,1,118.52,0.58,4.02,8.0,0.51,2.1,2.54,0.29
3522,1,710,2026-05-25 13:00:00+00:00,1,96.97,0.02,0.21,46.98,0.21,5.35,7.29,0.67
3523,2,710,2026-05-25 13:00:00+00:00,3,144.11,0.88,4.08,117.03,4.03,24.14,30.97,1.68
3524,3,710,2026-05-25 13:00:00+00:00,2,100.16,0.05,0.26,74.42,0.15,0.5,0.5,0.21
3525,4,710,2026-05-25 13:00:00+00:00,2,95.96,0.09,0.54,98.78,0.41,14.3,42.0,5.09
3526,5,710,2026-05-25 13:00:00+00:00,1,117.25,1.03,3.48,9.96,0.5,1.65,1.97,0.26
3527,1,711,2026-05-25 14:00:00+00:00,1,102.48,0.01,0.4,43.79,0.22,5.82,8.11,0.78
3528,2,711,2026-05-25 14:00:00+00:00,3,142.91,0.72,3.9,127.71,3.97,23.41,30.35,1.82
3529,3,711,2026-05-25 14:00:00+00:00,2,100.74,0.05,0.28,77.12,0.13,0.5,0.5,0.21
3530,4,711,2026-05-25 14:00:00+00:00,3,94.27,0.08,0.52,100.8,0.33,14.25,47.15,4.3
3531,5,711,2026-05-25 14:00:00+00:00,1,115.08,1.23,3.01,12.02,0.49,1.39,1.64,0.23
3532,1,712,2026-05-25 15:00:00+00:00,1,108.81,0.0,0.59,41.13,0.22,6.33,9.02,0.86
3533,2,712,2026-05-25 15:00:00+00:00,3,139.32,0.63,3.91,135.35,3.89,21.75,28.93,1.93
3534,3,712,2026-05-25 15:00:00+00:00,2,101.58,0.04,0.3,80.26,0.12,0.5,0.5,0.21
3535,4,712,2026-05-25 15:00:00+00:00,3,93.37,0.09,0.61,100.3,0.29,14.21,48.95,4.1
3536,5,712,2026-05-25 15:00:00+00:00,1,112.92,1.21,2.68,14.87,0.49,1.24,1.46,0.22
3537,1,713,2026-05-25 16:00:00+00:00,1,114.57,0.0,0.73,38.39,0.23,6.71,9.88,0.94
3538,2,713,2026-05-25 16:00:00+00:00,3,134.41,0.59,4.25,139.39,3.88,19.58,26.98,1.94
3539,3,713,2026-05-25 16:00:00+00:00,2,102.53,0.03,0.45,81.37,0.16,0.5,0.5,0.29
3540,4,713,2026-05-25 16:00:00+00:00,3,93.84,0.1,0.74,100.34,0.27,14.21,50.03,4.07
3541,5,713,2026-05-25 16:00:00+00:00,1,112.19,1.01,2.64,18.12,0.49,1.22,1.42,0.22
3542,1,714,2026-05-25 17:00:00+00:00,1,121.17,0.0,0.84,36.41,0.24,7.11,10.75,0.96
3543,2,714,2026-05-25 17:00:00+00:00,3,128.65,0.54,4.88,138.11,3.87,17.46,24.83,1.79
3544,3,714,2026-05-25 17:00:00+00:00,2,103.67,0.02,0.63,80.73,0.2,0.5,0.5,0.41
3545,4,714,2026-05-25 17:00:00+00:00,3,94.74,0.1,0.89,100.26,0.29,14.22,50.52,4.12
3546,5,714,2026-05-25 17:00:00+00:00,1,113.16,0.88,2.69,20.49,0.49,1.34,1.55,0.24
3547,1,715,2026-05-25 18:00:00+00:00,1,125.82,0.0,0.9,35.38,0.25,7.43,11.39,0.94
3548,2,715,2026-05-25 18:00:00+00:00,3,124.28,0.41,5.71,134.49,3.87,15.83,22.95,1.63
3549,3,715,2026-05-25 18:00:00+00:00,2,104.55,0.0,0.73,79.78,0.22,0.5,0.5,0.5
3550,4,715,2026-05-25 18:00:00+00:00,3,96.42,0.07,1.09,99.88,0.33,14.11,50.3,4.19
3551,5,715,2026-05-25 18:00:00+00:00,1,115.3,0.79,2.88,22.54,0.5,1.59,1.82,0.28
3552,1,716,2026-05-25 19:00:00+00:00,1,139.31,0.0,1.12,32.36,0.28,8.16,12.73,1.16
3553,2,716,2026-05-25 19:00:00+00:00,3,122.57,0.18,6.63,130.66,3.88,14.9,21.66,1.58
3554,3,716,2026-05-25 19:00:00+00:00,2,103.87,0.0,0.76,77.02,0.23,0.5,0.5,0.54
3555,4,716,2026-05-25 19:00:00+00:00,2,97.86,0.03,1.49,95.72,0.38,13.76,47.58,4.51
3556,5,716,2026-05-25 19:00:00+00:00,1,116.85,0.61,3.18,24.1,0.53,1.84,2.11,0.3
3557,1,717,2026-05-25 20:00:00+00:00,1,159.21,0.0,1.44,28.01,0.28,9.22,14.45,1.29
3558,2,717,2026-05-25 20:00:00+00:00,3,121.96,0.01,7.13,126.37,3.91,14.35,20.76,1.59
3559,3,717,2026-05-25 20:00:00+00:00,2,103.68,0.0,0.77,73.84,0.21,0.5,0.5,0.49
3560,4,717,2026-05-25 20:00:00+00:00,2,100.81,0.0,1.96,90.03,0.43,13.36,43.17,5.13
3561,5,717,2026-05-25 20:00:00+00:00,1,117.53,0.47,3.5,25.03,0.57,2.01,2.3,0.29
3562,1,718,2026-05-25 21:00:00+00:00,1,169.04,0.0,1.59,24.3,0.22,9.79,14.7,1.15
3563,2,718,2026-05-25 21:00:00+00:00,3,121.17,0.0,7.31,120.91,3.95,13.65,19.81,1.61
3564,3,718,2026-05-25 21:00:00+00:00,2,103.23,0.0,0.75,70.57,0.2,0.5,0.5,0.38
3565,4,718,2026-05-25 21:00:00+00:00,2,104.41,0.0,2.29,85.78,0.5,12.74,37.91,5.71
3566,5,718,2026-05-25 21:00:00+00:00,1,118.73,0.34,4.14,25.27,0.63,2.09,2.39,0.28
3567,1,719,2026-05-25 22:00:00+00:00,2,173.36,0.0,1.64,21.27,0.18,10.03,14.33,1.02
3568,2,719,2026-05-25 22:00:00+00:00,3,119.73,0.0,7.84,112.22,3.9,12.75,18.61,1.54
3569,3,719,2026-05-25 22:00:00+00:00,2,102.21,0.0,0.73,67.27,0.18,0.5,0.5,0.26
3570,4,719,2026-05-25 22:00:00+00:00,2,105.25,0.0,2.39,80.54,0.51,11.77,31.73,6.12
3571,5,719,2026-05-25 22:00:00+00:00,1,120.65,0.2,4.74,24.29,0.61,2.08,2.36,0.27
3572,1,720,2026-05-25 23:00:00+00:00,2,177.83,0.0,1.65,19.2,0.15,10.27,14.27,0.91
3573,2,720,2026-05-25 23:00:00+00:00,3,118.29,0.0,8.77,100.21,3.91,11.96,17.66,1.36
3574,3,720,2026-05-25 23:00:00+00:00,2,102.62,0.0,0.65,65.25,0.15,0.5,0.5,0.19
3575,4,720,2026-05-25 23:00:00+00:00,2,105.79,0.0,2.22,76.01,0.47,10.95,26.63,6.49
3576,5,720,2026-05-25 23:00:00+00:00,1,123.2,0.12,5.23,20.19,0.58,2.05,2.32,0.29
3577,1,721,2026-05-26 00:00:00+00:00,2,181.74,0.0,1.65,17.73,0.14,10.49,14.4,0.81
3578,2,721,2026-05-26 00:00:00+00:00,2,116.84,0.0,9.78,88.44,3.96,11.32,17.14,1.26
3579,3,721,2026-05-26 00:00:00+00:00,2,103.03,0.0,0.53,63.54,0.13,0.5,0.5,0.15
3580,4,721,2026-05-26 00:00:00+00:00,2,104.82,0.0,1.92,71.6,0.4,10.16,22.42,6.52
3581,5,721,2026-05-26 00:00:00+00:00,1,123.7,0.05,5.26,16.9,0.53,2.0,2.26,0.35
3582,1,722,2026-05-26 01:00:00+00:00,2,182.0,0.0,1.62,17.18,0.14,10.55,14.38,0.77
3583,2,722,2026-05-26 01:00:00+00:00,2,115.53,0.0,10.74,78.5,4.09,10.86,16.81,1.25
3584,3,722,2026-05-26 01:00:00+00:00,2,103.19,0.0,0.4,64.96,0.15,0.5,0.5,0.15
3585,4,722,2026-05-26 01:00:00+00:00,2,102.01,0.0,1.69,63.98,0.31,9.45,18.98,6.2
3586,5,722,2026-05-26 01:00:00+00:00,1,125.56,0.09,5.32,10.71,0.36,2.04,2.33,0.55
3587,1,723,2026-05-26 02:00:00+00:00,2,184.23,0.0,1.61,16.8,0.14,10.68,14.51,0.79
3588,2,723,2026-05-26 02:00:00+00:00,2,114.62,0.0,11.45,71.48,4.2,10.52,16.41,1.3
3589,3,723,2026-05-26 02:00:00+00:00,2,104.2,0.0,0.41,66.66,0.22,0.5,0.5,0.18
3590,4,723,2026-05-26 02:00:00+00:00,1,99.86,0.0,1.62,54.91,0.24,9.07,16.8,5.99
3591,5,723,2026-05-26 02:00:00+00:00,1,130.12,0.27,5.84,5.77,0.31,2.17,2.55,0.88
3592,1,724,2026-05-26 03:00:00+00:00,2,187.97,0.0,1.65,16.97,0.16,10.89,14.9,0.87
3593,2,724,2026-05-26 03:00:00+00:00,2,114.16,0.0,11.93,66.34,4.29,10.2,15.84,1.34
3594,3,724,2026-05-26 03:00:00+00:00,2,105.12,0.02,0.5,67.11,0.27,0.5,0.53,0.21
3595,4,724,2026-05-26 03:00:00+00:00,1,98.07,0.0,1.66,46.75,0.19,8.84,15.58,5.75
3596,5,724,2026-05-26 03:00:00+00:00,1,134.61,0.56,6.74,3.22,0.34,2.31,2.73,1.27
3597,1,725,2026-05-26 04:00:00+00:00,2,196.24,0.02,1.77,17.76,0.22,11.17,15.96,1.12
3598,2,725,2026-05-26 04:00:00+00:00,2,114.25,0.0,12.41,62.17,4.34,9.92,15.15,1.3
3599,3,725,2026-05-26 04:00:00+00:00,2,105.83,0.07,0.56,67.26,0.3,0.5,0.55,0.22
3600,4,725,2026-05-26 04:00:00+00:00,1,95.86,0.0,1.84,39.26,0.16,8.62,14.85,5.06
3601,5,725,2026-05-26 04:00:00+00:00,1,137.57,0.76,7.56,1.84,0.4,2.38,2.74,1.6
3602,1,726,2026-05-26 05:00:00+00:00,2,205.69,0.3,1.47,19.21,0.27,11.46,17.07,1.26
3603,2,726,2026-05-26 05:00:00+00:00,1,115.16,0.03,13.12,58.23,4.39,9.73,14.56,1.18
3604,3,726,2026-05-26 05:00:00+00:00,2,106.43,0.13,0.59,67.26,0.3,0.5,0.52,0.23
3605,4,726,2026-05-26 05:00:00+00:00,1,95.31,0.02,2.45,32.91,0.16,8.56,14.76,4.78
3606,5,726,2026-05-26 05:00:00+00:00,1,134.13,0.69,7.1,1.22,0.41,2.39,2.69,1.57
3607,1,727,2026-05-26 06:00:00+00:00,2,209.64,0.35,1.03,25.2,0.28,12.2,18.06,1.23
3608,2,727,2026-05-26 06:00:00+00:00,1,116.53,0.68,13.32,55.59,4.5,9.62,14.16,1.06
3609,3,727,2026-05-26 06:00:00+00:00,2,106.75,0.14,0.54,67.02,0.29,0.5,0.5,0.22
3610,4,727,2026-05-26 06:00:00+00:00,1,95.67,0.43,3.08,27.72,0.18,8.64,15.2,4.71
3611,5,727,2026-05-26 06:00:00+00:00,1,128.7,0.57,5.75,0.86,0.34,2.39,2.66,1.2
3612,1,728,2026-05-26 07:00:00+00:00,1,126.52,0.07,0.26,41.58,0.28,7.56,10.58,0.84
3613,2,728,2026-05-26 07:00:00+00:00,1,117.98,2.06,12.09,54.39,4.53,9.51,13.8,0.97
3614,3,728,2026-05-26 07:00:00+00:00,2,106.3,0.13,0.47,67.24,0.26,0.5,0.5,0.2
3615,4,728,2026-05-26 07:00:00+00:00,1,95.29,1.3,2.87,24.22,0.19,8.7,15.73,4.85
3616,5,728,2026-05-26 07:00:00+00:00,1,123.09,0.46,4.2,0.77,0.24,2.39,2.64,0.65
3617,1,729,2026-05-26 08:00:00+00:00,1,113.62,0.04,0.15,44.56,0.24,6.58,9.12,0.78
3618,2,729,2026-05-26 08:00:00+00:00,1,119.69,3.27,11.02,53.86,4.55,9.5,13.61,0.91
3619,3,729,2026-05-26 08:00:00+00:00,2,105.26,0.1,0.4,68.9,0.25,0.5,0.5,0.21
3620,4,729,2026-05-26 08:00:00+00:00,1,94.0,1.87,2.53,23.18,0.2,8.73,16.05,5.17
3621,5,729,2026-05-26 08:00:00+00:00,1,118.47,0.42,3.31,0.67,0.2,2.37,2.62,0.53
3622,1,730,2026-05-26 09:00:00+00:00,1,110.63,0.03,0.13,45.27,0.23,6.29,8.7,0.78
3623,2,730,2026-05-26 09:00:00+00:00,1,121.77,4.03,10.34,54.48,4.66,9.68,13.72,0.89
3624,3,730,2026-05-26 09:00:00+00:00,2,104.41,0.06,0.35,72.62,0.24,0.5,0.5,0.2
3625,4,730,2026-05-26 09:00:00+00:00,1,92.44,1.83,2.29,26.91,0.23,9.02,16.74,5.6
3626,5,730,2026-05-26 09:00:00+00:00,1,115.64,0.5,2.88,0.56,0.19,2.35,2.6,0.51
3627,1,731,2026-05-26 10:00:00+00:00,1,108.19,0.02,0.12,47.33,0.22,6.06,8.31,0.76
3628,2,731,2026-05-26 10:00:00+00:00,2,123.54,4.26,9.8,56.86,4.77,10.21,14.24,0.9
3629,3,731,2026-05-26 10:00:00+00:00,2,104.72,0.04,0.27,79.36,0.2,0.5,0.5,0.19
3630,4,731,2026-05-26 10:00:00+00:00,2,96.41,0.41,1.37,72.98,0.37,9.97,21.87,6.83
3631,5,731,2026-05-26 10:00:00+00:00,1,115.86,0.72,2.73,0.45,0.19,2.34,2.58,0.49
3632,1,732,2026-05-26 11:00:00+00:00,1,106.71,0.02,0.13,47.71,0.22,5.99,8.12,0.75
3633,2,732,2026-05-26 11:00:00+00:00,2,125.36,4.06,9.15,61.99,4.88,11.34,15.39,0.9
3634,3,732,2026-05-26 11:00:00+00:00,2,104.24,0.04,0.23,83.24,0.17,0.5,0.5,0.2
3635,4,732,2026-05-26 11:00:00+00:00,2,95.48,0.2,0.9,85.89,0.38,10.6,22.73,6.62
3636,5,732,2026-05-26 11:00:00+00:00,1,123.66,1.59,2.92,0.37,0.2,2.37,2.64,0.47
3637,1,733,2026-05-26 12:00:00+00:00,1,106.21,0.02,0.15,47.01,0.21,6.01,8.09,0.74
3638,2,733,2026-05-26 12:00:00+00:00,2,126.36,3.6,8.4,69.37,4.96,13.03,17.1,0.9
3639,3,733,2026-05-26 12:00:00+00:00,2,103.76,0.04,0.21,83.98,0.13,0.5,0.5,0.19
3640,4,733,2026-05-26 12:00:00+00:00,2,95.17,0.15,0.8,90.08,0.39,11.23,23.03,6.57
3641,5,733,2026-05-26 12:00:00+00:00,1,138.49,3.3,3.29,0.59,0.23,2.44,2.75,0.45
3642,1,734,2026-05-26 13:00:00+00:00,1,109.19,0.03,0.27,44.45,0.23,6.2,8.34,0.8
3643,2,734,2026-05-26 13:00:00+00:00,2,126.81,3.09,7.87,77.57,5.08,14.73,18.86,0.91
3644,3,734,2026-05-26 13:00:00+00:00,2,104.64,0.05,0.25,82.76,0.13,0.5,0.5,0.19
3645,4,734,2026-05-26 13:00:00+00:00,3,94.25,0.08,0.5,101.69,0.33,11.46,31.59,5.19
3646,5,734,2026-05-26 13:00:00+00:00,1,150.13,4.05,4.17,1.52,0.32,2.65,2.98,0.39
3647,1,735,2026-05-26 14:00:00+00:00,1,115.67,0.01,0.53,40.48,0.25,6.56,8.91,0.9
3648,2,735,2026-05-26 14:00:00+00:00,2,126.73,2.57,7.54,85.75,5.05,16.05,20.15,0.94
3649,3,735,2026-05-26 14:00:00+00:00,2,105.02,0.06,0.35,80.31,0.15,0.5,0.5,0.21
3650,4,735,2026-05-26 14:00:00+00:00,3,92.83,0.07,0.43,104.31,0.27,11.64,35.9,4.31
3651,5,735,2026-05-26 14:00:00+00:00,1,156.39,3.92,4.75,3.44,0.42,3.01,3.38,0.33
3652,1,736,2026-05-26 15:00:00+00:00,1,122.96,0.0,0.78,37.49,0.26,6.89,9.5,0.96
3653,2,736,2026-05-26 15:00:00+00:00,2,126.93,2.08,7.35,94.14,4.95,16.83,20.76,1.04
3654,3,736,2026-05-26 15:00:00+00:00,2,105.68,0.05,0.41,78.99,0.16,0.5,0.5,0.22
3655,4,736,2026-05-26 15:00:00+00:00,3,92.19,0.07,0.49,104.46,0.25,11.52,35.74,4.06
3656,5,736,2026-05-26 15:00:00+00:00,1,157.33,3.31,5.13,7.24,0.53,3.34,3.71,0.29
3657,1,737,2026-05-26 16:00:00+00:00,1,136.06,0.0,1.09,33.5,0.29,7.46,10.69,1.13
3658,2,737,2026-05-26 16:00:00+00:00,3,127.44,1.71,7.65,102.63,4.96,17.15,20.89,1.16
3659,3,737,2026-05-26 16:00:00+00:00,2,105.61,0.03,0.48,77.27,0.17,0.5,0.5,0.22
3660,4,737,2026-05-26 16:00:00+00:00,3,92.89,0.13,0.89,101.21,0.25,11.52,34.85,4.2
3661,5,737,2026-05-26 16:00:00+00:00,1,140.23,1.44,4.9,27.01,0.74,4.22,4.47,0.06
3662,1,738,2026-05-26 17:00:00+00:00,1,157.88,0.0,1.47,29.22,0.32,8.47,12.72,1.35
3663,2,738,2026-05-26 17:00:00+00:00,3,127.35,1.39,8.48,109.32,5.0,16.97,20.51,1.21
3664,3,738,2026-05-26 17:00:00+00:00,2,107.6,0.01,0.55,76.3,0.19,0.5,0.5,0.22
3665,4,738,2026-05-26 17:00:00+00:00,2,93.9,0.18,1.49,94.01,0.27,11.56,33.47,4.64
3666,5,738,2026-05-26 17:00:00+00:00,1,131.0,0.71,3.98,38.71,0.68,4.96,5.17,0.03
3667,1,739,2026-05-26 18:00:00+00:00,1,178.01,0.0,1.74,25.81,0.33,9.48,14.4,1.44
3668,2,739,2026-05-26 18:00:00+00:00,3,127.54,0.99,9.69,113.7,4.97,16.58,19.97,1.23
3669,3,739,2026-05-26 18:00:00+00:00,2,109.42,0.0,0.61,75.56,0.2,0.5,0.5,0.22
3670,4,739,2026-05-26 18:00:00+00:00,2,95.17,0.15,2.02,87.53,0.3,11.57,32.3,5.11
3671,5,739,2026-05-26 18:00:00+00:00,1,128.66,0.47,3.39,44.95,0.62,5.32,5.52,0.03
3672,1,740,2026-05-26 19:00:00+00:00,2,194.24,0.0,1.93,23.05,0.34,10.35,15.71,1.51
3673,2,740,2026-05-26 19:00:00+00:00,3,128.97,0.43,11.17,116.73,4.97,16.27,19.59,1.27
3674,3,740,2026-05-26 19:00:00+00:00,2,109.38,0.0,0.69,71.75,0.2,0.5,0.5,0.25
3675,4,740,2026-05-26 19:00:00+00:00,2,96.62,0.07,2.89,75.35,0.32,11.57,30.57,5.91
3676,5,740,2026-05-26 19:00:00+00:00,1,129.34,0.35,3.04,49.74,0.59,5.6,5.79,0.05
3677,1,741,2026-05-26 20:00:00+00:00,2,204.97,0.0,2.06,21.43,0.35,10.89,16.4,1.57
3678,2,741,2026-05-26 20:00:00+00:00,3,129.84,0.04,12.01,115.83,4.99,15.89,19.26,1.3
3679,3,741,2026-05-26 20:00:00+00:00,2,108.73,0.0,0.79,66.2,0.2,0.5,0.5,0.28
3680,4,741,2026-05-26 20:00:00+00:00,2,99.3,0.0,3.83,60.95,0.34,11.7,28.82,7.04
3681,5,741,2026-05-26 20:00:00+00:00,1,131.53,0.32,3.14,49.73,0.58,5.72,5.93,0.11
3682,1,742,2026-05-26 21:00:00+00:00,2,204.86,0.0,2.07,20.69,0.34,10.81,15.98,1.59
3683,2,742,2026-05-26 21:00:00+00:00,3,130.88,0.0,12.04,113.13,5.04,15.59,19.19,1.33
3684,3,742,2026-05-26 21:00:00+00:00,2,106.9,0.0,0.82,61.11,0.19,0.5,0.5,0.3
3685,4,742,2026-05-26 21:00:00+00:00,2,102.62,0.0,4.64,50.84,0.35,11.86,27.28,8.08
3686,5,742,2026-05-26 21:00:00+00:00,1,135.14,0.33,3.67,47.89,0.6,5.79,6.01,0.18
3687,1,743,2026-05-26 22:00:00+00:00,2,201.97,0.0,2.04,20.36,0.34,10.51,15.29,1.75
3688,2,743,2026-05-26 22:00:00+00:00,3,131.85,0.0,12.18,109.56,5.02,15.37,19.29,1.28
3689,3,743,2026-05-26 22:00:00+00:00,1,104.51,0.0,0.84,57.25,0.2,0.5,0.5,0.32
3690,4,743,2026-05-26 22:00:00+00:00,2,104.77,0.0,5.19,42.66,0.34,11.88,25.57,8.6
3691,5,743,2026-05-26 22:00:00+00:00,1,139.87,0.3,4.57,43.14,0.6,5.85,6.1,0.25
3692,1,744,2026-05-26 23:00:00+00:00,2,204.16,0.0,2.08,19.82,0.36,10.51,15.21,2.0
3693,2,744,2026-05-26 23:00:00+00:00,3,133.36,0.0,12.26,105.85,4.94,15.27,19.58,1.19
3694,3,744,2026-05-26 23:00:00+00:00,1,103.01,0.0,0.87,56.27,0.21,0.5,0.5,0.34
3695,4,744,2026-05-26 23:00:00+00:00,2,110.09,0.0,5.33,36.75,0.35,12.1,24.44,8.4
3696,5,744,2026-05-26 23:00:00+00:00,1,144.59,0.18,5.6,35.34,0.61,5.78,6.09,0.32
3697,1,745,2026-05-27 00:00:00+00:00,2,206.46,0.0,2.13,19.66,0.39,10.5,15.24,2.26
3698,2,745,2026-05-27 00:00:00+00:00,3,135.06,0.0,12.47,101.74,4.91,15.28,20.01,1.13
3699,3,745,2026-05-27 00:00:00+00:00,1,102.51,0.0,0.91,57.46,0.24,0.5,0.5,0.37
3700,4,745,2026-05-27 00:00:00+00:00,2,116.07,0.0,5.2,33.12,0.36,12.28,23.31,8.12
3701,5,745,2026-05-27 00:00:00+00:00,1,147.45,0.04,6.33,28.09,0.64,5.51,5.89,0.35
3702,1,746,2026-05-27 01:00:00+00:00,2,207.02,0.0,2.14,19.66,0.41,10.39,15.1,2.46
3703,2,746,2026-05-27 01:00:00+00:00,2,136.32,0.0,12.89,96.3,4.93,15.4,20.53,1.1
3704,3,746,2026-05-27 01:00:00+00:00,2,102.89,0.0,0.97,60.07,0.27,0.5,0.5,0.42
3705,4,746,2026-05-27 01:00:00+00:00,2,118.11,0.0,4.76,30.68,0.36,12.19,21.97,6.95
3706,5,746,2026-05-27 01:00:00+00:00,1,148.73,0.01,6.65,22.21,0.69,5.15,5.56,0.36
3707,1,747,2026-05-27 02:00:00+00:00,2,207.08,0.0,2.1,19.22,0.39,10.21,14.84,2.41
3708,2,747,2026-05-27 02:00:00+00:00,2,137.33,0.0,13.33,89.15,4.87,15.45,20.82,1.17
3709,3,747,2026-05-27 02:00:00+00:00,1,102.69,0.0,1.11,59.72,0.3,0.5,0.5,0.47
3710,4,747,2026-05-27 02:00:00+00:00,2,117.6,0.0,4.3,28.62,0.32,12.13,21.2,5.75
3711,5,747,2026-05-27 02:00:00+00:00,1,150.82,0.01,6.9,16.93,0.72,4.87,5.29,0.33
3712,1,748,2026-05-27 03:00:00+00:00,2,208.03,0.0,2.05,18.57,0.33,10.05,14.61,1.94
3713,2,748,2026-05-27 03:00:00+00:00,2,136.87,0.0,13.72,80.33,4.71,15.42,20.83,1.35
3714,3,748,2026-05-27 03:00:00+00:00,1,102.67,0.06,1.3,58.82,0.34,0.5,0.5,0.56
3715,4,748,2026-05-27 03:00:00+00:00,2,114.92,0.0,3.93,26.67,0.28,12.01,20.81,4.76
3716,5,748,2026-05-27 03:00:00+00:00,1,151.86,0.02,7.03,12.68,0.72,4.55,4.95,0.3
3717,1,749,2026-05-27 04:00:00+00:00,1,212.16,0.02,2.05,18.2,0.26,9.82,14.74,1.07
3718,2,749,2026-05-27 04:00:00+00:00,2,135.16,0.0,14.03,71.6,4.55,15.27,20.56,1.66
3719,3,749,2026-05-27 04:00:00+00:00,1,103.12,0.2,1.35,58.03,0.39,0.5,0.5,0.68
3720,4,749,2026-05-27 04:00:00+00:00,2,110.55,0.0,3.73,25.04,0.26,11.7,20.37,4.23
3721,5,749,2026-05-27 04:00:00+00:00,1,148.48,0.03,6.7,9.74,0.71,4.1,4.46,0.28
3722,1,750,2026-05-27 05:00:00+00:00,1,216.25,0.29,1.67,19.26,0.26,9.55,15.11,0.88
3723,2,750,2026-05-27 05:00:00+00:00,2,134.69,0.03,14.25,66.26,4.47,15.47,20.59,1.9
3724,3,750,2026-05-27 05:00:00+00:00,1,102.68,0.28,1.33,57.43,0.43,0.5,0.5,0.81
3725,4,750,2026-05-27 05:00:00+00:00,2,108.3,0.06,4.16,24.48,0.3,11.48,20.27,4.4
3726,5,750,2026-05-27 05:00:00+00:00,1,141.95,0.02,5.85,8.4,0.69,3.6,3.92,0.26
3727,1,751,2026-05-27 06:00:00+00:00,1,212.62,0.32,1.13,25.2,0.26,9.6,15.23,1.01
3728,2,751,2026-05-27 06:00:00+00:00,2,136.32,0.65,13.54,66.18,4.58,17.39,22.39,2.0
3729,3,751,2026-05-27 06:00:00+00:00,1,102.06,0.27,1.27,58.86,0.49,0.5,0.5,0.91
3730,4,751,2026-05-27 06:00:00+00:00,2,107.85,0.67,4.44,26.27,0.36,11.31,20.27,4.84
3731,5,751,2026-05-27 06:00:00+00:00,1,133.1,0.02,4.79,8.1,0.63,3.15,3.41,0.25
3732,1,752,2026-05-27 07:00:00+00:00,1,127.51,0.06,0.25,43.14,0.24,4.71,7.34,0.87
3733,2,752,2026-05-27 07:00:00+00:00,2,139.93,1.53,11.34,72.47,4.72,21.5,26.37,2.05
3734,3,752,2026-05-27 07:00:00+00:00,2,104.05,0.17,0.97,72.76,0.43,0.5,0.5,0.66
3735,4,752,2026-05-27 07:00:00+00:00,2,107.34,1.38,4.0,31.3,0.42,11.03,19.94,5.61
3736,5,752,2026-05-27 07:00:00+00:00,1,124.42,0.01,3.8,8.59,0.58,2.76,2.95,0.22
3737,1,753,2026-05-27 08:00:00+00:00,1,113.77,0.03,0.13,47.56,0.2,4.06,6.09,0.75
3738,2,753,2026-05-27 08:00:00+00:00,3,146.81,2.0,9.74,79.44,4.75,25.69,30.26,2.06
3739,3,753,2026-05-27 08:00:00+00:00,2,105.09,0.12,0.66,79.66,0.3,0.5,0.5,0.39
3740,4,753,2026-05-27 08:00:00+00:00,2,106.41,1.87,3.73,33.23,0.47,10.87,18.87,5.81
3741,5,753,2026-05-27 08:00:00+00:00,1,117.26,0.01,3.11,9.18,0.53,2.51,2.66,0.2
3742,1,754,2026-05-27 09:00:00+00:00,1,109.55,0.03,0.11,48.34,0.19,3.87,5.72,0.71
3743,2,754,2026-05-27 09:00:00+00:00,3,153.96,2.09,8.58,86.9,4.93,30.5,34.86,1.99
3744,3,754,2026-05-27 09:00:00+00:00,2,106.31,0.1,0.52,80.84,0.23,0.5,0.5,0.24
3745,4,754,2026-05-27 09:00:00+00:00,2,105.66,1.72,3.44,41.4,0.59,11.1,18.12,5.9
3746,5,754,2026-05-27 09:00:00+00:00,1,113.13,0.01,2.8,9.83,0.52,2.44,2.58,0.19
3747,1,755,2026-05-27 10:00:00+00:00,1,105.41,0.02,0.1,51.86,0.17,3.71,5.18,0.64
3748,2,755,2026-05-27 10:00:00+00:00,3,159.68,1.8,7.21,98.43,5.06,36.27,40.52,1.86
3749,3,755,2026-05-27 10:00:00+00:00,2,106.28,0.11,0.5,76.04,0.21,0.5,0.5,0.19
3750,4,755,2026-05-27 10:00:00+00:00,3,107.25,0.25,1.34,110.22,0.84,10.98,22.78,4.93
3751,5,755,2026-05-27 10:00:00+00:00,1,111.89,0.02,2.8,10.33,0.52,2.49,2.66,0.2
3752,1,756,2026-05-27 11:00:00+00:00,1,100.26,0.02,0.1,54.39,0.16,3.45,4.64,0.57
3753,2,756,2026-05-27 11:00:00+00:00,3,164.23,1.3,5.72,115.83,5.0,41.99,46.34,1.66
3754,3,756,2026-05-27 11:00:00+00:00,2,106.59,0.14,0.55,69.5,0.21,0.5,0.5,0.19
3755,4,756,2026-05-27 11:00:00+00:00,3,104.27,0.12,0.74,118.12,0.73,11.14,23.08,4.46
3756,5,756,2026-05-27 11:00:00+00:00,1,113.8,0.08,3.2,10.09,0.55,2.55,2.78,0.22
3757,1,757,2026-05-27 12:00:00+00:00,1,97.63,0.02,0.11,54.84,0.15,3.3,4.37,0.53
3758,2,757,2026-05-27 12:00:00+00:00,3,167.85,0.85,4.48,138.35,5.07,47.36,52.06,1.61
3759,3,757,2026-05-27 12:00:00+00:00,2,106.81,0.16,0.6,64.89,0.21,0.5,0.5,0.22
3760,4,757,2026-05-27 12:00:00+00:00,3,102.27,0.09,0.61,120.59,0.68,10.85,21.57,4.25
3761,5,757,2026-05-27 12:00:00+00:00,1,118.1,0.48,3.49,10.38,0.58,2.51,2.79,0.24
3762,1,758,2026-05-27 13:00:00+00:00,1,101.62,0.03,0.24,51.96,0.17,3.57,4.86,0.66
3763,2,758,2026-05-27 13:00:00+00:00,4,170.09,0.59,3.82,162.18,5.37,51.26,56.43,1.86
3764,3,758,2026-05-27 13:00:00+00:00,2,107.94,0.17,0.69,63.29,0.22,0.5,0.5,0.24
3765,4,758,2026-05-27 13:00:00+00:00,3,100.34,0.08,0.54,123.08,0.6,10.07,20.0,3.93
3766,5,758,2026-05-27 13:00:00+00:00,1,121.1,0.85,3.4,12.72,0.62,2.4,2.69,0.23
3767,1,759,2026-05-27 14:00:00+00:00,1,111.38,0.03,0.53,47.65,0.22,4.18,5.9,0.89
3768,2,759,2026-05-27 14:00:00+00:00,5,172.04,0.46,3.58,180.35,5.64,54.9,60.67,2.06
3769,3,759,2026-05-27 14:00:00+00:00,2,107.31,0.14,0.73,63.77,0.21,0.5,0.5,0.22
3770,4,759,2026-05-27 14:00:00+00:00,3,99.79,0.08,0.59,123.53,0.59,9.73,18.52,3.9
3771,5,759,2026-05-27 14:00:00+00:00,1,121.64,1.04,3.02,15.48,0.59,2.34,2.66,0.23
3772,1,760,2026-05-27 15:00:00+00:00,1,121.96,0.0,0.89,43.87,0.25,4.75,6.94,1.05
3773,2,760,2026-05-27 15:00:00+00:00,5,172.51,0.39,3.63,191.39,5.66,57.26,63.74,2.27
3774,3,760,2026-05-27 15:00:00+00:00,2,105.43,0.09,0.67,65.16,0.2,0.5,0.5,0.2
3775,4,760,2026-05-27 15:00:00+00:00,3,100.1,0.08,0.72,124.71,0.6,9.57,17.21,4.05
3776,5,760,2026-05-27 15:00:00+00:00,1,121.3,0.95,2.68,19.28,0.51,2.4,2.71,0.24
3777,1,761,2026-05-27 16:00:00+00:00,1,138.42,0.0,1.26,38.88,0.29,5.53,8.52,1.28
3778,2,761,2026-05-27 16:00:00+00:00,5,170.21,0.29,4.28,194.89,5.38,55.4,62.33,2.49
3779,3,761,2026-05-27 16:00:00+00:00,2,104.41,0.05,0.63,64.4,0.18,0.5,0.5,0.22
3780,4,761,2026-05-27 16:00:00+00:00,3,101.62,0.1,0.97,124.92,0.62,9.53,16.17,4.33
3781,5,761,2026-05-27 16:00:00+00:00,1,121.54,0.71,2.33,25.52,0.43,2.68,2.96,0.24
3782,1,762,2026-05-27 17:00:00+00:00,1,163.39,0.0,1.69,33.77,0.33,6.7,10.61,1.46
3783,2,762,2026-05-27 17:00:00+00:00,5,162.58,0.2,5.21,189.0,4.98,48.2,55.43,2.54
3784,3,762,2026-05-27 17:00:00+00:00,1,104.04,0.02,0.71,58.94,0.19,0.5,0.5,0.26
3785,4,762,2026-05-27 17:00:00+00:00,3,103.15,0.11,1.26,123.28,0.62,9.54,15.28,4.7
3786,5,762,2026-05-27 17:00:00+00:00,1,120.79,0.48,1.99,32.76,0.37,3.21,3.44,0.24
3787,1,763,2026-05-27 18:00:00+00:00,1,186.25,0.0,1.99,29.64,0.34,7.77,12.25,1.41
3788,2,763,2026-05-27 18:00:00+00:00,4,153.84,0.09,6.14,178.38,4.68,39.01,46.71,2.57
3789,3,763,2026-05-27 18:00:00+00:00,1,104.12,0.0,0.78,54.37,0.19,0.5,0.5,0.26
3790,4,763,2026-05-27 18:00:00+00:00,3,104.34,0.08,1.52,120.59,0.63,9.37,14.26,5.06
3791,5,763,2026-05-27 18:00:00+00:00,1,120.04,0.38,1.76,38.72,0.34,3.79,3.98,0.24
3792,1,764,2026-05-27 19:00:00+00:00,1,203.14,0.0,2.17,25.53,0.3,8.41,13.1,1.05
3793,2,764,2026-05-27 19:00:00+00:00,4,144.14,0.02,6.52,163.95,4.45,29.58,36.91,2.64
3794,3,764,2026-05-27 19:00:00+00:00,1,103.43,0.0,0.83,50.93,0.19,0.5,0.5,0.26
3795,4,764,2026-05-27 19:00:00+00:00,3,105.19,0.04,2.17,107.63,0.62,9.19,13.07,5.64
3796,5,764,2026-05-27 19:00:00+00:00,1,118.35,0.27,1.69,43.24,0.34,4.01,4.19,0.25
3797,1,765,2026-05-27 20:00:00+00:00,1,213.31,0.0,2.24,22.79,0.26,8.65,13.42,0.86
3798,2,765,2026-05-27 20:00:00+00:00,4,135.34,0.0,6.71,146.66,4.18,20.79,28.11,2.72
3799,3,765,2026-05-27 20:00:00+00:00,1,103.85,0.0,0.83,49.97,0.18,0.5,0.5,0.25
3800,4,765,2026-05-27 20:00:00+00:00,2,107.36,0.0,2.93,90.44,0.61,9.18,12.26,6.33
3801,5,765,2026-05-27 20:00:00+00:00,1,115.62,0.18,2.01,41.94,0.37,3.58,3.76,0.28
3802,1,766,2026-05-27 21:00:00+00:00,1,210.71,0.0,2.16,21.09,0.2,8.35,12.8,0.74
3803,2,766,2026-05-27 21:00:00+00:00,3,129.93,0.0,6.81,130.47,3.96,14.87,22.73,2.91
3804,3,766,2026-05-27 21:00:00+00:00,1,104.19,0.0,0.77,50.24,0.17,0.5,0.5,0.24
3805,4,766,2026-05-27 21:00:00+00:00,2,109.81,0.0,3.49,77.89,0.58,9.19,11.74,6.62
3806,5,766,2026-05-27 21:00:00+00:00,1,114.39,0.15,2.45,40.01,0.41,2.99,3.16,0.33
3807,1,767,2026-05-27 22:00:00+00:00,1,204.99,0.0,2.06,20.4,0.2,8.01,12.15,0.92
3808,2,767,2026-05-27 22:00:00+00:00,3,127.59,0.0,6.96,117.78,3.88,11.96,20.69,3.0
3809,3,767,2026-05-27 22:00:00+00:00,1,104.03,0.0,0.69,51.15,0.16,0.5,0.5,0.22
3810,4,767,2026-05-27 22:00:00+00:00,2,109.14,0.0,3.6,68.46,0.53,9.01,11.19,6.56
3811,5,767,2026-05-27 22:00:00+00:00,1,116.24,0.14,3.01,37.22,0.43,2.44,2.6,0.34
3812,1,768,2026-05-27 23:00:00+00:00,1,202.78,0.0,2.03,20.21,0.24,7.87,11.92,1.22
3813,2,768,2026-05-27 23:00:00+00:00,3,127.12,0.0,7.53,108.88,3.96,11.23,20.24,2.64
3814,3,768,2026-05-27 23:00:00+00:00,1,104.28,0.0,0.67,51.11,0.16,0.5,0.5,0.21
3815,4,768,2026-05-27 23:00:00+00:00,2,109.51,0.0,3.31,62.6,0.5,9.05,11.09,6.73
3816,5,768,2026-05-27 23:00:00+00:00,1,118.92,0.11,3.48,32.24,0.39,2.13,2.31,0.33
3817,1,769,2026-05-28 00:00:00+00:00,1,200.47,0.0,1.99,20.24,0.27,7.73,11.76,1.49
3818,2,769,2026-05-28 00:00:00+00:00,3,128.77,0.0,7.92,104.15,4.0,12.0,20.52,2.53
3819,3,769,2026-05-28 00:00:00+00:00,1,104.8,0.0,0.68,50.88,0.18,0.5,0.5,0.2
3820,4,769,2026-05-28 00:00:00+00:00,1,109.34,0.0,2.89,57.7,0.47,9.19,11.27,6.89
3821,5,769,2026-05-28 00:00:00+00:00,1,120.38,0.03,3.64,27.92,0.34,1.93,2.14,0.3
3822,1,770,2026-05-28 01:00:00+00:00,1,197.82,0.0,1.95,20.62,0.3,7.53,11.51,1.75
3823,2,770,2026-05-28 01:00:00+00:00,2,130.51,0.0,8.44,99.12,4.08,13.35,21.31,2.55
3824,3,770,2026-05-28 01:00:00+00:00,1,105.66,0.0,0.75,51.84,0.24,0.5,0.5,0.18
3825,4,770,2026-05-28 01:00:00+00:00,1,107.02,0.0,2.54,51.3,0.41,9.24,11.49,6.66
3826,5,770,2026-05-28 01:00:00+00:00,1,118.14,0.01,3.54,23.12,0.27,1.82,2.04,0.29
3827,1,771,2026-05-28 02:00:00+00:00,1,195.12,0.0,1.91,21.29,0.33,7.3,11.24,1.99
3828,2,771,2026-05-28 02:00:00+00:00,2,130.68,0.0,9.34,92.55,4.25,14.2,21.18,2.6
3829,3,771,2026-05-28 02:00:00+00:00,1,107.88,0.0,0.91,53.42,0.3,0.5,0.5,0.18
3830,4,771,2026-05-28 02:00:00+00:00,1,104.32,0.0,2.32,43.63,0.31,9.37,11.83,5.56
3831,5,771,2026-05-28 02:00:00+00:00,1,117.97,0.01,3.44,19.12,0.25,1.81,2.1,0.3
3832,1,772,2026-05-28 03:00:00+00:00,1,193.41,0.0,1.89,22.18,0.36,7.14,11.13,2.23
3833,2,772,2026-05-28 03:00:00+00:00,2,129.12,0.0,10.23,84.75,4.4,14.37,20.19,2.73
3834,3,772,2026-05-28 03:00:00+00:00,1,110.46,0.01,1.18,55.63,0.34,0.5,0.5,0.18
3835,4,772,2026-05-28 03:00:00+00:00,1,101.15,0.0,2.22,36.68,0.24,9.5,12.22,4.33
3836,5,772,2026-05-28 03:00:00+00:00,1,117.36,0.02,3.32,16.43,0.25,1.88,2.25,0.32
3837,1,773,2026-05-28 04:00:00+00:00,1,192.44,0.02,1.88,23.54,0.36,6.95,11.47,1.94
3838,2,773,2026-05-28 04:00:00+00:00,2,128.51,0.0,11.09,78.21,4.46,14.36,19.37,2.79
3839,3,773,2026-05-28 04:00:00+00:00,2,111.91,0.03,1.31,60.09,0.32,0.5,0.5,0.15
3840,4,773,2026-05-28 04:00:00+00:00,1,97.32,0.0,2.27,30.87,0.2,9.52,12.5,3.63
3841,5,773,2026-05-28 04:00:00+00:00,1,115.7,0.02,3.05,14.92,0.27,2.04,2.44,0.31
3842,1,774,2026-05-28 05:00:00+00:00,1,195.95,0.25,1.54,24.19,0.31,7.02,12.18,1.21
3843,2,774,2026-05-28 05:00:00+00:00,2,128.84,0.02,12.09,72.74,4.51,14.39,19.01,2.5
3844,3,774,2026-05-28 05:00:00+00:00,2,111.5,0.05,1.19,64.86,0.25,0.5,0.5,0.14
3845,4,774,2026-05-28 05:00:00+00:00,1,96.18,0.03,2.94,26.88,0.21,9.62,12.94,3.71
3846,5,774,2026-05-28 05:00:00+00:00,1,113.25,0.01,2.63,14.01,0.27,2.19,2.59,0.29
3847,1,775,2026-05-28 06:00:00+00:00,1,197.57,0.31,1.07,29.24,0.29,7.67,12.94,1.13
3848,2,775,2026-05-28 06:00:00+00:00,2,129.82,0.46,13.07,68.9,4.67,14.63,19.08,2.16
3849,3,775,2026-05-28 06:00:00+00:00,2,109.72,0.06,0.97,68.14,0.2,0.5,0.5,0.14
3850,4,775,2026-05-28 06:00:00+00:00,1,96.75,0.55,3.61,25.4,0.23,9.76,13.44,4.08
3851,5,775,2026-05-28 06:00:00+00:00,1,110.63,0.01,2.27,13.19,0.25,2.19,2.57,0.29
3852,1,776,2026-05-28 07:00:00+00:00,1,115.27,0.06,0.26,46.07,0.27,3.58,5.63,0.73
3853,2,776,2026-05-28 07:00:00+00:00,2,131.03,1.45,12.95,66.05,4.84,14.96,19.28,1.86
3854,3,776,2026-05-28 07:00:00+00:00,2,107.47,0.07,0.71,71.4,0.16,0.5,0.5,0.14
3855,4,776,2026-05-28 07:00:00+00:00,1,97.56,1.17,3.27,30.69,0.28,9.84,13.86,4.84
3856,5,776,2026-05-28 07:00:00+00:00,1,108.19,0.01,2.01,12.51,0.21,2.02,2.39,0.28
3857,1,777,2026-05-28 08:00:00+00:00,1,104.56,0.03,0.15,49.43,0.21,3.23,4.77,0.61
3858,2,777,2026-05-28 08:00:00+00:00,2,133.21,2.49,12.77,64.2,5.01,15.48,19.71,1.62
3859,3,777,2026-05-28 08:00:00+00:00,2,104.93,0.07,0.51,74.5,0.14,0.5,0.5,0.14
3860,4,777,2026-05-28 08:00:00+00:00,1,95.72,1.67,2.87,29.35,0.27,9.83,13.82,5.14
3861,5,777,2026-05-28 08:00:00+00:00,1,106.56,0.01,1.79,12.14,0.17,1.74,2.1,0.28
3862,1,778,2026-05-28 09:00:00+00:00,1,99.85,0.03,0.12,50.41,0.2,3.11,4.47,0.56
3863,2,778,2026-05-28 09:00:00+00:00,2,135.76,3.54,12.51,64.24,5.25,16.29,20.5,1.57
3864,3,778,2026-05-28 09:00:00+00:00,2,103.94,0.07,0.39,78.42,0.13,0.5,0.5,0.14
3865,4,778,2026-05-28 09:00:00+00:00,2,93.55,1.64,2.48,31.16,0.28,10.05,13.97,5.51
3866,5,778,2026-05-28 09:00:00+00:00,1,106.09,0.01,1.72,12.99,0.18,1.54,1.89,0.27
3867,1,779,2026-05-28 10:00:00+00:00,1,98.38,0.02,0.13,51.95,0.19,3.12,4.38,0.55
3868,2,779,2026-05-28 10:00:00+00:00,2,137.63,2.89,14.79,62.45,5.44,17.28,21.53,1.52
3869,3,779,2026-05-28 10:00:00+00:00,2,105.5,0.06,0.36,83.56,0.11,0.5,0.5,0.13
3870,4,779,2026-05-28 10:00:00+00:00,3,102.39,0.23,1.06,105.96,0.96,10.49,16.58,5.85
3871,5,779,2026-05-28 10:00:00+00:00,1,108.59,0.01,1.88,16.24,0.27,1.78,2.14,0.25
3872,1,780,2026-05-28 11:00:00+00:00,1,99.48,0.03,0.15,52.14,0.2,3.34,4.65,0.62
3873,2,780,2026-05-28 11:00:00+00:00,2,139.47,3.44,15.77,62.05,5.83,18.53,22.81,1.44
3874,3,780,2026-05-28 11:00:00+00:00,2,106.46,0.06,0.41,85.39,0.12,0.5,0.5,0.13
3875,4,780,2026-05-28 11:00:00+00:00,3,100.44,0.12,0.71,112.13,0.87,10.58,18.33,5.28
3876,5,780,2026-05-28 11:00:00+00:00,1,116.02,0.1,2.39,20.69,0.42,2.68,3.06,0.27
3877,1,781,2026-05-28 12:00:00+00:00,1,100.4,0.03,0.19,52.24,0.21,3.53,4.89,0.69
3878,2,781,2026-05-28 12:00:00+00:00,2,140.2,4.1,17.54,61.19,6.65,19.81,24.2,1.4
3879,3,781,2026-05-28 12:00:00+00:00,2,106.7,0.05,0.48,84.45,0.13,0.5,0.5,0.13
3880,4,781,2026-05-28 12:00:00+00:00,3,99.28,0.09,0.67,112.15,0.8,10.84,19.34,5.1
3881,5,781,2026-05-28 12:00:00+00:00,1,127.18,0.65,2.67,27.6,0.64,3.98,4.4,0.34
3882,1,782,2026-05-28 13:00:00+00:00,1,106.75,0.04,0.34,50.05,0.24,3.98,5.58,0.88
3883,2,782,2026-05-28 13:00:00+00:00,2,140.55,4.7,20.42,58.15,7.65,21.01,25.29,1.45
3884,3,782,2026-05-28 13:00:00+00:00,2,106.92,0.05,0.57,81.18,0.14,0.5,0.5,0.13
3885,4,782,2026-05-28 13:00:00+00:00,3,99.46,0.06,0.65,118.05,0.85,10.41,19.09,4.85
3886,5,782,2026-05-28 13:00:00+00:00,1,135.97,0.93,2.59,40.99,1.02,5.47,5.94,0.53
3887,1,783,2026-05-28 14:00:00+00:00,1,117.53,0.03,0.68,45.72,0.26,4.61,6.61,1.1
3888,2,783,2026-05-28 14:00:00+00:00,2,141.07,5.21,23.43,55.25,8.74,22.89,26.91,1.46
3889,3,783,2026-05-28 14:00:00+00:00,2,107.24,0.05,0.62,76.64,0.14,0.5,0.5,0.14
3890,4,783,2026-05-28 14:00:00+00:00,3,99.42,0.08,0.75,117.28,0.8,10.23,18.32,4.69
3891,5,783,2026-05-28 14:00:00+00:00,1,138.55,0.81,2.23,52.3,1.3,6.57,7.12,0.85
3892,1,784,2026-05-28 15:00:00+00:00,1,129.39,0.0,1.05,41.5,0.28,5.22,7.65,1.22
3893,2,784,2026-05-28 15:00:00+00:00,2,141.49,5.22,26.44,53.31,9.85,24.41,28.14,1.53
3894,3,784,2026-05-28 15:00:00+00:00,2,107.28,0.04,0.62,73.24,0.14,0.5,0.5,0.14
3895,4,784,2026-05-28 15:00:00+00:00,3,100.07,0.11,0.95,116.6,0.76,10.31,17.84,4.71
3896,5,784,2026-05-28 15:00:00+00:00,2,137.57,0.54,1.7,65.22,1.46,7.47,8.08,1.11
3897,1,785,2026-05-28 16:00:00+00:00,1,140.49,0.0,1.31,36.71,0.27,5.71,8.64,1.19
3898,2,785,2026-05-28 16:00:00+00:00,3,142.19,4.97,28.65,53.51,10.79,26.34,30.14,1.44
3899,3,785,2026-05-28 16:00:00+00:00,2,107.14,0.03,0.74,69.18,0.16,0.5,0.5,0.18
3900,4,785,2026-05-28 16:00:00+00:00,3,101.68,0.13,1.3,115.71,0.75,10.59,17.92,4.92
3901,5,785,2026-05-28 16:00:00+00:00,2,130.0,0.29,1.07,80.73,1.25,6.33,6.86,1.2
3902,1,786,2026-05-28 17:00:00+00:00,1,152.9,0.0,1.48,32.92,0.27,6.21,9.63,0.98
3903,2,786,2026-05-28 17:00:00+00:00,3,142.07,4.1,28.57,59.47,10.03,27.97,32.4,1.35
3904,3,786,2026-05-28 17:00:00+00:00,2,107.71,0.01,0.9,64.45,0.19,0.5,0.5,0.21
3905,4,786,2026-05-28 17:00:00+00:00,3,104.24,0.1,1.73,113.87,0.75,10.84,18.1,5.19
3906,5,786,2026-05-28 17:00:00+00:00,2,123.0,0.2,0.8,85.74,0.94,5.05,5.5,1.01
3907,1,787,2026-05-28 18:00:00+00:00,1,162.83,0.0,1.57,30.27,0.25,6.61,10.19,0.73
3908,2,787,2026-05-28 18:00:00+00:00,3,140.49,2.35,26.05,72.5,8.14,28.28,33.97,1.44
3909,3,787,2026-05-28 18:00:00+00:00,2,108.29,0.0,0.97,61.1,0.2,0.5,0.5,0.2
3910,4,787,2026-05-28 18:00:00+00:00,3,106.56,0.05,2.1,111.72,0.74,10.78,17.99,5.4
3911,5,787,2026-05-28 18:00:00+00:00,2,120.08,0.19,0.74,87.64,0.79,4.41,4.8,0.85
3912,1,788,2026-05-28 19:00:00+00:00,1,172.54,0.0,1.67,27.27,0.24,7.1,10.98,0.62
3913,2,788,2026-05-28 19:00:00+00:00,3,136.02,0.83,22.4,86.32,6.42,25.23,32.32,1.62
3914,3,788,2026-05-28 19:00:00+00:00,1,107.39,0.0,1.0,57.42,0.19,0.5,0.5,0.23
3915,4,788,2026-05-28 19:00:00+00:00,3,108.28,0.02,2.72,102.03,0.72,11.08,18.18,5.89
3916,5,788,2026-05-28 19:00:00+00:00,2,118.88,0.18,0.74,88.66,0.71,3.9,4.26,0.74
3917,1,789,2026-05-28 20:00:00+00:00,1,183.02,0.0,1.79,24.08,0.21,7.67,11.86,0.57
3918,2,789,2026-05-28 20:00:00+00:00,2,132.06,0.06,19.77,92.33,5.44,21.83,29.76,1.39
3919,3,789,2026-05-28 20:00:00+00:00,1,106.84,0.0,1.03,54.11,0.19,0.5,0.5,0.26
3920,4,789,2026-05-28 20:00:00+00:00,2,111.27,0.0,3.46,88.3,0.68,11.77,18.83,6.35
3921,5,789,2026-05-28 20:00:00+00:00,2,118.87,0.2,0.87,87.59,0.67,3.55,3.89,0.68
3922,1,790,2026-05-28 21:00:00+00:00,1,184.44,0.0,1.8,21.41,0.16,7.76,11.75,0.5
3923,2,790,2026-05-28 21:00:00+00:00,2,129.57,0.0,17.13,94.05,5.0,19.68,27.76,0.98
3924,3,790,2026-05-28 21:00:00+00:00,1,105.83,0.0,1.01,51.45,0.19,0.5,0.5,0.27
3925,4,790,2026-05-28 21:00:00+00:00,2,113.31,0.0,3.93,77.18,0.61,12.12,19.13,6.44
3926,5,790,2026-05-28 21:00:00+00:00,2,120.1,0.25,1.16,85.62,0.7,3.32,3.65,0.63
3927,1,791,2026-05-28 22:00:00+00:00,1,182.41,0.0,1.74,19.28,0.13,7.67,11.33,0.49
3928,2,791,2026-05-28 22:00:00+00:00,2,128.98,0.0,16.38,92.16,5.04,18.03,25.9,0.73
3929,3,791,2026-05-28 22:00:00+00:00,1,104.24,0.0,0.96,49.47,0.19,0.5,0.5,0.26
3930,4,791,2026-05-28 22:00:00+00:00,2,111.59,0.0,4.0,67.0,0.49,11.84,18.54,6.38
3931,5,791,2026-05-28 22:00:00+00:00,2,123.26,0.33,1.75,80.87,0.78,3.18,3.51,0.62
3932,1,792,2026-05-28 23:00:00+00:00,1,181.51,0.0,1.69,17.55,0.12,7.62,11.06,0.5
3933,2,792,2026-05-28 23:00:00+00:00,2,128.75,0.0,18.83,82.82,5.54,17.11,24.58,0.66
3934,3,792,2026-05-28 23:00:00+00:00,1,103.44,0.0,0.91,49.01,0.19,0.5,0.5,0.24
3935,4,792,2026-05-28 23:00:00+00:00,2,109.35,0.0,3.67,58.61,0.37,11.28,17.57,6.31
3936,5,792,2026-05-28 23:00:00+00:00,2,127.04,0.33,2.5,73.59,0.85,3.16,3.52,0.66
3937,1,793,2026-05-29 00:00:00+00:00,1,179.32,0.0,1.62,16.24,0.11,7.49,10.71,0.51
3938,2,793,2026-05-29 00:00:00+00:00,2,127.6,0.0,23.1,70.08,6.46,16.67,23.95,0.75
3939,3,793,2026-05-29 00:00:00+00:00,1,103.28,0.0,0.84,50.27,0.19,0.5,0.5,0.22
3940,4,793,2026-05-29 00:00:00+00:00,2,106.21,0.0,3.14,51.87,0.27,10.54,16.32,6.19
3941,5,793,2026-05-29 00:00:00+00:00,2,129.69,0.13,3.35,67.08,0.91,3.19,3.59,0.74
3942,1,794,2026-05-29 01:00:00+00:00,1,176.28,0.0,1.55,15.21,0.1,7.34,10.42,0.49
3943,2,794,2026-05-29 01:00:00+00:00,2,126.91,0.0,28.03,58.61,7.64,16.9,24.55,0.97
3944,3,794,2026-05-29 01:00:00+00:00,1,104.88,0.0,0.71,55.13,0.19,0.5,0.5,0.18
3945,4,794,2026-05-29 01:00:00+00:00,1,101.16,0.0,2.65,43.72,0.18,9.76,14.89,6.15
3946,5,794,2026-05-29 01:00:00+00:00,2,130.46,0.0,3.87,60.7,0.93,3.21,3.65,0.82
3947,1,795,2026-05-29 02:00:00+00:00,1,176.51,0.01,1.53,13.77,0.09,7.39,10.57,0.43
3948,2,795,2026-05-29 02:00:00+00:00,2,128.32,0.0,33.53,48.87,8.62,18.12,26.49,0.88
3949,3,795,2026-05-29 02:00:00+00:00,1,105.96,0.0,0.68,56.35,0.19,0.5,0.5,0.17
3950,4,795,2026-05-29 02:00:00+00:00,1,97.13,0.0,2.36,35.78,0.13,9.25,13.83,6.42
3951,5,795,2026-05-29 02:00:00+00:00,1,132.55,0.0,4.23,55.23,0.95,3.28,3.76,0.93
3952,1,796,2026-05-29 03:00:00+00:00,1,178.93,0.01,1.57,12.58,0.1,7.55,10.96,0.42
3953,2,796,2026-05-29 03:00:00+00:00,2,130.65,0.0,39.33,40.57,9.57,20.21,29.89,0.72
3954,3,796,2026-05-29 03:00:00+00:00,1,107.31,0.01,0.8,56.16,0.21,0.5,0.5,0.17
3955,4,796,2026-05-29 03:00:00+00:00,1,93.61,0.0,2.21,29.9,0.1,8.84,13.02,6.63
3956,5,796,2026-05-29 03:00:00+00:00,1,134.75,0.0,4.66,50.55,0.95,3.32,3.83,1.05
3957,1,797,2026-05-29 04:00:00+00:00,1,186.27,0.04,1.69,11.82,0.15,7.84,11.88,0.51
3958,2,797,2026-05-29 04:00:00+00:00,2,128.72,0.0,41.23,34.78,9.8,21.66,32.3,0.7
3959,3,797,2026-05-29 04:00:00+00:00,1,108.41,0.03,0.94,55.72,0.23,0.5,0.5,0.17
3960,4,797,2026-05-29 04:00:00+00:00,1,90.35,0.0,2.28,24.92,0.09,8.48,12.35,6.54
3961,5,797,2026-05-29 04:00:00+00:00,1,134.96,0.0,4.94,46.41,0.95,3.2,3.73,1.14
3962,1,798,2026-05-29 05:00:00+00:00,1,194.59,0.38,1.34,12.78,0.2,8.17,12.9,0.6
3963,2,798,2026-05-29 05:00:00+00:00,2,124.45,0.13,38.87,32.65,9.42,21.51,32.71,0.83
3964,3,798,2026-05-29 05:00:00+00:00,1,109.25,0.05,0.97,55.48,0.24,0.5,0.5,0.16
3965,4,798,2026-05-29 05:00:00+00:00,1,90.32,0.07,3.11,20.0,0.11,8.35,12.09,6.17
3966,5,798,2026-05-29 05:00:00+00:00,1,134.8,0.0,5.07,43.78,1.0,2.9,3.45,1.19
3967,1,799,2026-05-29 06:00:00+00:00,1,196.08,0.43,1.0,18.91,0.22,8.89,13.88,0.76
3968,2,799,2026-05-29 06:00:00+00:00,2,118.69,1.95,31.51,35.45,8.89,20.28,31.81,1.03
3969,3,799,2026-05-29 06:00:00+00:00,1,109.63,0.08,0.92,55.63,0.24,0.5,0.5,0.16
3970,4,799,2026-05-29 06:00:00+00:00,1,91.9,0.95,3.68,16.48,0.14,8.33,12.09,5.81
3971,5,799,2026-05-29 06:00:00+00:00,1,134.45,0.0,5.19,42.34,1.17,2.36,2.96,1.21
3972,1,800,2026-05-29 07:00:00+00:00,1,100.13,0.08,0.24,36.56,0.18,3.11,5.03,0.44
3973,2,800,2026-05-29 07:00:00+00:00,2,113.51,3.17,24.33,39.51,8.15,18.21,29.58,1.16
3974,3,800,2026-05-29 07:00:00+00:00,1,110.26,0.1,0.74,58.95,0.2,0.5,0.5,0.14
3975,4,800,2026-05-29 07:00:00+00:00,1,92.74,2.06,3.01,18.94,0.15,8.14,12.01,5.85
3976,5,800,2026-05-29 07:00:00+00:00,1,132.68,0.0,5.22,40.56,1.32,1.81,2.43,1.18
3977,1,801,2026-05-29 08:00:00+00:00,1,85.97,0.04,0.13,39.76,0.14,2.35,3.82,0.38
3978,2,801,2026-05-29 08:00:00+00:00,2,110.77,4.39,19.74,43.08,7.69,16.04,26.56,1.13
3979,3,801,2026-05-29 08:00:00+00:00,2,110.59,0.1,0.6,61.6,0.18,0.5,0.5,0.13
3980,4,801,2026-05-29 08:00:00+00:00,1,91.95,2.52,2.71,20.65,0.17,7.94,11.76,6.12
3981,5,801,2026-05-29 08:00:00+00:00,1,131.47,0.0,5.17,37.38,1.29,1.55,2.19,1.11
3982,1,802,2026-05-29 09:00:00+00:00,1,82.02,0.03,0.1,40.38,0.14,2.23,3.62,0.37
3983,2,802,2026-05-29 09:00:00+00:00,2,109.6,5.62,17.35,45.39,7.94,14.19,23.76,1.13
3984,3,802,2026-05-29 09:00:00+00:00,2,110.65,0.11,0.5,62.68,0.17,0.5,0.5,0.14
3985,4,802,2026-05-29 09:00:00+00:00,1,90.63,2.25,2.63,26.68,0.18,7.9,11.66,6.19
3986,5,802,2026-05-29 09:00:00+00:00,1,130.53,0.0,5.19,34.62,1.23,1.41,2.07,0.99
3987,1,803,2026-05-29 10:00:00+00:00,1,79.74,0.03,0.1,42.89,0.13,2.11,3.27,0.35
3988,2,803,2026-05-29 10:00:00+00:00,2,109.25,6.94,16.28,46.82,8.58,13.02,21.67,1.08
3989,3,803,2026-05-29 10:00:00+00:00,2,110.58,0.1,0.41,63.42,0.16,0.5,0.5,0.14
3990,4,803,2026-05-29 10:00:00+00:00,3,94.02,0.22,0.99,101.03,0.3,6.58,10.95,4.59
3991,5,803,2026-05-29 10:00:00+00:00,1,129.17,0.0,5.29,32.17,1.18,1.31,1.99,0.9
3992,1,804,2026-05-29 11:00:00+00:00,1,80.77,0.03,0.12,44.13,0.14,2.26,3.42,0.39
3993,2,804,2026-05-29 11:00:00+00:00,2,109.26,8.0,16.16,47.7,9.04,12.14,19.82,0.94
3994,3,804,2026-05-29 11:00:00+00:00,2,109.94,0.09,0.34,64.0,0.15,0.5,0.5,0.12
3995,4,804,2026-05-29 11:00:00+00:00,3,92.98,0.11,0.6,108.96,0.29,6.3,11.12,4.13
3996,5,804,2026-05-29 11:00:00+00:00,1,131.6,0.2,5.62,31.16,1.23,1.26,1.97,0.93
3997,1,805,2026-05-29 12:00:00+00:00,1,81.81,0.04,0.15,44.6,0.15,2.41,3.62,0.45
3998,2,805,2026-05-29 12:00:00+00:00,2,108.9,8.58,16.25,48.61,9.36,11.3,18.05,0.81
3999,3,805,2026-05-29 12:00:00+00:00,2,109.2,0.09,0.29,64.17,0.13,0.5,0.5,0.11
4000,4,805,2026-05-29 12:00:00+00:00,3,91.69,0.1,0.53,109.35,0.28,6.19,11.22,3.93
4001,5,805,2026-05-29 12:00:00+00:00,1,137.23,1.27,5.07,33.28,1.35,1.25,1.98,1.0
4002,1,806,2026-05-29 13:00:00+00:00,1,87.36,0.05,0.28,43.07,0.18,2.74,4.18,0.62
4003,2,806,2026-05-29 13:00:00+00:00,2,107.87,6.64,19.21,46.51,8.98,10.18,15.69,0.67
4004,3,806,2026-05-29 13:00:00+00:00,2,109.33,0.09,0.3,63.83,0.13,0.5,0.5,0.12
4005,4,806,2026-05-29 13:00:00+00:00,3,91.4,0.07,0.45,111.68,0.27,5.7,11.16,3.53
4006,5,806,2026-05-29 13:00:00+00:00,1,137.87,1.82,4.24,40.38,1.61,1.26,1.94,1.08
4007,1,807,2026-05-29 14:00:00+00:00,1,96.83,0.04,0.57,39.41,0.2,3.2,5.0,0.8
4008,2,807,2026-05-29 14:00:00+00:00,1,106.45,5.55,19.56,47.32,8.01,8.7,12.7,0.55
4009,3,807,2026-05-29 14:00:00+00:00,2,109.7,0.09,0.38,62.19,0.15,0.5,0.5,0.13
4010,4,807,2026-05-29 14:00:00+00:00,3,90.11,0.06,0.47,109.63,0.25,5.38,11.05,3.26
4011,5,807,2026-05-29 14:00:00+00:00,1,137.02,1.72,3.55,46.9,1.64,1.53,2.19,1.07
4012,1,808,2026-05-29 15:00:00+00:00,1,107.25,0.0,0.92,36.04,0.2,3.63,5.78,0.86
4013,2,808,2026-05-29 15:00:00+00:00,1,105.03,4.33,19.16,50.0,7.13,7.12,9.88,0.51
4014,3,808,2026-05-29 15:00:00+00:00,2,109.98,0.07,0.45,60.39,0.17,0.5,0.5,0.15
4015,4,808,2026-05-29 15:00:00+00:00,3,89.43,0.05,0.55,107.65,0.24,5.24,10.94,3.17
4016,5,808,2026-05-29 15:00:00+00:00,1,134.45,1.14,2.69,59.09,1.61,2.47,3.08,0.99
4017,1,809,2026-05-29 16:00:00+00:00,1,118.47,0.0,1.19,32.29,0.21,4.12,6.78,0.77
4018,2,809,2026-05-29 16:00:00+00:00,1,103.74,2.45,19.43,53.55,6.79,5.53,7.45,0.57
4019,3,809,2026-05-29 16:00:00+00:00,1,110.16,0.06,0.67,54.96,0.2,0.5,0.5,0.23
4020,4,809,2026-05-29 16:00:00+00:00,3,89.9,0.06,0.79,106.07,0.25,5.24,10.94,3.32
4021,5,809,2026-05-29 16:00:00+00:00,2,127.7,0.47,1.48,77.06,1.32,3.04,3.47,0.72
4022,1,810,2026-05-29 17:00:00+00:00,1,134.43,0.0,1.45,28.6,0.22,4.85,8.26,0.67
4023,2,810,2026-05-29 17:00:00+00:00,1,103.48,1.5,20.15,55.04,7.08,4.46,6.0,0.66
4024,3,810,2026-05-29 17:00:00+00:00,1,110.26,0.04,0.99,47.26,0.24,0.5,0.5,0.34
4025,4,810,2026-05-29 17:00:00+00:00,3,90.91,0.06,1.11,103.46,0.27,5.31,10.91,3.66
4026,5,810,2026-05-29 17:00:00+00:00,2,123.19,0.26,0.94,83.69,0.97,3.22,3.54,0.58
4027,1,811,2026-05-29 18:00:00+00:00,1,148.93,0.0,1.63,25.45,0.21,5.59,9.65,0.55
4028,2,811,2026-05-29 18:00:00+00:00,1,103.87,0.84,21.86,54.95,7.61,3.94,5.27,0.78
4029,3,811,2026-05-29 18:00:00+00:00,1,110.09,0.0,1.26,42.11,0.29,0.5,0.5,0.46
4030,4,811,2026-05-29 18:00:00+00:00,3,92.28,0.03,1.36,101.27,0.29,5.36,10.88,3.98
4031,5,811,2026-05-29 18:00:00+00:00,2,121.66,0.22,0.84,86.59,0.82,3.44,3.73,0.54
4032,1,812,2026-05-29 19:00:00+00:00,1,159.99,0.0,1.75,22.57,0.21,6.16,10.7,0.52
4033,2,812,2026-05-29 19:00:00+00:00,1,105.09,0.4,23.94,54.69,8.06,3.75,4.94,0.9
4034,3,812,2026-05-29 19:00:00+00:00,1,109.42,0.0,1.52,37.41,0.34,0.5,0.5,0.56
4035,4,812,2026-05-29 19:00:00+00:00,2,93.91,0.01,2.26,86.92,0.31,5.46,10.55,4.95
4036,5,812,2026-05-29 19:00:00+00:00,2,121.74,0.21,0.84,89.08,0.74,3.66,3.94,0.55
4037,1,813,2026-05-29 20:00:00+00:00,1,165.7,0.0,1.79,20.53,0.19,6.37,11.18,0.48
4038,2,813,2026-05-29 20:00:00+00:00,1,105.97,0.05,25.63,52.47,8.1,3.75,4.87,1.04
4039,3,813,2026-05-29 20:00:00+00:00,1,108.27,0.0,1.66,31.91,0.34,0.5,0.5,0.52
4040,4,813,2026-05-29 20:00:00+00:00,2,96.77,0.0,3.38,68.17,0.31,5.7,10.38,6.04
4041,5,813,2026-05-29 20:00:00+00:00,2,120.94,0.21,0.9,89.27,0.68,3.77,4.04,0.57
4042,1,814,2026-05-29 21:00:00+00:00,1,160.88,0.0,1.69,19.39,0.14,6.03,10.67,0.41
4043,2,814,2026-05-29 21:00:00+00:00,1,106.94,0.0,26.36,48.67,7.88,3.77,4.91,1.26
4044,3,814,2026-05-29 21:00:00+00:00,1,106.29,0.0,1.64,26.96,0.36,0.5,0.5,0.45
4045,4,814,2026-05-29 21:00:00+00:00,1,98.59,0.0,4.17,54.75,0.28,5.92,10.34,6.38
4046,5,814,2026-05-29 21:00:00+00:00,2,120.59,0.23,1.08,88.85,0.66,3.74,4.03,0.61
4047,1,815,2026-05-29 22:00:00+00:00,1,150.99,0.0,1.51,19.15,0.11,5.44,9.65,0.39
4048,2,815,2026-05-29 22:00:00+00:00,1,107.7,0.0,27.33,43.32,7.57,3.81,5.07,1.52
4049,3,815,2026-05-29 22:00:00+00:00,1,103.94,0.0,1.65,23.14,0.3,0.5,0.5,0.42
4050,4,815,2026-05-29 22:00:00+00:00,1,96.29,0.0,4.24,45.76,0.22,5.98,10.1,6.4
4051,5,815,2026-05-29 22:00:00+00:00,2,124.45,0.36,1.83,83.19,0.62,3.73,4.05,0.7
4052,1,816,2026-05-29 23:00:00+00:00,1,144.32,0.0,1.38,18.63,0.1,5.03,8.97,0.42
4053,2,816,2026-05-29 23:00:00+00:00,1,108.44,0.0,28.61,37.25,7.4,3.88,5.34,1.8
4054,3,816,2026-05-29 23:00:00+00:00,1,102.78,0.0,1.76,20.98,0.29,0.5,0.52,0.41
4055,4,816,2026-05-29 23:00:00+00:00,1,93.72,0.0,3.54,42.1,0.17,6.01,9.9,6.76
4056,5,816,2026-05-29 23:00:00+00:00,2,129.42,0.42,2.96,73.12,0.58,3.76,4.16,0.83
4057,1,817,2026-05-30 00:00:00+00:00,1,139.07,0.0,1.29,18.31,0.1,4.69,8.49,0.49
4058,2,817,2026-05-30 00:00:00+00:00,1,109.18,0.0,29.82,31.3,7.45,3.96,5.63,2.13
4059,3,817,2026-05-30 00:00:00+00:00,1,102.54,0.0,1.92,19.93,0.32,0.53,0.6,0.4
4060,4,817,2026-05-30 00:00:00+00:00,1,91.4,0.0,2.74,41.22,0.15,6.05,9.81,7.3
4061,5,817,2026-05-30 00:00:00+00:00,2,131.74,0.17,4.02,65.3,0.57,3.75,4.25,0.9
4062,1,818,2026-05-30 01:00:00+00:00,1,134.79,0.0,1.24,18.47,0.12,4.44,8.1,0.68
4063,2,818,2026-05-30 01:00:00+00:00,1,109.71,0.01,30.47,26.74,7.74,4.04,5.96,2.44
4064,3,818,2026-05-30 01:00:00+00:00,1,102.18,0.0,2.09,19.07,0.34,0.61,0.7,0.38
4065,4,818,2026-05-30 01:00:00+00:00,1,88.94,0.0,2.16,40.29,0.12,6.07,9.79,7.66
4066,5,818,2026-05-30 01:00:00+00:00,2,131.56,0.0,4.33,60.88,0.61,3.73,4.31,0.88
4067,1,819,2026-05-30 02:00:00+00:00,1,133.03,0.0,1.24,18.5,0.13,4.31,7.87,0.86
4068,2,819,2026-05-30 02:00:00+00:00,1,110.39,0.02,31.2,22.45,7.77,4.18,6.36,2.37
4069,3,819,2026-05-30 02:00:00+00:00,1,101.78,0.02,2.19,17.48,0.37,0.71,0.81,0.37
4070,4,819,2026-05-30 02:00:00+00:00,1,87.65,0.0,1.86,36.03,0.1,6.17,9.84,7.54
4071,5,819,2026-05-30 02:00:00+00:00,1,129.76,0.0,4.0,59.13,0.68,3.81,4.43,0.94
4072,1,820,2026-05-30 03:00:00+00:00,1,132.8,0.0,1.28,18.48,0.16,4.26,7.8,1.06
4073,2,820,2026-05-30 03:00:00+00:00,1,110.99,0.03,31.53,18.52,7.66,4.33,6.69,2.14
4074,3,820,2026-05-30 03:00:00+00:00,1,103.14,0.36,2.08,16.67,0.48,0.88,1.01,0.37
4075,4,820,2026-05-30 03:00:00+00:00,1,86.27,0.0,1.72,31.48,0.08,6.27,9.93,6.4
4076,5,820,2026-05-30 03:00:00+00:00,1,127.78,0.0,3.62,58.36,0.76,4.06,4.69,1.03
4077,1,821,2026-05-30 04:00:00+00:00,1,136.45,0.02,1.38,18.45,0.21,4.33,8.25,1.24
4078,2,821,2026-05-30 04:00:00+00:00,1,110.9,0.07,31.02,15.06,7.4,4.46,6.91,1.87
4079,3,821,2026-05-30 04:00:00+00:00,1,107.37,1.08,1.97,16.94,0.73,1.08,1.27,0.38
4080,4,821,2026-05-30 04:00:00+00:00,1,84.07,0.0,1.78,26.86,0.07,6.28,9.94,5.26
4081,5,821,2026-05-30 04:00:00+00:00,1,125.27,0.0,3.31,55.37,0.82,4.47,5.09,1.09
4082,1,822,2026-05-30 05:00:00+00:00,1,141.69,0.26,1.14,19.62,0.25,4.48,8.83,1.25
4083,2,822,2026-05-30 05:00:00+00:00,1,111.05,0.6,29.67,12.81,7.22,4.63,7.19,1.62
4084,3,822,2026-05-30 05:00:00+00:00,1,110.86,1.71,2.21,16.52,0.99,1.33,1.61,0.36
4085,4,822,2026-05-30 05:00:00+00:00,1,84.47,0.02,2.46,23.06,0.09,6.37,10.18,5.04
4086,5,822,2026-05-30 05:00:00+00:00,1,121.94,0.0,2.88,49.23,0.75,4.93,5.53,1.02
4087,1,823,2026-05-30 06:00:00+00:00,1,142.86,0.31,0.8,24.81,0.26,4.91,9.23,1.29
4088,2,823,2026-05-30 06:00:00+00:00,1,111.2,4.85,22.99,17.05,7.17,4.88,7.56,1.43
4089,3,823,2026-05-30 06:00:00+00:00,1,113.59,2.14,2.92,16.7,1.39,1.62,2.05,0.35
4090,4,823,2026-05-30 06:00:00+00:00,1,86.31,0.36,3.44,20.34,0.11,6.51,10.53,5.19
4091,5,823,2026-05-30 06:00:00+00:00,1,118.16,0.0,2.41,43.19,0.62,5.38,5.98,0.85
4092,1,824,2026-05-30 07:00:00+00:00,1,86.67,0.07,0.2,39.85,0.2,2.22,3.68,0.61
4093,2,824,2026-05-30 07:00:00+00:00,1,111.56,8.73,17.31,21.19,7.12,5.18,7.99,1.3
4094,3,824,2026-05-30 07:00:00+00:00,1,124.68,3.01,11.01,36.57,3.03,1.99,2.37,0.1
4095,4,824,2026-05-30 07:00:00+00:00,1,87.52,1.37,3.06,19.81,0.12,6.58,10.79,5.79
4096,5,824,2026-05-30 07:00:00+00:00,1,114.29,0.0,2.11,36.18,0.43,5.72,6.32,0.66
4097,1,825,2026-05-30 08:00:00+00:00,1,82.26,0.04,0.13,41.98,0.17,2.2,3.38,0.52
4098,2,825,2026-05-30 08:00:00+00:00,1,112.59,11.15,14.51,23.2,7.24,5.54,8.45,1.28
4099,3,825,2026-05-30 08:00:00+00:00,1,121.52,2.04,9.48,44.31,2.05,1.44,1.66,0.1
4100,4,825,2026-05-30 08:00:00+00:00,1,87.13,2.16,2.44,19.19,0.13,6.59,10.89,6.4
4101,5,825,2026-05-30 08:00:00+00:00,1,110.95,0.0,1.98,29.99,0.28,5.9,6.53,0.54
4102,1,826,2026-05-30 09:00:00+00:00,1,79.49,0.03,0.1,42.27,0.15,2.14,3.18,0.44
4103,2,826,2026-05-30 09:00:00+00:00,1,113.99,12.66,13.36,24.82,7.69,6.01,9.03,1.35
4104,3,826,2026-05-30 09:00:00+00:00,1,120.09,1.58,8.65,46.5,1.7,1.33,1.51,0.13
4105,4,826,2026-05-30 09:00:00+00:00,1,86.2,2.23,2.14,21.84,0.13,6.7,11.22,6.64
4106,5,826,2026-05-30 09:00:00+00:00,1,108.33,0.0,1.96,26.26,0.22,5.98,6.65,0.51
4107,1,827,2026-05-30 10:00:00+00:00,1,76.38,0.02,0.09,44.68,0.13,1.92,2.75,0.35
4108,2,827,2026-05-30 10:00:00+00:00,1,115.36,13.21,13.39,27.23,8.29,6.62,9.71,1.32
4109,3,827,2026-05-30 10:00:00+00:00,1,120.33,1.68,7.67,48.7,1.54,1.3,1.47,0.15
4110,4,827,2026-05-30 10:00:00+00:00,2,89.64,0.25,1.19,74.73,0.17,6.88,12.77,5.79
4111,5,827,2026-05-30 10:00:00+00:00,1,106.45,0.0,2.1,25.24,0.24,5.99,6.73,0.54
4112,1,828,2026-05-30 11:00:00+00:00,1,77.91,0.02,0.11,45.04,0.14,2.1,2.99,0.39
4113,2,828,2026-05-30 11:00:00+00:00,1,116.33,13.4,14.02,29.33,8.83,7.34,10.45,1.17
4114,3,828,2026-05-30 11:00:00+00:00,1,120.43,1.88,6.63,50.72,1.39,1.3,1.45,0.16
4115,4,828,2026-05-30 11:00:00+00:00,2,89.2,0.11,0.81,84.98,0.16,6.96,12.91,5.07
4116,5,828,2026-05-30 11:00:00+00:00,1,109.64,0.09,2.77,26.69,0.34,6.12,6.98,0.62
4117,1,829,2026-05-30 12:00:00+00:00,1,79.46,0.03,0.13,44.7,0.15,2.29,3.24,0.43
4118,2,829,2026-05-30 12:00:00+00:00,1,117.38,13.7,14.91,30.91,9.63,8.57,11.68,1.01
4119,3,829,2026-05-30 12:00:00+00:00,1,120.62,1.9,5.84,52.89,1.25,1.34,1.48,0.16
4120,4,829,2026-05-30 12:00:00+00:00,2,88.41,0.09,0.72,86.64,0.16,7.01,12.88,4.87
4121,5,829,2026-05-30 12:00:00+00:00,1,118.29,0.78,3.32,30.19,0.5,6.39,7.39,0.74
4122,1,830,2026-05-30 13:00:00+00:00,1,85.1,0.04,0.25,42.03,0.17,2.63,3.78,0.56
4123,2,830,2026-05-30 13:00:00+00:00,1,119.39,14.46,16.57,31.94,10.73,9.89,13.16,0.97
4124,3,830,2026-05-30 13:00:00+00:00,1,120.66,1.74,5.24,55.27,1.14,1.42,1.55,0.17
4125,4,830,2026-05-30 13:00:00+00:00,2,88.88,0.04,0.5,97.08,0.12,6.26,12.1,3.57
4126,5,830,2026-05-30 13:00:00+00:00,1,125.77,1.44,3.21,36.89,0.78,6.73,7.84,0.91
4127,1,831,2026-05-30 14:00:00+00:00,1,94.68,0.03,0.53,37.83,0.18,3.15,4.61,0.75
4128,2,831,2026-05-30 14:00:00+00:00,2,121.42,15.73,18.82,32.71,11.53,10.85,14.59,0.97
4129,3,831,2026-05-30 14:00:00+00:00,1,120.01,1.49,4.89,56.89,1.07,1.49,1.62,0.21
4130,4,831,2026-05-30 14:00:00+00:00,2,87.76,0.03,0.43,99.63,0.1,5.52,11.06,2.85
4131,5,831,2026-05-30 14:00:00+00:00,1,130.19,1.36,2.95,46.64,1.19,7.22,8.42,1.1
4132,1,832,2026-05-30 15:00:00+00:00,1,105.26,0.0,0.87,34.44,0.19,3.66,5.47,0.89
4133,2,832,2026-05-30 15:00:00+00:00,2,123.09,15.93,20.66,35.88,11.72,12.02,16.59,0.89
4134,3,832,2026-05-30 15:00:00+00:00,1,119.09,1.2,4.78,57.11,1.03,1.54,1.67,0.25
4135,4,832,2026-05-30 15:00:00+00:00,2,86.81,0.03,0.48,99.29,0.09,5.13,10.31,2.69
4136,5,832,2026-05-30 15:00:00+00:00,2,132.62,0.8,2.25,65.47,1.74,8.2,9.41,1.29
4137,1,833,2026-05-30 16:00:00+00:00,1,117.36,0.0,1.14,30.89,0.21,4.25,6.56,1.0
4138,2,833,2026-05-30 16:00:00+00:00,2,122.45,12.65,20.91,45.68,10.87,12.42,17.9,0.83
4139,3,833,2026-05-30 16:00:00+00:00,1,118.16,0.88,4.72,46.81,0.83,1.61,1.77,0.55
4140,4,833,2026-05-30 16:00:00+00:00,2,87.16,0.04,0.68,97.59,0.09,4.98,9.94,2.87
4141,5,833,2026-05-30 16:00:00+00:00,2,129.54,0.25,1.08,98.83,2.32,7.91,8.84,1.44
4142,1,834,2026-05-30 17:00:00+00:00,1,133.33,0.0,1.41,27.38,0.23,5.01,8.01,1.14
4143,2,834,2026-05-30 17:00:00+00:00,2,118.76,7.08,19.69,60.4,9.2,10.94,16.89,0.79
4144,3,834,2026-05-30 17:00:00+00:00,1,116.12,0.41,4.74,32.75,0.58,1.71,1.91,0.74
4145,4,834,2026-05-30 17:00:00+00:00,2,87.51,0.06,0.99,92.76,0.11,5.02,9.85,3.34
4146,5,834,2026-05-30 17:00:00+00:00,3,123.54,0.17,0.76,101.09,1.58,6.25,6.86,1.17
4147,1,835,2026-05-30 18:00:00+00:00,1,147.37,0.0,1.59,24.59,0.23,5.7,9.22,1.2
4148,2,835,2026-05-30 18:00:00+00:00,2,113.62,3.14,18.01,74.95,7.98,8.02,13.73,0.72
4149,3,835,2026-05-30 18:00:00+00:00,1,114.15,0.04,4.59,24.11,0.45,1.81,2.03,0.73
4150,4,835,2026-05-30 18:00:00+00:00,2,88.12,0.05,1.25,88.5,0.12,5.11,9.89,3.88
4151,5,835,2026-05-30 18:00:00+00:00,2,118.45,0.16,0.67,98.79,1.03,4.67,5.07,0.95
4152,1,836,2026-05-30 19:00:00+00:00,1,158.01,0.0,1.72,22.24,0.24,6.26,10.13,1.22
4153,2,836,2026-05-30 19:00:00+00:00,2,109.22,0.85,16.73,84.67,7.45,5.28,9.9,0.73
4154,3,836,2026-05-30 19:00:00+00:00,1,111.17,0.01,4.05,18.08,0.35,1.89,2.13,0.84
4155,4,836,2026-05-30 19:00:00+00:00,2,88.57,0.03,2.01,74.06,0.15,5.22,9.77,5.13
4156,5,836,2026-05-30 19:00:00+00:00,2,115.24,0.16,0.66,95.81,0.7,3.5,3.79,0.84
4157,1,837,2026-05-30 20:00:00+00:00,1,165.64,0.0,1.82,20.25,0.22,6.68,10.73,1.09
4158,2,837,2026-05-30 20:00:00+00:00,2,107.02,0.07,16.44,83.72,7.13,4.21,8.37,0.69
4159,3,837,2026-05-30 20:00:00+00:00,1,109.09,0.02,3.57,12.98,0.25,1.98,2.23,0.87
4160,4,837,2026-05-30 20:00:00+00:00,1,89.74,0.0,2.91,58.51,0.19,5.39,9.75,7.0
4161,5,837,2026-05-30 20:00:00+00:00,2,113.57,0.18,0.75,92.17,0.52,2.71,2.94,0.77
4162,1,838,2026-05-30 21:00:00+00:00,1,166.33,0.0,1.82,18.56,0.17,6.72,10.58,0.86
4163,2,838,2026-05-30 21:00:00+00:00,2,106.19,0.0,15.08,82.29,6.87,4.13,8.33,0.76
4164,3,838,2026-05-30 21:00:00+00:00,1,106.64,0.03,3.12,9.73,0.2,2.07,2.32,0.96
4165,4,838,2026-05-30 21:00:00+00:00,1,90.39,0.0,3.55,50.03,0.2,5.51,9.74,8.97
4166,5,838,2026-05-30 21:00:00+00:00,2,113.06,0.22,0.94,88.59,0.44,2.18,2.37,0.75
4167,1,839,2026-05-30 22:00:00+00:00,1,164.97,0.0,1.78,17.19,0.15,6.63,10.21,0.82
4168,2,839,2026-05-30 22:00:00+00:00,2,104.03,0.0,12.14,84.61,5.86,3.8,7.48,1.4
4169,3,839,2026-05-30 22:00:00+00:00,1,103.91,0.03,2.83,7.83,0.19,2.17,2.41,1.09
4170,4,839,2026-05-30 22:00:00+00:00,1,88.5,0.0,3.72,44.18,0.18,5.49,9.54,10.09
4171,5,839,2026-05-30 22:00:00+00:00,2,114.04,0.26,1.27,83.69,0.45,1.91,2.1,0.79
4172,1,840,2026-05-30 23:00:00+00:00,1,165.04,0.0,1.77,16.6,0.16,6.58,9.97,0.99
4173,2,840,2026-05-30 23:00:00+00:00,2,103.12,0.0,11.65,81.23,5.7,3.47,6.65,2.22
4174,3,840,2026-05-30 23:00:00+00:00,1,102.36,0.04,2.79,6.68,0.19,2.41,2.62,1.08
4175,4,840,2026-05-30 23:00:00+00:00,1,87.21,0.0,3.3,37.64,0.13,5.52,9.4,8.5
4176,5,840,2026-05-30 23:00:00+00:00,2,116.11,0.24,1.76,78.5,0.55,1.87,2.1,0.86
4177,1,841,2026-05-31 00:00:00+00:00,1,164.38,0.0,1.76,16.77,0.18,6.44,9.7,1.22
4178,2,841,2026-05-31 00:00:00+00:00,2,102.85,0.0,11.82,74.55,5.75,3.12,5.9,3.0
4179,3,841,2026-05-31 00:00:00+00:00,1,101.81,0.04,3.02,5.81,0.19,2.74,2.95,1.02
4180,4,841,2026-05-31 00:00:00+00:00,1,87.05,0.0,2.71,34.52,0.09,5.64,9.38,6.04
4181,5,841,2026-05-31 00:00:00+00:00,2,117.55,0.1,2.44,73.8,0.72,1.9,2.17,0.92
4182,1,842,2026-05-31 01:00:00+00:00,1,161.94,0.0,1.74,17.41,0.21,6.25,9.4,1.46
4183,2,842,2026-05-31 01:00:00+00:00,2,103.01,0.0,11.71,68.86,5.66,2.75,5.2,3.39
4184,3,842,2026-05-31 01:00:00+00:00,1,101.31,0.06,3.37,4.9,0.19,2.99,3.21,0.87
4185,4,842,2026-05-31 01:00:00+00:00,1,88.22,0.0,1.96,41.17,0.08,6.16,10.34,4.06
4186,5,842,2026-05-31 01:00:00+00:00,2,117.79,0.0,3.01,68.62,0.9,1.92,2.24,0.96
4187,1,843,2026-05-31 02:00:00+00:00,1,160.04,0.0,1.7,17.61,0.22,6.11,9.2,1.6
4188,2,843,2026-05-31 02:00:00+00:00,2,103.33,0.0,11.5,65.01,5.55,2.45,4.69,3.16
4189,3,843,2026-05-31 02:00:00+00:00,1,100.65,0.11,3.48,4.06,0.21,3.25,3.48,0.68
4190,4,843,2026-05-31 02:00:00+00:00,1,90.1,0.0,1.6,43.65,0.11,7.43,11.94,3.27
4191,5,843,2026-05-31 02:00:00+00:00,2,120.15,0.0,3.47,63.5,1.04,1.97,2.34,1.0
4192,1,844,2026-05-31 03:00:00+00:00,1,159.62,0.0,1.68,17.65,0.22,6.02,9.16,1.57
4193,2,844,2026-05-31 03:00:00+00:00,2,103.65,0.0,11.29,62.14,5.44,2.32,4.48,2.72
4194,3,844,2026-05-31 03:00:00+00:00,1,102.94,0.96,2.7,5.09,0.3,3.76,4.02,0.55
4195,4,844,2026-05-31 03:00:00+00:00,1,91.8,0.0,1.47,43.67,0.15,8.98,13.67,2.93
4196,5,844,2026-05-31 03:00:00+00:00,1,122.8,0.0,3.9,59.11,1.14,1.96,2.38,1.05
4197,1,845,2026-05-31 04:00:00+00:00,1,162.88,0.02,1.71,17.29,0.22,6.02,9.6,1.26
4198,2,845,2026-05-31 04:00:00+00:00,1,103.2,0.0,10.89,59.67,5.25,2.44,4.72,2.26
4199,3,845,2026-05-31 04:00:00+00:00,1,112.25,2.38,2.66,9.68,0.68,5.02,5.47,0.45
4200,4,845,2026-05-31 04:00:00+00:00,2,93.64,0.0,1.44,46.53,0.25,10.47,15.25,3.23
4201,5,845,2026-05-31 04:00:00+00:00,1,123.15,0.0,4.19,52.31,1.1,1.9,2.33,1.12
4202,1,846,2026-05-31 05:00:00+00:00,1,167.18,0.3,1.31,18.08,0.22,6.08,10.16,1.0
4203,2,846,2026-05-31 05:00:00+00:00,1,102.99,0.01,10.72,58.16,5.14,2.85,5.65,1.84
4204,3,846,2026-05-31 05:00:00+00:00,1,116.86,3.26,2.41,11.47,0.76,4.2,4.78,0.58
4205,4,846,2026-05-31 05:00:00+00:00,2,96.23,0.0,1.74,48.15,0.34,11.35,16.03,3.56
4206,5,846,2026-05-31 05:00:00+00:00,1,123.1,0.0,4.19,44.98,0.92,1.87,2.33,1.22
4207,1,847,2026-05-31 06:00:00+00:00,1,168.15,0.34,0.89,23.85,0.21,6.61,10.81,1.02
4208,2,847,2026-05-31 06:00:00+00:00,1,102.59,0.12,10.68,58.48,5.06,3.43,7.23,1.43
4209,3,847,2026-05-31 06:00:00+00:00,1,117.97,3.4,2.34,14.03,0.8,3.7,4.35,0.65
4210,4,847,2026-05-31 06:00:00+00:00,2,98.73,0.01,2.26,49.57,0.43,11.6,16.04,3.93
4211,5,847,2026-05-31 06:00:00+00:00,1,121.95,0.0,3.93,39.58,0.74,1.87,2.39,1.11
4212,1,848,2026-05-31 07:00:00+00:00,1,92.94,0.05,0.17,42.2,0.18,3.06,4.44,0.48
4213,2,848,2026-05-31 07:00:00+00:00,1,102.53,0.29,10.98,59.48,5.15,3.98,8.95,0.99
4214,3,848,2026-05-31 07:00:00+00:00,2,117.0,1.19,3.47,62.03,3.46,4.19,4.57,0.01
4215,4,848,2026-05-31 07:00:00+00:00,2,100.08,0.05,2.41,53.69,0.54,10.9,14.96,4.49
4216,5,848,2026-05-31 07:00:00+00:00,1,118.91,0.0,3.6,34.92,0.57,1.91,2.5,0.89
4217,1,849,2026-05-31 08:00:00+00:00,1,85.18,0.03,0.09,44.21,0.14,2.99,4.06,0.4
4218,2,849,2026-05-31 08:00:00+00:00,1,103.18,0.74,12.16,59.33,5.69,4.46,10.23,0.59
4219,3,849,2026-05-31 08:00:00+00:00,2,112.9,0.48,2.36,72.42,2.41,3.24,3.45,0.0
4220,4,849,2026-05-31 08:00:00+00:00,1,100.35,0.11,2.38,55.35,0.56,9.77,13.4,5.19
4221,5,849,2026-05-31 08:00:00+00:00,1,116.57,0.0,3.44,29.45,0.43,1.97,2.63,0.66
4222,1,850,2026-05-31 09:00:00+00:00,1,83.72,0.02,0.08,44.14,0.14,3.06,4.09,0.39
4223,2,850,2026-05-31 09:00:00+00:00,1,104.01,1.31,12.74,59.17,6.04,4.76,10.57,0.35
4224,3,850,2026-05-31 09:00:00+00:00,2,110.97,0.22,2.08,75.14,2.02,2.93,3.09,0.02
4225,4,850,2026-05-31 09:00:00+00:00,1,99.9,0.2,2.13,56.78,0.54,8.37,11.58,5.62
4226,5,850,2026-05-31 09:00:00+00:00,1,114.31,0.0,3.46,23.8,0.32,2.02,2.7,0.49
4227,1,851,2026-05-31 10:00:00+00:00,1,82.99,0.02,0.08,45.77,0.13,3.19,4.13,0.37
4228,2,851,2026-05-31 10:00:00+00:00,1,104.28,1.79,12.35,59.05,6.08,4.92,10.18,0.25
4229,3,851,2026-05-31 10:00:00+00:00,2,110.59,0.16,1.87,76.45,1.83,2.71,2.85,0.06
4230,4,851,2026-05-31 10:00:00+00:00,2,99.52,0.2,1.2,73.59,0.44,6.41,9.69,4.66
4231,5,851,2026-05-31 10:00:00+00:00,1,112.06,0.02,3.61,18.64,0.27,1.97,2.66,0.45
4232,1,852,2026-05-31 11:00:00+00:00,1,82.44,0.02,0.08,46.41,0.13,3.32,4.22,0.36
4233,2,852,2026-05-31 11:00:00+00:00,1,104.09,1.96,11.26,59.72,5.89,4.87,9.25,0.25
4234,3,852,2026-05-31 11:00:00+00:00,2,109.95,0.21,1.46,77.37,1.62,2.61,2.74,0.09
4235,4,852,2026-05-31 11:00:00+00:00,2,98.43,0.13,0.73,84.52,0.34,5.28,8.62,3.93
4236,5,852,2026-05-31 11:00:00+00:00,1,115.1,0.36,3.95,15.77,0.3,1.92,2.65,0.57
4237,1,853,2026-05-31 12:00:00+00:00,1,82.21,0.02,0.09,46.2,0.14,3.38,4.28,0.36
4238,2,853,2026-05-31 12:00:00+00:00,2,103.72,1.82,9.65,63.35,5.47,4.58,8.27,0.29
4239,3,853,2026-05-31 12:00:00+00:00,2,109.22,0.21,1.12,78.75,1.43,2.58,2.7,0.11
4240,4,853,2026-05-31 12:00:00+00:00,2,97.52,0.11,0.52,89.62,0.26,4.18,7.13,3.48
4241,5,853,2026-05-31 12:00:00+00:00,1,123.74,1.82,3.53,17.26,0.4,1.89,2.7,0.8
4242,1,854,2026-05-31 13:00:00+00:00,1,87.68,0.04,0.24,42.43,0.15,3.66,4.78,0.51
4243,2,854,2026-05-31 13:00:00+00:00,2,103.99,1.68,7.4,71.42,4.9,4.06,7.55,0.32
4244,3,854,2026-05-31 13:00:00+00:00,2,108.84,0.19,0.93,80.5,1.27,2.56,2.66,0.12
4245,4,854,2026-05-31 13:00:00+00:00,2,97.16,0.07,0.47,92.52,0.2,3.15,5.59,3.03
4246,5,854,2026-05-31 13:00:00+00:00,1,130.57,2.04,3.46,30.83,0.86,1.85,2.68,1.14
4247,1,855,2026-05-31 14:00:00+00:00,1,98.2,0.03,0.57,37.04,0.17,4.15,5.67,0.73
4248,2,855,2026-05-31 14:00:00+00:00,2,104.83,1.3,6.09,79.41,4.44,3.58,7.14,0.33
4249,3,855,2026-05-31 14:00:00+00:00,2,108.53,0.17,0.91,82.17,1.14,2.44,2.54,0.13
4250,4,855,2026-05-31 14:00:00+00:00,2,96.66,0.06,0.46,92.69,0.17,2.41,4.4,2.72
4251,5,855,2026-05-31 14:00:00+00:00,1,131.94,1.94,3.08,37.02,0.9,2.04,2.84,1.26
4252,1,856,2026-05-31 15:00:00+00:00,1,109.39,0.0,0.94,32.85,0.19,4.64,6.58,0.89
4253,2,856,2026-05-31 15:00:00+00:00,2,105.01,1.08,5.42,84.24,4.11,3.32,7.04,0.29
4254,3,856,2026-05-31 15:00:00+00:00,2,108.31,0.16,1.04,82.6,1.02,2.24,2.33,0.14
4255,4,856,2026-05-31 15:00:00+00:00,2,96.07,0.06,0.49,90.96,0.15,1.96,3.62,2.53
4256,5,856,2026-05-31 15:00:00+00:00,1,130.84,1.29,2.5,48.04,0.93,2.93,3.71,1.33
4257,1,857,2026-05-31 16:00:00+00:00,1,119.26,0.0,1.17,29.38,0.2,5.03,7.43,1.0
4258,2,857,2026-05-31 16:00:00+00:00,2,104.16,0.98,4.85,86.99,3.81,3.37,7.54,0.25
4259,3,857,2026-05-31 16:00:00+00:00,2,108.65,0.19,1.65,69.92,0.84,2.09,2.2,0.4
4260,4,857,2026-05-31 16:00:00+00:00,2,95.97,0.05,0.56,87.98,0.14,1.62,3.0,2.4
4261,5,857,2026-05-31 16:00:00+00:00,2,118.67,0.37,1.25,85.18,1.28,3.08,3.6,1.13
4262,1,858,2026-05-31 17:00:00+00:00,1,128.48,0.0,1.29,26.78,0.2,5.36,8.17,1.04
4263,2,858,2026-05-31 17:00:00+00:00,2,102.73,0.85,4.92,87.98,3.79,3.83,9.2,0.2
4264,3,858,2026-05-31 17:00:00+00:00,1,109.11,0.13,2.65,52.52,0.65,2.02,2.16,0.62
4265,4,858,2026-05-31 17:00:00+00:00,2,95.74,0.04,0.6,84.2,0.12,1.41,2.61,2.44
4266,5,858,2026-05-31 17:00:00+00:00,2,112.64,0.19,0.76,94.16,1.0,2.91,3.3,0.89
4267,1,859,2026-05-31 18:00:00+00:00,1,134.59,0.0,1.33,24.96,0.19,5.58,8.55,0.93
4268,2,859,2026-05-31 18:00:00+00:00,2,101.86,0.7,5.42,88.02,3.88,4.44,11.35,0.17
4269,3,859,2026-05-31 18:00:00+00:00,1,109.66,0.02,3.73,41.14,0.55,1.95,2.12,0.55
4270,4,859,2026-05-31 18:00:00+00:00,2,96.23,0.03,0.62,81.26,0.11,1.33,2.43,2.63
4271,5,859,2026-05-31 18:00:00+00:00,2,110.67,0.17,0.69,96.7,0.84,3.1,3.45,0.8
4272,1,860,2026-05-31 19:00:00+00:00,1,136.65,0.0,1.31,23.36,0.17,5.58,8.56,0.72
4273,2,860,2026-05-31 19:00:00+00:00,2,101.76,0.38,6.53,86.51,4.07,4.96,12.96,0.16
4274,3,860,2026-05-31 19:00:00+00:00,1,109.27,0.0,4.56,33.23,0.5,1.87,2.06,0.48
4275,4,860,2026-05-31 19:00:00+00:00,2,96.64,0.01,0.72,77.87,0.11,1.34,2.39,2.99
4276,5,860,2026-05-31 19:00:00+00:00,2,111.14,0.16,0.69,99.08,0.74,3.39,3.72,0.76
4277,1,861,2026-05-31 20:00:00+00:00,1,142.1,0.0,1.37,21.21,0.15,5.74,8.83,0.49
4278,2,861,2026-05-31 20:00:00+00:00,2,101.88,0.06,7.99,82.67,4.4,5.27,13.55,0.17
4279,3,861,2026-05-31 20:00:00+00:00,1,109.86,0.0,5.23,26.88,0.47,1.83,2.04,0.47
4280,4,861,2026-05-31 20:00:00+00:00,2,97.35,0.0,0.89,73.1,0.11,1.42,2.44,3.46
4281,5,861,2026-05-31 20:00:00+00:00,2,110.9,0.16,0.75,99.63,0.66,3.59,3.9,0.73
4282,1,862,2026-05-31 21:00:00+00:00,1,140.9,0.0,1.34,19.59,0.11,5.55,8.49,0.33
4283,2,862,2026-05-31 21:00:00+00:00,2,102.1,0.0,8.71,77.55,4.65,5.3,13.11,0.25
4284,3,862,2026-05-31 21:00:00+00:00,1,110.26,0.0,5.74,21.24,0.47,1.86,2.13,0.46
4285,4,862,2026-05-31 21:00:00+00:00,2,97.97,0.0,1.03,69.15,0.11,1.49,2.47,3.75
4286,5,862,2026-05-31 21:00:00+00:00,2,111.37,0.18,0.91,99.49,0.61,3.76,4.06,0.72
4287,1,863,2026-05-31 22:00:00+00:00,1,139.61,0.0,1.31,17.74,0.09,5.36,8.21,0.32
4288,2,863,2026-05-31 22:00:00+00:00,2,102.12,0.0,9.77,71.8,4.91,5.18,12.27,0.38
4289,3,863,2026-05-31 22:00:00+00:00,1,109.5,0.0,6.03,16.72,0.46,1.95,2.31,0.44
4290,4,863,2026-05-31 22:00:00+00:00,2,97.24,0.0,1.08,65.26,0.11,1.54,2.44,3.88
4291,5,863,2026-05-31 22:00:00+00:00,2,118.66,0.41,2.15,88.23,0.56,4.01,4.35,0.82
4292,1,864,2026-05-31 23:00:00+00:00,1,140.23,0.0,1.3,15.97,0.08,5.27,8.18,0.35
4293,2,864,2026-05-31 23:00:00+00:00,2,102.59,0.0,11.59,65.79,5.39,5.15,11.67,0.48
4294,3,864,2026-05-31 23:00:00+00:00,1,110.5,0.0,6.51,13.98,0.47,2.24,2.68,0.39
4295,4,864,2026-05-31 23:00:00+00:00,2,96.96,0.0,1.05,62.39,0.11,1.58,2.43,3.77
4296,5,864,2026-05-31 23:00:00+00:00,2,128.1,0.58,3.95,72.11,0.5,4.31,4.74,0.98
4297,1,865,2026-06-01 00:00:00+00:00,1,139.61,0.0,1.29,14.87,0.09,5.11,7.97,0.43
4298,2,865,2026-06-01 00:00:00+00:00,2,102.97,0.0,13.43,60.02,5.88,5.12,11.14,0.56
4299,3,865,2026-06-01 00:00:00+00:00,1,112.51,0.0,7.2,12.14,0.5,2.85,3.33,0.33
4300,4,865,2026-06-01 00:00:00+00:00,2,96.76,0.0,1.0,60.05,0.13,1.63,2.44,3.55
4301,5,865,2026-06-01 00:00:00+00:00,2,134.38,0.25,5.71,61.49,0.49,4.6,5.14,1.11
4302,1,866,2026-06-01 01:00:00+00:00,1,141.13,0.01,1.28,14.44,0.11,4.99,7.45,0.56
4303,2,866,2026-06-01 01:00:00+00:00,1,103.39,0.0,15.09,55.03,6.4,5.19,10.91,0.57
4304,3,866,2026-06-01 01:00:00+00:00,1,114.73,0.01,7.89,10.68,0.56,3.32,3.86,0.27
4305,4,866,2026-06-01 01:00:00+00:00,1,95.54,0.0,1.11,51.07,0.11,1.7,2.53,2.63
4306,5,866,2026-06-01 01:00:00+00:00,1,137.11,0.0,6.57,56.81,0.54,4.85,5.47,1.17
4307,1,867,2026-06-01 02:00:00+00:00,1,143.3,0.01,1.26,14.39,0.13,4.88,7.17,0.6
4308,2,867,2026-06-01 02:00:00+00:00,1,103.48,0.0,16.21,52.63,6.86,5.49,11.52,0.51
4309,3,867,2026-06-01 02:00:00+00:00,1,115.87,0.05,8.08,8.93,0.63,3.23,3.88,0.28
4310,4,867,2026-06-01 02:00:00+00:00,1,93.56,0.0,1.29,38.93,0.08,1.79,2.68,1.8
4311,5,867,2026-06-01 02:00:00+00:00,1,139.25,0.0,6.64,55.03,0.64,5.09,5.79,1.21
4312,1,868,2026-06-01 03:00:00+00:00,1,146.92,0.01,1.28,14.68,0.15,4.9,7.2,0.69
4313,2,868,2026-06-01 03:00:00+00:00,1,103.58,0.0,16.3,53.35,7.07,5.96,13.01,0.41
4314,3,868,2026-06-01 03:00:00+00:00,1,118.01,0.9,7.43,8.83,0.9,3.49,4.36,0.26
4315,4,868,2026-06-01 03:00:00+00:00,1,91.92,0.0,1.47,30.11,0.07,1.88,2.84,1.53
4316,5,868,2026-06-01 03:00:00+00:00,1,139.51,0.0,6.56,53.9,0.78,5.2,5.99,1.27
4317,1,869,2026-06-01 04:00:00+00:00,1,160.5,0.02,1.45,15.28,0.24,5.48,8.54,0.88
4318,2,869,2026-06-01 04:00:00+00:00,1,102.88,0.0,14.74,56.94,6.66,6.29,14.83,0.29
4319,3,869,2026-06-01 04:00:00+00:00,1,122.87,2.73,6.94,10.8,1.74,4.34,5.53,0.22
4320,4,869,2026-06-01 04:00:00+00:00,1,89.79,0.0,1.74,23.98,0.07,1.94,2.97,1.44
4321,5,869,2026-06-01 04:00:00+00:00,1,132.03,0.0,5.46,56.28,1.03,4.93,5.82,1.29
4322,1,870,2026-06-01 05:00:00+00:00,1,177.37,0.26,1.32,16.72,0.3,6.25,10.16,0.87
4323,2,870,2026-06-01 05:00:00+00:00,2,102.51,0.01,12.66,62.25,5.99,6.26,16.11,0.17
4324,3,870,2026-06-01 05:00:00+00:00,1,125.58,4.62,6.28,13.31,2.6,5.09,6.54,0.25
4325,4,870,2026-06-01 05:00:00+00:00,1,90.37,0.03,2.56,20.81,0.09,2.04,3.17,1.35
4326,5,870,2026-06-01 05:00:00+00:00,1,125.99,0.0,4.72,50.79,0.92,4.63,5.61,1.26
4327,1,871,2026-06-01 06:00:00+00:00,1,186.97,0.34,1.01,21.92,0.33,7.2,11.45,1.06
4328,2,871,2026-06-01 06:00:00+00:00,2,102.32,0.14,10.99,67.24,5.47,5.83,16.17,0.06
4329,3,871,2026-06-01 06:00:00+00:00,1,125.55,5.94,6.24,17.78,3.76,5.66,7.27,0.28
4330,4,871,2026-06-01 06:00:00+00:00,1,92.58,0.21,3.58,20.23,0.13,2.16,3.4,1.36
4331,5,871,2026-06-01 06:00:00+00:00,1,120.65,0.0,3.97,46.33,0.8,4.43,5.49,1.18
4332,1,872,2026-06-01 07:00:00+00:00,1,91.77,0.05,0.2,38.97,0.17,2.22,3.52,0.45
4333,2,872,2026-06-01 07:00:00+00:00,2,102.11,0.35,8.86,71.51,4.8,5.13,15.11,0.0
4334,3,872,2026-06-01 07:00:00+00:00,1,118.7,4.81,9.68,49.18,4.34,3.16,3.75,0.0
4335,4,872,2026-06-01 07:00:00+00:00,1,95.14,0.46,3.2,27.03,0.21,2.24,3.66,1.63
4336,5,872,2026-06-01 07:00:00+00:00,1,115.62,0.0,3.33,42.46,0.72,4.36,5.48,1.02
4337,1,873,2026-06-01 08:00:00+00:00,1,84.66,0.03,0.11,41.19,0.15,2.07,3.1,0.42
4338,2,873,2026-06-01 08:00:00+00:00,2,101.97,0.64,7.35,73.62,4.42,4.61,13.98,0.0
4339,3,873,2026-06-01 08:00:00+00:00,2,111.37,2.19,5.57,60.62,2.43,1.85,2.13,0.0
4340,4,873,2026-06-01 08:00:00+00:00,1,95.51,0.79,2.8,28.53,0.25,2.32,3.85,1.85
4341,5,873,2026-06-01 08:00:00+00:00,1,112.15,0.0,2.95,38.57,0.63,4.44,5.59,0.85
4342,1,874,2026-06-01 09:00:00+00:00,1,83.75,0.02,0.09,41.37,0.14,2.17,3.16,0.43
4343,2,874,2026-06-01 09:00:00+00:00,2,101.75,0.91,6.17,75.33,4.22,4.42,13.37,0.0
4344,3,874,2026-06-01 09:00:00+00:00,2,108.71,1.3,3.84,66.41,1.85,1.63,1.84,0.0
4345,4,874,2026-06-01 09:00:00+00:00,1,95.42,0.92,2.34,30.78,0.24,2.44,4.04,2.16
4346,5,874,2026-06-01 09:00:00+00:00,1,110.5,0.0,2.81,35.18,0.58,4.58,5.77,0.72
4347,1,875,2026-06-01 10:00:00+00:00,1,84.85,0.02,0.09,42.75,0.15,2.34,3.28,0.44
4348,2,875,2026-06-01 10:00:00+00:00,2,101.51,0.92,5.17,77.9,3.97,4.48,13.01,0.0
4349,3,875,2026-06-01 10:00:00+00:00,2,107.99,0.73,2.66,71.18,1.46,1.53,1.69,0.02
4350,4,875,2026-06-01 10:00:00+00:00,2,96.44,0.18,1.16,61.83,0.24,2.16,3.54,2.45
4351,5,875,2026-06-01 10:00:00+00:00,1,109.78,0.0,2.93,32.21,0.55,4.73,5.97,0.66
4352,1,876,2026-06-01 11:00:00+00:00,1,86.2,0.03,0.11,43.46,0.15,2.52,3.45,0.47
4353,2,876,2026-06-01 11:00:00+00:00,2,101.54,0.84,4.71,80.63,3.85,4.62,12.52,0.02
4354,3,876,2026-06-01 11:00:00+00:00,2,106.59,0.37,1.78,72.74,1.13,1.46,1.57,0.05
4355,4,876,2026-06-01 11:00:00+00:00,2,95.36,0.1,0.66,69.37,0.17,1.81,2.9,2.19
4356,5,876,2026-06-01 11:00:00+00:00,1,114.08,0.05,3.78,29.51,0.57,4.93,6.24,0.74
4357,1,877,2026-06-01 12:00:00+00:00,1,87.31,0.03,0.14,43.28,0.16,2.62,3.56,0.5
4358,2,877,2026-06-01 12:00:00+00:00,2,101.39,0.79,4.43,83.34,3.8,4.7,11.86,0.06
4359,3,877,2026-06-01 12:00:00+00:00,2,104.75,0.16,1.1,72.7,0.81,1.3,1.38,0.08
4360,4,877,2026-06-01 12:00:00+00:00,2,94.45,0.08,0.52,71.69,0.14,1.73,2.69,2.0
4361,5,877,2026-06-01 12:00:00+00:00,1,123.3,0.4,4.93,28.35,0.62,5.19,6.57,0.89
4362,1,878,2026-06-01 13:00:00+00:00,1,100.79,0.06,0.36,39.54,0.22,3.24,4.58,0.8
4363,2,878,2026-06-01 13:00:00+00:00,2,101.75,0.81,4.8,85.08,4.01,4.78,11.29,0.15
4364,3,878,2026-06-01 13:00:00+00:00,2,102.85,0.07,0.71,71.38,0.56,1.06,1.12,0.11
4365,4,878,2026-06-01 13:00:00+00:00,2,94.87,0.08,0.44,74.95,0.13,1.78,2.67,1.89
4366,5,878,2026-06-01 13:00:00+00:00,1,128.61,1.49,3.84,32.75,0.68,5.43,6.82,1.1
4367,1,879,2026-06-01 14:00:00+00:00,1,126.07,0.05,0.88,33.91,0.29,4.47,6.52,1.17
4368,2,879,2026-06-01 14:00:00+00:00,2,102.0,0.92,5.94,84.58,4.49,4.95,11.04,0.24
4369,3,879,2026-06-01 14:00:00+00:00,2,100.89,0.04,0.56,69.01,0.41,0.81,0.86,0.15
4370,4,879,2026-06-01 14:00:00+00:00,2,94.48,0.08,0.42,77.13,0.11,1.8,2.63,1.77
4371,5,879,2026-06-01 14:00:00+00:00,1,130.53,1.56,3.38,40.18,0.7,5.63,6.92,1.21
4372,1,880,2026-06-01 15:00:00+00:00,1,154.61,0.0,1.51,29.42,0.33,5.87,8.71,1.26
4373,2,880,2026-06-01 15:00:00+00:00,2,102.14,1.0,7.12,83.3,4.78,4.98,10.56,0.32
4374,3,880,2026-06-01 15:00:00+00:00,2,98.84,0.03,0.53,66.65,0.35,0.64,0.68,0.19
4375,4,880,2026-06-01 15:00:00+00:00,2,94.01,0.08,0.45,78.77,0.1,1.8,2.58,1.68
4376,5,880,2026-06-01 15:00:00+00:00,1,131.1,0.97,2.71,58.05,0.87,6.2,7.37,1.22
4377,1,881,2026-06-01 16:00:00+00:00,1,184.45,0.0,1.97,25.74,0.38,7.28,10.95,1.19
4378,2,881,2026-06-01 16:00:00+00:00,2,102.56,0.57,9.16,80.98,4.86,4.76,9.43,0.35
4379,3,881,2026-06-01 16:00:00+00:00,2,98.06,0.03,0.71,61.28,0.37,0.56,0.62,0.31
4380,4,881,2026-06-01 16:00:00+00:00,2,94.36,0.09,0.58,80.36,0.1,1.83,2.58,1.66
4381,5,881,2026-06-01 16:00:00+00:00,2,120.52,0.28,1.26,99.66,1.47,5.59,6.29,0.81
4382,1,882,2026-06-01 17:00:00+00:00,1,215.1,0.0,2.3,23.12,0.4,8.62,12.88,1.04
4383,2,882,2026-06-01 17:00:00+00:00,2,102.59,0.38,10.73,78.11,4.79,4.31,7.85,0.35
4384,3,882,2026-06-01 17:00:00+00:00,1,98.01,0.02,0.95,53.9,0.4,0.6,0.67,0.48
4385,4,882,2026-06-01 17:00:00+00:00,2,94.41,0.08,0.78,79.87,0.11,1.86,2.62,1.71
4386,5,882,2026-06-01 17:00:00+00:00,3,116.98,0.18,0.9,111.01,1.46,5.18,5.69,0.67
4387,1,883,2026-06-01 18:00:00+00:00,1,237.23,0.0,2.45,21.42,0.38,9.44,13.64,0.94
4388,2,883,2026-06-01 18:00:00+00:00,2,102.81,0.21,12.07,74.86,4.75,3.87,6.46,0.32
4389,3,883,2026-06-01 18:00:00+00:00,1,98.32,0.0,1.1,48.57,0.41,0.67,0.75,0.57
4390,4,883,2026-06-01 18:00:00+00:00,2,94.46,0.04,0.95,79.15,0.12,1.88,2.67,1.82
4391,5,883,2026-06-01 18:00:00+00:00,3,117.06,0.16,0.86,116.04,1.46,5.22,5.68,0.74
4392,1,884,2026-06-01 19:00:00+00:00,1,248.64,0.0,2.45,20.49,0.36,9.79,13.37,0.94
4393,2,884,2026-06-01 19:00:00+00:00,2,104.01,0.05,13.37,71.66,4.49,3.45,5.05,0.26
4394,3,884,2026-06-01 19:00:00+00:00,1,97.6,0.0,1.2,44.07,0.41,0.77,0.85,0.54
4395,4,884,2026-06-01 19:00:00+00:00,2,94.96,0.01,1.45,73.38,0.13,1.96,2.81,2.16
4396,5,884,2026-06-01 19:00:00+00:00,3,118.82,0.14,1.04,119.58,1.48,5.35,5.81,0.86
4397,1,885,2026-06-01 20:00:00+00:00,2,261.17,0.0,2.52,19.11,0.34,10.27,13.74,0.95
4398,2,885,2026-06-01 20:00:00+00:00,2,105.09,0.01,14.33,68.2,4.22,3.13,4.04,0.18
4399,3,885,2026-06-01 20:00:00+00:00,1,97.64,0.0,1.27,40.37,0.4,0.89,0.97,0.47
4400,4,885,2026-06-01 20:00:00+00:00,2,96.19,0.0,2.06,64.79,0.15,2.09,3.03,2.62
4401,5,885,2026-06-01 20:00:00+00:00,3,121.31,0.14,1.42,119.31,1.55,5.5,5.96,0.99
4402,1,886,2026-06-01 21:00:00+00:00,1,257.18,0.0,2.42,18.53,0.28,9.86,13.24,0.89
4403,2,886,2026-06-01 21:00:00+00:00,2,106.17,0.0,15.24,64.82,4.12,2.93,3.55,0.14
4404,3,886,2026-06-01 21:00:00+00:00,1,97.04,0.0,1.29,36.76,0.39,1.01,1.1,0.39
4405,4,886,2026-06-01 21:00:00+00:00,1,97.06,0.0,2.48,58.47,0.15,2.19,3.19,2.79
4406,5,886,2026-06-01 21:00:00+00:00,3,124.51,0.13,2.06,117.53,1.66,5.63,6.11,1.11
4407,1,887,2026-06-01 22:00:00+00:00,1,240.87,0.0,2.22,19.99,0.29,8.77,11.89,1.07
4408,2,887,2026-06-01 22:00:00+00:00,2,107.05,0.0,15.8,62.22,3.97,2.78,3.26,0.12
4409,3,887,2026-06-01 22:00:00+00:00,1,95.18,0.0,1.3,33.15,0.38,1.12,1.22,0.33
4410,4,887,2026-06-01 22:00:00+00:00,1,96.43,0.0,2.56,54.62,0.12,2.2,3.21,2.79
4411,5,887,2026-06-01 22:00:00+00:00,3,128.67,0.12,3.01,110.59,1.76,5.77,6.3,1.26
4412,1,888,2026-06-01 23:00:00+00:00,1,233.87,0.0,2.16,20.78,0.31,8.15,11.14,1.32
4413,2,888,2026-06-01 23:00:00+00:00,2,107.0,0.0,15.17,60.15,3.65,2.55,3.01,0.11
4414,3,888,2026-06-01 23:00:00+00:00,1,93.96,0.0,1.34,29.88,0.36,1.22,1.33,0.3
4415,4,888,2026-06-01 23:00:00+00:00,1,96.33,0.0,2.26,54.31,0.1,2.18,3.23,2.9
4416,5,888,2026-06-01 23:00:00+00:00,3,132.67,0.08,3.69,102.32,1.81,5.92,6.49,1.41
4417,1,889,2026-06-02 00:00:00+00:00,1,228.27,0.0,2.09,21.36,0.33,7.64,10.52,1.52
4418,2,889,2026-06-02 00:00:00+00:00,1,105.48,0.0,12.73,59.69,3.13,2.11,2.58,0.11
4419,3,889,2026-06-02 00:00:00+00:00,1,92.92,0.0,1.35,27.34,0.33,1.3,1.42,0.29
4420,4,889,2026-06-02 00:00:00+00:00,1,96.32,0.0,1.83,57.25,0.11,2.2,3.42,3.06
4421,5,889,2026-06-02 00:00:00+00:00,2,134.12,0.02,3.83,95.58,1.71,5.85,6.45,1.52
4422,1,890,2026-06-02 01:00:00+00:00,1,222.33,0.0,2.01,22.23,0.35,7.06,9.85,1.69
4423,2,890,2026-06-02 01:00:00+00:00,2,103.12,0.0,8.99,60.86,2.42,1.54,1.99,0.09
4424,3,890,2026-06-02 01:00:00+00:00,1,91.42,0.0,1.33,25.42,0.3,1.35,1.47,0.29
4425,4,890,2026-06-02 01:00:00+00:00,2,95.84,0.0,1.28,66.34,0.19,2.22,3.83,3.14
4426,5,890,2026-06-02 01:00:00+00:00,2,131.69,0.0,3.43,89.5,1.41,5.56,6.18,1.56
4427,1,891,2026-06-02 02:00:00+00:00,1,216.3,0.0,1.94,22.93,0.37,6.54,9.24,1.84
4428,2,891,2026-06-02 02:00:00+00:00,2,101.38,0.0,7.24,60.6,2.2,1.29,1.72,0.08
4429,3,891,2026-06-02 02:00:00+00:00,1,90.48,0.0,1.33,23.95,0.28,1.38,1.5,0.31
4430,4,891,2026-06-02 02:00:00+00:00,2,95.9,0.0,1.08,66.34,0.22,2.07,3.72,2.62
4431,5,891,2026-06-02 02:00:00+00:00,2,130.53,0.0,3.08,86.53,1.14,5.53,6.32,1.54
4432,1,892,2026-06-02 03:00:00+00:00,1,213.71,0.0,1.91,23.36,0.4,6.22,8.94,2.02
4433,2,892,2026-06-02 03:00:00+00:00,1,100.28,0.0,6.96,58.16,2.19,1.24,1.66,0.07
4434,3,892,2026-06-02 03:00:00+00:00,1,91.0,0.05,1.46,23.16,0.31,1.41,1.53,0.34
4435,4,892,2026-06-02 03:00:00+00:00,2,96.31,0.0,0.98,63.81,0.2,1.78,3.3,1.97
4436,5,892,2026-06-02 03:00:00+00:00,2,129.9,0.0,2.84,85.38,0.99,5.71,6.92,1.49
4437,1,893,2026-06-02 04:00:00+00:00,1,218.87,0.01,1.97,22.63,0.43,6.39,9.57,1.9
4438,2,893,2026-06-02 04:00:00+00:00,1,99.89,0.0,7.48,53.85,2.26,1.29,1.71,0.06
4439,3,893,2026-06-02 04:00:00+00:00,1,93.14,0.23,1.56,23.74,0.39,1.45,1.58,0.4
4440,4,893,2026-06-02 04:00:00+00:00,2,95.66,0.0,0.94,60.07,0.17,1.5,2.89,1.56
4441,5,893,2026-06-02 04:00:00+00:00,2,125.87,0.0,2.38,86.02,0.91,5.72,7.54,1.36
4442,1,894,2026-06-02 05:00:00+00:00,1,227.29,0.25,1.68,22.36,0.39,6.86,10.66,1.26
4443,2,894,2026-06-02 05:00:00+00:00,1,99.94,0.0,8.4,48.84,2.47,1.47,2.01,0.05
4444,3,894,2026-06-02 05:00:00+00:00,1,94.06,0.48,1.38,24.68,0.45,1.49,1.63,0.49
4445,4,894,2026-06-02 05:00:00+00:00,1,95.64,0.0,1.13,56.91,0.15,1.37,2.73,1.44
4446,5,894,2026-06-02 05:00:00+00:00,2,123.62,0.0,2.06,84.08,0.8,5.84,8.32,1.23
4447,1,895,2026-06-02 06:00:00+00:00,1,232.91,0.32,1.22,26.76,0.37,8.01,12.1,1.18
4448,2,895,2026-06-02 06:00:00+00:00,1,100.53,0.03,9.01,47.15,2.7,1.77,2.51,0.03
4449,3,895,2026-06-02 06:00:00+00:00,1,94.16,0.53,1.08,29.17,0.55,1.64,1.77,0.5
4450,4,895,2026-06-02 06:00:00+00:00,1,95.62,0.03,1.42,55.16,0.15,1.43,2.85,1.33
4451,5,895,2026-06-02 06:00:00+00:00,2,121.53,0.0,1.84,81.73,0.73,5.89,8.83,1.09
4452,1,896,2026-06-02 07:00:00+00:00,1,123.26,0.08,0.34,38.25,0.23,2.77,4.5,0.64
4453,2,896,2026-06-02 07:00:00+00:00,1,101.93,0.14,8.43,50.91,3.04,2.09,3.37,0.04
4454,3,896,2026-06-02 07:00:00+00:00,2,101.74,0.14,0.59,64.63,0.81,2.38,2.5,0.03
4455,4,896,2026-06-02 07:00:00+00:00,1,95.3,0.05,1.39,58.2,0.15,1.58,2.68,0.87
4456,5,896,2026-06-02 07:00:00+00:00,2,118.67,0.0,1.73,78.59,0.7,5.78,8.91,0.93
4457,1,897,2026-06-02 08:00:00+00:00,1,108.98,0.05,0.19,40.44,0.19,2.33,3.69,0.56
4458,2,897,2026-06-02 08:00:00+00:00,1,102.6,0.26,7.21,56.52,3.25,2.18,4.08,0.06
4459,3,897,2026-06-02 08:00:00+00:00,2,101.77,0.08,0.46,72.47,0.65,2.06,2.16,0.03
4460,4,897,2026-06-02 08:00:00+00:00,1,94.85,0.06,1.28,59.74,0.12,1.63,2.15,0.47
4461,5,897,2026-06-02 08:00:00+00:00,2,117.44,0.0,1.72,75.59,0.71,5.68,8.94,0.77
4462,1,898,2026-06-02 09:00:00+00:00,1,103.31,0.03,0.13,41.38,0.18,2.22,3.42,0.54
4463,2,898,2026-06-02 09:00:00+00:00,2,102.99,0.37,5.91,62.47,3.11,2.03,4.13,0.09
4464,3,898,2026-06-02 09:00:00+00:00,2,100.63,0.06,0.42,74.45,0.57,1.83,1.92,0.06
4465,4,898,2026-06-02 09:00:00+00:00,2,94.76,0.08,1.14,60.9,0.09,1.61,1.83,0.32
4466,5,898,2026-06-02 09:00:00+00:00,2,116.66,0.0,1.79,72.35,0.74,5.6,8.96,0.62
4467,1,899,2026-06-02 10:00:00+00:00,1,94.98,0.03,0.1,43.58,0.16,1.88,2.79,0.46
4468,2,899,2026-06-02 10:00:00+00:00,2,102.28,0.66,3.79,70.23,2.65,1.96,4.12,0.1
4469,3,899,2026-06-02 10:00:00+00:00,2,100.19,0.04,0.39,76.31,0.5,1.65,1.72,0.11
4470,4,899,2026-06-02 10:00:00+00:00,2,94.65,0.08,0.96,61.46,0.07,1.44,1.54,0.3
4471,5,899,2026-06-02 10:00:00+00:00,2,115.82,0.0,1.93,68.21,0.78,5.46,8.86,0.54
4472,1,900,2026-06-02 11:00:00+00:00,1,92.52,0.03,0.11,44.24,0.15,1.92,2.78,0.46
4473,2,900,2026-06-02 11:00:00+00:00,2,102.2,0.65,2.67,77.67,2.45,2.18,4.91,0.1
4474,3,900,2026-06-02 11:00:00+00:00,2,99.12,0.04,0.35,77.23,0.43,1.52,1.59,0.16
4475,4,900,2026-06-02 11:00:00+00:00,2,94.24,0.1,0.83,60.2,0.07,1.17,1.25,0.41
4476,5,900,2026-06-02 11:00:00+00:00,2,117.32,0.04,2.47,64.77,0.88,5.26,8.63,0.57
4477,1,901,2026-06-02 12:00:00+00:00,1,91.67,0.03,0.13,44.4,0.15,1.99,2.85,0.46
4478,2,901,2026-06-02 12:00:00+00:00,2,102.39,0.6,2.09,84.48,2.37,2.34,5.75,0.08
4479,3,901,2026-06-02 12:00:00+00:00,2,98.31,0.04,0.35,77.54,0.39,1.43,1.5,0.2
4480,4,901,2026-06-02 12:00:00+00:00,2,94.27,0.09,0.68,62.37,0.09,0.88,0.96,0.52
4481,5,901,2026-06-02 12:00:00+00:00,2,121.3,0.32,3.06,63.24,1.09,4.92,8.09,0.62
4482,1,902,2026-06-02 13:00:00+00:00,1,99.77,0.05,0.27,42.4,0.19,2.41,3.56,0.7
4483,2,902,2026-06-02 13:00:00+00:00,2,102.48,0.51,1.77,89.02,2.2,2.16,5.66,0.05
4484,3,902,2026-06-02 13:00:00+00:00,2,98.27,0.05,0.37,77.81,0.35,1.35,1.43,0.25
4485,4,902,2026-06-02 13:00:00+00:00,2,96.37,0.08,0.53,70.52,0.12,0.76,0.89,0.58
4486,5,902,2026-06-02 13:00:00+00:00,2,122.69,0.6,3.14,67.67,1.41,4.22,6.9,0.64
4487,1,903,2026-06-02 14:00:00+00:00,1,116.61,0.04,0.62,39.11,0.28,3.22,4.92,1.15
4488,2,903,2026-06-02 14:00:00+00:00,2,101.46,0.43,1.61,88.22,1.9,1.68,4.56,0.04
4489,3,903,2026-06-02 14:00:00+00:00,2,98.18,0.06,0.39,77.74,0.34,1.32,1.4,0.29
4490,4,903,2026-06-02 14:00:00+00:00,2,97.35,0.07,0.46,76.0,0.14,0.8,1.02,0.57
4491,5,903,2026-06-02 14:00:00+00:00,2,123.32,0.7,3.05,71.96,1.68,3.88,6.26,0.66
4492,1,904,2026-06-02 15:00:00+00:00,1,135.4,0.0,1.07,36.48,0.37,4.08,6.38,1.55
4493,2,904,2026-06-02 15:00:00+00:00,2,100.9,0.39,1.55,85.47,1.68,1.3,3.65,0.05
4494,3,904,2026-06-02 15:00:00+00:00,2,97.83,0.05,0.4,77.37,0.33,1.29,1.38,0.33
4495,4,904,2026-06-02 15:00:00+00:00,2,98.25,0.07,0.48,77.68,0.16,0.81,1.07,0.55
4496,5,904,2026-06-02 15:00:00+00:00,2,123.95,0.67,2.74,78.26,1.9,3.89,6.09,0.66
4497,1,905,2026-06-02 16:00:00+00:00,1,158.85,0.0,1.47,33.76,0.48,5.25,8.33,1.96
4498,2,905,2026-06-02 16:00:00+00:00,2,100.86,0.33,1.51,83.01,1.44,1.01,2.87,0.08
4499,3,905,2026-06-02 16:00:00+00:00,2,98.21,0.1,0.84,63.84,0.34,1.32,1.43,0.56
4500,4,905,2026-06-02 16:00:00+00:00,2,98.83,0.08,0.56,77.63,0.16,0.75,1.03,0.57
4501,5,905,2026-06-02 16:00:00+00:00,2,121.39,0.43,1.77,91.43,1.71,3.51,5.17,0.56
4502,1,906,2026-06-02 17:00:00+00:00,1,186.77,0.0,1.84,31.4,0.59,6.67,10.6,2.35
4503,2,906,2026-06-02 17:00:00+00:00,2,100.62,0.31,1.66,80.54,1.39,0.88,2.51,0.12
4504,3,906,2026-06-02 17:00:00+00:00,1,98.52,0.09,1.43,48.62,0.35,1.38,1.53,0.87
4505,4,906,2026-06-02 17:00:00+00:00,2,99.72,0.07,0.64,77.85,0.17,0.69,1.01,0.63
4506,5,906,2026-06-02 17:00:00+00:00,3,117.86,0.26,1.09,100.25,1.39,3.19,4.4,0.47
4507,1,907,2026-06-02 18:00:00+00:00,1,209.04,0.0,2.05,29.29,0.64,7.83,12.31,2.49
4508,2,907,2026-06-02 18:00:00+00:00,2,99.73,0.25,1.86,77.13,1.38,0.87,2.41,0.16
4509,3,907,2026-06-02 18:00:00+00:00,1,97.76,0.01,1.83,41.24,0.36,1.41,1.59,1.1
4510,4,907,2026-06-02 18:00:00+00:00,2,100.62,0.04,0.7,77.91,0.18,0.65,0.99,0.69
4511,5,907,2026-06-02 18:00:00+00:00,3,115.8,0.2,0.85,105.05,1.23,3.07,4.05,0.44
4512,1,908,2026-06-02 19:00:00+00:00,1,228.11,0.0,2.19,26.83,0.57,8.93,13.81,2.04
4513,2,908,2026-06-02 19:00:00+00:00,2,99.29,0.14,2.19,73.16,1.44,0.94,2.51,0.22
4514,3,908,2026-06-02 19:00:00+00:00,1,96.78,0.0,2.11,37.7,0.41,1.43,1.63,1.29
4515,4,908,2026-06-02 19:00:00+00:00,2,100.69,0.02,0.79,76.25,0.18,0.62,0.95,0.77
4516,5,908,2026-06-02 19:00:00+00:00,3,114.24,0.16,0.74,109.25,1.04,2.63,3.39,0.39
4517,1,909,2026-06-02 20:00:00+00:00,1,244.55,0.0,2.33,24.74,0.53,9.94,15.11,1.86
4518,2,909,2026-06-02 20:00:00+00:00,2,99.46,0.02,2.74,69.54,1.66,1.18,3.04,0.29
4519,3,909,2026-06-02 20:00:00+00:00,1,95.68,0.0,2.19,33.12,0.38,1.45,1.65,1.28
4520,4,909,2026-06-02 20:00:00+00:00,2,101.62,0.0,0.91,73.84,0.17,0.61,0.91,0.87
4521,5,909,2026-06-02 20:00:00+00:00,3,112.47,0.16,0.76,111.41,0.91,2.24,2.85,0.34
4522,1,910,2026-06-02 21:00:00+00:00,2,246.19,0.0,2.31,23.43,0.48,10.16,15.11,1.82
4523,2,910,2026-06-02 21:00:00+00:00,2,100.27,0.0,3.05,67.72,1.84,1.36,3.46,0.36
4524,3,910,2026-06-02 21:00:00+00:00,1,93.03,0.0,2.06,28.24,0.31,1.45,1.66,1.15
4525,4,910,2026-06-02 21:00:00+00:00,2,102.01,0.0,0.96,71.96,0.16,0.59,0.86,0.94
4526,5,910,2026-06-02 21:00:00+00:00,3,112.58,0.17,0.93,113.18,0.9,2.16,2.72,0.34
4527,1,911,2026-06-02 22:00:00+00:00,2,241.32,0.0,2.22,22.91,0.47,10.04,14.66,1.97
4528,2,911,2026-06-02 22:00:00+00:00,2,101.28,0.0,3.31,67.17,1.99,1.45,3.81,0.39
4529,3,911,2026-06-02 22:00:00+00:00,1,89.11,0.0,1.88,23.9,0.25,1.43,1.65,0.97
4530,4,911,2026-06-02 22:00:00+00:00,2,101.14,0.0,0.94,69.93,0.15,0.58,0.86,0.94
4531,5,911,2026-06-02 22:00:00+00:00,2,124.35,0.57,3.08,95.74,0.84,2.34,2.92,0.57
4532,1,912,2026-06-02 23:00:00+00:00,1,238.15,0.0,2.13,22.66,0.48,9.99,14.38,2.15
4533,2,912,2026-06-02 23:00:00+00:00,2,102.13,0.0,3.57,66.93,2.15,1.56,4.35,0.39
4534,3,912,2026-06-02 23:00:00+00:00,1,86.27,0.0,1.79,21.02,0.2,1.42,1.65,0.77
4535,4,912,2026-06-02 23:00:00+00:00,2,101.45,0.0,0.86,69.23,0.15,0.62,0.95,0.92
4536,5,912,2026-06-02 23:00:00+00:00,2,141.64,0.91,6.31,73.11,0.73,2.62,3.29,0.93
4537,1,913,2026-06-03 00:00:00+00:00,1,236.12,0.0,2.07,22.4,0.49,9.98,14.22,2.31
4538,2,913,2026-06-03 00:00:00+00:00,2,102.44,0.0,3.77,66.85,2.26,1.68,4.99,0.36
4539,3,913,2026-06-03 00:00:00+00:00,1,84.34,0.01,1.76,18.99,0.17,1.44,1.67,0.62
4540,4,913,2026-06-03 00:00:00+00:00,2,102.04,0.0,0.78,68.6,0.17,0.72,1.14,0.87
4541,5,913,2026-06-03 00:00:00+00:00,2,150.71,0.4,8.95,60.15,0.67,2.79,3.57,1.22
4542,1,914,2026-06-03 01:00:00+00:00,1,234.04,0.0,2.05,22.75,0.53,9.95,14.1,2.63
4543,2,914,2026-06-03 01:00:00+00:00,2,102.24,0.0,3.84,66.91,2.31,1.77,5.5,0.32
4544,3,914,2026-06-03 01:00:00+00:00,1,82.05,0.01,1.73,17.58,0.16,1.45,1.69,0.51
4545,4,914,2026-06-03 01:00:00+00:00,2,101.92,0.0,0.72,67.53,0.19,0.84,1.42,0.84
4546,5,914,2026-06-03 01:00:00+00:00,1,153.51,0.01,10.1,52.76,0.66,2.87,3.76,1.51
4547,1,915,2026-06-03 02:00:00+00:00,1,233.05,0.0,2.06,23.88,0.61,9.94,14.06,3.07
4548,2,915,2026-06-03 02:00:00+00:00,2,102.28,0.0,3.81,67.4,2.29,1.79,5.67,0.26
4549,3,915,2026-06-03 02:00:00+00:00,1,81.96,0.03,1.73,17.23,0.17,1.5,1.73,0.47
4550,4,915,2026-06-03 02:00:00+00:00,2,102.28,0.0,0.68,66.65,0.22,0.99,1.75,0.84
4551,5,915,2026-06-03 02:00:00+00:00,1,157.17,0.0,10.61,45.28,0.65,2.99,3.99,1.8
4552,1,916,2026-06-03 03:00:00+00:00,2,235.97,0.0,2.14,24.87,0.7,10.13,14.35,3.54
4553,2,916,2026-06-03 03:00:00+00:00,2,102.13,0.0,3.72,67.9,2.27,1.76,5.61,0.2
4554,3,916,2026-06-03 03:00:00+00:00,1,84.34,0.27,1.71,19.44,0.24,1.59,1.83,0.46
4555,4,916,2026-06-03 03:00:00+00:00,2,102.18,0.0,0.66,65.38,0.24,1.11,2.04,0.85
4556,5,916,2026-06-03 03:00:00+00:00,1,160.58,0.0,11.37,38.42,0.64,3.12,4.2,2.11
4557,1,917,2026-06-03 04:00:00+00:00,2,251.24,0.02,2.4,25.34,0.89,10.86,15.77,4.25
4558,2,917,2026-06-03 04:00:00+00:00,2,101.97,0.0,3.42,68.93,2.12,1.59,5.03,0.12
4559,3,917,2026-06-03 04:00:00+00:00,1,89.67,0.6,1.72,27.22,0.38,1.68,1.95,0.54
4560,4,917,2026-06-03 04:00:00+00:00,2,101.46,0.0,0.65,64.21,0.24,1.16,2.25,0.83
4561,5,917,2026-06-03 04:00:00+00:00,1,158.0,0.0,11.11,32.59,0.6,3.17,4.28,2.21
4562,1,918,2026-06-03 05:00:00+00:00,2,269.3,0.38,2.05,27.36,1.06,11.85,17.6,4.8
4563,2,918,2026-06-03 05:00:00+00:00,2,102.52,0.01,3.3,69.95,2.06,1.43,4.46,0.05
4564,3,918,2026-06-03 05:00:00+00:00,1,92.53,0.94,1.66,27.83,0.45,1.79,2.07,0.68
4565,4,918,2026-06-03 05:00:00+00:00,2,101.01,0.0,0.78,62.91,0.25,1.13,2.29,0.79
4566,5,918,2026-06-03 05:00:00+00:00,1,151.63,0.0,9.5,28.98,0.49,3.21,4.31,2.03
4567,1,919,2026-06-03 06:00:00+00:00,2,280.46,0.4,1.38,35.27,1.05,13.78,19.91,4.67
4568,2,919,2026-06-03 06:00:00+00:00,2,103.07,0.05,3.4,70.11,2.07,1.4,4.09,0.02
4569,3,919,2026-06-03 06:00:00+00:00,1,92.92,0.98,1.56,30.62,0.55,2.02,2.32,0.8
4570,4,919,2026-06-03 06:00:00+00:00,2,100.66,0.02,1.01,62.04,0.24,1.05,2.18,0.76
4571,5,919,2026-06-03 06:00:00+00:00,1,143.73,0.0,7.74,29.26,0.43,3.27,4.33,1.85
4572,1,920,2026-06-03 07:00:00+00:00,1,118.52,0.06,0.21,46.95,0.32,4.53,6.5,0.93
4573,2,920,2026-06-03 07:00:00+00:00,2,103.58,0.08,3.52,70.4,2.1,1.51,4.0,0.01
4574,3,920,2026-06-03 07:00:00+00:00,2,96.45,0.23,0.89,81.83,1.24,2.6,2.78,0.86
4575,4,920,2026-06-03 07:00:00+00:00,2,100.37,0.04,1.11,61.88,0.24,0.96,1.86,0.72
4576,5,920,2026-06-03 07:00:00+00:00,1,132.65,0.0,5.61,36.62,0.46,3.25,4.2,1.57
4577,1,921,2026-06-03 08:00:00+00:00,1,99.49,0.03,0.11,48.8,0.22,3.54,5.02,0.61
4578,2,921,2026-06-03 08:00:00+00:00,2,103.58,0.15,3.63,70.89,2.15,1.82,4.37,0.03
4579,3,921,2026-06-03 08:00:00+00:00,2,96.52,0.12,0.54,89.88,0.87,2.64,2.79,0.92
4580,4,921,2026-06-03 08:00:00+00:00,2,99.6,0.07,1.04,61.99,0.21,0.91,1.53,0.69
4581,5,921,2026-06-03 08:00:00+00:00,1,125.44,0.0,4.24,37.12,0.38,3.31,4.21,1.55
4582,1,922,2026-06-03 09:00:00+00:00,1,93.59,0.02,0.09,49.6,0.2,3.24,4.56,0.53
4583,2,922,2026-06-03 09:00:00+00:00,2,103.4,0.21,3.56,71.3,2.12,2.18,4.77,0.11
4584,3,922,2026-06-03 09:00:00+00:00,2,96.41,0.09,0.46,91.9,0.73,2.64,2.79,0.95
4585,4,922,2026-06-03 09:00:00+00:00,2,98.92,0.09,0.93,62.64,0.19,0.9,1.35,0.67
4586,5,922,2026-06-03 09:00:00+00:00,1,121.08,0.0,3.51,35.91,0.3,3.42,4.27,1.68
4587,1,923,2026-06-03 10:00:00+00:00,1,86.21,0.02,0.09,51.67,0.16,2.74,3.82,0.42
4588,2,923,2026-06-03 10:00:00+00:00,2,103.44,0.22,3.46,70.57,1.95,2.24,4.04,0.21
4589,3,923,2026-06-03 10:00:00+00:00,2,97.17,0.08,0.45,92.91,0.66,2.67,2.82,0.99
4590,4,923,2026-06-03 10:00:00+00:00,2,99.6,0.09,0.77,65.22,0.16,0.9,1.27,0.66
4591,5,923,2026-06-03 10:00:00+00:00,1,118.79,0.0,3.05,40.64,0.31,3.49,4.29,1.75
4592,1,924,2026-06-03 11:00:00+00:00,1,80.5,0.02,0.09,52.92,0.14,2.41,3.37,0.36
4593,2,924,2026-06-03 11:00:00+00:00,2,102.95,0.24,3.36,69.02,1.71,2.16,3.39,0.23
4594,3,924,2026-06-03 11:00:00+00:00,2,97.21,0.08,0.45,92.09,0.63,2.67,2.81,1.02
4595,4,924,2026-06-03 11:00:00+00:00,2,99.37,0.09,0.67,66.94,0.15,0.94,1.27,0.67
4596,5,924,2026-06-03 11:00:00+00:00,1,121.51,0.09,3.47,44.44,0.34,3.51,4.3,1.76
4597,1,925,2026-06-03 12:00:00+00:00,1,77.15,0.02,0.1,53.19,0.12,2.19,3.12,0.33
4598,2,925,2026-06-03 12:00:00+00:00,2,102.56,0.24,3.24,68.88,1.61,2.19,3.31,0.18
4599,3,925,2026-06-03 12:00:00+00:00,2,97.07,0.08,0.46,91.21,0.62,2.64,2.78,1.05
4600,4,925,2026-06-03 12:00:00+00:00,2,99.31,0.09,0.6,68.56,0.15,1.07,1.47,0.69
4601,5,925,2026-06-03 12:00:00+00:00,1,129.33,0.68,4.0,48.05,0.43,3.56,4.36,1.76
4602,1,926,2026-06-03 13:00:00+00:00,1,80.32,0.03,0.19,51.34,0.15,2.28,3.42,0.45
4603,2,926,2026-06-03 13:00:00+00:00,2,102.65,0.38,2.87,70.68,1.67,2.7,4.29,0.14
4604,3,926,2026-06-03 13:00:00+00:00,2,97.47,0.08,0.51,90.57,0.62,2.61,2.75,1.07
4605,4,926,2026-06-03 13:00:00+00:00,2,100.44,0.07,0.59,70.41,0.17,1.26,1.9,0.75
4606,5,926,2026-06-03 13:00:00+00:00,1,135.66,1.16,4.01,55.72,0.68,3.65,4.48,1.66
4607,1,927,2026-06-03 14:00:00+00:00,1,88.73,0.02,0.41,47.94,0.19,2.63,4.13,0.68
4608,2,927,2026-06-03 14:00:00+00:00,2,102.29,0.49,2.53,71.47,1.86,3.75,6.15,0.07
4609,3,927,2026-06-03 14:00:00+00:00,2,97.71,0.08,0.56,89.57,0.63,2.52,2.66,1.09
4610,4,927,2026-06-03 14:00:00+00:00,2,100.79,0.06,0.61,70.8,0.21,1.43,2.4,0.82
4611,5,927,2026-06-03 14:00:00+00:00,2,136.88,1.13,3.62,65.05,0.97,3.88,4.74,1.51
4612,1,928,2026-06-03 15:00:00+00:00,1,97.76,0.0,0.66,45.02,0.23,3.0,4.86,0.88
4613,2,928,2026-06-03 15:00:00+00:00,2,101.84,0.55,2.21,71.0,2.08,4.94,8.77,0.02
4614,3,928,2026-06-03 15:00:00+00:00,2,97.77,0.07,0.59,88.79,0.64,2.38,2.51,1.09
4615,4,928,2026-06-03 15:00:00+00:00,2,100.78,0.06,0.67,71.11,0.22,1.47,2.57,0.84
4616,5,928,2026-06-03 15:00:00+00:00,2,135.91,0.76,2.82,80.48,1.28,4.66,5.54,1.34
4617,1,929,2026-06-03 16:00:00+00:00,1,117.52,0.0,1.02,40.63,0.3,3.89,6.4,1.3
4618,2,929,2026-06-03 16:00:00+00:00,2,101.86,0.51,1.95,70.71,2.24,5.01,11.25,0.0
4619,3,929,2026-06-03 16:00:00+00:00,2,98.15,0.09,1.1,73.75,0.61,2.3,2.46,1.13
4620,4,929,2026-06-03 16:00:00+00:00,2,100.87,0.04,0.77,71.72,0.21,1.43,2.43,0.81
4621,5,929,2026-06-03 16:00:00+00:00,3,117.63,0.29,1.29,101.28,1.27,3.44,3.98,0.61
4622,1,930,2026-06-03 17:00:00+00:00,1,150.81,0.0,1.5,36.06,0.39,5.48,9.0,1.84
4623,2,930,2026-06-03 17:00:00+00:00,2,102.07,0.42,1.96,70.8,2.2,3.84,10.93,0.0
4624,3,930,2026-06-03 17:00:00+00:00,1,98.48,0.08,1.8,55.61,0.54,2.28,2.48,1.23
4625,4,930,2026-06-03 17:00:00+00:00,2,100.43,0.03,0.84,71.87,0.18,1.35,2.05,0.76
4626,5,930,2026-06-03 17:00:00+00:00,3,110.87,0.19,0.86,104.73,0.88,2.71,3.15,0.43
4627,1,931,2026-06-03 18:00:00+00:00,1,179.43,0.0,1.83,32.93,0.43,6.97,11.38,1.99
4628,2,931,2026-06-03 18:00:00+00:00,2,102.19,0.32,2.14,70.2,2.08,2.97,9.08,0.01
4629,3,931,2026-06-03 18:00:00+00:00,1,98.1,0.01,2.27,44.29,0.46,2.22,2.44,1.23
4630,4,931,2026-06-03 18:00:00+00:00,2,100.09,0.01,0.9,71.33,0.16,1.37,1.8,0.69
4631,5,931,2026-06-03 18:00:00+00:00,3,109.93,0.17,0.82,107.62,0.8,2.77,3.21,0.41
4632,1,932,2026-06-03 19:00:00+00:00,1,201.28,0.0,2.09,31.38,0.54,8.22,13.41,2.33
4633,2,932,2026-06-03 19:00:00+00:00,2,102.4,0.15,2.42,70.06,1.97,2.65,7.77,0.01
4634,3,932,2026-06-03 19:00:00+00:00,1,96.45,0.0,2.52,37.09,0.39,2.11,2.35,1.03
4635,4,932,2026-06-03 19:00:00+00:00,2,99.55,0.0,0.94,70.08,0.14,1.53,1.79,0.58
4636,5,932,2026-06-03 19:00:00+00:00,3,110.85,0.17,0.86,111.27,0.82,3.08,3.53,0.41
4637,1,933,2026-06-03 20:00:00+00:00,1,215.3,0.0,2.29,31.29,0.66,9.05,14.74,2.87
4638,2,933,2026-06-03 20:00:00+00:00,2,102.42,0.02,2.59,70.31,1.9,2.67,7.36,0.01
4639,3,933,2026-06-03 20:00:00+00:00,1,95.23,0.0,2.54,32.99,0.33,2.01,2.24,0.87
4640,4,933,2026-06-03 20:00:00+00:00,2,99.26,0.0,1.0,68.45,0.14,1.77,1.98,0.51
4641,5,933,2026-06-03 20:00:00+00:00,3,111.94,0.18,0.97,113.93,0.88,3.47,3.94,0.43
4642,1,934,2026-06-03 21:00:00+00:00,1,213.94,0.0,2.3,31.77,0.69,9.04,14.56,3.16
4643,2,934,2026-06-03 21:00:00+00:00,2,102.9,0.0,2.54,70.71,1.83,2.91,7.36,0.01
4644,3,934,2026-06-03 21:00:00+00:00,1,93.28,0.0,2.35,29.9,0.28,1.91,2.13,0.73
4645,4,934,2026-06-03 21:00:00+00:00,2,98.97,0.0,1.02,66.35,0.15,2.06,2.32,0.48
4646,5,934,2026-06-03 21:00:00+00:00,3,113.74,0.2,1.22,116.36,0.96,3.9,4.38,0.45
4647,1,935,2026-06-03 22:00:00+00:00,1,206.9,0.0,2.23,32.74,0.71,8.67,13.83,3.4
4648,2,935,2026-06-03 22:00:00+00:00,2,102.9,0.0,2.52,70.64,1.8,3.18,7.46,0.01
4649,3,935,2026-06-03 22:00:00+00:00,1,89.94,0.0,2.1,26.33,0.22,1.82,2.02,0.58
4650,4,935,2026-06-03 22:00:00+00:00,2,98.55,0.0,0.97,64.2,0.17,2.24,2.58,0.46
4651,5,935,2026-06-03 22:00:00+00:00,2,130.18,0.67,3.99,96.58,0.9,4.43,4.96,0.73
4652,1,936,2026-06-03 23:00:00+00:00,1,202.47,0.0,2.16,33.76,0.73,8.38,13.32,3.6
4653,2,936,2026-06-03 23:00:00+00:00,2,103.15,0.0,2.6,70.39,1.8,3.38,7.34,0.02
4654,3,936,2026-06-03 23:00:00+00:00,1,87.54,0.0,1.93,22.67,0.18,1.76,1.96,0.47
4655,4,936,2026-06-03 23:00:00+00:00,2,98.71,0.0,0.87,62.38,0.18,2.23,2.64,0.47
4656,5,936,2026-06-03 23:00:00+00:00,2,152.51,1.07,7.83,71.6,0.75,4.95,5.59,1.15
4657,1,937,2026-06-04 00:00:00+00:00,1,199.75,0.0,2.11,34.56,0.74,8.21,13.05,3.75
4658,2,937,2026-06-04 00:00:00+00:00,2,103.04,0.0,2.61,69.83,1.77,3.4,6.84,0.02
4659,3,937,2026-06-04 00:00:00+00:00,1,85.68,0.0,1.8,20.24,0.16,1.74,1.94,0.4
4660,4,937,2026-06-04 00:00:00+00:00,2,98.78,0.0,0.76,60.87,0.19,2.09,2.58,0.49
4661,5,937,2026-06-04 00:00:00+00:00,1,164.29,0.49,10.96,57.53,0.71,5.29,6.09,1.57
4662,1,938,2026-06-04 01:00:00+00:00,1,197.32,0.0,2.06,34.84,0.74,8.06,12.83,3.79
4663,2,938,2026-06-04 01:00:00+00:00,2,102.72,0.0,2.52,69.87,1.67,3.22,6.02,0.02
4664,3,938,2026-06-04 01:00:00+00:00,1,82.85,0.01,1.72,16.8,0.14,1.72,1.91,0.37
4665,4,938,2026-06-04 01:00:00+00:00,1,98.33,0.0,0.66,59.76,0.17,1.88,2.58,0.51
4666,5,938,2026-06-04 01:00:00+00:00,1,166.69,0.01,12.08,50.37,0.77,5.47,6.43,1.99
4667,1,939,2026-06-04 02:00:00+00:00,1,195.25,0.0,2.02,34.62,0.73,7.95,12.67,3.72
4668,2,939,2026-06-04 02:00:00+00:00,2,102.63,0.0,2.44,69.82,1.59,3.15,5.69,0.02
4669,3,939,2026-06-04 02:00:00+00:00,1,80.25,0.03,1.77,12.29,0.14,1.72,1.92,0.38
4670,4,939,2026-06-04 02:00:00+00:00,1,98.08,0.0,0.56,59.54,0.19,1.88,2.93,0.53
4671,5,939,2026-06-04 02:00:00+00:00,1,167.68,0.0,11.79,42.89,0.75,5.65,6.74,2.15
4672,1,940,2026-06-04 03:00:00+00:00,1,196.4,0.0,2.02,34.14,0.72,8.01,12.83,3.63
4673,2,940,2026-06-04 03:00:00+00:00,2,102.55,0.0,2.42,69.6,1.57,3.13,5.62,0.02
4674,3,940,2026-06-04 03:00:00+00:00,1,80.91,0.22,2.05,8.97,0.19,1.74,1.96,0.41
4675,4,940,2026-06-04 03:00:00+00:00,2,97.65,0.0,0.5,60.09,0.2,1.86,2.99,0.52
4676,5,940,2026-06-04 03:00:00+00:00,1,169.58,0.0,11.71,35.53,0.68,5.8,7.0,2.19
4677,1,941,2026-06-04 04:00:00+00:00,1,209.32,0.02,2.2,32.51,0.73,8.59,14.08,3.44
4678,2,941,2026-06-04 04:00:00+00:00,2,102.81,0.0,2.41,69.36,1.53,3.03,5.35,0.01
4679,3,941,2026-06-04 04:00:00+00:00,1,86.47,0.97,2.25,7.2,0.27,1.76,2.01,0.47
4680,4,941,2026-06-04 04:00:00+00:00,2,97.48,0.0,0.47,61.26,0.2,1.81,2.72,0.48
4681,5,941,2026-06-04 04:00:00+00:00,1,166.74,0.0,11.0,29.18,0.59,5.82,7.06,2.11
4682,1,942,2026-06-04 05:00:00+00:00,1,225.92,0.32,1.89,31.53,0.67,9.44,15.68,3.13
4683,2,942,2026-06-04 05:00:00+00:00,2,103.04,0.01,2.43,68.22,1.5,2.84,4.86,0.01
4684,3,942,2026-06-04 05:00:00+00:00,1,90.56,1.83,2.05,7.46,0.33,1.76,2.04,0.66
4685,4,942,2026-06-04 05:00:00+00:00,2,97.68,0.0,0.58,62.35,0.2,1.94,2.67,0.42
4686,5,942,2026-06-04 05:00:00+00:00,1,162.65,0.0,9.79,25.21,0.5,5.92,7.2,1.95
4687,1,943,2026-06-04 06:00:00+00:00,2,238.61,0.37,1.3,36.83,0.61,11.12,17.64,2.85
4688,2,943,2026-06-04 06:00:00+00:00,2,103.18,0.08,2.35,67.01,1.46,2.6,4.46,0.01
4689,3,943,2026-06-04 06:00:00+00:00,1,91.56,2.09,1.97,9.99,0.37,1.79,2.08,0.85
4690,4,943,2026-06-04 06:00:00+00:00,2,98.14,0.0,0.82,62.43,0.2,2.11,2.75,0.38
4691,5,943,2026-06-04 06:00:00+00:00,1,156.63,0.0,8.54,22.42,0.42,5.99,7.3,1.61
4692,1,944,2026-06-04 07:00:00+00:00,1,93.78,0.06,0.21,50.96,0.25,2.69,4.64,0.62
4693,2,944,2026-06-04 07:00:00+00:00,2,103.15,0.18,2.13,67.36,1.4,2.25,3.94,0.01
4694,3,944,2026-06-04 07:00:00+00:00,2,95.18,0.14,0.89,75.22,0.54,1.8,1.97,0.83
4695,4,944,2026-06-04 07:00:00+00:00,2,98.62,0.01,0.98,62.16,0.2,2.12,2.62,0.36
4696,5,944,2026-06-04 07:00:00+00:00,1,147.68,0.0,7.33,19.89,0.34,5.85,7.15,1.32
4697,1,945,2026-06-04 08:00:00+00:00,1,80.16,0.03,0.12,50.47,0.19,2.04,3.42,0.44
4698,2,945,2026-06-04 08:00:00+00:00,2,103.32,0.23,1.93,69.05,1.33,1.87,3.45,0.01
4699,3,945,2026-06-04 08:00:00+00:00,2,94.89,0.08,0.49,83.3,0.38,1.46,1.58,0.77
4700,4,945,2026-06-04 08:00:00+00:00,2,98.93,0.02,1.01,61.77,0.18,2.08,2.43,0.36
4701,5,945,2026-06-04 08:00:00+00:00,1,138.85,0.01,6.2,18.35,0.3,5.59,6.84,1.31
4702,1,946,2026-06-04 09:00:00+00:00,1,78.1,0.02,0.1,49.76,0.18,2.03,3.25,0.42
4703,2,946,2026-06-04 09:00:00+00:00,2,103.67,0.24,1.74,70.28,1.26,1.52,2.97,0.01
4704,3,946,2026-06-04 09:00:00+00:00,2,94.16,0.07,0.4,86.13,0.33,1.29,1.4,0.72
4705,4,946,2026-06-04 09:00:00+00:00,2,99.34,0.04,1.0,61.22,0.17,2.04,2.28,0.38
4706,5,946,2026-06-04 09:00:00+00:00,1,130.08,0.01,5.2,18.89,0.3,5.19,6.35,1.37
4707,1,947,2026-06-04 10:00:00+00:00,1,75.9,0.02,0.11,50.74,0.18,1.91,2.91,0.38
4708,2,947,2026-06-04 10:00:00+00:00,2,103.41,0.24,1.52,70.29,1.23,1.34,3.08,0.01
4709,3,947,2026-06-04 10:00:00+00:00,2,94.88,0.09,0.51,84.71,0.37,1.28,1.4,0.72
4710,4,947,2026-06-04 10:00:00+00:00,2,100.17,0.06,0.93,61.44,0.17,1.78,1.94,0.38
4711,5,947,2026-06-04 10:00:00+00:00,1,122.58,0.0,4.33,25.78,0.42,4.6,5.63,1.43
4712,1,948,2026-06-04 11:00:00+00:00,1,74.1,0.02,0.12,51.63,0.16,1.86,2.75,0.36
4713,2,948,2026-06-04 11:00:00+00:00,2,102.46,0.26,1.37,70.1,1.28,1.27,3.37,0.02
4714,3,948,2026-06-04 11:00:00+00:00,2,95.83,0.13,0.77,79.51,0.44,1.36,1.5,0.76
4715,4,948,2026-06-04 11:00:00+00:00,2,99.91,0.06,0.8,62.87,0.14,1.17,1.28,0.36
4716,5,948,2026-06-04 11:00:00+00:00,1,123.51,0.19,4.65,27.09,0.37,4.09,5.06,1.51
4717,1,949,2026-06-04 12:00:00+00:00,1,73.5,0.02,0.13,51.64,0.16,1.87,2.73,0.35
4718,2,949,2026-06-04 12:00:00+00:00,2,101.87,0.29,1.25,70.62,1.33,1.3,3.66,0.02
4719,3,949,2026-06-04 12:00:00+00:00,2,97.04,0.16,1.04,76.19,0.5,1.44,1.6,0.82
4720,4,949,2026-06-04 12:00:00+00:00,2,99.83,0.06,0.68,65.14,0.13,0.74,0.83,0.37
4721,5,949,2026-06-04 12:00:00+00:00,1,134.17,1.4,5.03,27.95,0.32,3.75,4.72,1.65
4722,1,950,2026-06-04 13:00:00+00:00,1,80.72,0.04,0.27,48.87,0.19,2.2,3.34,0.53
4723,2,950,2026-06-04 13:00:00+00:00,2,101.87,0.31,1.12,71.87,1.35,1.37,4.03,0.02
4724,3,950,2026-06-04 13:00:00+00:00,2,98.79,0.2,1.32,74.37,0.56,1.5,1.68,0.88
4725,4,950,2026-06-04 13:00:00+00:00,2,100.32,0.07,0.54,68.79,0.13,0.56,0.66,0.41
4726,5,950,2026-06-04 13:00:00+00:00,1,145.05,2.56,5.07,32.01,0.29,3.58,4.55,1.71
4727,1,951,2026-06-04 14:00:00+00:00,1,95.38,0.03,0.58,44.14,0.25,2.88,4.56,0.85
4728,2,951,2026-06-04 14:00:00+00:00,2,101.81,0.31,1.05,72.59,1.33,1.36,4.1,0.03
4729,3,951,2026-06-04 14:00:00+00:00,2,99.58,0.22,1.41,73.44,0.62,1.58,1.76,0.87
4730,4,951,2026-06-04 14:00:00+00:00,2,100.04,0.08,0.45,72.69,0.13,0.54,0.66,0.46
4731,5,951,2026-06-04 14:00:00+00:00,1,150.06,2.64,5.07,40.57,0.29,3.56,4.52,1.62
4732,1,952,2026-06-04 15:00:00+00:00,1,111.01,0.0,0.95,40.39,0.3,3.61,5.88,1.13
4733,2,952,2026-06-04 15:00:00+00:00,2,101.76,0.31,1.04,72.86,1.29,1.28,3.89,0.03
4734,3,952,2026-06-04 15:00:00+00:00,2,98.52,0.17,1.31,75.61,0.7,1.65,1.83,0.83
4735,4,952,2026-06-04 15:00:00+00:00,2,99.76,0.09,0.44,76.81,0.14,0.55,0.72,0.49
4736,5,952,2026-06-04 15:00:00+00:00,2,151.21,1.66,4.5,61.15,0.38,4.0,4.92,1.46
4737,1,953,2026-06-04 16:00:00+00:00,1,133.25,0.0,1.33,36.9,0.4,4.71,7.76,1.64
4738,2,953,2026-06-04 16:00:00+00:00,2,101.63,0.31,1.14,72.26,1.29,1.19,3.67,0.04
4739,3,953,2026-06-04 16:00:00+00:00,2,97.87,0.17,1.64,65.27,0.67,1.72,1.92,0.95
4740,4,953,2026-06-04 16:00:00+00:00,2,100.28,0.1,0.5,80.38,0.15,0.57,0.83,0.54
4741,5,953,2026-06-04 16:00:00+00:00,3,120.28,0.24,1.29,116.8,1.34,4.55,5.25,0.72
4742,1,954,2026-06-04 17:00:00+00:00,1,165.34,0.0,1.78,34.11,0.55,6.35,10.38,2.35
4743,2,954,2026-06-04 17:00:00+00:00,2,101.78,0.3,1.4,71.21,1.35,1.14,3.57,0.06
4744,3,954,2026-06-04 17:00:00+00:00,1,98.54,0.13,2.38,48.46,0.61,1.83,2.08,1.17
4745,4,954,2026-06-04 17:00:00+00:00,2,100.98,0.09,0.56,81.51,0.18,0.62,1.04,0.62
4746,5,954,2026-06-04 17:00:00+00:00,3,115.25,0.16,0.92,121.57,1.19,4.68,5.32,0.58
4747,1,955,2026-06-04 18:00:00+00:00,1,195.5,0.0,2.16,31.99,0.66,7.98,12.88,2.96
4748,2,955,2026-06-04 18:00:00+00:00,2,102.11,0.24,1.77,70.08,1.42,1.12,3.52,0.07
4749,3,955,2026-06-04 18:00:00+00:00,1,98.13,0.02,3.04,38.93,0.61,1.91,2.21,1.39
4750,4,955,2026-06-04 18:00:00+00:00,2,101.78,0.06,0.63,80.87,0.21,0.67,1.29,0.69
4751,5,955,2026-06-04 18:00:00+00:00,3,114.19,0.16,0.92,123.23,1.1,4.89,5.53,0.54
4752,1,956,2026-06-04 19:00:00+00:00,1,222.16,0.0,2.47,29.88,0.74,9.58,15.02,3.29
4753,2,956,2026-06-04 19:00:00+00:00,2,102.09,0.13,2.22,68.96,1.51,1.1,3.44,0.09
4754,3,956,2026-06-04 19:00:00+00:00,1,96.84,0.0,3.45,33.02,0.64,1.95,2.27,1.68
4755,4,956,2026-06-04 19:00:00+00:00,2,101.58,0.03,0.75,78.29,0.22,0.7,1.55,0.8
4756,5,956,2026-06-04 19:00:00+00:00,3,115.01,0.17,0.99,125.98,1.05,5.16,5.81,0.53
4757,1,957,2026-06-04 20:00:00+00:00,2,243.99,0.0,2.69,27.55,0.72,11.0,16.79,3.11
4758,2,957,2026-06-04 20:00:00+00:00,2,102.17,0.02,2.59,68.15,1.58,1.09,3.27,0.11
4759,3,957,2026-06-04 20:00:00+00:00,1,95.28,0.0,3.45,26.17,0.55,1.96,2.3,1.51
4760,4,957,2026-06-04 20:00:00+00:00,2,102.07,0.0,0.91,75.9,0.24,0.77,1.83,1.0
4761,5,957,2026-06-04 20:00:00+00:00,3,115.69,0.18,1.17,126.76,1.0,5.36,6.02,0.53
4762,1,958,2026-06-04 21:00:00+00:00,2,250.45,0.0,2.71,25.12,0.56,11.6,17.06,2.3
4763,2,958,2026-06-04 21:00:00+00:00,2,102.26,0.0,2.74,67.58,1.63,1.12,3.17,0.14
4764,3,958,2026-06-04 21:00:00+00:00,1,92.0,0.0,3.08,20.25,0.41,1.94,2.26,1.21
4765,4,958,2026-06-04 21:00:00+00:00,2,102.3,0.0,0.99,74.42,0.25,0.85,2.13,1.17
4766,5,958,2026-06-04 21:00:00+00:00,3,117.5,0.22,1.51,127.39,0.97,5.51,6.17,0.55
4767,1,959,2026-06-04 22:00:00+00:00,2,250.4,0.0,2.6,22.26,0.35,11.65,16.48,1.25
4768,2,959,2026-06-04 22:00:00+00:00,2,101.89,0.0,2.84,67.24,1.68,1.19,3.23,0.17
4769,3,959,2026-06-04 22:00:00+00:00,1,87.39,0.01,2.53,15.85,0.29,1.84,2.13,0.91
4770,4,959,2026-06-04 22:00:00+00:00,2,101.3,0.0,1.01,72.5,0.25,0.93,2.44,1.32
4771,5,959,2026-06-04 22:00:00+00:00,3,128.25,0.43,3.25,117.66,0.93,5.79,6.49,0.72
4772,1,960,2026-06-04 23:00:00+00:00,2,250.78,0.0,2.49,20.47,0.26,11.62,15.99,0.89
4773,2,960,2026-06-04 23:00:00+00:00,2,102.07,0.0,2.96,67.23,1.77,1.37,3.61,0.21
4774,3,960,2026-06-04 23:00:00+00:00,1,83.8,0.01,2.11,12.89,0.21,1.75,2.0,0.69
4775,4,960,2026-06-04 23:00:00+00:00,2,101.42,0.0,0.98,71.08,0.25,1.04,2.81,1.46
4776,5,960,2026-06-04 23:00:00+00:00,3,141.97,0.53,5.44,102.63,0.9,6.18,6.96,0.93
4777,1,961,2026-06-05 00:00:00+00:00,2,247.36,0.0,2.34,20.04,0.22,11.35,15.43,0.76
4778,2,961,2026-06-05 00:00:00+00:00,2,102.53,0.0,3.06,67.76,1.86,1.57,4.06,0.26
4779,3,961,2026-06-05 00:00:00+00:00,1,81.18,0.02,1.83,10.83,0.17,1.67,1.91,0.57
4780,4,961,2026-06-05 00:00:00+00:00,2,101.73,0.0,0.93,69.26,0.25,1.17,3.2,1.5
4781,5,961,2026-06-05 00:00:00+00:00,2,149.78,0.23,7.14,92.04,0.94,6.52,7.41,1.07
4782,1,962,2026-06-05 01:00:00+00:00,2,230.44,0.0,2.04,21.92,0.19,10.19,13.92,0.68
4783,2,962,2026-06-05 01:00:00+00:00,2,102.82,0.0,3.01,69.01,1.86,1.65,4.18,0.28
4784,3,962,2026-06-05 01:00:00+00:00,1,78.94,0.03,1.64,9.43,0.16,1.61,1.83,0.5
4785,4,962,2026-06-05 01:00:00+00:00,2,100.71,0.0,0.88,67.12,0.25,1.29,3.58,1.42
4786,5,962,2026-06-05 01:00:00+00:00,2,153.47,0.01,7.92,82.84,1.02,6.89,7.9,1.19
4787,1,963,2026-06-05 02:00:00+00:00,1,213.21,0.0,1.75,23.23,0.16,8.96,12.4,0.55
4788,2,963,2026-06-05 02:00:00+00:00,2,103.48,0.0,2.87,71.21,1.78,1.67,4.08,0.3
4789,3,963,2026-06-05 02:00:00+00:00,1,78.07,0.06,1.59,8.93,0.17,1.59,1.8,0.46
4790,4,963,2026-06-05 02:00:00+00:00,2,101.04,0.0,0.85,65.42,0.24,1.41,3.92,1.26
4791,5,963,2026-06-05 02:00:00+00:00,2,157.77,0.0,8.15,73.98,1.1,7.4,8.57,1.33
4792,1,964,2026-06-05 03:00:00+00:00,1,202.96,0.0,1.58,24.0,0.15,8.25,11.54,0.49
4793,2,964,2026-06-05 03:00:00+00:00,2,103.86,0.0,2.68,73.57,1.68,1.66,3.93,0.3
4794,3,964,2026-06-05 03:00:00+00:00,1,80.37,0.48,1.41,9.63,0.22,1.59,1.8,0.44
4795,4,964,2026-06-05 03:00:00+00:00,2,101.08,0.0,0.86,63.6,0.23,1.52,4.17,1.08
4796,5,964,2026-06-05 03:00:00+00:00,2,161.66,0.0,8.52,64.73,1.1,7.88,9.18,1.45
4797,1,965,2026-06-05 04:00:00+00:00,1,203.0,0.01,1.59,24.96,0.21,8.14,11.59,0.57
4798,2,965,2026-06-05 04:00:00+00:00,2,103.97,0.0,2.36,76.1,1.5,1.42,3.34,0.28
4799,3,965,2026-06-05 04:00:00+00:00,1,85.88,1.01,1.49,12.0,0.3,1.62,1.83,0.48
4800,4,965,2026-06-05 04:00:00+00:00,2,100.44,0.0,0.92,61.37,0.22,1.59,4.3,0.97
4801,5,965,2026-06-05 04:00:00+00:00,1,161.62,0.0,8.51,55.48,1.02,8.22,9.55,1.53
4802,1,966,2026-06-05 05:00:00+00:00,1,206.22,0.16,1.42,26.31,0.27,8.14,12.14,0.71
4803,2,966,2026-06-05 05:00:00+00:00,2,104.54,0.01,2.16,78.63,1.37,1.07,2.48,0.23
4804,3,966,2026-06-05 05:00:00+00:00,1,90.01,1.38,1.62,14.66,0.37,1.68,1.91,0.63
4805,4,966,2026-06-05 05:00:00+00:00,1,100.4,0.01,1.18,59.69,0.22,1.65,4.46,0.96
4806,5,966,2026-06-05 05:00:00+00:00,1,159.68,0.0,7.8,49.56,0.98,8.59,9.94,1.59
4807,1,967,2026-06-05 06:00:00+00:00,1,199.14,0.19,1.0,30.67,0.29,7.93,11.96,0.91
4808,2,967,2026-06-05 06:00:00+00:00,2,104.84,0.07,2.1,80.69,1.34,0.88,1.98,0.21
4809,3,967,2026-06-05 06:00:00+00:00,1,92.02,1.32,1.77,20.48,0.46,1.9,2.15,0.78
4810,4,967,2026-06-05 06:00:00+00:00,1,100.82,0.08,1.52,59.07,0.24,1.7,4.59,1.0
4811,5,967,2026-06-05 06:00:00+00:00,1,154.21,0.0,6.73,45.5,0.96,8.84,10.16,1.64
4812,1,968,2026-06-05 07:00:00+00:00,1,118.79,0.06,0.31,42.66,0.2,3.52,5.42,0.6
4813,2,968,2026-06-05 07:00:00+00:00,2,104.74,0.19,1.99,82.33,1.38,0.76,1.75,0.2
4814,3,968,2026-06-05 07:00:00+00:00,2,100.59,0.36,2.14,84.78,2.01,3.2,3.52,0.34
4815,4,968,2026-06-05 07:00:00+00:00,2,100.88,0.16,1.52,62.37,0.3,1.72,4.49,1.08
4816,5,968,2026-06-05 07:00:00+00:00,1,144.93,0.0,5.61,42.61,0.91,8.73,9.97,1.61
4817,1,969,2026-06-05 08:00:00+00:00,1,104.37,0.04,0.17,46.53,0.18,2.93,4.48,0.57
4818,2,969,2026-06-05 08:00:00+00:00,2,104.79,0.33,1.9,84.75,1.48,0.73,1.74,0.18
4819,3,969,2026-06-05 08:00:00+00:00,2,99.95,0.33,1.81,91.73,1.73,2.82,3.06,0.23
4820,4,969,2026-06-05 08:00:00+00:00,2,100.65,0.18,1.42,65.33,0.33,1.72,4.25,1.17
4821,5,969,2026-06-05 08:00:00+00:00,1,136.81,0.0,4.73,39.93,0.78,8.53,9.67,1.55
4822,1,970,2026-06-05 09:00:00+00:00,1,100.45,0.03,0.12,47.84,0.19,2.95,4.42,0.58
4823,2,970,2026-06-05 09:00:00+00:00,2,104.94,0.42,1.77,87.89,1.59,0.78,1.9,0.18
4824,3,970,2026-06-05 09:00:00+00:00,2,99.49,0.3,1.54,94.56,1.57,2.72,2.92,0.17
4825,4,970,2026-06-05 09:00:00+00:00,2,100.16,0.17,1.36,67.26,0.34,1.72,4.12,1.24
4826,5,970,2026-06-05 09:00:00+00:00,1,130.37,0.0,4.11,38.24,0.65,8.33,9.39,1.47
4827,1,971,2026-06-05 10:00:00+00:00,1,95.24,0.03,0.1,52.28,0.18,2.95,4.24,0.54
4828,2,971,2026-06-05 10:00:00+00:00,2,104.88,0.43,1.63,91.4,1.69,0.87,2.18,0.16
4829,3,971,2026-06-05 10:00:00+00:00,2,100.19,0.27,1.4,99.06,1.5,2.76,2.95,0.12
4830,4,971,2026-06-05 10:00:00+00:00,2,100.92,0.11,0.85,78.17,0.29,1.34,3.31,0.84
4831,5,971,2026-06-05 10:00:00+00:00,1,125.63,0.0,3.77,36.64,0.55,8.06,9.07,1.42
4832,1,972,2026-06-05 11:00:00+00:00,1,92.63,0.03,0.12,54.12,0.17,3.1,4.35,0.53
4833,2,972,2026-06-05 11:00:00+00:00,2,105.26,0.4,1.51,95.22,1.77,1.0,2.48,0.12
4834,3,972,2026-06-05 11:00:00+00:00,3,100.56,0.25,1.37,102.75,1.51,2.86,3.07,0.09
4835,4,972,2026-06-05 11:00:00+00:00,2,100.41,0.08,0.6,83.58,0.24,0.97,2.51,0.68
4836,5,972,2026-06-05 11:00:00+00:00,1,126.42,0.09,4.29,33.53,0.5,7.84,8.87,1.51
4837,1,973,2026-06-05 12:00:00+00:00,1,92.92,0.03,0.14,53.54,0.18,3.32,4.62,0.55
4838,2,973,2026-06-05 12:00:00+00:00,2,105.55,0.37,1.43,98.64,1.83,1.11,2.65,0.07
4839,3,973,2026-06-05 12:00:00+00:00,3,101.36,0.24,1.44,106.21,1.6,3.02,3.25,0.07
4840,4,973,2026-06-05 12:00:00+00:00,2,99.71,0.08,0.55,85.54,0.21,0.83,2.09,0.74
4841,5,973,2026-06-05 12:00:00+00:00,1,134.14,0.8,4.91,32.88,0.48,7.66,8.75,1.71
4842,1,974,2026-06-05 13:00:00+00:00,1,101.35,0.04,0.28,50.61,0.23,3.88,5.51,0.76
4843,2,974,2026-06-05 13:00:00+00:00,3,105.74,0.35,1.4,101.18,1.87,1.17,2.65,0.03
4844,3,974,2026-06-05 13:00:00+00:00,3,103.02,0.25,1.58,108.99,1.75,3.26,3.51,0.06
4845,4,974,2026-06-05 13:00:00+00:00,2,99.91,0.09,0.47,88.42,0.19,0.76,1.79,0.81
4846,5,974,2026-06-05 13:00:00+00:00,1,140.95,1.48,4.7,39.21,0.52,7.54,8.69,1.85
4847,1,975,2026-06-05 14:00:00+00:00,1,116.03,0.03,0.6,46.35,0.3,4.71,6.85,1.1
4848,2,975,2026-06-05 14:00:00+00:00,3,105.56,0.33,1.37,102.78,1.87,1.18,2.51,0.01
4849,3,975,2026-06-05 14:00:00+00:00,3,104.77,0.24,1.77,110.13,1.92,3.52,3.81,0.07
4850,4,975,2026-06-05 14:00:00+00:00,2,99.73,0.09,0.45,90.5,0.17,0.72,1.55,0.86
4851,5,975,2026-06-05 14:00:00+00:00,1,142.6,1.4,4.15,50.36,0.55,7.47,8.66,1.84
4852,1,976,2026-06-05 15:00:00+00:00,1,131.86,0.0,0.97,42.49,0.35,5.52,8.18,1.4
4853,2,976,2026-06-05 15:00:00+00:00,3,105.2,0.32,1.38,103.58,1.85,1.16,2.39,0.0
4854,3,976,2026-06-05 15:00:00+00:00,3,106.7,0.23,2.05,110.22,2.1,3.73,4.05,0.09
4855,4,976,2026-06-05 15:00:00+00:00,2,99.64,0.08,0.49,91.97,0.15,0.69,1.39,0.89
4856,5,976,2026-06-05 15:00:00+00:00,2,141.82,0.82,3.16,69.51,0.57,7.84,9.03,1.76
4857,1,977,2026-06-05 16:00:00+00:00,1,155.09,0.0,1.38,37.69,0.43,6.69,10.08,1.74
4858,2,977,2026-06-05 16:00:00+00:00,3,104.71,0.29,1.59,103.31,1.89,1.16,2.36,0.01
4859,3,977,2026-06-05 16:00:00+00:00,2,108.86,0.22,2.68,94.07,1.94,3.93,4.29,0.38
4860,4,977,2026-06-05 16:00:00+00:00,2,99.84,0.06,0.68,91.82,0.15,0.68,1.28,0.96
4861,5,977,2026-06-05 16:00:00+00:00,3,117.48,0.19,1.13,113.1,0.9,7.4,8.3,0.6
4862,1,978,2026-06-05 17:00:00+00:00,1,186.61,0.0,1.82,33.12,0.52,8.38,12.71,2.1
4863,2,978,2026-06-05 17:00:00+00:00,3,104.66,0.25,2.27,101.43,2.14,1.23,2.45,0.04
4864,3,978,2026-06-05 17:00:00+00:00,2,111.0,0.14,3.43,73.33,1.54,4.13,4.54,0.75
4865,4,978,2026-06-05 17:00:00+00:00,2,99.69,0.05,0.94,89.0,0.15,0.66,1.23,1.1
4866,5,978,2026-06-05 17:00:00+00:00,3,108.77,0.13,0.79,117.4,0.75,6.63,7.41,0.34
4867,1,979,2026-06-05 18:00:00+00:00,1,212.96,0.0,2.13,29.77,0.6,9.98,15.1,2.38
4868,2,979,2026-06-05 18:00:00+00:00,2,104.6,0.13,3.35,98.76,2.49,1.3,2.57,0.14
4869,3,979,2026-06-05 18:00:00+00:00,2,112.08,0.01,3.89,60.42,1.26,4.24,4.7,0.97
4870,4,979,2026-06-05 18:00:00+00:00,2,99.72,0.03,1.14,86.4,0.15,0.65,1.19,1.26
4871,5,979,2026-06-05 18:00:00+00:00,3,106.12,0.13,0.79,117.7,0.69,6.29,7.02,0.31
4872,1,980,2026-06-05 19:00:00+00:00,2,220.28,0.0,2.18,27.86,0.62,10.5,15.69,2.36
4873,2,980,2026-06-05 19:00:00+00:00,2,105.19,0.03,5.6,95.15,3.47,1.49,2.89,0.24
4874,3,980,2026-06-05 19:00:00+00:00,1,111.59,0.0,3.94,50.8,1.01,4.23,4.71,0.94
4875,4,980,2026-06-05 19:00:00+00:00,2,100.2,0.01,1.98,74.08,0.15,0.71,1.3,1.93
4876,5,980,2026-06-05 19:00:00+00:00,3,106.48,0.14,0.84,119.42,0.65,6.13,6.85,0.32
4877,1,981,2026-06-05 20:00:00+00:00,2,220.32,0.0,2.11,25.84,0.49,10.4,15.4,1.68
4878,2,981,2026-06-05 20:00:00+00:00,2,105.8,0.01,8.72,90.76,4.85,1.86,3.5,0.29
4879,3,981,2026-06-05 20:00:00+00:00,1,110.39,0.0,3.62,42.72,0.76,4.11,4.58,0.78
4880,4,981,2026-06-05 20:00:00+00:00,1,100.84,0.0,3.07,57.42,0.15,0.83,1.53,2.81
4881,5,981,2026-06-05 20:00:00+00:00,3,106.39,0.15,0.96,119.06,0.63,5.97,6.69,0.34
4882,1,982,2026-06-05 21:00:00+00:00,1,209.78,0.0,1.92,24.25,0.3,9.69,14.12,0.83
4883,2,982,2026-06-05 21:00:00+00:00,2,105.94,0.0,10.02,87.16,5.24,2.05,3.77,0.35
4884,3,982,2026-06-05 21:00:00+00:00,1,106.76,0.0,3.0,36.65,0.56,3.84,4.26,0.62
4885,4,982,2026-06-05 21:00:00+00:00,1,100.49,0.0,3.88,44.85,0.13,0.94,1.71,3.37
4886,5,982,2026-06-05 21:00:00+00:00,3,107.15,0.17,1.22,118.56,0.62,5.9,6.62,0.36
4887,1,983,2026-06-05 22:00:00+00:00,1,198.36,0.0,1.71,22.65,0.17,8.95,12.74,0.4
4888,2,983,2026-06-05 22:00:00+00:00,2,105.67,0.0,8.77,85.68,4.37,1.8,3.11,0.55
4889,3,983,2026-06-05 22:00:00+00:00,1,101.02,0.0,2.43,31.79,0.42,3.42,3.81,0.49
4890,4,983,2026-06-05 22:00:00+00:00,1,97.81,0.0,4.17,35.42,0.1,0.98,1.73,3.18
4891,5,983,2026-06-05 22:00:00+00:00,3,119.6,0.45,3.22,104.15,0.61,6.13,6.88,0.63
4892,1,984,2026-06-05 23:00:00+00:00,1,190.92,0.0,1.56,20.83,0.12,8.44,11.79,0.3
4893,2,984,2026-06-05 23:00:00+00:00,2,105.29,0.0,6.69,84.8,3.39,1.36,2.22,0.76
4894,3,984,2026-06-05 23:00:00+00:00,1,96.84,0.0,2.07,28.56,0.32,3.03,3.38,0.4
4895,4,984,2026-06-05 23:00:00+00:00,1,95.6,0.0,3.83,29.99,0.08,0.98,1.66,2.69
4896,5,984,2026-06-05 23:00:00+00:00,2,136.07,0.63,5.79,86.01,0.62,6.54,7.37,0.95
4897,1,985,2026-06-06 00:00:00+00:00,1,182.41,0.0,1.41,19.45,0.1,7.85,10.65,0.3
4898,2,985,2026-06-06 00:00:00+00:00,2,105.09,0.0,5.17,84.16,2.77,1.01,1.65,0.92
4899,3,985,2026-06-06 00:00:00+00:00,1,93.54,0.0,1.8,27.63,0.29,2.61,2.95,0.33
4900,4,985,2026-06-06 00:00:00+00:00,1,94.29,0.0,3.35,28.71,0.07,0.97,1.57,2.23
4901,5,985,2026-06-06 00:00:00+00:00,2,145.6,0.29,7.95,72.95,0.69,7.01,7.93,1.16
4902,1,986,2026-06-06 01:00:00+00:00,1,175.06,0.0,1.29,17.99,0.09,6.83,8.82,0.31
4903,2,986,2026-06-06 01:00:00+00:00,2,104.54,0.0,3.38,85.43,1.8,0.67,1.08,0.99
4904,3,986,2026-06-06 01:00:00+00:00,1,90.86,0.0,1.54,30.1,0.34,2.14,2.46,0.31
4905,4,986,2026-06-06 01:00:00+00:00,1,95.04,0.0,2.5,38.62,0.07,0.89,1.44,2.03
4906,5,986,2026-06-06 01:00:00+00:00,2,150.05,0.01,8.98,60.9,0.71,7.49,8.49,1.27
4907,1,987,2026-06-06 02:00:00+00:00,1,169.31,0.0,1.22,16.69,0.08,5.78,7.32,0.3
4908,2,987,2026-06-06 02:00:00+00:00,2,103.37,0.0,2.93,84.51,1.47,0.57,0.84,0.87
4909,3,987,2026-06-06 02:00:00+00:00,1,88.83,0.01,1.44,30.03,0.34,1.84,2.16,0.33
4910,4,987,2026-06-06 02:00:00+00:00,1,94.67,0.0,2.14,39.59,0.06,0.85,1.42,2.21
4911,5,987,2026-06-06 02:00:00+00:00,1,154.64,0.0,9.29,51.41,0.65,8.02,9.07,1.34
4912,1,988,2026-06-06 03:00:00+00:00,1,164.87,0.0,1.17,16.19,0.09,5.01,6.41,0.32
4913,2,988,2026-06-06 03:00:00+00:00,2,102.39,0.0,2.64,83.27,1.26,0.51,0.79,0.68
4914,3,988,2026-06-06 03:00:00+00:00,1,88.62,0.14,1.37,30.08,0.39,1.65,1.97,0.37
4915,4,988,2026-06-06 03:00:00+00:00,1,94.56,0.0,1.91,40.22,0.05,0.81,1.4,2.54
4916,5,988,2026-06-06 03:00:00+00:00,1,156.88,0.0,9.37,45.98,0.58,8.42,9.49,1.37
4917,1,989,2026-06-06 04:00:00+00:00,1,160.05,0.01,1.15,16.66,0.13,4.44,6.1,0.4
4918,2,989,2026-06-06 04:00:00+00:00,2,102.05,0.0,2.35,83.23,1.12,0.5,0.84,0.47
4919,3,989,2026-06-06 04:00:00+00:00,1,90.16,0.4,1.32,30.94,0.47,1.51,1.83,0.44
4920,4,989,2026-06-06 04:00:00+00:00,1,96.09,0.0,1.24,57.26,0.08,0.7,1.32,2.61
4921,5,989,2026-06-06 04:00:00+00:00,1,151.79,0.0,8.62,41.98,0.5,8.61,9.65,1.37
4922,1,990,2026-06-06 05:00:00+00:00,1,160.81,0.12,1.06,17.28,0.17,4.27,6.4,0.5
4923,2,990,2026-06-06 05:00:00+00:00,2,101.91,0.0,2.33,82.63,1.11,0.56,0.99,0.32
4924,3,990,2026-06-06 05:00:00+00:00,1,91.1,0.58,1.24,32.07,0.53,1.43,1.76,0.57
4925,4,990,2026-06-06 05:00:00+00:00,2,96.15,0.0,1.28,60.3,0.09,0.68,1.33,2.52
4926,5,990,2026-06-06 05:00:00+00:00,1,143.74,0.0,7.17,37.14,0.41,8.84,9.86,1.38
4927,1,991,2026-06-06 06:00:00+00:00,1,162.96,0.21,0.86,19.73,0.21,4.41,6.83,0.67
4928,2,991,2026-06-06 06:00:00+00:00,2,102.04,0.01,2.37,82.59,1.14,0.68,1.18,0.26
4929,3,991,2026-06-06 06:00:00+00:00,1,91.21,0.56,1.09,35.26,0.58,1.49,1.83,0.67
4930,4,991,2026-06-06 06:00:00+00:00,1,96.02,0.04,1.55,59.52,0.1,0.72,1.4,2.42
4931,5,991,2026-06-06 06:00:00+00:00,1,134.93,0.0,5.74,32.96,0.33,9.09,10.1,1.25
4932,1,992,2026-06-06 07:00:00+00:00,1,118.81,0.08,0.4,31.87,0.18,2.85,4.7,0.67
4933,2,992,2026-06-06 07:00:00+00:00,2,102.46,0.07,2.49,83.26,1.22,0.83,1.44,0.26
4934,3,992,2026-06-06 07:00:00+00:00,2,95.02,0.27,0.94,76.34,2.31,1.81,2.07,0.19
4935,4,992,2026-06-06 07:00:00+00:00,2,95.66,0.07,1.62,60.13,0.1,0.78,1.51,2.2
4936,5,992,2026-06-06 07:00:00+00:00,1,126.23,0.0,4.56,30.13,0.29,9.29,10.29,1.06
4937,1,993,2026-06-06 08:00:00+00:00,1,110.29,0.06,0.25,35.27,0.17,2.74,4.44,0.64
4938,2,993,2026-06-06 08:00:00+00:00,2,102.97,0.23,2.57,84.65,1.41,1.15,1.93,0.27
4939,3,993,2026-06-06 08:00:00+00:00,2,94.51,0.15,0.59,86.71,1.89,1.86,2.09,0.13
4940,4,993,2026-06-06 08:00:00+00:00,2,94.8,0.1,1.46,61.5,0.1,0.81,1.55,2.07
4941,5,993,2026-06-06 08:00:00+00:00,1,119.87,0.0,3.7,28.88,0.28,9.57,10.57,0.92
4942,1,994,2026-06-06 09:00:00+00:00,1,104.81,0.04,0.16,37.23,0.16,2.66,4.22,0.62
4943,2,994,2026-06-06 09:00:00+00:00,2,103.57,0.4,2.47,86.11,1.67,1.98,3.29,0.22
4944,3,994,2026-06-06 09:00:00+00:00,2,93.65,0.1,0.41,89.75,1.5,1.79,1.99,0.13
4945,4,994,2026-06-06 09:00:00+00:00,2,94.3,0.1,1.18,65.63,0.1,0.83,1.56,1.93
4946,5,994,2026-06-06 09:00:00+00:00,1,116.17,0.0,3.23,27.98,0.28,9.82,10.82,0.81
4947,1,995,2026-06-06 10:00:00+00:00,1,98.38,0.03,0.12,42.41,0.15,2.47,3.77,0.56
4948,2,995,2026-06-06 10:00:00+00:00,2,105.32,0.39,2.21,89.17,1.78,2.83,4.81,0.12
4949,3,995,2026-06-06 10:00:00+00:00,2,93.71,0.08,0.32,92.29,1.21,1.69,1.88,0.14
4950,4,995,2026-06-06 10:00:00+00:00,2,96.21,0.08,0.73,77.0,0.11,0.88,1.39,1.24
4951,5,995,2026-06-06 10:00:00+00:00,1,113.46,0.0,3.04,26.64,0.29,9.89,10.9,0.77
4952,1,996,2026-06-06 11:00:00+00:00,1,95.26,0.03,0.12,45.8,0.14,2.53,3.72,0.53
4953,2,996,2026-06-06 11:00:00+00:00,2,105.55,0.26,1.96,91.18,1.62,2.78,4.61,0.05
4954,3,996,2026-06-06 11:00:00+00:00,2,93.3,0.07,0.29,93.12,1.01,1.64,1.82,0.15
4955,4,996,2026-06-06 11:00:00+00:00,2,96.66,0.09,0.53,79.16,0.11,0.98,1.27,0.83
4956,5,996,2026-06-06 11:00:00+00:00,1,115.54,0.14,3.45,24.39,0.3,9.93,10.96,0.86
4957,1,997,2026-06-06 12:00:00+00:00,1,93.33,0.03,0.14,47.13,0.14,2.59,3.75,0.53
4958,2,997,2026-06-06 12:00:00+00:00,2,104.77,0.17,1.88,90.35,1.48,2.63,4.15,0.02
4959,3,997,2026-06-06 12:00:00+00:00,2,92.88,0.07,0.29,93.65,0.88,1.61,1.78,0.16
4960,4,997,2026-06-06 12:00:00+00:00,2,97.2,0.09,0.44,78.86,0.13,1.34,1.58,0.71
4961,5,997,2026-06-06 12:00:00+00:00,1,123.21,0.94,3.62,26.46,0.34,9.95,11.02,1.03
4962,1,998,2026-06-06 13:00:00+00:00,1,99.78,0.04,0.3,44.2,0.17,2.99,4.34,0.69
4963,2,998,2026-06-06 13:00:00+00:00,2,104.36,0.11,1.8,89.53,1.43,2.83,4.59,0.01
4964,3,998,2026-06-06 13:00:00+00:00,2,93.26,0.07,0.31,95.17,0.78,1.61,1.77,0.18
4965,4,998,2026-06-06 13:00:00+00:00,2,98.16,0.08,0.37,81.15,0.18,1.93,2.43,0.68
4966,5,998,2026-06-06 13:00:00+00:00,1,128.17,1.02,3.44,39.5,0.47,9.93,11.03,1.2
4967,1,999,2026-06-06 14:00:00+00:00,1,112.82,0.03,0.63,38.84,0.21,3.68,5.39,0.92
4968,2,999,2026-06-06 14:00:00+00:00,2,103.86,0.1,1.71,90.36,1.51,3.06,5.83,0.01
4969,3,999,2026-06-06 14:00:00+00:00,2,93.57,0.06,0.35,96.5,0.73,1.6,1.77,0.2
4970,4,999,2026-06-06 14:00:00+00:00,2,98.56,0.07,0.33,86.78,0.22,2.06,3.14,0.67
4971,5,999,2026-06-06 14:00:00+00:00,1,128.91,0.84,2.88,51.93,0.51,9.94,11.04,1.25
4972,1,1000,2026-06-06 15:00:00+00:00,1,127.2,0.0,1.01,34.31,0.23,4.4,6.49,1.06
4973,2,1000,2026-06-06 15:00:00+00:00,2,103.73,0.09,1.65,91.2,1.62,3.27,7.66,0.01
4974,3,1000,2026-06-06 15:00:00+00:00,2,93.61,0.06,0.39,97.22,0.73,1.57,1.74,0.21
4975,4,1000,2026-06-06 15:00:00+00:00,2,98.51,0.07,0.36,91.4,0.26,1.86,3.59,0.7
4976,5,1000,2026-06-06 15:00:00+00:00,2,128.91,0.47,2.05,69.72,0.56,10.35,11.45,1.22
4977,1,1001,2026-06-06 16:00:00+00:00,1,141.16,0.0,1.26,30.36,0.25,5.11,7.52,1.11
4978,2,1001,2026-06-06 16:00:00+00:00,2,103.26,0.1,1.56,91.02,1.72,3.34,10.94,0.01
4979,3,1001,2026-06-06 16:00:00+00:00,2,94.29,0.07,0.68,88.31,0.77,1.56,1.75,0.4
4980,4,1001,2026-06-06 16:00:00+00:00,2,98.55,0.07,0.39,93.73,0.28,1.64,3.84,0.74
4981,5,1001,2026-06-06 16:00:00+00:00,3,119.95,0.13,0.96,108.77,0.68,9.34,10.24,0.67
4982,1,1002,2026-06-06 17:00:00+00:00,1,153.29,0.0,1.4,27.83,0.25,5.7,8.35,0.93
4983,2,1002,2026-06-06 17:00:00+00:00,2,103.07,0.08,1.64,89.45,1.81,3.22,13.33,0.02
4984,3,1002,2026-06-06 17:00:00+00:00,2,95.0,0.06,1.15,74.2,0.82,1.57,1.8,0.68
4985,4,1002,2026-06-06 17:00:00+00:00,2,98.23,0.07,0.44,92.94,0.3,1.59,4.12,0.83
4986,5,1002,2026-06-06 17:00:00+00:00,3,113.54,0.12,0.83,110.67,0.56,7.83,8.6,0.55
4987,1,1003,2026-06-06 18:00:00+00:00,1,159.04,0.0,1.42,26.38,0.23,5.9,8.53,0.65
4988,2,1003,2026-06-06 18:00:00+00:00,2,102.89,0.05,1.76,87.09,1.79,2.85,12.35,0.04
4989,3,1003,2026-06-06 18:00:00+00:00,2,95.53,0.01,1.6,62.64,0.81,1.56,1.81,0.89
4990,4,1003,2026-06-06 18:00:00+00:00,2,98.17,0.05,0.49,90.98,0.33,1.68,4.58,0.93
4991,5,1003,2026-06-06 18:00:00+00:00,3,110.52,0.13,0.89,108.86,0.49,6.96,7.66,0.54
4992,1,1004,2026-06-06 19:00:00+00:00,1,148.11,0.0,1.21,26.78,0.19,4.72,6.85,0.45
4993,2,1004,2026-06-06 19:00:00+00:00,2,102.82,0.04,1.88,84.74,1.77,2.56,11.35,0.05
4994,3,1004,2026-06-06 19:00:00+00:00,1,94.49,0.0,1.98,51.85,0.74,1.51,1.79,0.94
4995,4,1004,2026-06-06 19:00:00+00:00,2,97.99,0.02,0.6,87.46,0.36,1.79,5.15,1.06
4996,5,1004,2026-06-06 19:00:00+00:00,3,108.59,0.1,1.07,106.8,0.44,6.22,6.88,0.54
4997,1,1005,2026-06-06 20:00:00+00:00,1,147.6,0.0,1.18,25.14,0.16,4.13,6.07,0.35
4998,2,1005,2026-06-06 20:00:00+00:00,2,103.23,0.01,2.1,83.34,1.83,2.39,10.75,0.06
4999,3,1005,2026-06-06 20:00:00+00:00,1,94.27,0.0,2.31,43.14,0.65,1.48,1.79,0.94
5000,4,1005,2026-06-06 20:00:00+00:00,2,98.95,0.0,0.74,83.73,0.39,1.9,5.75,1.28
5001,5,1005,2026-06-06 20:00:00+00:00,3,105.84,0.09,1.21,103.45,0.38,5.48,6.11,0.53
5002,1,1006,2026-06-06 21:00:00+00:00,1,143.33,0.0,1.11,23.39,0.11,3.53,5.16,0.26
5003,2,1006,2026-06-06 21:00:00+00:00,2,103.46,0.0,2.28,83.21,1.89,2.33,10.46,0.07
5004,3,1006,2026-06-06 21:00:00+00:00,1,93.25,0.0,2.46,36.87,0.59,1.47,1.79,0.86
5005,4,1006,2026-06-06 21:00:00+00:00,2,100.01,0.0,0.83,80.89,0.41,1.97,6.33,1.51
5006,5,1006,2026-06-06 21:00:00+00:00,3,104.38,0.09,1.39,101.43,0.33,5.02,5.64,0.52
5007,1,1007,2026-06-06 22:00:00+00:00,1,138.2,0.0,1.04,21.61,0.08,3.08,4.28,0.23
5008,2,1007,2026-06-06 22:00:00+00:00,2,103.47,0.0,2.43,84.17,1.95,2.33,10.35,0.08
5009,3,1007,2026-06-06 22:00:00+00:00,1,90.89,0.0,2.5,32.26,0.55,1.45,1.8,0.76
5010,4,1007,2026-06-06 22:00:00+00:00,2,99.55,0.0,0.86,76.95,0.4,1.97,6.58,1.72
5011,5,1007,2026-06-06 22:00:00+00:00,2,108.53,0.17,2.15,95.89,0.32,5.01,5.67,0.6
5012,1,1008,2026-06-06 23:00:00+00:00,1,134.85,0.0,0.98,20.06,0.07,2.78,3.73,0.22
5013,2,1008,2026-06-06 23:00:00+00:00,2,103.47,0.0,2.54,86.07,1.98,2.32,10.12,0.09
5014,3,1008,2026-06-06 23:00:00+00:00,1,89.56,0.0,2.53,28.88,0.5,1.45,1.82,0.7
5015,4,1008,2026-06-06 23:00:00+00:00,2,100.39,0.0,0.87,74.1,0.38,1.97,6.66,1.97
5016,5,1008,2026-06-06 23:00:00+00:00,2,114.44,0.22,3.06,87.79,0.33,5.32,6.07,0.74
5017,1,1009,2026-06-07 00:00:00+00:00,1,130.36,0.0,0.92,18.98,0.07,2.5,3.28,0.23
5018,2,1009,2026-06-07 00:00:00+00:00,2,103.28,0.0,2.62,86.46,2.02,2.27,9.76,0.1
5019,3,1009,2026-06-07 00:00:00+00:00,1,88.77,0.0,2.53,26.22,0.44,1.44,1.83,0.65
5020,4,1009,2026-06-07 00:00:00+00:00,2,101.32,0.0,0.85,71.55,0.35,1.98,6.63,2.12
5021,5,1009,2026-06-07 00:00:00+00:00,2,118.15,0.1,3.67,82.0,0.36,5.78,6.66,0.87
5022,1,1010,2026-06-07 01:00:00+00:00,1,126.07,0.0,0.87,18.31,0.06,2.26,2.94,0.23
5023,2,1010,2026-06-07 01:00:00+00:00,2,103.18,0.0,2.71,84.71,2.04,2.16,9.17,0.1
5024,3,1010,2026-06-07 01:00:00+00:00,1,87.1,0.0,2.49,23.71,0.39,1.42,1.82,0.63
5025,4,1010,2026-06-07 01:00:00+00:00,2,100.9,0.0,0.83,68.05,0.32,1.97,6.5,2.07
5026,5,1010,2026-06-07 01:00:00+00:00,2,119.26,0.0,3.79,77.23,0.4,6.23,7.24,0.97
5027,1,1011,2026-06-07 02:00:00+00:00,1,123.29,0.0,0.83,18.14,0.06,2.08,2.72,0.23
5028,2,1011,2026-06-07 02:00:00+00:00,2,103.46,0.0,2.87,81.76,2.1,2.08,8.7,0.08
5029,3,1011,2026-06-07 02:00:00+00:00,1,86.29,0.04,2.46,22.21,0.4,1.41,1.83,0.68
5030,4,1011,2026-06-07 02:00:00+00:00,2,101.16,0.0,0.83,64.89,0.28,2.0,6.44,1.84
5031,5,1011,2026-06-07 02:00:00+00:00,2,120.18,0.0,3.44,75.11,0.41,6.66,7.82,1.04
5032,1,1012,2026-06-07 03:00:00+00:00,1,121.31,0.0,0.81,18.45,0.07,2.01,2.65,0.24
5033,2,1012,2026-06-07 03:00:00+00:00,2,104.19,0.0,3.05,79.36,2.2,2.04,8.26,0.05
5034,3,1012,2026-06-07 03:00:00+00:00,1,87.39,0.39,2.24,22.28,0.46,1.45,1.89,0.77
5035,4,1012,2026-06-07 03:00:00+00:00,2,101.13,0.0,0.87,61.55,0.24,2.05,6.41,1.49
5036,5,1012,2026-06-07 03:00:00+00:00,2,119.87,0.0,3.02,74.09,0.39,6.91,8.23,1.1
5037,1,1013,2026-06-07 04:00:00+00:00,1,123.29,0.01,0.85,19.52,0.11,2.15,3.07,0.31
5038,2,1013,2026-06-07 04:00:00+00:00,2,104.36,0.0,3.43,77.5,2.39,2.0,7.62,0.03
5039,3,1013,2026-06-07 04:00:00+00:00,1,90.12,0.93,2.01,23.26,0.55,1.49,1.96,0.89
5040,4,1013,2026-06-07 04:00:00+00:00,1,99.93,0.0,0.93,57.79,0.21,2.08,6.37,1.23
5041,5,1013,2026-06-07 04:00:00+00:00,2,116.17,0.0,2.6,69.55,0.36,6.85,8.29,1.17
5042,1,1014,2026-06-07 05:00:00+00:00,1,128.97,0.14,0.75,20.75,0.15,2.46,3.86,0.39
5043,2,1014,2026-06-07 05:00:00+00:00,2,104.4,0.01,4.11,76.34,2.73,2.05,7.26,0.01
5044,3,1014,2026-06-07 05:00:00+00:00,1,91.55,1.28,1.86,24.36,0.6,1.55,2.04,0.97
5045,4,1014,2026-06-07 05:00:00+00:00,1,99.7,0.01,1.18,55.02,0.21,2.13,6.48,1.19
5046,5,1014,2026-06-07 05:00:00+00:00,2,114.18,0.0,2.4,62.06,0.34,6.83,8.35,1.29
5047,1,1015,2026-06-07 06:00:00+00:00,1,134.51,0.2,0.62,23.68,0.18,2.92,4.6,0.53
5048,2,1015,2026-06-07 06:00:00+00:00,2,104.54,0.15,4.62,75.98,3.0,2.24,7.25,0.01
5049,3,1015,2026-06-07 06:00:00+00:00,1,91.97,1.2,1.78,30.03,0.72,1.72,2.22,0.99
5050,4,1015,2026-06-07 06:00:00+00:00,1,99.74,0.13,1.38,54.59,0.24,2.17,6.71,1.23
5051,5,1015,2026-06-07 06:00:00+00:00,1,111.83,0.0,2.21,55.29,0.33,6.8,8.38,1.37
5052,1,1016,2026-06-07 07:00:00+00:00,1,88.48,0.05,0.21,36.05,0.13,1.11,2.02,0.4
5053,2,1016,2026-06-07 07:00:00+00:00,2,104.3,0.38,4.79,76.08,3.18,2.54,7.57,0.01
5054,3,1016,2026-06-07 07:00:00+00:00,2,94.88,0.24,0.96,80.8,1.3,1.69,2.0,0.36
5055,4,1016,2026-06-07 07:00:00+00:00,2,100.21,0.2,1.03,66.23,0.36,2.04,6.82,1.06
5056,5,1016,2026-06-07 07:00:00+00:00,1,108.84,0.0,2.06,49.18,0.32,6.72,8.35,1.43
5057,1,1017,2026-06-07 08:00:00+00:00,1,80.33,0.03,0.13,41.12,0.11,0.9,1.6,0.36
5058,2,1017,2026-06-07 08:00:00+00:00,2,104.13,0.55,4.74,76.49,3.22,2.84,8.01,0.02
5059,3,1017,2026-06-07 08:00:00+00:00,2,94.43,0.12,0.55,89.8,1.03,1.61,1.87,0.26
5060,4,1017,2026-06-07 08:00:00+00:00,2,99.18,0.21,0.87,69.98,0.36,1.94,6.57,1.03
5061,5,1017,2026-06-07 08:00:00+00:00,1,106.35,0.0,1.96,43.91,0.31,6.66,8.33,1.49
5062,1,1018,2026-06-07 09:00:00+00:00,1,76.67,0.02,0.11,42.46,0.1,0.81,1.37,0.33
5063,2,1018,2026-06-07 09:00:00+00:00,2,103.77,0.63,4.49,77.7,3.17,3.03,8.28,0.04
5064,3,1018,2026-06-07 09:00:00+00:00,2,93.9,0.1,0.44,91.51,0.94,1.69,1.95,0.26
5065,4,1018,2026-06-07 09:00:00+00:00,2,98.16,0.19,0.76,71.49,0.35,1.94,6.54,1.07
5066,5,1018,2026-06-07 09:00:00+00:00,1,104.11,0.0,1.95,39.19,0.29,6.57,8.28,1.51
5067,1,1019,2026-06-07 10:00:00+00:00,1,75.89,0.01,0.12,43.91,0.1,0.76,1.25,0.32
5068,2,1019,2026-06-07 10:00:00+00:00,2,103.58,0.67,4.04,79.61,3.08,3.14,8.44,0.07
5069,3,1019,2026-06-07 10:00:00+00:00,2,94.22,0.09,0.39,93.5,0.88,1.82,2.08,0.27
5070,4,1019,2026-06-07 10:00:00+00:00,2,98.77,0.11,0.5,78.79,0.36,1.88,6.52,0.85
5071,5,1019,2026-06-07 10:00:00+00:00,1,102.07,0.0,2.05,34.79,0.27,6.41,8.18,1.45
5072,1,1020,2026-06-07 11:00:00+00:00,1,76.37,0.02,0.14,44.4,0.1,0.81,1.32,0.34
5073,2,1020,2026-06-07 11:00:00+00:00,2,103.19,0.72,3.54,82.31,3.07,3.25,8.65,0.08
5074,3,1020,2026-06-07 11:00:00+00:00,2,93.83,0.08,0.37,94.72,0.83,1.93,2.2,0.27
5075,4,1020,2026-06-07 11:00:00+00:00,2,98.0,0.09,0.37,81.2,0.32,1.71,5.8,0.72
5076,5,1020,2026-06-07 11:00:00+00:00,1,104.14,0.07,2.61,31.9,0.27,6.31,8.21,1.38
5077,1,1021,2026-06-07 12:00:00+00:00,1,77.63,0.02,0.17,43.48,0.11,0.86,1.39,0.35
5078,2,1021,2026-06-07 12:00:00+00:00,2,102.98,0.73,3.15,85.48,3.08,3.39,9.01,0.09
5079,3,1021,2026-06-07 12:00:00+00:00,2,93.44,0.08,0.37,95.71,0.81,2.03,2.3,0.27
5080,4,1021,2026-06-07 12:00:00+00:00,2,97.15,0.08,0.32,81.48,0.28,1.61,5.3,0.69
5081,5,1021,2026-06-07 12:00:00+00:00,1,111.58,0.63,3.12,32.65,0.29,6.29,8.38,1.34
5082,1,1022,2026-06-07 13:00:00+00:00,1,85.27,0.03,0.32,39.49,0.14,1.14,1.86,0.47
5083,2,1022,2026-06-07 13:00:00+00:00,2,102.75,0.72,3.21,88.0,3.27,3.59,9.48,0.12
5084,3,1022,2026-06-07 13:00:00+00:00,2,93.89,0.08,0.41,97.07,0.81,2.13,2.4,0.28
5085,4,1022,2026-06-07 13:00:00+00:00,2,97.33,0.07,0.3,82.11,0.25,1.57,4.96,0.68
5086,5,1022,2026-06-07 13:00:00+00:00,1,117.37,1.01,3.15,38.76,0.35,6.29,8.55,1.3
5087,1,1023,2026-06-07 14:00:00+00:00,1,99.44,0.02,0.62,34.29,0.16,1.71,2.77,0.52
5088,2,1023,2026-06-07 14:00:00+00:00,2,103.25,0.71,3.78,89.3,3.59,3.74,9.71,0.16
5089,3,1023,2026-06-07 14:00:00+00:00,2,93.98,0.08,0.47,97.6,0.83,2.21,2.49,0.29
5090,4,1023,2026-06-07 14:00:00+00:00,2,96.65,0.07,0.3,81.68,0.22,1.56,4.76,0.7
5091,5,1023,2026-06-07 14:00:00+00:00,1,118.24,0.78,2.91,46.29,0.4,6.21,8.51,1.28
5092,1,1024,2026-06-07 15:00:00+00:00,1,114.55,0.0,0.96,30.26,0.18,2.37,3.8,0.45
5093,2,1024,2026-06-07 15:00:00+00:00,2,103.66,0.65,4.48,90.21,3.84,3.78,9.61,0.2
5094,3,1024,2026-06-07 15:00:00+00:00,2,93.98,0.07,0.52,97.67,0.85,2.28,2.57,0.3
5095,4,1024,2026-06-07 15:00:00+00:00,2,96.15,0.08,0.35,81.1,0.21,1.56,4.65,0.74
5096,5,1024,2026-06-07 15:00:00+00:00,1,117.79,0.43,2.35,57.39,0.5,5.91,8.05,1.29
5097,1,1025,2026-06-07 16:00:00+00:00,1,129.84,0.0,1.21,26.78,0.2,3.12,4.95,0.48
5098,2,1025,2026-06-07 16:00:00+00:00,2,104.35,0.72,5.61,90.24,4.33,3.85,9.56,0.22
5099,3,1025,2026-06-07 16:00:00+00:00,2,94.75,0.08,1.03,90.24,0.89,2.37,2.69,0.69
5100,4,1025,2026-06-07 16:00:00+00:00,2,95.56,0.19,0.8,74.28,0.19,1.65,4.71,1.05
5101,5,1025,2026-06-07 16:00:00+00:00,2,116.32,0.14,1.22,85.14,0.69,3.51,4.57,0.8
5102,1,1026,2026-06-07 17:00:00+00:00,1,148.51,0.0,1.44,24.12,0.23,4.01,6.28,0.55
5103,2,1026,2026-06-07 17:00:00+00:00,2,105.4,0.7,8.22,87.72,5.19,4.08,9.86,0.23
5104,3,1026,2026-06-07 17:00:00+00:00,2,97.1,0.05,1.77,83.3,0.98,2.5,2.85,1.37
5105,4,1026,2026-06-07 17:00:00+00:00,2,94.34,0.32,1.4,65.0,0.17,1.76,4.87,1.53
5106,5,1026,2026-06-07 17:00:00+00:00,2,116.61,0.11,0.94,91.07,0.57,2.56,3.19,0.63
5107,1,1027,2026-06-07 18:00:00+00:00,1,165.8,0.0,1.62,22.05,0.25,4.85,7.47,0.61
5108,2,1027,2026-06-07 18:00:00+00:00,2,106.46,0.49,11.42,83.78,5.93,4.36,10.23,0.24
5109,3,1027,2026-06-07 18:00:00+00:00,2,99.63,0.01,2.31,78.58,1.06,2.63,3.02,2.02
5110,4,1027,2026-06-07 18:00:00+00:00,1,93.21,0.32,1.86,59.27,0.18,1.84,5.0,2.04
5111,5,1027,2026-06-07 18:00:00+00:00,2,116.2,0.1,0.88,93.11,0.49,2.27,2.76,0.62
5112,1,1028,2026-06-07 19:00:00+00:00,1,178.57,0.0,1.74,20.51,0.26,5.44,8.19,0.66
5113,2,1028,2026-06-07 19:00:00+00:00,2,107.73,0.12,14.72,79.23,6.57,4.66,10.54,0.23
5114,3,1028,2026-06-07 19:00:00+00:00,2,100.9,0.0,2.64,73.72,1.14,2.77,3.19,2.54
5115,4,1028,2026-06-07 19:00:00+00:00,1,93.09,0.16,2.47,54.5,0.19,1.92,5.14,2.81
5116,5,1028,2026-06-07 19:00:00+00:00,2,116.91,0.1,0.87,95.94,0.45,2.08,2.46,0.63
5117,1,1029,2026-06-07 20:00:00+00:00,1,183.7,0.0,1.76,19.51,0.24,5.58,8.23,0.62
5118,2,1029,2026-06-07 20:00:00+00:00,2,108.93,0.01,17.49,73.74,7.14,4.96,10.57,0.22
5119,3,1029,2026-06-07 20:00:00+00:00,2,101.7,0.0,2.81,68.5,1.17,2.95,3.41,2.85
5120,4,1029,2026-06-07 20:00:00+00:00,1,93.44,0.01,3.04,48.21,0.19,2.0,5.27,3.55
5121,5,1029,2026-06-07 20:00:00+00:00,2,117.28,0.12,0.93,97.28,0.42,1.95,2.25,0.63
5122,1,1030,2026-06-07 21:00:00+00:00,1,180.35,0.0,1.67,18.82,0.18,5.23,7.42,0.52
5123,2,1030,2026-06-07 21:00:00+00:00,2,109.48,0.0,19.99,67.86,7.61,5.27,10.5,0.21
5124,3,1030,2026-06-07 21:00:00+00:00,2,99.99,0.0,2.79,60.37,1.09,3.12,3.61,2.83
5125,4,1030,2026-06-07 21:00:00+00:00,1,93.97,0.0,3.36,43.5,0.19,2.08,5.37,4.13
5126,5,1030,2026-06-07 21:00:00+00:00,2,118.17,0.15,1.1,98.63,0.4,1.92,2.17,0.63
5127,1,1031,2026-06-07 22:00:00+00:00,1,177.86,0.0,1.59,18.14,0.15,4.93,6.62,0.47
5128,2,1031,2026-06-07 22:00:00+00:00,2,109.83,0.0,22.27,61.97,7.74,5.58,10.25,0.2
5129,3,1031,2026-06-07 22:00:00+00:00,1,95.28,0.0,2.48,43.91,0.58,3.16,3.64,1.15
5130,4,1031,2026-06-07 22:00:00+00:00,1,92.87,0.0,3.47,39.14,0.17,2.12,5.34,4.24
5131,5,1031,2026-06-07 22:00:00+00:00,2,123.76,0.28,2.11,92.03,0.4,2.04,2.3,0.75
5132,1,1032,2026-06-07 23:00:00+00:00,1,177.42,0.0,1.54,17.23,0.13,4.72,6.12,0.45
5133,2,1032,2026-06-07 23:00:00+00:00,1,109.89,0.0,23.84,56.63,7.63,5.72,9.79,0.21
5134,3,1032,2026-06-07 23:00:00+00:00,1,91.88,0.0,2.28,33.79,0.34,3.11,3.59,0.71
5135,4,1032,2026-06-07 23:00:00+00:00,1,92.5,0.0,3.34,34.26,0.14,2.18,5.34,3.66
5136,5,1032,2026-06-07 23:00:00+00:00,2,131.43,0.36,3.41,80.97,0.39,2.23,2.52,0.92
5137,1,1033,2026-06-08 00:00:00+00:00,1,173.95,0.0,1.45,16.59,0.12,4.36,5.58,0.43
5138,2,1033,2026-06-08 00:00:00+00:00,1,109.58,0.0,24.44,52.56,7.43,5.58,9.05,0.25
5139,3,1033,2026-06-08 00:00:00+00:00,1,88.82,0.0,2.14,27.93,0.25,2.98,3.44,0.61
5140,4,1033,2026-06-08 00:00:00+00:00,1,91.4,0.0,3.1,28.77,0.11,2.26,5.34,2.68
5141,5,1033,2026-06-08 00:00:00+00:00,2,135.15,0.18,4.48,69.98,0.37,2.33,2.67,1.07
5142,1,1034,2026-06-08 01:00:00+00:00,1,165.13,0.0,1.33,16.91,0.12,3.65,4.77,0.42
5143,2,1034,2026-06-08 01:00:00+00:00,1,108.79,0.0,23.51,50.4,7.07,5.18,8.04,0.32
5144,3,1034,2026-06-08 01:00:00+00:00,1,85.28,0.0,2.01,23.88,0.2,2.77,3.21,0.56
5145,4,1034,2026-06-08 01:00:00+00:00,1,89.04,0.0,2.82,23.05,0.08,2.31,5.25,1.87
5146,5,1034,2026-06-08 01:00:00+00:00,1,136.2,0.0,5.29,55.53,0.32,2.4,2.81,1.21
5147,1,1035,2026-06-08 02:00:00+00:00,1,163.75,0.0,1.29,16.47,0.12,3.37,4.44,0.43
5148,2,1035,2026-06-08 02:00:00+00:00,1,107.63,0.0,21.54,49.5,6.6,4.62,6.93,0.42
5149,3,1035,2026-06-08 02:00:00+00:00,1,83.25,0.03,1.88,20.41,0.19,2.58,2.99,0.53
5150,4,1035,2026-06-08 02:00:00+00:00,1,86.44,0.0,2.59,18.4,0.06,2.35,5.15,1.54
5151,5,1035,2026-06-08 02:00:00+00:00,1,138.03,0.0,5.87,41.88,0.27,2.51,2.99,1.33
5152,1,1036,2026-06-08 03:00:00+00:00,1,166.75,0.0,1.33,16.02,0.13,3.34,4.45,0.5
5153,2,1036,2026-06-08 03:00:00+00:00,1,106.28,0.0,18.88,49.79,6.12,4.04,5.92,0.53
5154,3,1036,2026-06-08 03:00:00+00:00,1,83.83,0.36,1.7,17.69,0.22,2.45,2.84,0.53
5155,4,1036,2026-06-08 03:00:00+00:00,1,84.01,0.01,2.44,15.22,0.04,2.37,5.04,1.37
5156,5,1036,2026-06-08 03:00:00+00:00,1,138.55,0.0,6.15,33.45,0.24,2.64,3.17,1.39
5157,1,1037,2026-06-08 04:00:00+00:00,1,179.32,0.01,1.5,15.8,0.21,3.85,5.45,0.66
5158,2,1037,2026-06-08 04:00:00+00:00,1,105.02,0.0,15.99,51.83,5.65,3.51,5.17,0.61
5159,3,1037,2026-06-08 04:00:00+00:00,1,87.45,1.06,1.53,16.36,0.3,2.36,2.76,0.62
5160,4,1037,2026-06-08 04:00:00+00:00,1,82.14,0.02,2.47,13.4,0.04,2.38,4.92,1.33
5161,5,1037,2026-06-08 04:00:00+00:00,1,135.05,0.0,5.82,28.92,0.26,2.78,3.3,1.37
5162,1,1038,2026-06-08 05:00:00+00:00,1,190.25,0.15,1.46,16.71,0.25,4.33,6.61,0.62
5163,2,1038,2026-06-08 05:00:00+00:00,1,103.76,0.01,13.49,54.25,5.14,2.98,4.57,0.62
5164,3,1038,2026-06-08 05:00:00+00:00,1,90.63,1.6,1.54,17.72,0.38,2.31,2.71,0.84
5165,4,1038,2026-06-08 05:00:00+00:00,1,82.59,0.09,3.19,12.19,0.06,2.43,4.92,1.45
5166,5,1038,2026-06-08 05:00:00+00:00,1,132.34,0.0,5.14,27.91,0.32,2.95,3.44,1.25
5167,1,1039,2026-06-08 06:00:00+00:00,1,177.7,0.2,1.07,21.58,0.25,3.91,6.18,0.57
5168,2,1039,2026-06-08 06:00:00+00:00,1,102.31,0.1,11.14,57.78,4.55,2.48,3.99,0.58
5169,3,1039,2026-06-08 06:00:00+00:00,1,91.72,1.53,1.71,24.5,0.47,2.38,2.79,0.95
5170,4,1039,2026-06-08 06:00:00+00:00,1,84.31,0.45,4.24,11.78,0.08,2.51,5.0,1.66
5171,5,1039,2026-06-08 06:00:00+00:00,1,129.52,0.0,4.35,30.73,0.47,3.14,3.59,1.14
5172,1,1040,2026-06-08 07:00:00+00:00,1,112.36,0.05,0.38,36.9,0.18,1.58,2.64,0.39
5173,2,1040,2026-06-08 07:00:00+00:00,2,101.34,0.2,8.14,63.68,3.61,2.01,3.34,0.52
5174,3,1040,2026-06-08 07:00:00+00:00,2,94.86,0.22,1.06,98.41,1.84,2.71,3.08,0.27
5175,4,1040,2026-06-08 07:00:00+00:00,1,87.41,0.72,3.98,20.5,0.12,2.45,4.95,2.01
5176,5,1040,2026-06-08 07:00:00+00:00,1,129.86,0.0,3.66,41.06,0.85,3.34,3.79,1.04
5177,1,1041,2026-06-08 08:00:00+00:00,1,100.51,0.03,0.23,41.13,0.16,1.4,2.29,0.37
5178,2,1041,2026-06-08 08:00:00+00:00,2,101.04,0.23,6.25,68.18,3.04,1.69,2.87,0.42
5179,3,1041,2026-06-08 08:00:00+00:00,3,94.06,0.13,0.66,104.29,1.6,2.95,3.29,0.19
5180,4,1041,2026-06-08 08:00:00+00:00,1,89.25,1.01,3.51,25.75,0.14,2.39,4.64,2.05
5181,5,1041,2026-06-08 08:00:00+00:00,1,132.58,0.0,3.52,44.28,1.14,3.5,4.02,1.18
5182,1,1042,2026-06-08 09:00:00+00:00,1,96.07,0.02,0.18,42.74,0.14,1.35,2.13,0.37
5183,2,1042,2026-06-08 09:00:00+00:00,2,100.93,0.23,4.89,72.59,2.59,1.46,2.49,0.32
5184,3,1042,2026-06-08 09:00:00+00:00,3,93.27,0.11,0.54,106.54,1.53,3.2,3.53,0.16
5185,4,1042,2026-06-08 09:00:00+00:00,1,90.44,1.15,3.01,29.44,0.14,2.38,4.41,2.08
5186,5,1042,2026-06-08 09:00:00+00:00,1,136.11,0.0,3.67,46.61,1.48,3.46,4.14,1.65
5187,1,1043,2026-06-08 10:00:00+00:00,1,94.07,0.02,0.15,44.7,0.13,1.29,1.93,0.36
5188,2,1043,2026-06-08 10:00:00+00:00,2,100.91,0.22,3.8,76.85,2.07,1.27,1.98,0.21
5189,3,1043,2026-06-08 10:00:00+00:00,3,93.51,0.1,0.5,109.08,1.51,3.43,3.77,0.14
5190,4,1043,2026-06-08 10:00:00+00:00,1,93.49,0.63,2.19,45.44,0.15,2.42,4.7,2.29
5191,5,1043,2026-06-08 10:00:00+00:00,1,137.15,0.0,3.96,48.33,1.81,3.04,3.89,2.27
5192,1,1044,2026-06-08 11:00:00+00:00,1,94.03,0.03,0.15,45.34,0.14,1.39,2.0,0.36
5193,2,1044,2026-06-08 11:00:00+00:00,2,101.07,0.36,4.06,78.02,2.18,1.33,1.93,0.13
5194,3,1044,2026-06-08 11:00:00+00:00,3,92.94,0.09,0.49,110.05,1.46,3.54,3.88,0.12
5195,4,1044,2026-06-08 11:00:00+00:00,1,95.14,0.41,1.55,55.22,0.19,2.84,5.74,2.58
5196,5,1044,2026-06-08 11:00:00+00:00,1,137.63,0.11,4.41,46.66,1.79,2.58,3.47,2.43
5197,1,1045,2026-06-08 12:00:00+00:00,1,94.55,0.03,0.16,45.25,0.14,1.58,2.22,0.36
5198,2,1045,2026-06-08 12:00:00+00:00,2,101.51,0.51,4.5,78.71,2.38,1.51,2.18,0.08
5199,3,1045,2026-06-08 12:00:00+00:00,3,92.38,0.09,0.49,110.5,1.4,3.59,3.92,0.11
5200,4,1045,2026-06-08 12:00:00+00:00,2,96.33,0.27,1.15,63.27,0.26,3.56,7.14,2.61
5201,5,1045,2026-06-08 12:00:00+00:00,1,138.92,0.69,4.26,47.32,1.73,2.21,3.09,2.31
5202,1,1046,2026-06-08 13:00:00+00:00,1,98.34,0.04,0.23,43.67,0.17,1.89,2.7,0.43
5203,2,1046,2026-06-08 13:00:00+00:00,2,101.82,0.74,4.52,79.92,2.6,1.81,2.79,0.07
5204,3,1046,2026-06-08 13:00:00+00:00,3,92.4,0.09,0.55,110.86,1.36,3.63,3.96,0.12
5205,4,1046,2026-06-08 13:00:00+00:00,2,96.97,0.11,0.67,76.39,0.32,3.14,6.68,1.83
5206,5,1046,2026-06-08 13:00:00+00:00,1,137.65,1.04,3.61,52.28,1.71,1.99,2.92,2.07
5207,1,1047,2026-06-08 14:00:00+00:00,1,106.54,0.03,0.42,41.59,0.2,2.3,3.38,0.56
5208,2,1047,2026-06-08 14:00:00+00:00,2,101.98,0.87,3.86,81.16,2.71,2.11,3.54,0.12
5209,3,1047,2026-06-08 14:00:00+00:00,3,92.39,0.09,0.66,109.96,1.37,3.71,4.05,0.15
5210,4,1047,2026-06-08 14:00:00+00:00,2,96.1,0.07,0.51,81.38,0.33,2.29,5.15,1.35
5211,5,1047,2026-06-08 14:00:00+00:00,2,135.36,0.88,2.83,60.57,1.64,2.31,3.34,1.81
5212,1,1048,2026-06-08 15:00:00+00:00,1,115.46,0.0,0.68,39.95,0.23,2.69,3.98,0.67
5213,2,1048,2026-06-08 15:00:00+00:00,2,102.06,0.82,2.98,81.62,2.59,2.16,3.74,0.25
5214,3,1048,2026-06-08 15:00:00+00:00,3,92.56,0.09,0.76,108.69,1.4,3.8,4.16,0.19
5215,4,1048,2026-06-08 15:00:00+00:00,2,95.22,0.07,0.55,82.92,0.36,1.9,4.5,1.25
5216,5,1048,2026-06-08 15:00:00+00:00,2,133.44,0.51,1.92,72.89,1.5,3.48,4.59,1.52
5217,1,1049,2026-06-08 16:00:00+00:00,1,125.09,0.0,0.86,38.61,0.26,3.1,4.6,0.75
5218,2,1049,2026-06-08 16:00:00+00:00,2,101.61,0.6,2.19,83.85,2.12,1.7,2.97,0.37
5219,3,1049,2026-06-08 16:00:00+00:00,2,93.61,0.12,1.32,91.73,1.29,3.92,4.31,0.52
5220,4,1049,2026-06-08 16:00:00+00:00,2,95.11,0.07,0.62,83.36,0.38,1.67,4.17,1.22
5221,5,1049,2026-06-08 16:00:00+00:00,2,130.17,0.26,1.16,82.08,1.19,4.29,5.36,1.08
5222,1,1050,2026-06-08 17:00:00+00:00,1,133.91,0.0,0.94,37.98,0.27,3.38,5.0,0.7
5223,2,1050,2026-06-08 17:00:00+00:00,2,101.38,0.4,1.93,87.45,1.78,1.15,2.19,0.41
5224,3,1050,2026-06-08 17:00:00+00:00,2,94.94,0.09,2.08,69.76,1.06,4.05,4.49,0.95
5225,4,1050,2026-06-08 17:00:00+00:00,2,95.05,0.05,0.72,82.39,0.38,1.4,3.56,1.18
5226,5,1050,2026-06-08 17:00:00+00:00,2,127.52,0.19,0.92,85.44,0.93,4.56,5.64,0.84
5227,1,1051,2026-06-08 18:00:00+00:00,1,137.23,0.0,0.94,38.24,0.25,3.31,4.86,0.55
5228,2,1051,2026-06-08 18:00:00+00:00,2,101.42,0.29,2.03,88.51,1.68,0.93,2.1,0.43
5229,3,1051,2026-06-08 18:00:00+00:00,1,95.48,0.01,2.65,55.89,0.88,4.17,4.67,1.23
5230,4,1051,2026-06-08 18:00:00+00:00,2,95.17,0.03,0.82,81.12,0.34,1.13,2.81,1.12
5231,5,1051,2026-06-08 18:00:00+00:00,2,126.82,0.17,0.88,86.81,0.79,4.77,6.03,0.74
5232,1,1052,2026-06-08 19:00:00+00:00,1,132.63,0.0,0.85,39.15,0.22,2.83,4.19,0.43
5233,2,1052,2026-06-08 19:00:00+00:00,2,101.9,0.14,2.13,87.5,1.54,0.83,2.12,0.43
5234,3,1052,2026-06-08 19:00:00+00:00,1,94.94,0.0,2.95,47.22,0.77,4.25,4.79,1.32
5235,4,1052,2026-06-08 19:00:00+00:00,2,95.56,0.01,0.93,79.45,0.29,0.95,2.13,1.04
5236,5,1052,2026-06-08 19:00:00+00:00,2,126.41,0.15,0.88,88.16,0.68,4.69,6.13,0.67
5237,1,1053,2026-06-08 20:00:00+00:00,1,126.91,0.0,0.78,40.2,0.19,2.4,3.62,0.4
5238,2,1053,2026-06-08 20:00:00+00:00,2,102.25,0.02,2.28,85.03,1.51,0.79,2.17,0.44
5239,3,1053,2026-06-08 20:00:00+00:00,1,94.9,0.0,3.04,40.07,0.61,4.35,4.93,1.14
5240,4,1053,2026-06-08 20:00:00+00:00,2,96.66,0.0,1.03,77.61,0.24,0.94,1.75,0.96
5241,5,1053,2026-06-08 20:00:00+00:00,2,125.24,0.14,0.95,87.46,0.58,4.42,6.01,0.61
5242,1,1054,2026-06-08 21:00:00+00:00,1,117.26,0.0,0.68,41.59,0.16,1.89,2.82,0.34
5243,2,1054,2026-06-08 21:00:00+00:00,2,102.42,0.0,2.27,82.64,1.49,0.76,2.19,0.45
5244,3,1054,2026-06-08 21:00:00+00:00,1,93.44,0.0,2.94,33.47,0.46,4.44,5.05,0.94
5245,4,1054,2026-06-08 21:00:00+00:00,2,97.86,0.0,1.09,75.2,0.19,1.0,1.57,0.9
5246,5,1054,2026-06-08 21:00:00+00:00,2,125.46,0.12,1.17,85.85,0.52,4.21,6.07,0.6
5247,1,1055,2026-06-08 22:00:00+00:00,1,107.26,0.0,0.58,43.08,0.15,1.56,2.29,0.33
5248,2,1055,2026-06-08 22:00:00+00:00,2,102.32,0.0,2.28,80.65,1.48,0.72,2.17,0.43
5249,3,1055,2026-06-08 22:00:00+00:00,1,90.85,0.0,2.79,27.51,0.36,4.46,5.09,0.8
5250,4,1055,2026-06-08 22:00:00+00:00,2,97.06,0.0,1.09,71.61,0.17,1.06,1.46,0.84
5251,5,1055,2026-06-08 22:00:00+00:00,2,127.34,0.13,1.64,83.32,0.52,4.02,6.17,0.62
5252,1,1056,2026-06-08 23:00:00+00:00,1,101.81,0.0,0.52,43.53,0.14,1.46,2.11,0.31
5253,2,1056,2026-06-08 23:00:00+00:00,2,102.14,0.0,2.32,79.77,1.5,0.71,2.17,0.38
5254,3,1056,2026-06-08 23:00:00+00:00,1,89.26,0.0,2.71,23.14,0.31,4.51,5.15,0.76
5255,4,1056,2026-06-08 23:00:00+00:00,2,97.8,0.0,1.08,68.46,0.15,1.13,1.42,0.81
5256,5,1056,2026-06-08 23:00:00+00:00,2,129.3,0.14,2.17,80.27,0.57,3.88,6.4,0.67
5257,1,1057,2026-06-09 00:00:00+00:00,1,98.34,0.0,0.48,43.65,0.13,1.41,2.02,0.28
5258,2,1057,2026-06-09 00:00:00+00:00,2,102.24,0.0,2.34,79.85,1.52,0.7,2.18,0.3
5259,3,1057,2026-06-09 00:00:00+00:00,1,87.58,0.0,2.64,19.8,0.27,4.53,5.19,0.75
5260,4,1057,2026-06-09 00:00:00+00:00,2,98.81,0.0,1.03,65.93,0.14,1.15,1.44,0.77
5261,5,1057,2026-06-09 00:00:00+00:00,2,128.41,0.06,2.56,77.63,0.67,3.66,6.5,0.69
5262,1,1058,2026-06-09 01:00:00+00:00,1,95.2,0.0,0.45,43.78,0.12,1.32,1.87,0.25
5263,2,1058,2026-06-09 01:00:00+00:00,2,101.38,0.0,2.34,80.3,1.49,0.69,2.09,0.21
5264,3,1058,2026-06-09 01:00:00+00:00,1,85.35,0.01,2.5,16.81,0.24,4.49,5.14,0.7
5265,4,1058,2026-06-09 01:00:00+00:00,2,99.36,0.0,0.95,63.9,0.16,1.14,1.58,0.75
5266,5,1058,2026-06-09 01:00:00+00:00,2,122.84,0.0,2.66,73.99,0.75,3.28,6.24,0.67
5267,1,1059,2026-06-09 02:00:00+00:00,1,92.24,0.0,0.41,44.35,0.11,1.2,1.73,0.22
5268,2,1059,2026-06-09 02:00:00+00:00,2,101.04,0.0,2.29,81.59,1.43,0.68,1.96,0.15
5269,3,1059,2026-06-09 02:00:00+00:00,1,84.01,0.04,2.39,14.04,0.23,4.49,5.14,0.65
5270,4,1059,2026-06-09 02:00:00+00:00,2,100.65,0.0,0.88,63.24,0.18,1.16,1.86,0.76
5271,5,1059,2026-06-09 02:00:00+00:00,2,120.02,0.0,2.8,70.95,0.82,2.99,6.02,0.67
5272,1,1060,2026-06-09 03:00:00+00:00,1,89.44,0.0,0.37,45.8,0.12,1.09,1.6,0.2
5273,2,1060,2026-06-09 03:00:00+00:00,2,100.98,0.0,2.2,82.41,1.35,0.69,1.88,0.11
5274,3,1060,2026-06-09 03:00:00+00:00,1,85.09,0.5,2.09,11.97,0.27,4.5,5.16,0.64
5275,4,1060,2026-06-09 03:00:00+00:00,2,102.12,0.0,0.83,63.61,0.21,1.2,2.26,0.78
5276,5,1060,2026-06-09 03:00:00+00:00,2,118.16,0.0,3.06,68.19,0.86,2.8,5.85,0.64
5277,1,1061,2026-06-09 04:00:00+00:00,1,88.82,0.0,0.37,47.38,0.14,1.04,1.63,0.23
5278,2,1061,2026-06-09 04:00:00+00:00,2,100.98,0.0,2.07,82.66,1.27,0.7,1.78,0.07
5279,3,1061,2026-06-09 04:00:00+00:00,1,89.13,1.38,1.77,11.46,0.35,4.5,5.17,0.74
5280,4,1061,2026-06-09 04:00:00+00:00,2,101.44,0.0,0.81,64.08,0.26,1.22,2.71,0.77
5281,5,1061,2026-06-09 04:00:00+00:00,2,115.07,0.0,3.22,64.4,0.88,2.64,5.66,0.57
5282,1,1062,2026-06-09 05:00:00+00:00,1,89.79,0.03,0.36,48.0,0.16,0.99,1.68,0.29
5283,2,1062,2026-06-09 05:00:00+00:00,2,101.24,0.01,2.03,81.92,1.23,0.67,1.62,0.05
5284,3,1062,2026-06-09 05:00:00+00:00,1,92.78,2.0,1.81,13.13,0.44,4.5,5.19,0.95
5285,4,1062,2026-06-09 05:00:00+00:00,2,101.75,0.0,1.01,65.29,0.32,1.26,3.19,0.74
5286,5,1062,2026-06-09 05:00:00+00:00,2,113.03,0.0,3.21,61.5,0.89,2.58,5.66,0.52
5287,1,1063,2026-06-09 06:00:00+00:00,1,88.62,0.04,0.28,48.64,0.17,0.88,1.53,0.34
5288,2,1063,2026-06-09 06:00:00+00:00,2,101.49,0.07,2.01,79.6,1.22,0.63,1.5,0.04
5289,3,1063,2026-06-09 06:00:00+00:00,1,94.7,1.9,2.07,19.79,0.52,4.68,5.38,1.05
5290,4,1063,2026-06-09 06:00:00+00:00,2,102.14,0.05,1.38,66.02,0.37,1.3,3.59,0.74
5291,5,1063,2026-06-09 06:00:00+00:00,1,111.25,0.0,3.05,58.93,0.86,2.55,5.73,0.46
5292,1,1064,2026-06-09 07:00:00+00:00,1,79.91,0.03,0.15,50.31,0.11,0.58,0.96,0.23
5293,2,1064,2026-06-09 07:00:00+00:00,2,100.84,0.17,1.91,77.05,1.23,0.61,1.41,0.03
5294,3,1064,2026-06-09 07:00:00+00:00,2,94.37,0.21,1.0,99.58,1.77,4.76,5.27,0.18
5295,4,1064,2026-06-09 07:00:00+00:00,2,101.86,0.12,1.52,66.93,0.41,1.31,3.8,0.81
5296,5,1064,2026-06-09 07:00:00+00:00,1,108.0,0.0,2.94,52.22,0.71,2.55,5.75,0.42
5297,1,1065,2026-06-09 08:00:00+00:00,1,76.91,0.02,0.1,49.94,0.09,0.54,0.81,0.21
5298,2,1065,2026-06-09 08:00:00+00:00,2,99.74,0.25,1.78,75.71,1.24,0.61,1.39,0.03
5299,3,1065,2026-06-09 08:00:00+00:00,3,93.31,0.12,0.59,105.77,1.51,4.67,5.08,0.09
5300,4,1065,2026-06-09 08:00:00+00:00,2,101.07,0.16,1.39,69.26,0.42,1.24,3.68,0.95
5301,5,1065,2026-06-09 08:00:00+00:00,1,105.74,0.0,2.99,43.19,0.55,2.6,5.84,0.43
5302,1,1066,2026-06-09 09:00:00+00:00,1,75.15,0.02,0.08,49.29,0.09,0.51,0.77,0.19
5303,2,1066,2026-06-09 09:00:00+00:00,2,99.01,0.28,1.6,75.8,1.23,0.64,1.43,0.03
5304,3,1066,2026-06-09 09:00:00+00:00,3,92.42,0.09,0.48,106.79,1.38,4.69,5.09,0.08
5305,4,1066,2026-06-09 09:00:00+00:00,2,99.74,0.14,1.13,72.6,0.4,1.13,3.32,1.03
5306,5,1066,2026-06-09 09:00:00+00:00,1,104.03,0.0,3.18,36.51,0.48,2.67,6.03,0.48
5307,1,1067,2026-06-09 10:00:00+00:00,1,74.06,0.01,0.07,49.19,0.08,0.51,0.77,0.18
5308,2,1067,2026-06-09 10:00:00+00:00,2,98.73,0.29,1.38,77.15,1.2,0.67,1.53,0.04
5309,3,1067,2026-06-09 10:00:00+00:00,3,92.14,0.08,0.43,107.68,1.25,4.55,4.92,0.07
5310,4,1067,2026-06-09 10:00:00+00:00,2,99.49,0.08,0.76,78.93,0.3,0.79,2.21,0.78
5311,5,1067,2026-06-09 10:00:00+00:00,1,104.01,0.0,3.66,31.97,0.47,2.74,6.27,0.52
5312,1,1068,2026-06-09 11:00:00+00:00,1,72.57,0.01,0.07,49.07,0.08,0.52,0.8,0.18
5313,2,1068,2026-06-09 11:00:00+00:00,2,99.29,0.31,1.19,78.74,1.2,0.7,1.62,0.04
5314,3,1068,2026-06-09 11:00:00+00:00,3,90.64,0.08,0.41,106.73,1.06,4.05,4.38,0.07
5315,4,1068,2026-06-09 11:00:00+00:00,2,98.31,0.07,0.57,79.57,0.21,0.58,1.52,0.65
5316,5,1068,2026-06-09 11:00:00+00:00,1,111.44,0.04,5.27,30.52,0.56,2.89,6.77,0.55
5317,1,1069,2026-06-09 12:00:00+00:00,1,71.5,0.01,0.07,48.88,0.07,0.52,0.85,0.18
5318,2,1069,2026-06-09 12:00:00+00:00,2,99.66,0.31,1.07,80.33,1.19,0.72,1.71,0.05
5319,3,1069,2026-06-09 12:00:00+00:00,3,89.67,0.08,0.42,106.08,0.95,3.72,4.02,0.08
5320,4,1069,2026-06-09 12:00:00+00:00,2,97.22,0.07,0.53,78.34,0.19,0.52,1.24,0.67
5321,5,1069,2026-06-09 12:00:00+00:00,1,122.42,0.36,6.98,35.04,0.84,3.13,7.6,0.59
5322,1,1070,2026-06-09 13:00:00+00:00,1,74.35,0.02,0.13,47.65,0.09,0.66,1.15,0.28
5323,2,1070,2026-06-09 13:00:00+00:00,2,100.01,0.29,1.02,81.59,1.19,0.75,1.87,0.06
5324,3,1070,2026-06-09 13:00:00+00:00,3,89.34,0.08,0.47,105.93,0.9,3.5,3.78,0.1
5325,4,1070,2026-06-09 13:00:00+00:00,2,97.37,0.06,0.57,77.39,0.18,0.5,1.04,0.73
5326,5,1070,2026-06-09 13:00:00+00:00,1,119.57,0.55,6.2,49.88,1.36,3.29,8.41,0.51
5327,1,1071,2026-06-09 14:00:00+00:00,1,80.05,0.02,0.25,45.43,0.13,0.89,1.64,0.44
5328,2,1071,2026-06-09 14:00:00+00:00,2,100.08,0.27,1.03,82.2,1.19,0.76,2.0,0.07
5329,3,1071,2026-06-09 14:00:00+00:00,3,89.07,0.08,0.56,105.24,0.9,3.35,3.62,0.13
5330,4,1071,2026-06-09 14:00:00+00:00,2,97.21,0.06,0.63,76.18,0.18,0.5,0.87,0.78
5331,5,1071,2026-06-09 14:00:00+00:00,1,119.67,0.9,5.84,52.3,1.45,3.24,8.25,0.54
5332,1,1072,2026-06-09 15:00:00+00:00,1,85.46,0.0,0.41,43.87,0.16,1.13,2.11,0.52
5333,2,1072,2026-06-09 15:00:00+00:00,2,100.33,0.25,1.08,82.9,1.19,0.74,2.06,0.07
5334,3,1072,2026-06-09 15:00:00+00:00,3,88.71,0.07,0.66,104.26,0.94,3.2,3.47,0.17
5335,4,1072,2026-06-09 15:00:00+00:00,2,97.05,0.06,0.72,75.43,0.17,0.5,0.77,0.83
5336,5,1072,2026-06-09 15:00:00+00:00,1,119.3,1.13,4.86,59.12,1.51,3.18,7.95,0.51
5337,1,1073,2026-06-09 16:00:00+00:00,1,93.97,0.0,0.57,41.92,0.19,1.55,2.86,0.57
5338,2,1073,2026-06-09 16:00:00+00:00,2,100.86,0.23,1.17,83.59,1.19,0.68,2.03,0.08
5339,3,1073,2026-06-09 16:00:00+00:00,2,89.75,0.1,1.28,88.63,0.97,3.16,3.45,0.51
5340,4,1073,2026-06-09 16:00:00+00:00,2,97.8,0.06,0.87,74.92,0.16,0.5,0.68,0.9
5341,5,1073,2026-06-09 16:00:00+00:00,2,117.84,0.69,3.36,80.27,1.51,3.48,8.0,0.46
5342,1,1074,2026-06-09 17:00:00+00:00,1,107.12,0.0,0.76,39.99,0.23,2.17,3.95,0.59
5343,2,1074,2026-06-09 17:00:00+00:00,2,101.3,0.18,1.39,83.02,1.21,0.63,1.98,0.09
5344,3,1074,2026-06-09 17:00:00+00:00,2,91.09,0.08,2.11,68.11,0.93,3.17,3.5,0.93
5345,4,1074,2026-06-09 17:00:00+00:00,2,98.03,0.05,1.04,73.33,0.14,0.5,0.59,0.98
5346,5,1074,2026-06-09 17:00:00+00:00,2,117.63,0.36,2.28,95.17,1.48,4.18,8.37,0.45
5347,1,1075,2026-06-09 18:00:00+00:00,1,117.44,0.0,0.87,38.8,0.24,2.7,4.82,0.56
5348,2,1075,2026-06-09 18:00:00+00:00,2,101.56,0.11,1.66,81.57,1.24,0.59,1.89,0.09
5349,3,1075,2026-06-09 18:00:00+00:00,1,91.65,0.01,2.7,54.36,0.83,3.17,3.53,1.26
5350,4,1075,2026-06-09 18:00:00+00:00,2,98.17,0.03,1.12,71.82,0.12,0.5,0.5,1.04
5351,5,1075,2026-06-09 18:00:00+00:00,3,118.39,0.26,1.86,103.53,1.57,4.72,8.81,0.45
5352,1,1076,2026-06-09 19:00:00+00:00,1,127.75,0.0,0.98,37.38,0.25,3.25,5.7,0.55
5353,2,1076,2026-06-09 19:00:00+00:00,2,101.84,0.05,1.88,80.06,1.23,0.53,1.67,0.1
5354,3,1076,2026-06-09 19:00:00+00:00,1,90.9,0.0,3.02,44.88,0.7,3.13,3.51,1.54
5355,4,1076,2026-06-09 19:00:00+00:00,2,98.27,0.01,1.34,67.52,0.11,0.5,0.5,1.27
5356,5,1076,2026-06-09 19:00:00+00:00,3,121.36,0.24,1.69,111.98,1.73,5.31,9.42,0.44
5357,1,1077,2026-06-09 20:00:00+00:00,1,136.34,0.0,1.08,35.99,0.24,3.71,6.35,0.51
5358,2,1077,2026-06-09 20:00:00+00:00,2,102.15,0.01,1.98,78.82,1.19,0.5,1.34,0.11
5359,3,1077,2026-06-09 20:00:00+00:00,1,90.31,0.0,3.15,37.99,0.56,3.11,3.5,1.54
5360,4,1077,2026-06-09 20:00:00+00:00,2,98.41,0.0,1.72,60.54,0.11,0.5,0.5,1.67
5361,5,1077,2026-06-09 20:00:00+00:00,3,123.37,0.23,1.94,115.19,1.88,5.77,9.93,0.45
5362,1,1078,2026-06-09 21:00:00+00:00,1,133.56,0.0,1.05,35.04,0.18,3.58,6.02,0.39
5363,2,1078,2026-06-09 21:00:00+00:00,2,102.46,0.0,1.99,77.81,1.16,0.5,1.12,0.12
5364,3,1078,2026-06-09 21:00:00+00:00,1,88.57,0.0,3.04,32.02,0.43,3.1,3.49,1.28
5365,4,1078,2026-06-09 21:00:00+00:00,1,98.28,0.0,2.06,54.13,0.1,0.5,0.5,1.91
5366,5,1078,2026-06-09 21:00:00+00:00,3,125.71,0.23,2.62,115.43,2.03,5.96,10.14,0.49
5367,1,1079,2026-06-09 22:00:00+00:00,1,128.2,0.0,0.98,34.15,0.15,3.33,5.52,0.35
5368,2,1079,2026-06-09 22:00:00+00:00,2,102.48,0.0,2.03,76.79,1.15,0.5,0.98,0.12
5369,3,1079,2026-06-09 22:00:00+00:00,1,85.03,0.0,2.8,26.51,0.32,3.0,3.39,1.08
5370,4,1079,2026-06-09 22:00:00+00:00,1,96.79,0.0,2.22,48.31,0.08,0.5,0.5,1.82
5371,5,1079,2026-06-09 22:00:00+00:00,3,130.73,0.18,3.92,112.43,2.15,6.0,10.2,0.58
5372,1,1080,2026-06-09 23:00:00+00:00,1,126.66,0.0,0.94,33.18,0.14,3.26,5.3,0.37
5373,2,1080,2026-06-09 23:00:00+00:00,2,102.75,0.0,2.15,75.75,1.2,0.5,0.91,0.13
5374,3,1080,2026-06-09 23:00:00+00:00,1,82.17,0.0,2.6,22.26,0.27,2.9,3.28,1.03
5375,4,1080,2026-06-09 23:00:00+00:00,1,96.06,0.0,2.14,44.39,0.06,0.5,0.52,1.61
5376,5,1080,2026-06-09 23:00:00+00:00,3,135.28,0.1,5.4,105.55,2.24,5.92,10.12,0.71
5377,1,1081,2026-06-10 00:00:00+00:00,1,126.53,0.0,0.93,32.41,0.14,3.26,5.12,0.41
5378,2,1081,2026-06-10 00:00:00+00:00,2,102.92,0.0,2.27,74.79,1.27,0.5,0.89,0.13
5379,3,1081,2026-06-10 00:00:00+00:00,1,79.57,0.01,2.43,19.56,0.25,2.78,3.16,1.01
5380,4,1081,2026-06-10 00:00:00+00:00,1,95.51,0.0,1.98,41.44,0.06,0.5,0.54,1.35
5381,5,1081,2026-06-10 00:00:00+00:00,2,137.29,0.02,6.33,98.42,2.27,5.75,9.93,0.8
5382,1,1082,2026-06-10 01:00:00+00:00,1,129.4,0.0,0.97,30.94,0.14,3.38,5.15,0.49
5383,2,1082,2026-06-10 01:00:00+00:00,2,102.68,0.0,2.35,73.94,1.32,0.5,0.93,0.13
5384,3,1082,2026-06-10 01:00:00+00:00,1,76.35,0.01,2.25,17.77,0.25,2.66,3.02,1.04
5385,4,1082,2026-06-10 01:00:00+00:00,1,94.63,0.0,1.86,38.55,0.05,0.5,0.58,1.15
5386,5,1082,2026-06-10 01:00:00+00:00,2,136.83,0.0,6.34,90.71,2.19,5.58,9.75,0.86
5387,1,1083,2026-06-10 02:00:00+00:00,1,133.66,0.0,1.03,29.05,0.16,3.61,5.48,0.63
5388,2,1083,2026-06-10 02:00:00+00:00,2,102.94,0.0,2.33,73.83,1.33,0.5,1.03,0.12
5389,3,1083,2026-06-10 02:00:00+00:00,1,74.58,0.04,2.15,16.13,0.27,2.58,2.93,1.11
5390,4,1083,2026-06-10 02:00:00+00:00,1,94.55,0.0,1.79,36.3,0.05,0.5,0.64,1.07
5391,5,1083,2026-06-10 02:00:00+00:00,2,136.36,0.0,5.99,82.78,2.0,5.47,9.66,0.93
5392,1,1084,2026-06-10 03:00:00+00:00,1,141.07,0.0,1.14,27.7,0.21,3.99,6.14,0.86
5393,2,1084,2026-06-10 03:00:00+00:00,2,103.11,0.0,2.27,73.97,1.32,0.52,1.16,0.11
5394,3,1084,2026-06-10 03:00:00+00:00,1,76.09,0.48,2.01,14.8,0.35,2.55,2.91,1.23
5395,4,1084,2026-06-10 03:00:00+00:00,1,94.84,0.0,1.73,35.83,0.06,0.5,0.68,1.1
5396,5,1084,2026-06-10 03:00:00+00:00,2,135.8,0.0,5.68,74.58,1.76,5.35,9.57,0.99
5397,1,1085,2026-06-10 04:00:00+00:00,1,160.99,0.02,1.45,26.45,0.34,4.95,7.88,1.26
5398,2,1085,2026-06-10 04:00:00+00:00,2,103.06,0.0,2.21,74.4,1.31,0.53,1.27,0.09
5399,3,1085,2026-06-10 04:00:00+00:00,1,82.18,1.44,1.87,13.8,0.46,2.55,2.94,1.34
5400,4,1085,2026-06-10 04:00:00+00:00,1,94.89,0.0,1.6,38.79,0.08,0.5,0.73,1.22
5401,5,1085,2026-06-10 04:00:00+00:00,2,133.1,0.0,5.19,66.16,1.53,5.16,9.43,1.01
5402,1,1086,2026-06-10 05:00:00+00:00,1,183.3,0.27,1.33,26.38,0.4,6.1,9.82,1.5
5403,2,1086,2026-06-10 05:00:00+00:00,2,103.18,0.01,2.19,75.37,1.31,0.53,1.35,0.08
5404,3,1086,2026-06-10 05:00:00+00:00,1,87.01,2.08,1.87,14.92,0.54,2.56,2.97,1.32
5405,4,1086,2026-06-10 05:00:00+00:00,1,95.26,0.01,1.84,39.86,0.1,0.52,0.81,1.2
5406,5,1086,2026-06-10 05:00:00+00:00,2,129.87,0.0,4.59,60.2,1.39,5.03,9.53,1.01
5407,1,1087,2026-06-10 06:00:00+00:00,1,196.1,0.32,0.97,32.05,0.42,7.49,11.53,1.72
5408,2,1087,2026-06-10 06:00:00+00:00,2,103.2,0.11,2.08,76.74,1.31,0.52,1.39,0.08
5409,3,1087,2026-06-10 06:00:00+00:00,1,87.93,1.79,2.13,23.61,0.66,2.69,3.11,1.23
5410,4,1087,2026-06-10 06:00:00+00:00,1,96.18,0.04,2.27,41.95,0.12,0.55,0.93,1.16
5411,5,1087,2026-06-10 06:00:00+00:00,1,126.38,0.0,4.07,56.07,1.3,4.95,9.72,0.97
5412,1,1088,2026-06-10 07:00:00+00:00,1,92.67,0.06,0.2,48.31,0.25,1.73,2.99,0.55
5413,2,1088,2026-06-10 07:00:00+00:00,2,103.12,0.23,1.87,78.58,1.32,0.5,1.35,0.08
5414,3,1088,2026-06-10 07:00:00+00:00,2,87.56,0.17,0.84,99.89,1.47,2.33,2.59,0.33
5415,4,1088,2026-06-10 07:00:00+00:00,1,96.57,0.08,2.01,50.38,0.15,0.56,1.01,1.16
5416,5,1088,2026-06-10 07:00:00+00:00,1,123.32,0.0,3.69,52.78,1.23,4.89,9.74,0.9
5417,1,1089,2026-06-10 08:00:00+00:00,1,83.32,0.04,0.12,48.82,0.23,1.41,2.41,0.47
5418,2,1089,2026-06-10 08:00:00+00:00,2,102.75,0.28,1.78,80.34,1.32,0.5,1.23,0.08
5419,3,1089,2026-06-10 08:00:00+00:00,3,86.45,0.09,0.5,105.4,1.09,2.29,2.49,0.24
5420,4,1089,2026-06-10 08:00:00+00:00,1,96.15,0.18,1.81,53.16,0.15,0.6,1.06,1.19
5421,5,1089,2026-06-10 08:00:00+00:00,1,121.96,0.0,3.44,50.17,1.17,4.92,9.61,0.77
5422,1,1090,2026-06-10 09:00:00+00:00,1,80.72,0.03,0.09,48.06,0.23,1.52,2.47,0.47
5423,2,1090,2026-06-10 09:00:00+00:00,2,102.01,0.28,1.73,81.54,1.32,0.5,1.07,0.08
5424,3,1090,2026-06-10 09:00:00+00:00,3,85.35,0.08,0.45,107.92,1.0,2.28,2.46,0.22
5425,4,1090,2026-06-10 09:00:00+00:00,1,95.37,0.24,1.58,54.86,0.15,0.62,1.05,1.23
5426,5,1090,2026-06-10 09:00:00+00:00,1,122.29,0.0,3.32,47.78,1.13,5.01,9.49,0.68
5427,1,1091,2026-06-10 10:00:00+00:00,1,74.84,0.02,0.08,49.3,0.18,1.27,1.98,0.37
5428,2,1091,2026-06-10 10:00:00+00:00,2,101.45,0.27,1.7,81.78,1.3,0.5,0.95,0.09
5429,3,1091,2026-06-10 10:00:00+00:00,3,85.34,0.08,0.45,110.71,0.99,2.35,2.52,0.21
5430,4,1091,2026-06-10 10:00:00+00:00,2,96.3,0.13,0.82,68.86,0.1,0.5,0.63,0.87
5431,5,1091,2026-06-10 10:00:00+00:00,1,123.32,0.0,3.33,45.21,1.11,5.09,9.3,0.67
5432,1,1092,2026-06-10 11:00:00+00:00,1,70.72,0.02,0.08,49.72,0.15,1.09,1.68,0.32
5433,2,1092,2026-06-10 11:00:00+00:00,2,101.06,0.25,1.63,81.6,1.27,0.5,0.87,0.1
5434,3,1092,2026-06-10 11:00:00+00:00,3,85.04,0.08,0.47,111.88,1.02,2.45,2.62,0.21
5435,4,1092,2026-06-10 11:00:00+00:00,2,96.02,0.09,0.47,76.61,0.07,0.5,0.5,0.66
5436,5,1092,2026-06-10 11:00:00+00:00,1,125.57,0.01,3.73,42.23,1.11,5.09,8.87,0.75
5437,1,1093,2026-06-10 12:00:00+00:00,1,69.74,0.02,0.09,49.13,0.14,1.09,1.67,0.32
5438,2,1093,2026-06-10 12:00:00+00:00,2,101.05,0.24,1.54,81.83,1.25,0.5,0.87,0.1
5439,3,1093,2026-06-10 12:00:00+00:00,3,84.82,0.08,0.5,112.59,1.04,2.55,2.73,0.21
5440,4,1093,2026-06-10 12:00:00+00:00,2,95.82,0.08,0.35,80.03,0.06,0.5,0.5,0.6
5441,5,1093,2026-06-10 12:00:00+00:00,1,129.05,0.13,4.26,40.83,1.2,5.1,8.31,0.8
5442,1,1094,2026-06-10 13:00:00+00:00,1,79.5,0.05,0.23,45.56,0.19,1.52,2.5,0.58
5443,2,1094,2026-06-10 13:00:00+00:00,2,100.92,0.23,1.42,82.68,1.23,0.5,0.96,0.1
5444,3,1094,2026-06-10 13:00:00+00:00,3,85.21,0.08,0.56,113.86,1.07,2.68,2.86,0.22
5445,4,1094,2026-06-10 13:00:00+00:00,2,96.08,0.07,0.33,82.04,0.07,0.5,0.54,0.6
5446,5,1094,2026-06-10 13:00:00+00:00,1,130.0,0.4,3.84,47.12,1.56,5.44,7.92,0.73
5447,1,1095,2026-06-10 14:00:00+00:00,1,98.4,0.06,0.61,40.25,0.26,2.36,4.05,0.99
5448,2,1095,2026-06-10 14:00:00+00:00,2,100.42,0.23,1.29,83.52,1.19,0.5,1.09,0.08
5449,3,1095,2026-06-10 14:00:00+00:00,3,85.68,0.09,0.64,113.92,1.1,2.82,3.01,0.24
5450,4,1095,2026-06-10 14:00:00+00:00,2,95.5,0.06,0.37,82.32,0.09,0.5,0.57,0.64
5451,5,1095,2026-06-10 14:00:00+00:00,1,126.87,0.52,2.81,56.44,1.78,5.69,7.58,0.59
5452,1,1096,2026-06-10 15:00:00+00:00,1,119.01,0.0,1.12,35.8,0.31,3.31,5.73,1.33
5453,2,1096,2026-06-10 15:00:00+00:00,2,99.54,0.24,1.21,84.36,1.14,0.5,1.18,0.08
5454,3,1096,2026-06-10 15:00:00+00:00,3,86.16,0.08,0.73,113.53,1.12,2.96,3.16,0.27
5455,4,1096,2026-06-10 15:00:00+00:00,2,95.02,0.05,0.46,82.14,0.09,0.5,0.52,0.68
5456,5,1096,2026-06-10 15:00:00+00:00,2,123.41,0.4,1.89,66.73,1.78,5.77,7.17,0.45
5457,1,1097,2026-06-10 16:00:00+00:00,1,146.39,0.0,1.57,31.78,0.39,4.71,8.1,1.73
5458,2,1097,2026-06-10 16:00:00+00:00,2,99.04,0.21,1.26,84.89,1.1,0.5,1.18,0.08
5459,3,1097,2026-06-10 16:00:00+00:00,2,87.3,0.1,1.26,96.3,1.07,3.06,3.29,0.57
5460,4,1097,2026-06-10 16:00:00+00:00,2,95.22,0.04,0.59,82.39,0.09,0.5,0.5,0.75
5461,5,1097,2026-06-10 16:00:00+00:00,2,118.48,0.24,1.17,72.61,1.31,4.39,5.16,0.3
5462,1,1098,2026-06-10 17:00:00+00:00,1,183.02,0.0,2.06,28.66,0.5,6.67,11.24,2.14
5463,2,1098,2026-06-10 17:00:00+00:00,2,99.49,0.15,1.49,82.33,1.07,0.5,1.06,0.11
5464,3,1098,2026-06-10 17:00:00+00:00,2,88.78,0.09,2.04,73.28,0.95,3.15,3.43,1.0
5465,4,1098,2026-06-10 17:00:00+00:00,2,95.2,0.03,0.71,81.98,0.09,0.5,0.5,0.9
5466,5,1098,2026-06-10 17:00:00+00:00,2,114.0,0.17,1.0,72.99,0.92,3.03,3.47,0.26
5467,1,1099,2026-06-10 18:00:00+00:00,1,215.55,0.0,2.43,26.22,0.58,8.58,14.12,2.4
5468,2,1099,2026-06-10 18:00:00+00:00,2,100.39,0.06,1.74,77.22,1.05,0.5,0.89,0.15
5469,3,1099,2026-06-10 18:00:00+00:00,1,89.57,0.01,2.66,56.91,0.81,3.23,3.55,1.33
5470,4,1099,2026-06-10 18:00:00+00:00,2,95.36,0.01,0.78,81.58,0.1,0.5,0.5,1.06
5471,5,1099,2026-06-10 18:00:00+00:00,2,111.87,0.14,1.05,73.13,0.74,2.27,2.58,0.26
5472,1,1100,2026-06-10 19:00:00+00:00,2,240.67,0.0,2.7,24.38,0.69,10.19,16.46,2.8
5473,2,1100,2026-06-10 19:00:00+00:00,2,100.76,0.02,1.92,73.01,1.06,0.5,0.75,0.2
5474,3,1100,2026-06-10 19:00:00+00:00,1,89.52,0.0,3.05,45.47,0.69,3.27,3.63,1.61
5475,4,1100,2026-06-10 19:00:00+00:00,2,95.93,0.0,0.9,79.82,0.11,0.5,0.5,1.29
5476,5,1100,2026-06-10 19:00:00+00:00,2,114.22,0.15,1.33,74.13,0.72,1.94,2.16,0.31
5477,1,1101,2026-06-10 20:00:00+00:00,2,256.29,0.0,2.9,23.5,0.79,11.25,17.9,3.29
5478,2,1101,2026-06-10 20:00:00+00:00,2,100.68,0.01,2.12,70.55,1.13,0.5,0.65,0.26
5479,3,1101,2026-06-10 20:00:00+00:00,1,89.94,0.0,3.23,38.62,0.61,3.37,3.73,1.84
5480,4,1101,2026-06-10 20:00:00+00:00,2,97.19,0.0,1.08,76.61,0.11,0.5,0.51,1.62
5481,5,1101,2026-06-10 20:00:00+00:00,2,116.84,0.16,1.75,72.95,0.67,1.77,1.93,0.36
5482,1,1102,2026-06-10 21:00:00+00:00,2,255.53,0.0,2.92,23.38,0.79,11.33,17.7,3.48
5483,2,1102,2026-06-10 21:00:00+00:00,2,100.78,0.0,2.34,69.28,1.23,0.5,0.59,0.32
5484,3,1102,2026-06-10 21:00:00+00:00,1,88.78,0.0,3.16,33.94,0.55,3.48,3.84,2.05
5485,4,1102,2026-06-10 21:00:00+00:00,2,98.37,0.0,1.25,73.38,0.11,0.5,0.51,1.97
5486,5,1102,2026-06-10 21:00:00+00:00,2,120.09,0.15,2.39,69.98,0.59,1.56,1.68,0.4
5487,1,1103,2026-06-10 22:00:00+00:00,2,248.05,0.0,2.86,23.8,0.78,10.98,16.84,3.64
5488,2,1103,2026-06-10 22:00:00+00:00,2,101.1,0.0,2.5,68.67,1.3,0.5,0.56,0.35
5489,3,1103,2026-06-10 22:00:00+00:00,1,85.58,0.0,2.9,30.05,0.48,3.55,3.89,2.12
5490,4,1103,2026-06-10 22:00:00+00:00,2,97.99,0.0,1.37,68.77,0.1,0.5,0.5,2.26
5491,5,1103,2026-06-10 22:00:00+00:00,1,129.57,0.14,4.73,56.24,0.53,1.47,1.59,0.54
5492,1,1104,2026-06-10 23:00:00+00:00,2,242.94,0.0,2.81,24.52,0.79,10.7,16.21,3.86
5493,2,1104,2026-06-10 23:00:00+00:00,2,101.46,0.0,2.5,68.65,1.3,0.5,0.56,0.34
5494,3,1104,2026-06-10 23:00:00+00:00,1,83.07,0.0,2.67,25.81,0.4,3.65,3.98,1.93
5495,4,1104,2026-06-10 23:00:00+00:00,2,98.05,0.0,1.41,63.98,0.1,0.5,0.5,2.38
5496,5,1104,2026-06-10 23:00:00+00:00,1,141.95,0.11,7.02,41.18,0.51,1.53,1.73,0.61
5497,1,1105,2026-06-11 00:00:00+00:00,2,239.24,0.0,2.76,25.29,0.8,10.49,15.81,4.05
5498,2,1105,2026-06-11 00:00:00+00:00,2,101.44,0.0,2.41,68.62,1.28,0.5,0.59,0.32
5499,3,1105,2026-06-11 00:00:00+00:00,1,80.72,0.0,2.47,21.33,0.32,3.73,4.06,1.53
5500,4,1105,2026-06-11 00:00:00+00:00,1,97.93,0.0,1.36,59.7,0.09,0.5,0.54,2.04
5501,5,1105,2026-06-11 00:00:00+00:00,1,147.06,0.03,7.69,32.36,0.55,1.65,1.94,0.58
5502,1,1106,2026-06-11 01:00:00+00:00,2,235.36,0.0,2.71,26.23,0.82,10.25,15.41,4.24
5503,2,1106,2026-06-11 01:00:00+00:00,2,101.24,0.0,2.31,68.43,1.28,0.5,0.65,0.29
5504,3,1106,2026-06-11 01:00:00+00:00,1,77.74,0.01,2.31,16.75,0.25,3.76,4.09,1.11
5505,4,1106,2026-06-11 01:00:00+00:00,1,96.74,0.0,1.29,54.57,0.08,0.5,0.59,1.46
5506,5,1106,2026-06-11 01:00:00+00:00,1,145.44,0.0,7.3,27.69,0.53,1.81,2.18,0.54
5507,1,1107,2026-06-11 02:00:00+00:00,2,232.28,0.0,2.66,27.43,0.85,10.04,15.1,4.44
5508,2,1107,2026-06-11 02:00:00+00:00,2,101.13,0.0,2.31,68.09,1.32,0.5,0.77,0.28
5509,3,1107,2026-06-11 02:00:00+00:00,1,75.73,0.05,2.2,12.35,0.22,3.81,4.14,0.89
5510,4,1107,2026-06-11 02:00:00+00:00,1,96.06,0.0,1.27,49.39,0.08,0.5,0.68,1.08
5511,5,1107,2026-06-11 02:00:00+00:00,1,140.48,0.0,6.38,27.58,0.52,1.96,2.37,0.42
5512,1,1108,2026-06-11 03:00:00+00:00,1,231.45,0.0,2.65,28.3,0.89,9.99,15.0,4.64
5513,2,1108,2026-06-11 03:00:00+00:00,2,101.3,0.0,2.36,67.82,1.39,0.54,0.97,0.28
5514,3,1108,2026-06-11 03:00:00+00:00,1,76.75,0.59,1.87,9.29,0.26,3.87,4.22,0.81
5515,4,1108,2026-06-11 03:00:00+00:00,1,95.46,0.0,1.31,44.89,0.08,0.5,0.79,0.92
5516,5,1108,2026-06-11 03:00:00+00:00,1,131.55,0.0,5.1,33.42,0.59,1.98,2.34,0.42
5517,1,1109,2026-06-11 04:00:00+00:00,2,240.07,0.02,2.79,27.81,0.93,10.21,15.55,4.46
5518,2,1109,2026-06-11 04:00:00+00:00,2,101.16,0.0,2.75,66.81,1.65,0.64,1.4,0.28
5519,3,1109,2026-06-11 04:00:00+00:00,1,82.23,1.7,1.53,7.94,0.35,3.89,4.27,0.89
5520,4,1109,2026-06-11 04:00:00+00:00,1,94.35,0.0,1.43,40.87,0.08,0.5,0.91,0.87
5521,5,1109,2026-06-11 04:00:00+00:00,1,119.96,0.0,3.32,46.4,0.74,1.8,2.06,0.52
5522,1,1110,2026-06-11 05:00:00+00:00,2,249.99,0.38,2.29,28.93,1.0,10.55,16.47,4.41
5523,2,1110,2026-06-11 05:00:00+00:00,2,101.72,0.0,3.54,65.53,2.11,0.91,2.15,0.31
5524,3,1110,2026-06-11 05:00:00+00:00,1,86.66,2.39,1.53,9.23,0.43,3.9,4.29,1.09
5525,4,1110,2026-06-11 05:00:00+00:00,1,95.03,0.02,1.92,38.74,0.1,0.52,1.09,0.92
5526,5,1110,2026-06-11 05:00:00+00:00,1,116.51,0.0,2.82,44.06,0.68,1.74,2.01,0.47
5527,1,1111,2026-06-11 06:00:00+00:00,2,246.94,0.41,1.41,36.07,0.98,11.28,17.16,4.17
5528,2,1111,2026-06-11 06:00:00+00:00,2,102.27,0.03,4.12,65.21,2.38,1.14,2.72,0.3
5529,3,1111,2026-06-11 06:00:00+00:00,1,87.7,2.05,1.9,16.57,0.52,4.07,4.48,1.14
5530,4,1111,2026-06-11 06:00:00+00:00,1,96.55,0.23,2.34,40.62,0.15,0.56,1.34,1.08
5531,5,1111,2026-06-11 06:00:00+00:00,1,114.38,0.0,2.46,40.88,0.6,1.74,2.01,0.42
5532,1,1112,2026-06-11 07:00:00+00:00,1,100.59,0.07,0.23,49.38,0.42,2.74,4.69,0.81
5533,2,1112,2026-06-11 07:00:00+00:00,2,102.83,0.09,4.31,65.93,2.35,1.21,2.65,0.23
5534,3,1112,2026-06-11 07:00:00+00:00,3,89.52,0.19,1.0,102.98,1.87,3.99,4.26,0.36
5535,4,1112,2026-06-11 07:00:00+00:00,1,99.47,0.26,1.53,56.68,0.29,0.62,1.64,1.04
5536,5,1112,2026-06-11 07:00:00+00:00,1,112.71,0.0,2.17,37.59,0.5,1.77,2.06,0.38
5537,1,1113,2026-06-11 08:00:00+00:00,1,86.64,0.04,0.12,54.12,0.45,2.47,4.08,0.52
5538,2,1113,2026-06-11 08:00:00+00:00,2,103.39,0.18,4.1,67.92,2.13,1.16,2.22,0.13
5539,3,1113,2026-06-11 08:00:00+00:00,3,86.33,0.1,0.57,110.89,1.46,3.65,3.86,0.24
5540,4,1113,2026-06-11 08:00:00+00:00,2,99.06,0.25,1.24,60.71,0.31,0.66,1.71,0.97
5541,5,1113,2026-06-11 08:00:00+00:00,1,111.76,0.0,1.99,34.56,0.43,1.86,2.18,0.34
5542,1,1114,2026-06-11 09:00:00+00:00,1,82.3,0.03,0.1,55.69,0.48,2.58,4.05,0.43
5543,2,1114,2026-06-11 09:00:00+00:00,2,104.32,0.29,3.75,70.64,2.01,1.15,2.03,0.05
5544,3,1114,2026-06-11 09:00:00+00:00,3,84.89,0.09,0.49,112.1,1.29,3.5,3.71,0.21
5545,4,1114,2026-06-11 09:00:00+00:00,2,98.37,0.21,1.02,63.61,0.29,0.68,1.67,0.91
5546,5,1114,2026-06-11 09:00:00+00:00,1,111.25,0.0,1.93,32.02,0.4,2.0,2.35,0.32
5547,1,1115,2026-06-11 10:00:00+00:00,2,72.15,0.02,0.08,60.07,0.51,2.18,3.19,0.23
5548,2,1115,2026-06-11 10:00:00+00:00,2,104.86,0.29,3.6,73.26,1.97,1.33,2.26,0.01
5549,3,1115,2026-06-11 10:00:00+00:00,3,84.68,0.08,0.46,113.8,1.17,3.44,3.64,0.2
5550,4,1115,2026-06-11 10:00:00+00:00,2,98.9,0.1,0.78,69.54,0.26,0.61,1.4,0.73
5551,5,1115,2026-06-11 10:00:00+00:00,1,110.85,0.0,2.02,29.5,0.37,2.14,2.51,0.31
5552,1,1116,2026-06-11 11:00:00+00:00,2,68.52,0.02,0.08,62.12,0.53,2.19,3.11,0.15
5553,2,1116,2026-06-11 11:00:00+00:00,2,105.28,0.3,3.61,75.63,2.03,1.79,3.1,0.0
5554,3,1116,2026-06-11 11:00:00+00:00,3,84.06,0.08,0.45,114.25,1.06,3.31,3.5,0.19
5555,4,1116,2026-06-11 11:00:00+00:00,2,98.17,0.09,0.65,72.0,0.23,0.6,1.31,0.71
5556,5,1116,2026-06-11 11:00:00+00:00,1,113.48,0.08,2.57,27.09,0.36,2.28,2.7,0.36
5557,1,1117,2026-06-11 12:00:00+00:00,2,67.47,0.02,0.1,61.71,0.51,2.2,3.19,0.14
5558,2,1117,2026-06-11 12:00:00+00:00,2,104.96,0.3,3.59,77.19,2.09,2.24,3.96,0.0
5559,3,1117,2026-06-11 12:00:00+00:00,3,83.44,0.07,0.45,114.55,0.97,3.18,3.37,0.19
5560,4,1117,2026-06-11 12:00:00+00:00,2,97.63,0.09,0.59,73.52,0.23,0.67,1.45,0.81
5561,5,1117,2026-06-11 12:00:00+00:00,1,120.13,0.59,3.19,26.01,0.36,2.46,2.92,0.45
5562,1,1118,2026-06-11 13:00:00+00:00,1,72.52,0.04,0.19,59.29,0.51,2.43,3.67,0.29
5563,2,1118,2026-06-11 13:00:00+00:00,2,104.31,0.21,3.62,77.21,2.11,2.6,4.87,0.02
5564,3,1118,2026-06-11 13:00:00+00:00,3,83.75,0.08,0.51,115.24,0.92,3.1,3.28,0.19
5565,4,1118,2026-06-11 13:00:00+00:00,2,97.26,0.08,0.55,75.49,0.23,0.76,1.6,0.95
5566,5,1118,2026-06-11 13:00:00+00:00,1,126.21,0.89,3.68,26.63,0.37,2.61,3.11,0.55
5567,1,1119,2026-06-11 14:00:00+00:00,1,82.63,0.03,0.42,55.18,0.5,2.86,4.47,0.56
5568,2,1119,2026-06-11 14:00:00+00:00,2,103.54,0.2,3.6,76.8,2.15,2.85,5.46,0.06
5569,3,1119,2026-06-11 14:00:00+00:00,3,84.29,0.08,0.6,114.83,0.93,3.1,3.29,0.21
5570,4,1119,2026-06-11 14:00:00+00:00,2,96.43,0.07,0.53,76.89,0.22,0.82,1.67,1.09
5571,5,1119,2026-06-11 14:00:00+00:00,1,127.48,1.03,3.21,31.48,0.38,2.74,3.26,0.65
5572,1,1120,2026-06-11 15:00:00+00:00,1,93.42,0.0,0.71,51.48,0.48,3.28,5.28,0.8
5573,2,1120,2026-06-11 15:00:00+00:00,2,102.48,0.17,3.52,77.82,2.13,3.14,5.88,0.07
5574,3,1120,2026-06-11 15:00:00+00:00,3,84.75,0.07,0.7,114.14,0.96,3.14,3.33,0.24
5575,4,1120,2026-06-11 15:00:00+00:00,2,95.88,0.07,0.59,77.67,0.21,0.83,1.65,1.24
5576,5,1120,2026-06-11 15:00:00+00:00,1,125.88,0.65,2.41,44.96,0.39,3.11,3.6,0.66
5577,1,1121,2026-06-11 16:00:00+00:00,1,112.19,0.0,1.04,46.52,0.47,4.12,6.73,1.21
5578,2,1121,2026-06-11 16:00:00+00:00,2,101.46,0.21,3.39,80.69,2.27,3.67,7.38,0.04
5579,3,1121,2026-06-11 16:00:00+00:00,3,85.91,0.09,1.17,101.25,0.97,3.23,3.45,0.48
5580,4,1121,2026-06-11 16:00:00+00:00,2,96.19,0.08,0.67,78.41,0.18,0.87,1.66,1.42
5581,5,1121,2026-06-11 16:00:00+00:00,2,117.76,0.24,1.55,66.48,0.45,3.28,3.6,0.44
5582,1,1122,2026-06-11 17:00:00+00:00,1,142.46,0.0,1.47,41.76,0.49,5.6,9.1,1.68
5583,2,1122,2026-06-11 17:00:00+00:00,2,100.2,0.16,3.61,82.55,2.52,4.23,9.29,0.01
5584,3,1122,2026-06-11 17:00:00+00:00,2,87.54,0.07,1.79,83.24,0.92,3.38,3.64,0.83
5585,4,1122,2026-06-11 17:00:00+00:00,2,95.91,0.07,0.77,77.94,0.18,0.97,1.76,1.63
5586,5,1122,2026-06-11 17:00:00+00:00,2,113.43,0.17,1.43,72.28,0.46,3.1,3.34,0.37
5587,1,1123,2026-06-11 18:00:00+00:00,1,169.89,0.0,1.79,38.26,0.5,7.05,11.36,1.8
5588,2,1123,2026-06-11 18:00:00+00:00,2,98.93,0.12,3.94,80.75,2.71,4.68,10.88,0.0
5589,3,1123,2026-06-11 18:00:00+00:00,2,88.65,0.01,2.27,70.78,0.94,3.6,3.9,1.08
5590,4,1123,2026-06-11 18:00:00+00:00,2,95.99,0.06,0.85,77.16,0.22,1.13,1.94,1.78
5591,5,1123,2026-06-11 18:00:00+00:00,2,111.62,0.15,1.48,74.94,0.46,2.97,3.2,0.37
5592,1,1124,2026-06-11 19:00:00+00:00,1,194.24,0.0,2.06,35.5,0.55,8.45,13.56,1.93
5593,2,1124,2026-06-11 19:00:00+00:00,2,98.45,0.07,4.57,75.65,2.96,5.07,11.85,0.0
5594,3,1124,2026-06-11 19:00:00+00:00,2,88.79,0.0,2.56,61.84,1.05,3.91,4.24,1.22
5595,4,1124,2026-06-11 19:00:00+00:00,2,96.55,0.03,1.04,76.09,0.28,1.32,2.17,1.96
5596,5,1124,2026-06-11 19:00:00+00:00,2,111.17,0.16,1.6,74.62,0.43,2.67,2.91,0.41
5597,1,1125,2026-06-11 20:00:00+00:00,1,211.9,0.0,2.28,33.65,0.55,9.53,15.2,1.96
5598,2,1125,2026-06-11 20:00:00+00:00,2,98.1,0.02,5.36,69.48,3.25,5.38,12.56,0.0
5599,3,1125,2026-06-11 20:00:00+00:00,1,89.35,0.0,2.7,56.1,1.04,4.33,4.67,1.31
5600,4,1125,2026-06-11 20:00:00+00:00,2,97.51,0.0,1.3,74.4,0.36,1.53,2.43,2.23
5601,5,1125,2026-06-11 20:00:00+00:00,2,112.48,0.24,2.07,71.49,0.43,2.47,2.76,0.52
5602,1,1126,2026-06-11 21:00:00+00:00,1,212.87,0.0,2.28,32.4,0.48,9.66,15.29,1.8
5603,2,1126,2026-06-11 21:00:00+00:00,2,97.39,0.0,5.76,63.34,3.37,5.34,12.42,0.01
5604,3,1126,2026-06-11 21:00:00+00:00,1,89.11,0.0,2.59,52.43,0.94,4.69,5.05,1.34
5605,4,1126,2026-06-11 21:00:00+00:00,2,98.65,0.0,1.46,73.55,0.42,1.69,2.67,2.51
5606,5,1126,2026-06-11 21:00:00+00:00,2,116.34,0.35,2.84,70.33,0.43,2.37,2.74,0.66
5607,1,1127,2026-06-11 22:00:00+00:00,1,207.59,0.0,2.19,31.98,0.5,9.41,14.83,2.01
5608,2,1127,2026-06-11 22:00:00+00:00,1,96.3,0.0,6.07,58.24,3.37,4.9,11.51,0.03
5609,3,1127,2026-06-11 22:00:00+00:00,1,87.02,0.0,2.39,46.06,0.71,4.88,5.24,1.26
5610,4,1127,2026-06-11 22:00:00+00:00,2,98.93,0.0,1.47,72.51,0.45,1.72,2.82,2.66
5611,5,1127,2026-06-11 22:00:00+00:00,2,123.4,0.45,3.89,68.79,0.45,2.37,2.83,0.82
5612,1,1128,2026-06-11 23:00:00+00:00,1,204.49,0.0,2.14,32.95,0.59,9.23,14.54,2.46
5613,2,1128,2026-06-11 23:00:00+00:00,1,95.32,0.0,6.28,54.12,3.35,4.37,10.47,0.05
5614,3,1128,2026-06-11 23:00:00+00:00,1,85.28,0.0,2.3,36.82,0.46,5.0,5.38,1.03
5615,4,1128,2026-06-11 23:00:00+00:00,2,99.71,0.0,1.35,72.36,0.46,1.69,3.02,2.69
5616,5,1128,2026-06-11 23:00:00+00:00,2,128.99,0.4,4.81,63.88,0.46,2.4,2.91,0.93
5617,1,1129,2026-06-12 00:00:00+00:00,1,202.02,0.0,2.09,34.14,0.67,9.1,14.35,2.79
5618,2,1129,2026-06-12 00:00:00+00:00,1,94.61,0.0,6.37,50.8,3.34,4.15,10.1,0.07
5619,3,1129,2026-06-12 00:00:00+00:00,1,83.27,0.0,2.25,29.02,0.32,5.08,5.47,0.77
5620,4,1129,2026-06-12 00:00:00+00:00,2,100.13,0.0,1.19,72.22,0.48,1.68,3.33,2.62
5621,5,1129,2026-06-12 00:00:00+00:00,1,129.9,0.17,5.36,58.0,0.44,2.4,2.94,0.98
5622,1,1130,2026-06-12 01:00:00+00:00,1,199.51,0.0,2.04,35.14,0.7,8.92,14.09,2.77
5623,2,1130,2026-06-12 01:00:00+00:00,1,93.97,0.0,6.34,48.11,3.32,4.13,10.06,0.09
5624,3,1130,2026-06-12 01:00:00+00:00,1,80.93,0.0,2.24,22.53,0.25,5.09,5.5,0.64
5625,4,1130,2026-06-12 01:00:00+00:00,2,99.76,0.0,1.03,71.96,0.49,1.72,3.73,2.37
5626,5,1130,2026-06-12 01:00:00+00:00,1,126.57,0.0,5.38,50.48,0.41,2.38,2.88,0.9
5627,1,1131,2026-06-12 02:00:00+00:00,1,196.96,0.0,1.98,35.52,0.72,8.78,13.9,2.74
5628,2,1131,2026-06-12 02:00:00+00:00,1,93.21,0.0,6.17,46.07,3.21,4.13,10.0,0.1
5629,3,1131,2026-06-12 02:00:00+00:00,1,79.61,0.03,2.26,17.23,0.24,5.1,5.53,0.64
5630,4,1131,2026-06-12 02:00:00+00:00,2,99.72,0.0,0.94,71.35,0.48,1.82,4.18,2.03
5631,5,1131,2026-06-12 02:00:00+00:00,1,127.97,0.0,5.5,42.65,0.37,2.49,2.99,0.79
5632,1,1132,2026-06-12 03:00:00+00:00,1,197.98,0.0,1.99,35.25,0.75,8.85,14.08,2.72
5633,2,1132,2026-06-12 03:00:00+00:00,1,92.64,0.0,5.84,44.71,3.01,3.96,9.43,0.1
5634,3,1132,2026-06-12 03:00:00+00:00,1,81.03,0.45,2.17,13.13,0.28,5.12,5.58,0.69
5635,4,1132,2026-06-12 03:00:00+00:00,2,99.67,0.0,0.91,69.55,0.45,1.93,4.56,1.64
5636,5,1132,2026-06-12 03:00:00+00:00,1,130.25,0.0,5.8,35.16,0.32,2.64,3.14,0.64
5637,1,1133,2026-06-12 04:00:00+00:00,1,211.92,0.01,2.21,33.83,0.8,9.5,15.53,2.71
5638,2,1133,2026-06-12 04:00:00+00:00,1,91.9,0.0,5.5,44.11,2.82,3.6,8.47,0.1
5639,3,1133,2026-06-12 04:00:00+00:00,1,86.85,1.44,1.96,10.99,0.37,5.16,5.66,0.82
5640,4,1133,2026-06-12 04:00:00+00:00,2,98.93,0.0,0.93,67.1,0.41,2.01,4.78,1.33
5641,5,1133,2026-06-12 04:00:00+00:00,1,129.31,0.0,5.75,28.44,0.27,2.74,3.25,0.55
5642,1,1134,2026-06-12 05:00:00+00:00,2,230.72,0.27,2.05,33.11,0.86,10.47,17.28,2.8
5643,2,1134,2026-06-12 05:00:00+00:00,1,91.73,0.01,5.87,43.53,2.98,3.53,8.33,0.1
5644,3,1134,2026-06-12 05:00:00+00:00,1,91.37,2.18,1.98,11.6,0.46,5.19,5.72,1.01
5645,4,1134,2026-06-12 05:00:00+00:00,2,98.33,0.0,1.16,64.32,0.38,2.06,4.87,1.22
5646,5,1134,2026-06-12 05:00:00+00:00,1,126.27,0.0,5.11,23.4,0.23,2.83,3.35,0.49
5647,1,1135,2026-06-12 06:00:00+00:00,2,243.3,0.38,1.44,38.2,0.83,12.1,19.23,2.65
5648,2,1135,2026-06-12 06:00:00+00:00,1,91.74,0.15,6.08,43.37,3.14,3.61,8.42,0.1
5649,3,1135,2026-06-12 06:00:00+00:00,1,93.12,2.1,2.27,16.61,0.53,5.34,5.9,1.08
5650,4,1135,2026-06-12 06:00:00+00:00,2,97.74,0.03,1.49,61.95,0.36,2.07,4.86,1.18
5651,5,1135,2026-06-12 06:00:00+00:00,1,120.85,0.0,4.05,19.71,0.19,2.88,3.41,0.43
5652,1,1136,2026-06-12 07:00:00+00:00,2,121.78,0.09,0.37,61.32,0.71,5.67,8.9,0.88
5653,2,1136,2026-06-12 07:00:00+00:00,1,91.48,0.59,5.78,43.94,3.28,3.69,8.49,0.1
5654,3,1136,2026-06-12 07:00:00+00:00,3,90.37,0.15,1.04,114.52,1.71,5.03,5.41,0.2
5655,4,1136,2026-06-12 07:00:00+00:00,2,97.01,0.06,1.55,60.3,0.34,1.98,4.54,1.13
5656,5,1136,2026-06-12 07:00:00+00:00,1,113.73,0.0,3.02,17.39,0.16,2.9,3.44,0.38
5657,1,1137,2026-06-12 08:00:00+00:00,2,107.87,0.05,0.21,65.28,0.66,5.26,7.97,0.74
5658,2,1137,2026-06-12 08:00:00+00:00,1,91.51,1.02,5.57,44.71,3.44,3.77,8.79,0.09
5659,3,1137,2026-06-12 08:00:00+00:00,3,87.83,0.09,0.66,125.05,1.58,4.91,5.21,0.04
5660,4,1137,2026-06-12 08:00:00+00:00,1,95.68,0.11,1.45,57.8,0.31,1.84,4.13,1.15
5661,5,1137,2026-06-12 08:00:00+00:00,1,108.21,0.0,2.41,16.66,0.15,2.92,3.48,0.34
5662,1,1138,2026-06-12 09:00:00+00:00,2,101.7,0.04,0.17,65.81,0.62,5.05,7.54,0.64
5663,2,1138,2026-06-12 09:00:00+00:00,1,91.45,1.35,5.33,45.8,3.59,3.85,9.32,0.07
5664,3,1138,2026-06-12 09:00:00+00:00,3,86.5,0.09,0.64,127.27,1.76,5.04,5.33,0.0
5665,4,1138,2026-06-12 09:00:00+00:00,1,94.36,0.15,1.26,56.49,0.29,1.7,3.77,1.2
5666,5,1138,2026-06-12 09:00:00+00:00,1,104.9,0.01,2.18,16.51,0.16,2.89,3.48,0.32
5667,1,1139,2026-06-12 10:00:00+00:00,2,84.38,0.03,0.13,71.36,0.58,3.79,5.22,0.29
5668,2,1139,2026-06-12 10:00:00+00:00,1,91.47,1.56,4.89,47.72,3.7,3.96,10.0,0.05
5669,3,1139,2026-06-12 10:00:00+00:00,3,87.07,0.09,0.71,129.89,2.1,5.36,5.66,0.0
5670,4,1139,2026-06-12 10:00:00+00:00,1,93.5,0.17,0.99,57.55,0.27,1.56,3.41,1.22
5671,5,1139,2026-06-12 10:00:00+00:00,1,103.61,0.01,2.24,17.66,0.19,2.79,3.38,0.32
5672,1,1140,2026-06-12 11:00:00+00:00,2,80.52,0.04,0.14,72.49,0.55,3.64,4.8,0.25
5673,2,1140,2026-06-12 11:00:00+00:00,1,91.19,1.59,4.19,51.06,3.68,4.07,10.62,0.02
5674,3,1140,2026-06-12 11:00:00+00:00,3,87.39,0.08,0.81,129.55,2.33,5.59,5.88,0.0
5675,4,1140,2026-06-12 11:00:00+00:00,1,92.1,0.15,0.78,59.05,0.24,1.45,3.07,1.24
5676,5,1140,2026-06-12 11:00:00+00:00,1,107.15,0.18,2.85,18.57,0.22,2.63,3.23,0.38
5677,1,1141,2026-06-12 12:00:00+00:00,2,80.3,0.04,0.17,72.36,0.53,3.74,4.86,0.26
5678,2,1141,2026-06-12 12:00:00+00:00,1,91.29,1.42,3.49,55.52,3.56,4.16,10.95,0.01
5679,3,1141,2026-06-12 12:00:00+00:00,3,87.63,0.06,0.94,127.74,2.41,5.45,5.71,0.0
5680,4,1141,2026-06-12 12:00:00+00:00,2,90.52,0.12,0.62,60.49,0.2,1.35,2.67,1.25
5681,5,1141,2026-06-12 12:00:00+00:00,1,116.19,1.04,3.28,21.76,0.28,2.43,3.03,0.47
5682,1,1142,2026-06-12 13:00:00+00:00,2,88.49,0.05,0.32,69.3,0.54,4.27,5.67,0.48
5683,2,1142,2026-06-12 13:00:00+00:00,2,91.65,1.17,2.97,60.25,3.43,4.26,11.37,0.01
5684,3,1142,2026-06-12 13:00:00+00:00,3,88.49,0.05,1.1,125.81,2.45,5.05,5.26,0.0
5685,4,1142,2026-06-12 13:00:00+00:00,2,89.27,0.12,0.44,61.92,0.17,1.24,2.3,1.17
5686,5,1142,2026-06-12 13:00:00+00:00,1,123.17,1.54,3.29,29.95,0.35,2.26,2.86,0.59
5687,1,1143,2026-06-12 14:00:00+00:00,2,105.21,0.04,0.7,64.06,0.59,5.23,7.19,0.85
5688,2,1143,2026-06-12 14:00:00+00:00,2,92.1,0.99,2.83,64.14,3.39,4.39,11.73,0.0
5689,3,1143,2026-06-12 14:00:00+00:00,3,89.64,0.06,1.19,125.82,2.28,4.67,4.85,0.01
5690,4,1143,2026-06-12 14:00:00+00:00,2,87.09,0.11,0.39,61.67,0.15,1.21,2.11,1.12
5691,5,1143,2026-06-12 14:00:00+00:00,1,124.51,1.21,3.02,41.3,0.36,2.37,2.97,0.73
5692,1,1144,2026-06-12 15:00:00+00:00,1,123.82,0.0,1.17,59.92,0.63,6.28,8.81,1.17
5693,2,1144,2026-06-12 15:00:00+00:00,2,92.64,0.88,2.95,66.44,3.41,4.5,11.88,0.0
5694,3,1144,2026-06-12 15:00:00+00:00,3,90.35,0.06,1.25,126.71,2.04,4.28,4.44,0.03
5695,4,1144,2026-06-12 15:00:00+00:00,2,85.9,0.11,0.43,62.19,0.14,1.22,2.02,1.18
5696,5,1144,2026-06-12 15:00:00+00:00,1,124.18,0.6,2.26,59.81,0.34,3.08,3.65,0.8
5697,1,1145,2026-06-12 16:00:00+00:00,1,151.87,0.0,1.66,54.9,0.72,7.81,11.21,1.75
5698,2,1145,2026-06-12 16:00:00+00:00,2,92.81,0.89,3.18,67.54,3.46,4.54,11.81,0.0
5699,3,1145,2026-06-12 16:00:00+00:00,3,91.4,0.07,1.64,112.59,1.74,4.08,4.24,0.27
5700,4,1145,2026-06-12 16:00:00+00:00,2,86.28,0.13,0.5,63.64,0.13,1.26,1.98,1.3
5701,5,1145,2026-06-12 16:00:00+00:00,2,107.95,0.17,0.84,77.44,0.34,2.36,2.73,0.46
5702,1,1146,2026-06-12 17:00:00+00:00,2,192.1,0.0,2.24,51.08,0.93,10.04,14.71,2.73
5703,2,1146,2026-06-12 17:00:00+00:00,2,93.06,0.89,3.65,66.88,3.52,4.63,11.84,0.01
5704,3,1146,2026-06-12 17:00:00+00:00,2,92.69,0.05,2.17,91.64,1.45,4.12,4.3,0.61
5705,4,1146,2026-06-12 17:00:00+00:00,2,86.26,0.12,0.57,64.81,0.14,1.32,1.99,1.47
5706,5,1146,2026-06-12 17:00:00+00:00,2,103.84,0.13,0.65,76.74,0.28,2.04,2.35,0.39
5707,1,1147,2026-06-12 18:00:00+00:00,2,229.84,0.0,2.71,49.3,1.18,12.3,18.12,3.78
5708,2,1147,2026-06-12 18:00:00+00:00,2,93.21,0.81,4.36,64.39,3.57,4.61,11.58,0.02
5709,3,1147,2026-06-12 18:00:00+00:00,2,93.04,0.01,2.53,75.64,1.18,4.28,4.48,0.83
5710,4,1147,2026-06-12 18:00:00+00:00,2,86.51,0.1,0.67,65.45,0.14,1.37,2.01,1.65
5711,5,1147,2026-06-12 18:00:00+00:00,2,102.99,0.13,0.66,76.05,0.26,2.01,2.32,0.39
5712,1,1148,2026-06-12 19:00:00+00:00,2,261.2,0.0,3.06,48.14,1.44,14.28,21.02,4.85
5713,2,1148,2026-06-12 19:00:00+00:00,1,93.2,0.5,5.48,59.81,3.6,4.31,10.58,0.04
5714,3,1148,2026-06-12 19:00:00+00:00,2,91.63,0.0,2.68,60.86,0.89,4.38,4.6,0.89
5715,4,1148,2026-06-12 19:00:00+00:00,2,86.85,0.07,1.07,60.82,0.14,1.45,2.12,1.98
5716,5,1148,2026-06-12 19:00:00+00:00,2,103.62,0.12,0.72,76.11,0.25,2.02,2.32,0.4
5717,1,1149,2026-06-12 20:00:00+00:00,2,282.72,0.0,3.23,47.13,1.57,15.77,23.0,5.48
5718,2,1149,2026-06-12 20:00:00+00:00,1,93.11,0.11,6.66,54.21,3.59,3.96,9.43,0.07
5719,3,1149,2026-06-12 20:00:00+00:00,1,90.65,0.0,2.77,47.49,0.64,4.48,4.71,0.81
5720,4,1149,2026-06-12 20:00:00+00:00,1,87.27,0.01,1.73,52.76,0.14,1.58,2.3,2.39
5721,5,1149,2026-06-12 20:00:00+00:00,2,103.95,0.12,0.89,75.31,0.25,1.97,2.25,0.4
5722,1,1150,2026-06-12 21:00:00+00:00,2,286.26,0.0,3.12,45.04,1.45,16.24,23.26,5.3
5723,2,1150,2026-06-12 21:00:00+00:00,1,93.11,0.0,7.11,49.84,3.57,3.7,8.49,0.1
5724,3,1150,2026-06-12 21:00:00+00:00,1,88.35,0.0,2.6,37.49,0.47,4.55,4.78,0.66
5725,4,1150,2026-06-12 21:00:00+00:00,1,87.79,0.0,2.22,46.68,0.13,1.72,2.5,2.56
5726,5,1150,2026-06-12 21:00:00+00:00,2,105.21,0.1,1.21,74.02,0.25,1.86,2.11,0.41
5727,1,1151,2026-06-12 22:00:00+00:00,2,279.07,0.0,2.84,41.77,1.06,15.87,22.2,4.2
5728,2,1151,2026-06-12 22:00:00+00:00,1,93.14,0.0,7.23,47.19,3.54,3.55,7.9,0.12
5729,3,1151,2026-06-12 22:00:00+00:00,1,85.01,0.0,2.33,30.69,0.37,4.53,4.74,0.55
5730,4,1151,2026-06-12 22:00:00+00:00,1,86.63,0.0,2.43,42.23,0.11,1.82,2.65,2.2
5731,5,1151,2026-06-12 22:00:00+00:00,2,115.33,0.19,2.81,64.26,0.31,1.89,2.14,0.61
5732,1,1152,2026-06-12 23:00:00+00:00,2,273.47,0.0,2.6,40.4,0.9,15.59,21.62,3.73
5733,2,1152,2026-06-12 23:00:00+00:00,1,93.18,0.0,7.16,45.54,3.45,3.44,7.44,0.14
5734,3,1152,2026-06-12 23:00:00+00:00,1,83.02,0.0,2.13,25.79,0.31,4.48,4.69,0.48
5735,4,1152,2026-06-12 23:00:00+00:00,1,86.33,0.0,2.22,40.41,0.1,1.92,2.82,1.73
5736,5,1152,2026-06-12 23:00:00+00:00,1,128.07,0.22,4.57,53.01,0.37,2.04,2.32,0.82
5737,1,1153,2026-06-13 00:00:00+00:00,2,266.89,0.0,2.38,40.28,0.85,15.31,21.12,3.57
5738,2,1153,2026-06-13 00:00:00+00:00,1,93.03,0.0,6.73,44.81,3.25,3.16,6.71,0.16
5739,3,1153,2026-06-13 00:00:00+00:00,1,81.9,0.0,2.03,22.51,0.29,4.38,4.63,0.47
5740,4,1153,2026-06-13 00:00:00+00:00,1,86.3,0.0,1.94,39.32,0.1,2.05,3.08,1.37
5741,5,1153,2026-06-13 00:00:00+00:00,1,135.69,0.09,5.4,45.41,0.39,2.15,2.46,0.75
5742,1,1154,2026-06-13 01:00:00+00:00,2,256.81,0.0,2.16,40.07,0.77,14.78,20.26,3.15
5743,2,1154,2026-06-13 01:00:00+00:00,1,93.0,0.0,5.42,45.95,2.69,2.68,5.52,0.2
5744,3,1154,2026-06-13 01:00:00+00:00,1,81.35,0.0,1.99,21.99,0.32,4.22,4.51,0.43
5745,4,1154,2026-06-13 01:00:00+00:00,1,85.52,0.0,1.7,37.98,0.11,2.18,3.39,1.1
5746,5,1154,2026-06-13 01:00:00+00:00,1,136.85,0.01,5.93,32.75,0.3,2.18,2.51,0.58
5747,1,1155,2026-06-13 02:00:00+00:00,2,247.32,0.0,1.97,40.06,0.68,14.21,19.28,2.75
5748,2,1155,2026-06-13 02:00:00+00:00,1,92.98,0.0,4.84,46.66,2.5,2.57,5.15,0.23
5749,3,1155,2026-06-13 02:00:00+00:00,1,81.97,0.02,2.02,23.19,0.37,4.07,4.42,0.44
5750,4,1155,2026-06-13 02:00:00+00:00,1,85.45,0.0,1.54,35.49,0.11,2.29,3.66,0.91
5751,5,1155,2026-06-13 02:00:00+00:00,1,141.97,0.02,6.52,21.02,0.24,2.27,2.67,0.64
5752,1,1156,2026-06-13 03:00:00+00:00,2,238.87,0.0,1.83,40.61,0.6,13.73,18.61,2.37
5753,2,1156,2026-06-13 03:00:00+00:00,1,93.43,0.0,4.79,47.1,2.55,2.8,5.51,0.25
5754,3,1156,2026-06-13 03:00:00+00:00,1,84.44,0.14,2.21,27.33,0.53,3.98,4.39,0.54
5755,4,1156,2026-06-13 03:00:00+00:00,1,85.29,0.0,1.42,32.56,0.1,2.33,3.81,0.83
5756,5,1156,2026-06-13 03:00:00+00:00,1,145.53,0.06,6.82,13.45,0.21,2.35,2.8,0.81
5757,1,1157,2026-06-13 04:00:00+00:00,2,226.99,0.0,1.71,45.01,0.56,12.69,17.71,1.99
5758,2,1157,2026-06-13 04:00:00+00:00,1,93.67,0.0,4.84,47.37,2.63,3.22,6.25,0.27
5759,3,1157,2026-06-13 04:00:00+00:00,1,91.57,0.2,2.92,53.29,1.54,3.92,4.46,0.55
5760,4,1157,2026-06-13 04:00:00+00:00,1,84.48,0.0,1.37,29.77,0.1,2.28,3.79,0.78
5761,5,1157,2026-06-13 04:00:00+00:00,1,144.32,0.1,6.55,8.85,0.18,2.37,2.89,0.91
5762,1,1158,2026-06-13 05:00:00+00:00,2,227.33,0.14,1.55,44.8,0.5,12.27,17.56,1.79
5763,2,1158,2026-06-13 05:00:00+00:00,1,93.99,0.02,5.0,47.51,2.77,3.69,7.12,0.3
5764,3,1158,2026-06-13 05:00:00+00:00,1,93.51,0.36,3.02,55.28,1.61,3.78,4.31,0.62
5765,4,1158,2026-06-13 05:00:00+00:00,1,84.66,0.01,1.56,27.91,0.11,2.18,3.71,0.77
5766,5,1158,2026-06-13 05:00:00+00:00,1,138.3,0.07,5.31,6.69,0.15,2.37,2.93,0.73
5767,1,1159,2026-06-13 06:00:00+00:00,2,229.41,0.22,1.04,47.92,0.5,12.76,18.21,1.8
5768,2,1159,2026-06-13 06:00:00+00:00,1,94.22,0.32,4.81,48.33,2.9,4.11,7.94,0.33
5769,3,1159,2026-06-13 06:00:00+00:00,1,93.87,0.45,2.62,56.91,1.59,3.71,4.19,0.62
5770,4,1159,2026-06-13 06:00:00+00:00,1,85.67,0.09,1.88,27.59,0.12,2.03,3.58,0.82
5771,5,1159,2026-06-13 06:00:00+00:00,1,130.41,0.05,4.0,6.16,0.13,2.33,2.91,0.56
5772,1,1160,2026-06-13 07:00:00+00:00,2,134.14,0.06,0.27,62.62,0.48,6.81,9.51,1.07
5773,2,1160,2026-06-13 07:00:00+00:00,1,94.44,0.83,4.48,49.51,3.15,4.45,8.67,0.36
5774,3,1160,2026-06-13 07:00:00+00:00,2,93.88,0.1,1.23,94.53,1.37,2.81,2.98,0.13
5775,4,1160,2026-06-13 07:00:00+00:00,1,86.3,0.21,1.72,29.47,0.14,1.8,3.28,0.9
5776,5,1160,2026-06-13 07:00:00+00:00,1,122.55,0.03,3.09,7.29,0.12,2.22,2.81,0.46
5777,1,1161,2026-06-13 08:00:00+00:00,2,119.47,0.04,0.16,63.74,0.43,6.07,8.29,0.9
5778,2,1161,2026-06-13 08:00:00+00:00,1,94.85,1.24,4.58,50.69,3.56,4.81,9.51,0.38
5779,3,1161,2026-06-13 08:00:00+00:00,3,92.85,0.05,0.75,100.94,0.89,2.13,2.22,0.06
5780,4,1161,2026-06-13 08:00:00+00:00,1,85.74,0.41,1.43,29.27,0.13,1.67,3.03,0.96
5781,5,1161,2026-06-13 08:00:00+00:00,1,116.41,0.02,2.52,8.33,0.12,2.1,2.68,0.38
5782,1,1162,2026-06-13 09:00:00+00:00,2,113.06,0.03,0.13,63.16,0.4,5.74,7.76,0.77
5783,2,1162,2026-06-13 09:00:00+00:00,1,95.36,1.48,4.65,53.3,3.91,5.2,10.55,0.42
5784,3,1162,2026-06-13 09:00:00+00:00,2,92.68,0.04,0.64,99.73,0.72,1.73,1.8,0.07
5785,4,1162,2026-06-13 09:00:00+00:00,1,85.01,0.46,1.11,31.04,0.12,1.58,2.81,1.07
5786,5,1162,2026-06-13 09:00:00+00:00,1,113.01,0.02,2.25,10.04,0.16,2.07,2.62,0.32
5787,1,1163,2026-06-13 10:00:00+00:00,2,102.03,0.03,0.11,65.17,0.36,4.86,6.54,0.6
5788,2,1163,2026-06-13 10:00:00+00:00,1,95.63,1.63,4.51,57.86,4.18,5.6,11.75,0.43
5789,3,1163,2026-06-13 10:00:00+00:00,2,93.89,0.04,0.76,96.96,0.92,1.64,1.71,0.12
5790,4,1163,2026-06-13 10:00:00+00:00,1,85.07,0.31,0.63,39.66,0.1,1.28,2.14,1.01
5791,5,1163,2026-06-13 10:00:00+00:00,1,115.13,0.0,2.28,18.53,0.38,2.38,2.86,0.32
5792,1,1164,2026-06-13 11:00:00+00:00,2,97.92,0.02,0.11,65.07,0.34,4.66,6.21,0.55
5793,2,1164,2026-06-13 11:00:00+00:00,2,95.77,1.74,4.35,63.87,4.43,6.1,13.17,0.41
5794,3,1164,2026-06-13 11:00:00+00:00,2,95.8,0.05,0.99,90.58,1.14,1.74,1.83,0.2
5795,4,1164,2026-06-13 11:00:00+00:00,1,83.76,0.19,0.46,44.86,0.08,1.22,1.87,1.0
5796,5,1164,2026-06-13 11:00:00+00:00,1,120.55,0.14,2.64,22.18,0.64,3.09,3.6,0.3
5797,1,1165,2026-06-13 12:00:00+00:00,2,97.14,0.02,0.12,64.3,0.33,4.71,6.23,0.55
5798,2,1165,2026-06-13 12:00:00+00:00,2,95.73,1.71,4.22,70.07,4.61,6.7,14.69,0.35
5799,3,1165,2026-06-13 12:00:00+00:00,2,98.15,0.05,1.15,85.18,1.19,1.89,1.97,0.2
5800,4,1165,2026-06-13 12:00:00+00:00,1,82.73,0.15,0.38,47.86,0.07,1.21,1.74,0.99
5801,5,1165,2026-06-13 12:00:00+00:00,1,128.98,0.71,2.86,27.22,0.95,4.05,4.63,0.33
5802,1,1166,2026-06-13 13:00:00+00:00,1,107.22,0.05,0.29,58.98,0.35,5.33,7.14,0.77
5803,2,1166,2026-06-13 13:00:00+00:00,2,95.85,1.65,4.24,75.53,4.78,7.32,16.15,0.29
5804,3,1166,2026-06-13 13:00:00+00:00,2,99.19,0.04,1.26,81.72,1.09,2.04,2.11,0.16
5805,4,1166,2026-06-13 13:00:00+00:00,1,83.8,0.12,0.33,51.09,0.05,1.07,1.5,0.94
5806,5,1166,2026-06-13 13:00:00+00:00,1,135.82,0.97,2.82,38.18,1.36,5.31,5.94,0.36
5807,1,1167,2026-06-13 14:00:00+00:00,1,126.39,0.05,0.7,51.25,0.39,6.44,8.81,1.11
5808,2,1167,2026-06-13 14:00:00+00:00,2,95.67,1.65,4.58,79.69,5.05,7.94,17.56,0.22
5809,3,1167,2026-06-13 14:00:00+00:00,2,100.37,0.04,1.37,81.54,1.03,2.27,2.34,0.16
5810,4,1167,2026-06-13 14:00:00+00:00,1,83.7,0.11,0.31,52.85,0.05,0.95,1.31,0.97
5811,5,1167,2026-06-13 14:00:00+00:00,1,138.13,0.71,2.39,53.84,1.68,6.81,7.5,0.4
5812,1,1168,2026-06-13 15:00:00+00:00,1,147.06,0.0,1.2,45.22,0.42,7.58,10.51,1.42
5813,2,1168,2026-06-13 15:00:00+00:00,2,95.68,1.66,5.05,82.57,5.28,8.47,18.8,0.17
5814,3,1168,2026-06-13 15:00:00+00:00,2,99.89,0.03,1.46,80.0,0.98,2.51,2.58,0.17
5815,4,1168,2026-06-13 15:00:00+00:00,1,83.34,0.1,0.33,54.29,0.04,0.88,1.2,1.04
5816,5,1168,2026-06-13 15:00:00+00:00,2,138.67,0.4,1.71,72.32,1.91,8.7,9.43,0.41
5817,1,1169,2026-06-13 16:00:00+00:00,1,169.34,0.0,1.59,40.74,0.52,8.83,12.43,1.94
5818,2,1169,2026-06-13 16:00:00+00:00,2,95.78,1.61,5.73,84.17,5.43,8.82,19.68,0.16
5819,3,1169,2026-06-13 16:00:00+00:00,2,98.98,0.01,1.53,76.37,0.89,2.67,2.74,0.19
5820,4,1169,2026-06-13 16:00:00+00:00,1,83.59,0.1,0.37,56.78,0.04,0.8,1.09,1.08
5821,5,1169,2026-06-13 16:00:00+00:00,3,131.07,0.19,1.06,101.49,2.36,9.83,10.43,0.32
5822,1,1170,2026-06-13 17:00:00+00:00,2,193.34,0.0,1.91,38.09,0.66,10.27,14.58,2.44
5823,2,1170,2026-06-13 17:00:00+00:00,2,95.61,1.49,6.6,84.02,5.49,8.94,20.04,0.16
5824,3,1170,2026-06-13 17:00:00+00:00,2,98.0,0.0,1.51,68.96,0.73,2.72,2.78,0.2
5825,4,1170,2026-06-13 17:00:00+00:00,1,83.41,0.08,0.42,58.34,0.05,0.78,1.06,1.18
5826,5,1170,2026-06-13 17:00:00+00:00,3,124.63,0.15,0.87,109.14,2.07,9.58,10.1,0.34
5827,1,1171,2026-06-13 18:00:00+00:00,2,210.82,0.0,2.11,36.01,0.74,11.42,16.14,2.71
5828,2,1171,2026-06-13 18:00:00+00:00,2,95.63,1.22,7.85,82.92,5.51,8.87,19.88,0.19
5829,3,1171,2026-06-13 18:00:00+00:00,1,96.83,0.0,1.4,59.87,0.56,2.59,2.65,0.21
5830,4,1171,2026-06-13 18:00:00+00:00,1,83.76,0.05,0.5,58.02,0.05,0.79,1.07,1.35
5831,5,1171,2026-06-13 18:00:00+00:00,3,121.96,0.14,0.87,111.08,1.84,9.6,10.08,0.35
5832,1,1172,2026-06-13 19:00:00+00:00,2,217.44,0.0,2.15,34.16,0.78,11.85,16.58,2.88
5833,2,1172,2026-06-13 19:00:00+00:00,2,96.02,0.68,9.68,80.95,5.59,8.55,19.11,0.24
5834,3,1172,2026-06-13 19:00:00+00:00,1,94.68,0.0,1.24,50.79,0.41,2.26,2.31,0.2
5835,4,1172,2026-06-13 19:00:00+00:00,1,84.18,0.03,0.88,53.48,0.07,0.86,1.21,1.85
5836,5,1172,2026-06-13 19:00:00+00:00,3,122.23,0.17,1.07,107.51,1.61,9.76,10.25,0.47
5837,1,1173,2026-06-13 20:00:00+00:00,2,222.49,0.0,2.18,32.2,0.78,12.11,16.89,2.96
5838,2,1173,2026-06-13 20:00:00+00:00,2,96.24,0.14,11.32,77.89,5.67,7.88,17.55,0.34
5839,3,1173,2026-06-13 20:00:00+00:00,1,93.5,0.0,1.09,44.12,0.3,1.87,1.91,0.17
5840,4,1173,2026-06-13 20:00:00+00:00,1,85.3,0.0,1.46,46.65,0.09,1.0,1.45,2.52
5841,5,1173,2026-06-13 20:00:00+00:00,3,123.96,0.22,1.42,110.03,1.48,9.89,10.4,0.78
5842,1,1174,2026-06-13 21:00:00+00:00,2,215.57,0.0,2.03,30.07,0.66,11.64,16.06,2.59
5843,2,1174,2026-06-13 21:00:00+00:00,2,96.74,0.0,11.6,73.4,5.66,6.93,15.56,0.53
5844,3,1174,2026-06-13 21:00:00+00:00,1,92.31,0.0,0.98,39.3,0.24,1.52,1.55,0.16
5845,4,1174,2026-06-13 21:00:00+00:00,1,85.9,0.0,1.9,41.16,0.1,1.15,1.68,2.92
5846,5,1174,2026-06-13 21:00:00+00:00,3,128.53,0.25,1.96,117.55,1.41,9.92,10.46,1.14
5847,1,1175,2026-06-13 22:00:00+00:00,2,203.15,0.0,1.77,27.35,0.31,10.69,14.31,0.91
5848,2,1175,2026-06-13 22:00:00+00:00,2,97.49,0.0,11.86,68.17,5.66,5.96,13.7,0.72
5849,3,1175,2026-06-13 22:00:00+00:00,1,90.59,0.0,0.97,36.17,0.2,1.25,1.28,0.16
5850,4,1175,2026-06-13 22:00:00+00:00,1,84.5,0.0,2.1,36.18,0.09,1.27,1.87,2.77
5851,5,1175,2026-06-13 22:00:00+00:00,3,137.25,0.32,2.98,120.6,1.36,10.2,10.77,1.49
5852,1,1176,2026-06-13 23:00:00+00:00,1,192.72,0.0,1.56,25.29,0.16,9.75,12.85,0.43
5853,2,1176,2026-06-13 23:00:00+00:00,2,98.12,0.0,12.1,62.18,5.64,5.13,12.18,0.86
5854,3,1176,2026-06-13 23:00:00+00:00,1,89.4,0.0,1.0,35.04,0.2,1.09,1.12,0.18
5855,4,1176,2026-06-13 23:00:00+00:00,1,84.3,0.0,2.04,33.06,0.09,1.39,2.06,2.13
5856,5,1176,2026-06-13 23:00:00+00:00,3,141.74,0.3,3.77,110.81,1.31,10.63,11.23,1.45
5857,1,1177,2026-06-14 00:00:00+00:00,1,181.63,0.0,1.36,24.05,0.12,8.67,11.29,0.37
5858,2,1177,2026-06-14 00:00:00+00:00,1,99.11,0.0,12.37,56.42,5.56,4.49,11.0,0.92
5859,3,1177,2026-06-14 00:00:00+00:00,1,88.65,0.0,1.0,35.71,0.2,0.97,1.01,0.19
5860,4,1177,2026-06-14 00:00:00+00:00,1,84.38,0.0,1.89,30.87,0.09,1.53,2.28,1.51
5861,5,1177,2026-06-14 00:00:00+00:00,2,142.61,0.12,4.22,99.01,1.34,10.96,11.57,1.14
5862,1,1178,2026-06-14 01:00:00+00:00,1,169.56,0.0,1.18,23.78,0.1,7.46,9.43,0.38
5863,2,1178,2026-06-14 01:00:00+00:00,1,99.82,0.0,12.85,50.97,5.56,4.05,10.04,0.9
5864,3,1178,2026-06-14 01:00:00+00:00,1,88.1,0.0,0.96,37.57,0.21,0.89,0.92,0.19
5865,4,1178,2026-06-14 01:00:00+00:00,1,83.69,0.0,1.76,28.97,0.1,1.69,2.52,1.14
5866,5,1178,2026-06-14 01:00:00+00:00,2,143.5,0.0,4.97,82.12,1.24,11.19,11.8,1.02
5867,1,1179,2026-06-14 02:00:00+00:00,1,163.36,0.0,1.11,22.76,0.1,6.7,8.75,0.44
5868,2,1179,2026-06-14 02:00:00+00:00,1,100.41,0.0,14.09,45.34,5.85,3.84,9.33,0.85
5869,3,1179,2026-06-14 02:00:00+00:00,1,88.73,0.0,0.91,40.13,0.22,0.83,0.86,0.18
5870,4,1179,2026-06-14 02:00:00+00:00,1,84.06,0.0,1.72,28.33,0.12,1.92,2.9,1.0
5871,5,1179,2026-06-14 02:00:00+00:00,2,147.57,0.0,5.89,62.64,1.0,11.38,12.07,1.15
5872,1,1180,2026-06-14 03:00:00+00:00,1,161.29,0.0,1.1,21.89,0.12,6.25,8.46,0.56
5873,2,1180,2026-06-14 03:00:00+00:00,1,100.35,0.0,15.29,40.42,6.21,3.68,8.68,0.83
5874,3,1180,2026-06-14 03:00:00+00:00,1,89.54,0.01,0.9,42.13,0.22,0.8,0.83,0.18
5875,4,1180,2026-06-14 03:00:00+00:00,1,85.16,0.0,1.73,29.75,0.18,2.24,3.44,0.98
5876,5,1180,2026-06-14 03:00:00+00:00,2,150.62,0.0,6.55,50.16,0.83,11.51,12.28,1.23
5877,1,1181,2026-06-14 04:00:00+00:00,1,166.78,0.01,1.22,21.12,0.18,6.22,8.9,0.75
5878,2,1181,2026-06-14 04:00:00+00:00,1,99.85,0.01,16.04,36.62,6.45,3.55,8.12,0.84
5879,3,1181,2026-06-14 04:00:00+00:00,1,89.81,0.03,0.9,42.71,0.23,0.78,0.82,0.19
5880,4,1181,2026-06-14 04:00:00+00:00,1,86.2,0.0,1.81,33.43,0.31,2.62,4.17,1.04
5881,5,1181,2026-06-14 04:00:00+00:00,2,149.29,0.0,6.52,42.15,0.72,11.44,12.27,1.21
5882,1,1182,2026-06-14 05:00:00+00:00,1,170.93,0.16,1.07,21.42,0.22,6.17,9.31,0.76
5883,2,1182,2026-06-14 05:00:00+00:00,1,99.27,0.25,16.22,34.58,6.69,3.47,7.81,0.89
5884,3,1182,2026-06-14 05:00:00+00:00,1,89.88,0.06,0.86,42.84,0.24,0.77,0.81,0.21
5885,4,1182,2026-06-14 05:00:00+00:00,1,87.34,0.03,2.14,35.13,0.43,2.95,4.91,1.18
5886,5,1182,2026-06-14 05:00:00+00:00,2,146.57,0.0,5.78,38.07,0.63,11.51,12.35,1.06
5887,1,1183,2026-06-14 06:00:00+00:00,1,166.35,0.22,0.7,25.17,0.23,6.1,9.31,0.87
5888,2,1183,2026-06-14 06:00:00+00:00,1,98.97,2.01,14.06,36.12,6.96,3.47,7.71,0.94
5889,3,1183,2026-06-14 06:00:00+00:00,1,89.69,0.07,0.78,43.55,0.25,0.77,0.81,0.23
5890,4,1183,2026-06-14 06:00:00+00:00,1,88.67,0.34,2.28,36.44,0.52,3.22,5.59,1.4
5891,5,1183,2026-06-14 06:00:00+00:00,2,143.14,0.0,4.94,36.89,0.61,11.59,12.44,0.88
5892,1,1184,2026-06-14 07:00:00+00:00,1,108.07,0.06,0.2,40.84,0.19,3.66,5.67,0.54
5893,2,1184,2026-06-14 07:00:00+00:00,1,98.81,3.93,11.62,38.24,7.15,3.53,7.71,0.97
5894,3,1184,2026-06-14 07:00:00+00:00,1,89.99,0.07,0.67,47.66,0.25,0.72,0.76,0.24
5895,4,1184,2026-06-14 07:00:00+00:00,1,89.54,0.7,2.07,40.01,0.61,3.41,6.2,1.6
5896,5,1184,2026-06-14 07:00:00+00:00,2,140.42,0.0,4.07,42.94,0.8,11.65,12.53,0.73
5897,1,1185,2026-06-14 08:00:00+00:00,1,98.31,0.04,0.12,44.31,0.18,3.4,5.17,0.51
5898,2,1185,2026-06-14 08:00:00+00:00,1,99.09,5.4,10.57,39.08,7.67,3.7,7.86,1.0
5899,3,1185,2026-06-14 08:00:00+00:00,1,89.79,0.07,0.56,52.22,0.24,0.69,0.73,0.25
5900,4,1185,2026-06-14 08:00:00+00:00,1,89.69,0.81,1.83,45.16,0.68,3.63,6.85,1.7
5901,5,1185,2026-06-14 08:00:00+00:00,2,136.21,0.0,3.64,38.39,0.65,11.63,12.51,0.58
5902,1,1186,2026-06-14 09:00:00+00:00,1,93.27,0.03,0.09,44.8,0.17,3.31,4.95,0.49
5903,2,1186,2026-06-14 09:00:00+00:00,1,100.01,6.49,10.22,39.83,8.6,3.98,8.19,1.04
5904,3,1186,2026-06-14 09:00:00+00:00,1,89.33,0.06,0.48,55.46,0.24,0.73,0.77,0.26
5905,4,1186,2026-06-14 09:00:00+00:00,1,89.74,0.69,1.55,53.28,0.74,4.1,7.79,1.75
5906,5,1186,2026-06-14 09:00:00+00:00,2,131.91,0.0,3.38,32.51,0.5,11.51,12.38,0.48
5907,1,1187,2026-06-14 10:00:00+00:00,1,88.84,0.02,0.08,48.16,0.17,3.27,4.73,0.45
5908,2,1187,2026-06-14 10:00:00+00:00,1,100.9,7.25,10.47,41.41,9.95,4.41,8.78,1.06
5909,3,1187,2026-06-14 10:00:00+00:00,2,89.58,0.06,0.38,61.92,0.23,0.75,0.79,0.26
5910,4,1187,2026-06-14 10:00:00+00:00,2,90.28,0.25,0.83,72.8,0.61,3.42,6.84,1.22
5911,5,1187,2026-06-14 10:00:00+00:00,2,128.48,0.0,3.36,27.27,0.41,11.26,12.12,0.45
5912,1,1188,2026-06-14 11:00:00+00:00,1,85.79,0.02,0.09,49.86,0.17,3.26,4.56,0.43
5913,2,1188,2026-06-14 11:00:00+00:00,1,101.67,8.08,11.37,43.06,11.86,5.15,9.87,1.0
5914,3,1188,2026-06-14 11:00:00+00:00,2,89.04,0.06,0.31,68.73,0.22,0.72,0.76,0.25
5915,4,1188,2026-06-14 11:00:00+00:00,2,89.08,0.14,0.51,78.4,0.47,3.02,5.95,1.0
5916,5,1188,2026-06-14 11:00:00+00:00,2,130.55,0.09,4.02,24.26,0.41,10.94,11.81,0.48
5917,1,1189,2026-06-14 12:00:00+00:00,1,84.44,0.03,0.1,49.72,0.17,3.26,4.47,0.42
5918,2,1189,2026-06-14 12:00:00+00:00,1,102.99,9.08,12.74,44.5,14.08,6.33,11.63,0.87
5919,3,1189,2026-06-14 12:00:00+00:00,2,88.15,0.06,0.28,71.59,0.22,0.75,0.78,0.25
5920,4,1189,2026-06-14 12:00:00+00:00,2,88.24,0.11,0.44,81.3,0.43,3.19,6.15,0.99
5921,5,1189,2026-06-14 12:00:00+00:00,2,137.38,0.72,4.41,27.01,0.49,10.52,11.37,0.54
5922,1,1190,2026-06-14 13:00:00+00:00,1,92.04,0.05,0.25,46.03,0.2,3.69,5.05,0.58
5923,2,1190,2026-06-14 13:00:00+00:00,1,104.49,10.04,14.73,45.93,16.28,7.64,13.75,0.74
5924,3,1190,2026-06-14 13:00:00+00:00,2,88.42,0.07,0.29,74.36,0.21,0.76,0.8,0.25
5925,4,1190,2026-06-14 13:00:00+00:00,2,87.26,0.09,0.36,80.59,0.33,2.97,5.55,0.84
5926,5,1190,2026-06-14 13:00:00+00:00,1,139.76,0.53,4.24,42.96,0.74,9.62,10.34,0.54
5927,1,1191,2026-06-14 14:00:00+00:00,1,106.72,0.04,0.57,40.25,0.24,4.47,6.2,0.83
5928,2,1191,2026-06-14 14:00:00+00:00,1,105.88,10.48,16.7,48.04,17.67,8.77,15.33,0.62
5929,3,1191,2026-06-14 14:00:00+00:00,2,87.91,0.07,0.33,76.55,0.21,0.74,0.77,0.25
5930,4,1191,2026-06-14 14:00:00+00:00,2,84.92,0.08,0.33,79.01,0.25,2.74,4.94,0.73
5931,5,1191,2026-06-14 14:00:00+00:00,1,137.99,0.51,3.88,49.02,0.9,8.97,9.68,0.6
5932,1,1192,2026-06-14 15:00:00+00:00,1,123.04,0.0,0.97,35.27,0.27,5.27,7.39,1.02
5933,2,1192,2026-06-14 15:00:00+00:00,1,106.9,9.89,18.55,51.69,18.0,9.46,15.89,0.54
5934,3,1192,2026-06-14 15:00:00+00:00,2,87.4,0.06,0.36,77.83,0.21,0.72,0.75,0.25
5935,4,1192,2026-06-14 15:00:00+00:00,2,83.98,0.08,0.35,78.79,0.22,2.69,4.77,0.7
5936,5,1192,2026-06-14 15:00:00+00:00,1,136.22,0.47,3.43,53.73,1.05,8.71,9.44,0.69
5937,1,1193,2026-06-14 16:00:00+00:00,1,137.97,0.0,1.23,30.84,0.29,5.94,8.46,1.16
5938,2,1193,2026-06-14 16:00:00+00:00,1,107.62,8.63,20.54,55.84,17.64,9.73,15.83,0.48
5939,3,1193,2026-06-14 16:00:00+00:00,2,87.32,0.09,0.7,66.32,0.24,0.74,0.79,0.47
5940,4,1193,2026-06-14 16:00:00+00:00,2,84.18,0.09,0.43,79.25,0.22,2.76,4.92,0.74
5941,5,1193,2026-06-14 16:00:00+00:00,2,123.67,0.18,1.8,81.61,1.2,6.93,7.39,0.33
5942,1,1194,2026-06-14 17:00:00+00:00,1,150.62,0.0,1.34,27.92,0.28,6.42,9.19,1.19
5943,2,1194,2026-06-14 17:00:00+00:00,1,107.87,6.9,22.85,59.74,16.99,9.69,15.27,0.42
5944,3,1194,2026-06-14 17:00:00+00:00,1,86.6,0.09,1.2,50.5,0.27,0.79,0.87,0.8
5945,4,1194,2026-06-14 17:00:00+00:00,2,84.8,0.1,0.54,79.04,0.24,2.95,5.26,0.84
5946,5,1194,2026-06-14 17:00:00+00:00,2,114.91,0.1,1.17,90.41,1.01,5.35,5.68,0.27
5947,1,1195,2026-06-14 18:00:00+00:00,1,155.4,0.0,1.32,26.29,0.25,6.5,9.28,0.96
5948,2,1195,2026-06-14 18:00:00+00:00,2,107.57,4.82,25.48,62.44,16.42,9.32,14.32,0.36
5949,3,1195,2026-06-14 18:00:00+00:00,1,85.62,0.02,1.6,40.34,0.28,0.84,0.95,1.05
5950,4,1195,2026-06-14 18:00:00+00:00,2,85.43,0.08,0.65,78.76,0.27,3.13,5.59,0.96
5951,5,1195,2026-06-14 18:00:00+00:00,2,110.68,0.08,1.04,92.6,0.89,4.26,4.55,0.32
5952,1,1196,2026-06-14 19:00:00+00:00,1,148.36,0.0,1.16,25.22,0.21,5.84,8.43,0.63
5953,2,1196,2026-06-14 19:00:00+00:00,2,107.88,2.6,28.62,62.92,16.04,8.83,13.32,0.3
5954,3,1196,2026-06-14 19:00:00+00:00,1,83.93,0.0,1.85,33.11,0.27,0.88,1.01,1.19
5955,4,1196,2026-06-14 19:00:00+00:00,2,86.86,0.05,1.02,75.28,0.32,3.44,6.22,1.35
5956,5,1196,2026-06-14 19:00:00+00:00,2,109.54,0.07,1.13,94.4,0.84,3.43,3.7,0.39
5957,1,1197,2026-06-14 20:00:00+00:00,1,149.0,0.0,1.13,22.88,0.19,5.57,8.21,0.46
5958,2,1197,2026-06-14 20:00:00+00:00,2,107.78,0.45,31.15,60.47,15.37,8.26,12.27,0.24
5959,3,1197,2026-06-14 20:00:00+00:00,1,82.33,0.0,1.94,27.21,0.23,0.94,1.07,1.2
5960,4,1197,2026-06-14 20:00:00+00:00,2,89.37,0.01,1.54,69.96,0.38,3.88,7.04,1.88
5961,5,1197,2026-06-14 20:00:00+00:00,2,108.83,0.07,1.48,92.41,0.84,2.83,3.08,0.48
5962,1,1198,2026-06-14 21:00:00+00:00,1,143.41,0.0,1.04,20.87,0.14,5.02,7.37,0.34
5963,2,1198,2026-06-14 21:00:00+00:00,1,107.78,0.0,29.75,59.12,14.42,7.68,11.3,0.18
5964,3,1198,2026-06-14 21:00:00+00:00,1,80.28,0.0,1.91,22.47,0.21,0.99,1.14,1.12
5965,4,1198,2026-06-14 21:00:00+00:00,2,92.17,0.0,1.89,65.79,0.41,4.22,7.61,2.29
5966,5,1198,2026-06-14 21:00:00+00:00,2,109.74,0.06,2.06,89.56,0.89,2.47,2.7,0.55
5967,1,1199,2026-06-14 22:00:00+00:00,1,137.07,0.0,0.95,19.37,0.12,4.44,6.19,0.32
5968,2,1199,2026-06-14 22:00:00+00:00,1,107.59,0.0,27.59,58.96,13.23,7.17,10.54,0.14
5969,3,1199,2026-06-14 22:00:00+00:00,1,77.11,0.0,1.77,18.79,0.18,1.05,1.2,0.93
5970,4,1199,2026-06-14 22:00:00+00:00,2,93.76,0.0,2.11,61.97,0.44,4.35,7.74,2.56
5971,5,1199,2026-06-14 22:00:00+00:00,2,114.91,0.04,3.17,83.54,1.33,2.26,2.45,0.63
5972,1,1200,2026-06-14 23:00:00+00:00,1,132.65,0.0,0.87,18.39,0.1,3.95,5.36,0.3
5973,2,1200,2026-06-14 23:00:00+00:00,1,107.12,0.0,25.12,59.12,11.73,6.85,10.12,0.12
5974,3,1200,2026-06-14 23:00:00+00:00,1,75.22,0.01,1.64,16.58,0.16,1.1,1.27,0.7
5975,4,1200,2026-06-14 23:00:00+00:00,1,97.78,0.0,2.46,59.1,0.53,4.47,7.78,2.81
5976,5,1200,2026-06-14 23:00:00+00:00,2,120.93,0.04,4.21,73.99,1.58,2.19,2.36,0.71
5977,1,1201,2026-06-15 00:00:00+00:00,1,127.23,0.0,0.79,17.94,0.09,3.43,4.64,0.27
5978,2,1201,2026-06-15 00:00:00+00:00,2,106.47,0.0,21.94,60.22,10.04,6.61,9.92,0.12
5979,3,1201,2026-06-15 00:00:00+00:00,1,74.13,0.01,1.53,16.42,0.15,1.15,1.33,0.55
5980,4,1201,2026-06-15 00:00:00+00:00,1,102.81,0.0,3.01,55.67,0.62,4.6,7.76,3.07
5981,5,1201,2026-06-15 00:00:00+00:00,2,124.35,0.01,4.55,65.36,1.52,2.13,2.31,0.63
5982,1,1202,2026-06-15 01:00:00+00:00,1,119.68,0.0,0.67,18.35,0.09,2.78,3.85,0.26
5983,2,1202,2026-06-15 01:00:00+00:00,2,105.24,0.0,17.54,63.44,8.02,6.27,9.69,0.14
5984,3,1202,2026-06-15 01:00:00+00:00,1,73.5,0.01,1.42,19.25,0.17,1.18,1.37,0.45
5985,4,1202,2026-06-15 01:00:00+00:00,1,104.87,0.0,3.44,49.42,0.61,4.75,7.72,3.31
5986,5,1202,2026-06-15 01:00:00+00:00,1,121.73,0.0,4.27,56.09,1.14,2.03,2.23,0.46
5987,1,1203,2026-06-15 02:00:00+00:00,1,115.41,0.0,0.61,18.39,0.09,2.41,3.42,0.26
5988,2,1203,2026-06-15 02:00:00+00:00,2,103.62,0.0,13.33,67.76,6.26,5.83,9.39,0.16
5989,3,1203,2026-06-15 02:00:00+00:00,1,73.79,0.04,1.35,19.96,0.19,1.21,1.41,0.41
5990,4,1203,2026-06-15 02:00:00+00:00,1,104.67,0.0,3.56,42.46,0.5,4.99,7.83,3.47
5991,5,1203,2026-06-15 02:00:00+00:00,1,120.34,0.0,3.81,51.05,0.88,1.94,2.15,0.41
5992,1,1204,2026-06-15 03:00:00+00:00,1,114.07,0.0,0.61,18.35,0.1,2.28,3.33,0.27
5993,2,1204,2026-06-15 03:00:00+00:00,2,102.27,0.0,10.01,70.44,5.03,5.4,9.04,0.19
5994,3,1204,2026-06-15 03:00:00+00:00,1,76.41,0.25,1.32,21.54,0.26,1.26,1.48,0.39
5995,4,1204,2026-06-15 03:00:00+00:00,1,102.57,0.0,3.41,36.93,0.38,5.28,8.03,3.21
5996,5,1204,2026-06-15 03:00:00+00:00,1,118.16,0.0,3.26,48.09,0.72,1.8,2.01,0.39
5997,1,1205,2026-06-15 04:00:00+00:00,1,118.34,0.01,0.69,18.16,0.13,2.44,3.86,0.36
5998,2,1205,2026-06-15 04:00:00+00:00,2,100.96,0.0,7.1,70.59,3.95,4.81,8.18,0.33
5999,3,1205,2026-06-15 04:00:00+00:00,1,82.04,0.41,1.48,29.55,0.4,1.31,1.56,0.41
6000,4,1205,2026-06-15 04:00:00+00:00,1,98.53,0.0,3.21,31.92,0.28,5.46,8.1,2.8
6001,5,1205,2026-06-15 04:00:00+00:00,1,114.65,0.0,2.68,45.72,0.57,1.59,1.8,0.38
6002,1,1206,2026-06-15 05:00:00+00:00,1,125.38,0.09,0.7,18.1,0.18,2.7,4.58,0.47
6003,2,1206,2026-06-15 05:00:00+00:00,2,100.15,0.01,6.39,65.46,3.66,4.28,7.27,0.45
6004,3,1206,2026-06-15 05:00:00+00:00,1,85.22,0.6,1.63,27.18,0.41,1.36,1.63,0.48
6005,4,1206,2026-06-15 05:00:00+00:00,1,96.19,0.07,3.44,27.74,0.23,5.65,8.23,2.78
6006,5,1206,2026-06-15 05:00:00+00:00,1,111.58,0.0,2.26,41.69,0.41,1.32,1.55,0.35
6007,1,1207,2026-06-15 06:00:00+00:00,1,129.07,0.16,0.57,19.62,0.21,2.91,5.03,0.61
6008,2,1207,2026-06-15 06:00:00+00:00,2,99.51,0.13,6.51,60.26,3.65,3.84,6.49,0.54
6009,3,1207,2026-06-15 06:00:00+00:00,1,86.79,0.58,1.7,28.3,0.46,1.43,1.68,0.57
6010,4,1207,2026-06-15 06:00:00+00:00,1,95.04,0.67,3.29,26.17,0.2,5.84,8.42,2.91
6011,5,1207,2026-06-15 06:00:00+00:00,1,109.03,0.0,1.91,38.34,0.28,0.99,1.17,0.34
6012,1,1208,2026-06-15 07:00:00+00:00,1,93.25,0.06,0.24,29.61,0.14,1.37,2.43,0.37
6013,2,1208,2026-06-15 07:00:00+00:00,1,99.24,0.37,6.47,56.83,3.66,3.56,5.94,0.6
6014,3,1208,2026-06-15 07:00:00+00:00,1,92.6,0.23,1.54,59.21,0.96,1.4,1.54,0.41
6015,4,1208,2026-06-15 07:00:00+00:00,1,94.5,1.04,2.57,31.77,0.21,6.04,8.78,3.15
6016,5,1208,2026-06-15 07:00:00+00:00,1,108.83,0.0,1.71,36.46,0.23,0.66,0.78,0.37
6017,1,1209,2026-06-15 08:00:00+00:00,1,82.54,0.04,0.15,32.13,0.13,1.03,1.88,0.34
6018,2,1209,2026-06-15 08:00:00+00:00,1,99.41,0.73,6.44,54.13,3.72,3.47,5.68,0.62
6019,3,1209,2026-06-15 08:00:00+00:00,1,94.29,0.23,1.3,59.22,0.8,1.31,1.42,0.32
6020,4,1209,2026-06-15 08:00:00+00:00,1,92.15,1.12,2.14,35.17,0.21,6.12,8.93,3.28
6021,5,1209,2026-06-15 08:00:00+00:00,1,111.79,0.0,1.76,35.16,0.28,0.52,0.66,0.41
6022,1,1210,2026-06-15 09:00:00+00:00,1,78.72,0.03,0.11,32.36,0.13,0.96,1.76,0.34
6023,2,1210,2026-06-15 09:00:00+00:00,1,100.13,1.11,6.4,52.03,3.78,3.55,5.7,0.63
6024,3,1210,2026-06-15 09:00:00+00:00,1,94.93,0.25,1.15,55.94,0.7,1.34,1.45,0.29
6025,4,1210,2026-06-15 09:00:00+00:00,1,89.74,0.91,1.77,41.46,0.22,6.4,9.27,3.36
6026,5,1210,2026-06-15 09:00:00+00:00,1,117.33,0.0,2.02,35.93,0.44,0.76,0.96,0.45
6027,1,1211,2026-06-15 10:00:00+00:00,1,75.95,0.03,0.09,34.47,0.12,0.86,1.55,0.31
6028,2,1211,2026-06-15 10:00:00+00:00,1,101.34,1.46,6.37,51.36,3.8,3.81,5.96,0.66
6029,3,1211,2026-06-15 10:00:00+00:00,1,95.13,0.23,1.08,51.59,0.61,1.43,1.53,0.26
6030,4,1211,2026-06-15 10:00:00+00:00,2,91.85,0.25,0.86,77.29,0.4,5.66,8.57,2.28
6031,5,1211,2026-06-15 10:00:00+00:00,1,123.3,0.0,2.39,38.49,0.67,1.48,1.72,0.5
6032,1,1212,2026-06-15 11:00:00+00:00,1,73.61,0.03,0.09,36.02,0.11,0.81,1.42,0.3
6033,2,1212,2026-06-15 11:00:00+00:00,1,103.3,1.65,6.54,52.62,3.91,4.37,6.61,0.71
6034,3,1212,2026-06-15 11:00:00+00:00,1,95.34,0.23,0.99,45.67,0.53,1.53,1.64,0.23
6035,4,1212,2026-06-15 11:00:00+00:00,2,89.91,0.14,0.57,82.92,0.38,5.23,7.81,1.9
6036,5,1212,2026-06-15 11:00:00+00:00,1,130.12,0.08,2.88,41.24,0.88,2.39,2.68,0.59
6037,1,1213,2026-06-15 12:00:00+00:00,1,72.95,0.03,0.09,36.25,0.11,0.8,1.4,0.31
6038,2,1213,2026-06-15 12:00:00+00:00,1,104.89,1.66,6.35,58.64,4.01,5.5,7.93,0.78
6039,3,1213,2026-06-15 12:00:00+00:00,1,95.28,0.22,0.9,40.15,0.44,1.63,1.73,0.2
6040,4,1213,2026-06-15 12:00:00+00:00,2,88.5,0.12,0.51,84.52,0.35,5.29,7.75,1.84
6041,5,1213,2026-06-15 12:00:00+00:00,1,136.6,0.52,3.06,45.3,1.03,3.2,3.53,0.69
6042,1,1214,2026-06-15 13:00:00+00:00,1,83.57,0.06,0.24,33.99,0.17,1.24,2.15,0.55
6043,2,1214,2026-06-15 13:00:00+00:00,2,106.86,1.95,5.61,69.95,4.17,7.59,10.4,0.76
6044,3,1214,2026-06-15 13:00:00+00:00,1,94.97,0.14,1.01,35.76,0.37,1.66,1.74,0.19
6045,4,1214,2026-06-15 13:00:00+00:00,2,86.36,0.1,0.38,79.3,0.26,4.19,6.08,1.41
6046,5,1214,2026-06-15 13:00:00+00:00,1,136.55,0.76,2.74,55.2,1.15,3.69,4.01,0.69
6047,1,1215,2026-06-15 14:00:00+00:00,1,102.42,0.07,0.59,30.16,0.23,2.07,3.53,0.88
6048,2,1215,2026-06-15 14:00:00+00:00,2,108.03,2.02,6.61,77.37,4.68,9.9,13.33,0.62
6049,3,1215,2026-06-15 14:00:00+00:00,1,95.3,0.11,1.14,35.09,0.36,1.56,1.64,0.18
6050,4,1215,2026-06-15 14:00:00+00:00,2,83.39,0.08,0.33,73.18,0.18,3.29,4.66,1.15
6051,5,1215,2026-06-15 14:00:00+00:00,2,131.86,0.61,2.11,66.96,1.17,4.0,4.28,0.65
6052,1,1216,2026-06-15 15:00:00+00:00,1,122.12,0.0,1.08,26.53,0.27,2.99,4.97,1.09
6053,2,1216,2026-06-15 15:00:00+00:00,2,108.55,2.53,8.54,78.54,5.47,11.44,15.71,0.52
6054,3,1216,2026-06-15 15:00:00+00:00,1,95.44,0.07,1.23,37.55,0.37,1.37,1.44,0.18
6055,4,1216,2026-06-15 15:00:00+00:00,2,82.07,0.09,0.37,72.12,0.16,3.04,4.25,1.11
6056,5,1216,2026-06-15 15:00:00+00:00,2,127.37,0.39,1.48,77.28,1.18,4.5,4.77,0.63
6057,1,1217,2026-06-15 16:00:00+00:00,1,141.12,0.0,1.38,23.6,0.3,3.99,6.45,1.24
6058,2,1217,2026-06-15 16:00:00+00:00,2,108.43,2.46,12.36,73.21,6.52,12.04,17.49,0.48
6059,3,1217,2026-06-15 16:00:00+00:00,1,94.68,0.03,1.19,43.86,0.32,0.99,1.04,0.16
6060,4,1217,2026-06-15 16:00:00+00:00,2,82.43,0.14,0.74,69.91,0.15,3.03,4.18,1.25
6061,5,1217,2026-06-15 16:00:00+00:00,2,122.82,0.24,1.03,84.73,1.06,4.57,4.81,0.6
6062,1,1218,2026-06-15 17:00:00+00:00,1,156.95,0.0,1.51,22.25,0.29,4.83,7.55,1.1
6063,2,1218,2026-06-15 17:00:00+00:00,2,107.11,2.17,17.12,65.87,7.74,11.9,18.37,0.43
6064,3,1218,2026-06-15 17:00:00+00:00,1,94.06,0.01,1.1,47.03,0.25,0.67,0.7,0.13
6065,4,1218,2026-06-15 17:00:00+00:00,2,82.99,0.22,1.27,66.03,0.17,3.11,4.25,1.54
6066,5,1218,2026-06-15 17:00:00+00:00,2,117.59,0.19,0.86,88.07,0.9,4.17,4.38,0.58
6067,1,1219,2026-06-15 18:00:00+00:00,1,160.47,0.0,1.45,22.16,0.26,5.05,7.71,0.69
6068,2,1219,2026-06-15 18:00:00+00:00,2,103.57,1.16,21.26,61.76,8.7,11.21,18.51,0.27
6069,3,1219,2026-06-15 18:00:00+00:00,1,93.7,0.0,0.98,47.24,0.22,0.5,0.5,0.13
6070,4,1219,2026-06-15 18:00:00+00:00,2,83.9,0.2,1.65,63.32,0.19,3.17,4.33,1.85
6071,5,1219,2026-06-15 18:00:00+00:00,2,114.84,0.17,0.84,90.03,0.84,3.99,4.19,0.59
6072,1,1220,2026-06-15 19:00:00+00:00,1,121.56,0.0,0.82,24.55,0.2,2.93,4.99,0.44
6073,2,1220,2026-06-15 19:00:00+00:00,2,98.16,0.2,19.87,67.5,8.21,9.58,17.15,0.11
6074,3,1220,2026-06-15 19:00:00+00:00,1,92.88,0.0,0.9,45.56,0.22,0.5,0.5,0.14
6075,4,1220,2026-06-15 19:00:00+00:00,1,84.67,0.09,2.1,59.35,0.21,3.22,4.41,2.21
6076,5,1220,2026-06-15 19:00:00+00:00,2,114.61,0.19,0.99,91.13,0.81,3.86,4.07,0.64
6077,1,1221,2026-06-15 20:00:00+00:00,1,115.17,0.0,0.71,24.71,0.18,2.57,4.46,0.37
6078,2,1221,2026-06-15 20:00:00+00:00,2,94.38,0.02,15.65,75.3,7.23,8.37,16.07,0.03
6079,3,1221,2026-06-15 20:00:00+00:00,1,92.32,0.0,0.88,43.41,0.23,0.5,0.5,0.14
6080,4,1221,2026-06-15 20:00:00+00:00,1,85.38,0.01,2.42,53.58,0.21,3.27,4.5,2.52
6081,5,1221,2026-06-15 20:00:00+00:00,2,114.59,0.25,1.32,91.05,0.77,3.73,3.95,0.68
6082,1,1222,2026-06-15 21:00:00+00:00,1,108.25,0.0,0.62,25.27,0.15,2.26,3.87,0.29
6083,2,1222,2026-06-15 21:00:00+00:00,2,92.35,0.0,12.75,77.9,6.62,7.84,16.04,0.01
6084,3,1222,2026-06-15 21:00:00+00:00,1,91.48,0.0,0.85,41.51,0.23,0.5,0.5,0.15
6085,4,1222,2026-06-15 21:00:00+00:00,1,85.48,0.0,2.56,48.72,0.2,3.27,4.51,2.87
6086,5,1222,2026-06-15 21:00:00+00:00,2,116.65,0.34,1.89,91.43,0.72,3.64,3.87,0.72
6087,1,1223,2026-06-15 22:00:00+00:00,1,102.11,0.0,0.55,25.96,0.12,2.0,3.35,0.24
6088,2,1223,2026-06-15 22:00:00+00:00,2,91.13,0.0,11.3,76.22,6.01,7.53,16.07,0.02
6089,3,1223,2026-06-15 22:00:00+00:00,1,89.8,0.0,0.81,39.18,0.23,0.5,0.5,0.17
6090,4,1223,2026-06-15 22:00:00+00:00,1,83.43,0.0,2.51,44.12,0.18,3.17,4.38,3.23
6091,5,1223,2026-06-15 22:00:00+00:00,2,130.66,0.75,4.27,81.32,0.62,3.75,4.02,0.86
6092,1,1224,2026-06-15 23:00:00+00:00,1,98.61,0.0,0.52,26.08,0.11,1.87,3.08,0.23
6093,2,1224,2026-06-15 23:00:00+00:00,2,90.82,0.0,12.21,70.44,6.11,7.59,16.47,0.03
6094,3,1224,2026-06-15 23:00:00+00:00,1,88.08,0.0,0.78,36.25,0.23,0.5,0.5,0.21
6095,4,1224,2026-06-15 23:00:00+00:00,1,82.56,0.0,2.3,41.69,0.16,3.11,4.31,3.6
6096,5,1224,2026-06-15 23:00:00+00:00,2,146.98,0.96,7.14,65.49,0.5,3.9,4.26,1.04
6097,1,1225,2026-06-16 00:00:00+00:00,1,95.61,0.0,0.49,26.11,0.1,1.78,2.88,0.22
6098,2,1225,2026-06-16 00:00:00+00:00,2,90.96,0.0,13.72,63.79,6.37,7.91,16.86,0.07
6099,3,1225,2026-06-16 00:00:00+00:00,1,86.81,0.0,0.76,33.46,0.23,0.5,0.5,0.24
6100,4,1225,2026-06-16 00:00:00+00:00,1,82.3,0.0,2.03,41.1,0.16,3.03,4.2,3.89
6101,5,1225,2026-06-16 00:00:00+00:00,1,154.73,0.44,9.26,53.47,0.45,3.99,4.46,1.17
6102,1,1226,2026-06-16 01:00:00+00:00,1,93.68,0.0,0.48,25.72,0.09,1.75,2.8,0.22
6103,2,1226,2026-06-16 01:00:00+00:00,1,91.41,0.0,14.99,57.05,6.35,8.39,16.68,0.14
6104,3,1226,2026-06-16 01:00:00+00:00,1,86.14,0.0,0.76,32.28,0.24,0.5,0.5,0.26
6105,4,1226,2026-06-16 01:00:00+00:00,1,81.96,0.0,1.77,42.26,0.15,2.89,4.0,4.15
6106,5,1226,2026-06-16 01:00:00+00:00,1,154.88,0.01,9.91,41.59,0.41,4.08,4.64,1.31
6107,1,1227,2026-06-16 02:00:00+00:00,1,93.16,0.0,0.48,24.77,0.09,1.78,2.82,0.23
6108,2,1227,2026-06-16 02:00:00+00:00,1,92.06,0.0,16.05,50.63,6.28,8.87,16.38,0.26
6109,3,1227,2026-06-16 02:00:00+00:00,1,86.88,0.0,0.8,32.29,0.27,0.5,0.5,0.28
6110,4,1227,2026-06-16 02:00:00+00:00,1,81.72,0.0,1.65,41.41,0.15,2.76,3.79,4.47
6111,5,1227,2026-06-16 02:00:00+00:00,1,154.2,0.0,9.54,32.57,0.39,4.21,4.83,1.43
6112,1,1228,2026-06-16 03:00:00+00:00,1,93.85,0.0,0.5,24.54,0.1,1.83,2.92,0.25
6113,2,1228,2026-06-16 03:00:00+00:00,1,92.7,0.0,16.74,45.6,6.28,9.11,16.01,0.37
6114,3,1228,2026-06-16 03:00:00+00:00,1,88.34,0.03,0.89,32.65,0.32,0.5,0.54,0.31
6115,4,1228,2026-06-16 03:00:00+00:00,1,81.57,0.0,1.57,40.94,0.14,2.61,3.57,4.74
6116,5,1228,2026-06-16 03:00:00+00:00,1,151.99,0.0,8.94,28.5,0.4,4.23,4.86,1.49
6117,1,1229,2026-06-16 04:00:00+00:00,1,97.94,0.0,0.59,24.75,0.13,1.94,3.27,0.34
6118,2,1229,2026-06-16 04:00:00+00:00,1,93.18,0.0,16.82,42.46,6.42,9.0,15.42,0.44
6119,3,1229,2026-06-16 04:00:00+00:00,1,90.1,0.09,1.01,33.06,0.38,0.54,0.64,0.33
6120,4,1229,2026-06-16 04:00:00+00:00,1,80.8,0.0,1.55,40.62,0.13,2.45,3.35,4.86
6121,5,1229,2026-06-16 04:00:00+00:00,1,140.15,0.0,7.0,32.38,0.52,3.96,4.52,1.41
6122,1,1230,2026-06-16 05:00:00+00:00,1,102.86,0.08,0.57,25.78,0.18,2.03,3.66,0.45
6123,2,1230,2026-06-16 05:00:00+00:00,1,93.5,0.07,16.41,40.78,6.52,8.51,14.27,0.49
6124,3,1230,2026-06-16 05:00:00+00:00,1,90.69,0.21,1.0,32.95,0.46,0.6,0.72,0.35
6125,4,1230,2026-06-16 05:00:00+00:00,1,81.12,0.01,1.92,39.2,0.13,2.38,3.25,5.06
6126,5,1230,2026-06-16 05:00:00+00:00,1,130.52,0.0,5.41,34.52,0.59,3.8,4.3,1.34
6127,1,1231,2026-06-16 06:00:00+00:00,1,103.55,0.14,0.43,28.92,0.2,2.1,3.84,0.57
6128,2,1231,2026-06-16 06:00:00+00:00,1,93.81,0.78,14.61,41.07,6.44,7.67,12.55,0.51
6129,3,1231,2026-06-16 06:00:00+00:00,1,90.48,0.29,0.89,34.52,0.54,0.68,0.8,0.41
6130,4,1231,2026-06-16 06:00:00+00:00,1,82.15,0.13,2.61,37.08,0.13,2.41,3.26,5.41
6131,5,1231,2026-06-16 06:00:00+00:00,1,122.81,0.0,4.19,36.19,0.66,3.71,4.16,1.29
6132,1,1232,2026-06-16 07:00:00+00:00,1,81.76,0.06,0.18,41.91,0.16,1.19,2.31,0.42
6133,2,1232,2026-06-16 07:00:00+00:00,1,93.85,1.74,12.12,42.12,6.2,6.69,10.63,0.53
6134,3,1232,2026-06-16 07:00:00+00:00,1,92.15,0.21,0.73,44.23,0.49,0.65,0.74,0.39
6135,4,1232,2026-06-16 07:00:00+00:00,1,83.29,0.32,3.09,36.17,0.15,2.56,3.44,5.67
6136,5,1232,2026-06-16 07:00:00+00:00,1,116.39,0.0,3.33,39.21,0.82,3.68,4.11,1.27
6137,1,1233,2026-06-16 08:00:00+00:00,1,76.89,0.04,0.12,44.86,0.16,1.11,2.16,0.41
6138,2,1233,2026-06-16 08:00:00+00:00,1,93.72,2.76,10.29,42.65,6.18,5.84,9.11,0.53
6139,3,1233,2026-06-16 08:00:00+00:00,1,92.58,0.16,0.63,48.88,0.39,0.64,0.7,0.29
6140,4,1233,2026-06-16 08:00:00+00:00,1,84.17,0.56,3.09,36.53,0.18,2.84,3.85,5.59
6141,5,1233,2026-06-16 08:00:00+00:00,1,112.72,0.0,2.98,40.43,1.0,3.79,4.24,1.25
6142,1,1234,2026-06-16 09:00:00+00:00,1,74.76,0.03,0.09,45.27,0.16,1.21,2.25,0.41
6143,2,1234,2026-06-16 09:00:00+00:00,1,93.03,3.62,8.81,42.95,6.15,5.14,8.04,0.52
6144,3,1234,2026-06-16 09:00:00+00:00,1,92.75,0.14,0.62,50.05,0.35,0.64,0.68,0.24
6145,4,1234,2026-06-16 09:00:00+00:00,1,84.88,0.71,2.79,38.14,0.19,3.26,4.43,5.2
6146,5,1234,2026-06-16 09:00:00+00:00,1,111.47,0.0,3.0,42.12,1.24,3.95,4.43,1.15
6147,1,1235,2026-06-16 10:00:00+00:00,1,71.33,0.03,0.08,48.39,0.13,1.14,2.02,0.33
6148,2,1235,2026-06-16 10:00:00+00:00,1,92.04,3.95,8.0,43.32,6.09,4.63,7.4,0.49
6149,3,1235,2026-06-16 10:00:00+00:00,1,93.32,0.14,0.63,51.31,0.32,0.6,0.63,0.22
6150,4,1235,2026-06-16 10:00:00+00:00,1,85.12,0.49,1.84,51.3,0.2,3.93,5.2,4.34
6151,5,1235,2026-06-16 10:00:00+00:00,1,110.38,0.0,3.3,42.7,1.48,3.97,4.49,1.02
6152,1,1236,2026-06-16 11:00:00+00:00,1,69.13,0.02,0.08,49.83,0.12,1.12,1.9,0.3
6153,2,1236,2026-06-16 11:00:00+00:00,1,91.59,4.15,7.88,44.11,6.25,4.37,7.3,0.42
6154,3,1236,2026-06-16 11:00:00+00:00,1,93.16,0.14,0.63,52.7,0.32,0.56,0.59,0.22
6155,4,1236,2026-06-16 11:00:00+00:00,2,84.55,0.31,1.16,61.47,0.18,4.95,6.29,3.74
6156,5,1236,2026-06-16 11:00:00+00:00,1,112.8,0.1,4.08,41.18,1.62,3.84,4.4,0.99
6157,1,1237,2026-06-16 12:00:00+00:00,1,68.33,0.03,0.09,50.03,0.12,1.12,1.88,0.3
6158,2,1237,2026-06-16 12:00:00+00:00,1,91.68,4.12,7.81,46.16,6.34,4.31,7.6,0.3
6159,3,1237,2026-06-16 12:00:00+00:00,1,92.81,0.14,0.61,54.35,0.31,0.53,0.56,0.22
6160,4,1237,2026-06-16 12:00:00+00:00,2,83.98,0.21,0.78,68.3,0.17,6.02,7.51,3.42
6161,5,1237,2026-06-16 12:00:00+00:00,1,118.2,0.77,4.56,41.72,1.81,3.59,4.18,0.96
6162,1,1238,2026-06-16 13:00:00+00:00,1,73.53,0.04,0.18,48.64,0.15,1.32,2.3,0.45
6163,2,1238,2026-06-16 13:00:00+00:00,1,91.77,3.75,7.99,49.32,6.31,4.44,8.3,0.16
6164,3,1238,2026-06-16 13:00:00+00:00,1,92.81,0.14,0.59,57.18,0.3,0.5,0.51,0.22
6165,4,1238,2026-06-16 13:00:00+00:00,2,82.37,0.11,0.45,77.56,0.14,5.09,6.44,2.56
6166,5,1238,2026-06-16 13:00:00+00:00,1,120.64,1.17,4.6,47.23,2.09,3.25,3.83,0.88
6167,1,1239,2026-06-16 14:00:00+00:00,1,83.44,0.03,0.37,45.71,0.19,1.71,3.08,0.7
6168,2,1239,2026-06-16 14:00:00+00:00,1,91.68,3.21,8.09,53.19,6.07,4.65,9.1,0.03
6169,3,1239,2026-06-16 14:00:00+00:00,2,92.44,0.12,0.54,60.43,0.27,0.5,0.5,0.2
6170,4,1239,2026-06-16 14:00:00+00:00,2,81.29,0.09,0.39,80.0,0.13,4.68,6.14,2.25
6171,5,1239,2026-06-16 14:00:00+00:00,1,119.76,1.03,4.43,53.36,2.15,3.13,3.69,0.83
6172,1,1240,2026-06-16 15:00:00+00:00,1,94.01,0.0,0.64,42.71,0.22,2.11,3.88,0.85
6173,2,1240,2026-06-16 15:00:00+00:00,1,91.31,2.65,8.02,56.35,5.78,4.79,9.7,0.0
6174,3,1240,2026-06-16 15:00:00+00:00,2,92.34,0.1,0.51,63.61,0.25,0.5,0.5,0.19
6175,4,1240,2026-06-16 15:00:00+00:00,2,81.44,0.09,0.44,80.93,0.13,4.83,6.53,2.32
6176,5,1240,2026-06-16 15:00:00+00:00,2,119.33,0.72,4.14,60.83,2.16,3.29,3.85,0.81
6177,1,1241,2026-06-16 16:00:00+00:00,1,108.81,0.0,0.91,38.07,0.26,2.78,5.12,0.96
6178,2,1241,2026-06-16 16:00:00+00:00,1,90.66,2.13,7.98,57.41,5.46,4.76,9.8,0.0
6179,3,1241,2026-06-16 16:00:00+00:00,2,92.48,0.09,0.62,63.32,0.28,0.5,0.5,0.23
6180,4,1241,2026-06-16 16:00:00+00:00,2,82.21,0.1,0.52,82.25,0.13,4.85,6.69,2.46
6181,5,1241,2026-06-16 16:00:00+00:00,2,107.72,0.14,2.75,81.24,1.92,3.03,3.39,0.43
6182,1,1242,2026-06-16 17:00:00+00:00,1,131.94,0.0,1.25,33.45,0.3,3.91,7.04,1.1
6183,2,1242,2026-06-16 17:00:00+00:00,1,90.28,1.73,8.75,56.14,5.42,4.68,9.49,0.0
6184,3,1242,2026-06-16 17:00:00+00:00,1,92.77,0.06,0.89,59.41,0.36,0.52,0.56,0.32
6185,4,1242,2026-06-16 17:00:00+00:00,2,82.8,0.09,0.59,82.48,0.14,4.66,6.49,2.6
6186,5,1242,2026-06-16 17:00:00+00:00,2,103.52,0.09,2.11,86.0,1.73,3.04,3.33,0.31
6187,1,1243,2026-06-16 18:00:00+00:00,1,153.99,0.0,1.51,29.71,0.31,5.09,8.88,1.13
6188,2,1243,2026-06-16 18:00:00+00:00,1,90.08,1.27,10.15,54.0,5.43,4.57,8.83,0.02
6189,3,1243,2026-06-16 18:00:00+00:00,1,92.89,0.01,1.16,55.55,0.42,0.58,0.66,0.36
6190,4,1243,2026-06-16 18:00:00+00:00,2,83.23,0.07,0.68,81.81,0.14,4.36,6.14,2.72
6191,5,1243,2026-06-16 18:00:00+00:00,2,102.87,0.09,2.06,86.29,1.72,3.17,3.47,0.3
6192,1,1244,2026-06-16 19:00:00+00:00,1,171.6,0.0,1.7,26.23,0.3,6.11,10.32,0.97
6193,2,1244,2026-06-16 19:00:00+00:00,1,90.07,0.63,12.06,51.55,5.55,4.48,8.25,0.02
6194,3,1244,2026-06-16 19:00:00+00:00,1,91.91,0.0,1.28,52.07,0.44,0.63,0.72,0.35
6195,4,1244,2026-06-16 19:00:00+00:00,2,83.82,0.05,1.12,74.55,0.15,4.14,5.85,2.89
6196,5,1244,2026-06-16 19:00:00+00:00,2,104.44,0.11,2.11,87.34,1.75,3.43,3.75,0.35
6197,1,1245,2026-06-16 20:00:00+00:00,1,181.99,0.0,1.79,23.66,0.26,6.72,10.84,0.67
6198,2,1245,2026-06-16 20:00:00+00:00,1,90.07,0.11,13.83,49.22,5.75,4.47,8.08,0.03
6199,3,1245,2026-06-16 20:00:00+00:00,1,91.6,0.0,1.28,49.93,0.44,0.65,0.74,0.32
6200,4,1245,2026-06-16 20:00:00+00:00,2,84.66,0.01,1.79,63.87,0.17,4.02,5.69,3.15
6201,5,1245,2026-06-16 20:00:00+00:00,2,106.2,0.14,2.32,86.75,1.73,3.68,4.04,0.43
6202,1,1246,2026-06-16 21:00:00+00:00,1,177.95,0.0,1.7,22.1,0.18,6.57,10.11,0.39
6203,2,1246,2026-06-16 21:00:00+00:00,1,90.34,0.0,14.44,48.27,5.88,4.48,8.11,0.02
6204,3,1246,2026-06-16 21:00:00+00:00,1,91.11,0.0,1.2,48.25,0.42,0.64,0.73,0.28
6205,4,1246,2026-06-16 21:00:00+00:00,1,85.51,0.0,2.26,55.92,0.17,3.89,5.52,3.41
6206,5,1246,2026-06-16 21:00:00+00:00,2,109.01,0.18,2.75,86.16,1.68,3.92,4.3,0.51
6207,1,1247,2026-06-16 22:00:00+00:00,1,160.15,0.0,1.43,23.2,0.12,5.71,8.45,0.25
6208,2,1247,2026-06-16 22:00:00+00:00,1,90.71,0.0,14.57,48.19,5.93,4.51,8.21,0.02
6209,3,1247,2026-06-16 22:00:00+00:00,1,90.12,0.0,1.1,46.11,0.38,0.62,0.71,0.24
6210,4,1247,2026-06-16 22:00:00+00:00,1,84.17,0.0,2.63,47.06,0.16,3.77,5.35,3.56
6211,5,1247,2026-06-16 22:00:00+00:00,2,115.62,0.22,3.78,83.35,1.69,4.19,4.59,0.64
6212,1,1248,2026-06-16 23:00:00+00:00,1,150.77,0.0,1.27,23.45,0.09,5.25,7.55,0.23
6213,2,1248,2026-06-16 23:00:00+00:00,1,91.43,0.0,14.75,48.02,6.03,4.65,8.5,0.02
6214,3,1248,2026-06-16 23:00:00+00:00,1,89.73,0.0,1.02,43.59,0.34,0.6,0.7,0.22
6215,4,1248,2026-06-16 23:00:00+00:00,1,83.56,0.0,2.79,39.09,0.15,3.73,5.29,3.57
6216,5,1248,2026-06-16 23:00:00+00:00,2,122.82,0.25,5.04,77.91,1.72,4.49,4.94,0.78
6217,1,1249,2026-06-17 00:00:00+00:00,1,142.72,0.0,1.14,23.86,0.09,4.84,6.82,0.23
6218,2,1249,2026-06-17 00:00:00+00:00,1,91.97,0.0,15.0,47.31,6.14,4.86,8.96,0.02
6219,3,1249,2026-06-17 00:00:00+00:00,1,89.33,0.0,0.97,40.61,0.32,0.61,0.72,0.21
6220,4,1249,2026-06-17 00:00:00+00:00,1,83.12,0.0,2.77,33.29,0.16,3.7,5.24,3.4
6221,5,1249,2026-06-17 00:00:00+00:00,2,127.07,0.12,6.09,73.34,1.8,4.74,5.25,0.88
6222,1,1250,2026-06-17 01:00:00+00:00,1,134.77,0.0,1.02,24.16,0.08,4.4,6.2,0.26
6223,2,1250,2026-06-17 01:00:00+00:00,1,92.41,0.0,15.27,46.19,6.01,5.08,9.21,0.03
6224,3,1250,2026-06-17 01:00:00+00:00,1,88.4,0.0,0.96,37.15,0.31,0.63,0.75,0.21
6225,4,1250,2026-06-17 01:00:00+00:00,1,82.23,0.0,2.7,28.33,0.16,3.65,5.18,3.02
6226,5,1250,2026-06-17 01:00:00+00:00,2,127.9,0.0,6.45,68.58,1.75,4.94,5.53,0.94
6227,1,1251,2026-06-17 02:00:00+00:00,1,131.21,0.0,0.97,23.62,0.09,4.18,5.94,0.33
6228,2,1251,2026-06-17 02:00:00+00:00,1,92.93,0.0,15.68,44.99,5.89,5.26,9.28,0.08
6229,3,1251,2026-06-17 02:00:00+00:00,1,88.01,0.01,1.0,34.31,0.32,0.67,0.79,0.21
6230,4,1251,2026-06-17 02:00:00+00:00,1,82.04,0.0,2.67,23.96,0.14,3.68,5.24,2.85
6231,5,1251,2026-06-17 02:00:00+00:00,2,129.18,0.0,6.36,63.18,1.59,5.31,5.98,1.02
6232,1,1252,2026-06-17 03:00:00+00:00,1,131.66,0.0,0.99,23.19,0.12,4.17,6.02,0.47
6233,2,1252,2026-06-17 03:00:00+00:00,1,93.44,0.0,16.15,43.83,5.87,5.46,9.32,0.15
6234,3,1252,2026-06-17 03:00:00+00:00,1,88.45,0.07,1.07,32.6,0.37,0.72,0.85,0.23
6235,4,1252,2026-06-17 03:00:00+00:00,1,82.49,0.0,2.76,20.57,0.14,3.79,5.43,3.08
6236,5,1252,2026-06-17 03:00:00+00:00,1,131.35,0.0,6.31,58.12,1.41,5.8,6.58,1.01
6237,1,1253,2026-06-17 04:00:00+00:00,1,140.6,0.01,1.14,22.94,0.21,4.59,6.97,0.77
6238,2,1253,2026-06-17 04:00:00+00:00,1,94.16,0.0,16.65,42.68,5.91,5.68,9.39,0.23
6239,3,1253,2026-06-17 04:00:00+00:00,1,89.76,0.14,1.24,33.56,0.47,0.75,0.88,0.27
6240,4,1253,2026-06-17 04:00:00+00:00,1,82.48,0.01,3.04,17.52,0.15,3.9,5.6,3.11
6241,5,1253,2026-06-17 04:00:00+00:00,1,131.6,0.0,6.05,52.96,1.22,6.32,7.18,0.85
6242,1,1254,2026-06-17 05:00:00+00:00,1,151.29,0.18,1.05,23.8,0.27,5.06,8.14,0.95
6243,2,1254,2026-06-17 05:00:00+00:00,1,94.35,0.01,17.18,41.14,5.88,5.85,9.28,0.3
6244,3,1254,2026-06-17 05:00:00+00:00,1,90.24,0.18,1.42,33.62,0.55,0.76,0.87,0.3
6245,4,1254,2026-06-17 05:00:00+00:00,1,84.45,0.18,3.74,14.5,0.19,4.07,5.87,2.35
6246,5,1254,2026-06-17 05:00:00+00:00,1,132.39,0.0,5.62,48.67,1.08,6.88,7.88,0.66
6247,1,1255,2026-06-17 06:00:00+00:00,1,151.03,0.24,0.72,28.71,0.29,5.28,8.61,1.08
6248,2,1255,2026-06-17 06:00:00+00:00,1,94.44,0.13,17.6,40.0,5.81,5.97,9.14,0.36
6249,3,1255,2026-06-17 06:00:00+00:00,1,89.64,0.17,1.55,32.57,0.6,0.74,0.84,0.32
6250,4,1255,2026-06-17 06:00:00+00:00,1,86.87,1.39,3.67,14.08,0.23,4.27,6.16,2.05
6251,5,1255,2026-06-17 06:00:00+00:00,1,132.65,0.0,5.19,44.31,0.97,7.39,8.52,0.5
6252,1,1256,2026-06-17 07:00:00+00:00,1,105.27,0.09,0.27,45.07,0.22,2.79,4.71,0.64
6253,2,1256,2026-06-17 07:00:00+00:00,1,94.55,0.41,17.51,39.7,5.7,6.01,8.98,0.4
6254,3,1256,2026-06-17 07:00:00+00:00,1,90.77,0.11,1.3,40.67,0.45,0.52,0.57,0.26
6255,4,1256,2026-06-17 07:00:00+00:00,1,89.86,1.95,3.13,21.04,0.28,4.41,6.31,2.39
6256,5,1256,2026-06-17 07:00:00+00:00,1,131.98,0.0,4.88,39.61,0.88,7.72,8.97,0.39
6257,1,1257,2026-06-17 08:00:00+00:00,1,95.03,0.05,0.16,49.39,0.22,2.43,4.13,0.59
6258,2,1257,2026-06-17 08:00:00+00:00,1,94.49,0.79,16.59,40.81,5.63,5.93,8.92,0.36
6259,3,1257,2026-06-17 08:00:00+00:00,1,90.32,0.1,0.9,48.05,0.32,0.5,0.5,0.19
6260,4,1257,2026-06-17 08:00:00+00:00,1,90.18,2.0,2.75,26.27,0.29,4.64,6.54,2.76
6261,5,1257,2026-06-17 08:00:00+00:00,1,131.1,0.0,4.67,34.77,0.78,7.98,9.32,0.34
6262,1,1258,2026-06-17 09:00:00+00:00,1,90.12,0.04,0.13,50.66,0.23,2.5,4.19,0.58
6263,2,1258,2026-06-17 09:00:00+00:00,1,94.53,1.1,14.96,43.59,5.51,5.71,8.77,0.26
6264,3,1258,2026-06-17 09:00:00+00:00,1,89.78,0.11,0.73,50.63,0.29,0.5,0.5,0.16
6265,4,1258,2026-06-17 09:00:00+00:00,1,89.25,1.42,2.39,36.5,0.32,5.37,7.28,3.04
6266,5,1258,2026-06-17 09:00:00+00:00,1,130.3,0.0,4.56,30.26,0.69,8.17,9.59,0.32
6267,1,1259,2026-06-17 10:00:00+00:00,1,81.14,0.03,0.1,55.27,0.19,2.03,3.26,0.42
6268,2,1259,2026-06-17 10:00:00+00:00,1,94.1,1.51,12.83,47.27,5.49,5.47,8.8,0.16
6269,3,1259,2026-06-17 10:00:00+00:00,1,90.27,0.12,0.66,52.5,0.28,0.5,0.5,0.15
6270,4,1259,2026-06-17 10:00:00+00:00,2,86.76,0.21,0.78,74.67,0.35,4.92,6.83,2.9
6271,5,1259,2026-06-17 10:00:00+00:00,1,129.49,0.0,4.6,26.29,0.63,8.24,9.72,0.32
6272,1,1260,2026-06-17 11:00:00+00:00,1,76.92,0.03,0.11,56.67,0.16,1.91,2.92,0.37
6273,2,1260,2026-06-17 11:00:00+00:00,1,93.77,1.5,11.4,50.49,5.43,5.28,9.05,0.09
6274,3,1260,2026-06-17 11:00:00+00:00,1,90.26,0.13,0.63,53.7,0.29,0.5,0.5,0.15
6275,4,1260,2026-06-17 11:00:00+00:00,2,84.39,0.1,0.43,80.53,0.26,4.67,6.75,2.69
6276,5,1260,2026-06-17 11:00:00+00:00,1,132.77,0.15,5.2,23.25,0.65,8.24,9.8,0.41
6277,1,1261,2026-06-17 12:00:00+00:00,1,76.06,0.03,0.12,56.24,0.16,1.98,2.97,0.37
6278,2,1261,2026-06-17 12:00:00+00:00,1,93.43,1.5,9.55,55.05,5.16,5.04,9.38,0.04
6279,3,1261,2026-06-17 12:00:00+00:00,1,90.24,0.12,0.6,54.78,0.3,0.5,0.5,0.15
6280,4,1261,2026-06-17 12:00:00+00:00,2,83.18,0.09,0.38,81.64,0.22,4.69,6.88,2.62
6281,5,1261,2026-06-17 12:00:00+00:00,1,140.13,1.28,5.16,24.51,0.76,8.25,9.84,0.58
6282,1,1262,2026-06-17 13:00:00+00:00,1,86.64,0.06,0.3,52.41,0.21,2.54,3.88,0.62
6283,2,1262,2026-06-17 13:00:00+00:00,2,92.92,1.84,6.0,63.85,4.55,4.75,9.7,0.0
6284,3,1262,2026-06-17 13:00:00+00:00,1,90.59,0.13,0.62,55.19,0.31,0.5,0.5,0.15
6285,4,1262,2026-06-17 13:00:00+00:00,2,83.0,0.08,0.35,83.32,0.18,4.44,6.71,2.34
6286,5,1262,2026-06-17 13:00:00+00:00,1,143.67,1.89,4.62,32.73,0.95,8.31,9.83,0.77
6287,1,1263,2026-06-17 14:00:00+00:00,1,106.15,0.06,0.7,46.56,0.28,3.53,5.5,0.98
6288,2,1263,2026-06-17 14:00:00+00:00,2,92.89,1.43,5.28,70.45,4.54,4.92,10.87,0.0
6289,3,1263,2026-06-17 14:00:00+00:00,1,90.5,0.14,0.66,54.86,0.31,0.5,0.5,0.16
6290,4,1263,2026-06-17 14:00:00+00:00,2,81.93,0.07,0.33,83.64,0.14,4.01,6.31,1.94
6291,5,1263,2026-06-17 14:00:00+00:00,1,141.2,1.48,4.25,42.77,1.03,8.38,9.77,0.93
6292,1,1264,2026-06-17 15:00:00+00:00,1,127.37,0.0,1.23,41.47,0.33,4.55,7.19,1.22
6293,2,1264,2026-06-17 15:00:00+00:00,2,93.32,1.25,5.26,75.0,4.66,5.1,11.64,0.0
6294,3,1264,2026-06-17 15:00:00+00:00,1,90.05,0.14,0.67,54.76,0.3,0.5,0.5,0.15
6295,4,1264,2026-06-17 15:00:00+00:00,2,81.3,0.08,0.37,83.51,0.12,3.86,6.2,1.8
6296,5,1264,2026-06-17 15:00:00+00:00,1,136.39,0.81,3.49,57.37,1.12,8.71,9.95,1.0
6297,1,1265,2026-06-17 16:00:00+00:00,1,154.79,0.0,1.7,35.89,0.39,5.93,9.56,1.45
6298,2,1265,2026-06-17 16:00:00+00:00,2,93.42,1.37,5.94,76.59,5.07,5.29,12.18,0.0
6299,3,1265,2026-06-17 16:00:00+00:00,1,89.66,0.11,0.74,53.71,0.3,0.5,0.5,0.16
6300,4,1265,2026-06-17 16:00:00+00:00,2,81.73,0.08,0.44,84.45,0.11,3.87,6.23,1.78
6301,5,1265,2026-06-17 16:00:00+00:00,2,112.95,0.19,1.47,95.62,1.22,6.77,7.36,0.64
6302,1,1266,2026-06-17 17:00:00+00:00,1,191.96,0.0,2.17,30.9,0.44,7.93,12.82,1.65
6303,2,1266,2026-06-17 17:00:00+00:00,2,93.75,1.6,7.49,76.4,5.76,5.68,12.86,0.01
6304,3,1266,2026-06-17 17:00:00+00:00,1,89.78,0.07,0.97,51.23,0.37,0.5,0.5,0.18
6305,4,1266,2026-06-17 17:00:00+00:00,2,81.91,0.08,0.51,84.83,0.12,3.95,6.31,1.85
6306,5,1266,2026-06-17 17:00:00+00:00,3,101.67,0.11,0.93,102.52,0.86,4.83,5.17,0.56
6307,1,1267,2026-06-17 18:00:00+00:00,1,226.45,0.0,2.54,26.92,0.45,9.99,15.96,1.47
6308,2,1267,2026-06-17 18:00:00+00:00,2,93.9,1.61,9.39,75.27,6.31,5.96,13.11,0.02
6309,3,1267,2026-06-17 18:00:00+00:00,1,89.9,0.01,1.19,48.62,0.43,0.5,0.5,0.19
6310,4,1267,2026-06-17 18:00:00+00:00,2,82.18,0.07,0.59,84.77,0.12,4.01,6.35,1.94
6311,5,1267,2026-06-17 18:00:00+00:00,3,98.59,0.11,0.87,102.19,0.71,4.08,4.35,0.58
6312,1,1268,2026-06-17 19:00:00+00:00,2,251.64,0.0,2.76,23.77,0.46,11.65,18.18,1.41
6313,2,1268,2026-06-17 19:00:00+00:00,2,94.36,1.08,12.19,72.58,6.81,6.19,13.24,0.02
6314,3,1268,2026-06-17 19:00:00+00:00,1,89.22,0.0,1.24,45.81,0.44,0.5,0.5,0.19
6315,4,1268,2026-06-17 19:00:00+00:00,2,82.99,0.07,1.39,72.77,0.15,4.14,6.44,2.38
6316,5,1268,2026-06-17 19:00:00+00:00,3,98.89,0.14,0.9,102.92,0.66,3.86,4.11,0.62
6317,1,1269,2026-06-17 20:00:00+00:00,2,266.77,0.0,2.86,21.81,0.44,12.63,19.28,1.39
6318,2,1269,2026-06-17 20:00:00+00:00,2,94.67,0.24,15.1,68.89,7.18,6.32,13.31,0.02
6319,3,1269,2026-06-17 20:00:00+00:00,1,89.17,0.0,1.19,42.8,0.4,0.5,0.5,0.18
6320,4,1269,2026-06-17 20:00:00+00:00,1,84.52,0.01,2.63,56.07,0.18,4.36,6.61,3.0
6321,5,1269,2026-06-17 20:00:00+00:00,3,99.28,0.17,1.1,101.81,0.66,3.89,4.14,0.66
6322,1,1270,2026-06-17 21:00:00+00:00,2,262.79,0.0,2.72,20.62,0.35,12.44,18.4,1.21
6323,2,1270,2026-06-17 21:00:00+00:00,2,95.26,0.0,15.93,65.91,7.33,6.35,13.25,0.02
6324,3,1270,2026-06-17 21:00:00+00:00,1,88.94,0.0,1.09,39.62,0.35,0.5,0.52,0.19
6325,4,1270,2026-06-17 21:00:00+00:00,1,85.88,0.0,3.52,44.06,0.18,4.55,6.76,3.43
6326,5,1270,2026-06-17 21:00:00+00:00,3,100.27,0.21,1.43,100.34,0.67,3.91,4.17,0.7
6327,1,1271,2026-06-17 22:00:00+00:00,2,251.04,0.0,2.5,20.13,0.3,11.75,16.88,1.15
6328,2,1271,2026-06-17 22:00:00+00:00,2,95.47,0.0,16.3,63.15,7.35,6.35,13.24,0.02
6329,3,1271,2026-06-17 22:00:00+00:00,1,88.08,0.0,0.99,36.32,0.3,0.51,0.55,0.19
6330,4,1271,2026-06-17 22:00:00+00:00,1,84.65,0.0,3.87,35.75,0.15,4.58,6.68,3.56
6331,5,1271,2026-06-17 22:00:00+00:00,2,108.37,0.39,2.84,90.98,0.67,4.05,4.34,0.82
6332,1,1272,2026-06-17 23:00:00+00:00,2,240.81,0.0,2.32,20.63,0.28,11.08,15.69,1.2
6333,2,1272,2026-06-17 23:00:00+00:00,2,95.94,0.0,17.1,60.07,7.47,6.43,13.42,0.02
6334,3,1272,2026-06-17 23:00:00+00:00,1,87.77,0.0,0.94,33.97,0.28,0.51,0.58,0.19
6335,4,1272,2026-06-17 23:00:00+00:00,1,84.32,0.0,3.59,31.94,0.13,4.58,6.56,3.55
6336,5,1272,2026-06-17 23:00:00+00:00,2,119.01,0.46,4.92,76.44,0.71,4.28,4.65,1.0
6337,1,1273,2026-06-18 00:00:00+00:00,2,230.0,0.0,2.14,21.92,0.28,10.36,14.64,1.28
6338,2,1273,2026-06-18 00:00:00+00:00,1,96.41,0.0,18.41,56.4,7.67,6.62,13.73,0.02
6339,3,1273,2026-06-18 00:00:00+00:00,1,87.46,0.0,0.92,32.4,0.28,0.55,0.62,0.19
6340,4,1273,2026-06-18 00:00:00+00:00,1,84.16,0.0,3.09,30.74,0.11,4.51,6.35,3.5
6341,5,1273,2026-06-18 00:00:00+00:00,2,124.89,0.21,6.64,66.39,0.83,4.53,5.01,1.16
6342,1,1274,2026-06-18 01:00:00+00:00,1,213.69,0.0,1.9,25.05,0.27,9.37,13.38,1.31
6343,2,1274,2026-06-18 01:00:00+00:00,1,96.95,0.0,20.44,51.96,7.93,6.93,14.16,0.02
6344,3,1274,2026-06-18 01:00:00+00:00,1,87.12,0.0,0.93,31.6,0.29,0.57,0.65,0.2
6345,4,1274,2026-06-18 01:00:00+00:00,1,83.62,0.0,2.66,29.59,0.11,4.39,6.06,3.29
6346,5,1274,2026-06-18 01:00:00+00:00,2,125.69,0.01,7.24,60.81,0.99,4.82,5.41,1.24
6347,1,1275,2026-06-18 02:00:00+00:00,1,205.38,0.0,1.77,26.26,0.26,8.89,12.76,1.31
6348,2,1275,2026-06-18 02:00:00+00:00,1,97.65,0.0,23.31,46.67,8.25,7.38,14.68,0.03
6349,3,1275,2026-06-18 02:00:00+00:00,1,87.12,0.0,0.98,30.96,0.31,0.58,0.66,0.21
6350,4,1275,2026-06-18 02:00:00+00:00,1,83.94,0.0,2.47,25.97,0.11,4.39,5.97,2.92
6351,5,1275,2026-06-18 02:00:00+00:00,1,126.57,0.0,6.99,58.39,1.12,5.33,6.02,1.29
6352,1,1276,2026-06-18 03:00:00+00:00,1,201.0,0.0,1.71,27.17,0.26,8.64,12.45,1.29
6353,2,1276,2026-06-18 03:00:00+00:00,1,98.44,0.0,26.07,41.67,8.6,7.86,15.16,0.04
6354,3,1276,2026-06-18 03:00:00+00:00,1,87.75,0.03,1.12,30.76,0.35,0.6,0.69,0.24
6355,4,1276,2026-06-18 03:00:00+00:00,1,85.07,0.0,2.45,22.96,0.13,4.47,6.01,2.4
6356,5,1276,2026-06-18 03:00:00+00:00,1,127.28,0.0,6.66,56.73,1.2,5.93,6.67,1.34
6357,1,1277,2026-06-18 04:00:00+00:00,1,205.0,0.01,1.81,27.72,0.29,8.6,12.9,1.2
6358,2,1277,2026-06-18 04:00:00+00:00,1,99.51,0.0,28.75,37.11,8.9,8.39,15.55,0.05
6359,3,1277,2026-06-18 04:00:00+00:00,1,89.07,0.05,1.38,31.17,0.41,0.57,0.66,0.27
6360,4,1277,2026-06-18 04:00:00+00:00,1,86.99,0.0,2.69,22.13,0.22,4.57,6.16,2.1
6361,5,1277,2026-06-18 04:00:00+00:00,1,123.87,0.0,5.94,54.67,1.19,6.32,7.06,1.36
6362,1,1278,2026-06-18 05:00:00+00:00,1,213.7,0.27,1.58,29.39,0.36,8.82,13.81,1.53
6363,2,1278,2026-06-18 05:00:00+00:00,1,100.41,0.05,31.36,32.92,9.13,8.94,15.79,0.06
6364,3,1278,2026-06-18 05:00:00+00:00,1,89.46,0.12,1.51,30.93,0.45,0.5,0.56,0.26
6365,4,1278,2026-06-18 05:00:00+00:00,1,90.58,0.09,3.64,20.31,0.29,4.8,6.5,2.3
6366,5,1278,2026-06-18 05:00:00+00:00,1,121.79,0.0,5.18,52.57,1.14,6.57,7.27,1.44
6367,1,1279,2026-06-18 06:00:00+00:00,1,219.67,0.34,1.12,36.46,0.43,9.82,15.17,1.87
6368,2,1279,2026-06-18 06:00:00+00:00,1,101.49,0.68,33.39,30.02,9.41,9.53,16.02,0.07
6369,3,1279,2026-06-18 06:00:00+00:00,1,89.04,0.19,1.51,30.61,0.47,0.5,0.51,0.27
6370,4,1279,2026-06-18 06:00:00+00:00,1,94.96,0.96,4.17,20.31,0.36,5.09,6.92,2.67
6371,5,1279,2026-06-18 06:00:00+00:00,1,120.41,0.0,4.47,51.94,1.14,6.56,7.22,1.54
6372,1,1280,2026-06-18 07:00:00+00:00,1,138.64,0.11,0.39,53.95,0.35,4.88,7.9,1.22
6373,2,1280,2026-06-18 07:00:00+00:00,2,102.66,2.71,33.38,29.31,9.65,10.26,16.32,0.07
6374,3,1280,2026-06-18 07:00:00+00:00,1,89.62,0.15,1.32,39.49,0.42,0.5,0.5,0.22
6375,4,1280,2026-06-18 07:00:00+00:00,1,98.42,1.76,3.85,26.08,0.4,5.35,7.29,3.19
6376,5,1280,2026-06-18 07:00:00+00:00,1,118.8,0.0,3.84,52.35,1.17,6.24,6.84,1.63
6377,1,1281,2026-06-18 08:00:00+00:00,1,125.6,0.07,0.24,57.09,0.36,4.49,7.17,1.13
6378,2,1281,2026-06-18 08:00:00+00:00,2,103.93,5.87,32.24,29.66,10.08,11.08,16.75,0.06
6379,3,1281,2026-06-18 08:00:00+00:00,1,89.42,0.11,1.01,49.4,0.35,0.5,0.5,0.15
6380,4,1281,2026-06-18 08:00:00+00:00,1,96.35,1.99,3.45,28.96,0.38,5.55,7.49,3.52
6381,5,1281,2026-06-18 08:00:00+00:00,1,117.24,0.0,3.29,52.82,1.26,5.8,6.36,1.68
6382,1,1282,2026-06-18 09:00:00+00:00,1,120.95,0.05,0.18,57.45,0.36,4.53,7.12,1.08
6383,2,1282,2026-06-18 09:00:00+00:00,2,105.38,9.77,30.23,31.13,11.17,11.86,17.24,0.05
6384,3,1282,2026-06-18 09:00:00+00:00,1,89.14,0.1,0.89,51.46,0.3,0.5,0.5,0.12
6385,4,1282,2026-06-18 09:00:00+00:00,1,92.04,1.42,2.84,38.74,0.34,6.04,8.0,3.68
6386,5,1282,2026-06-18 09:00:00+00:00,1,115.94,0.0,2.99,54.79,1.58,5.42,5.97,1.68
6387,1,1283,2026-06-18 10:00:00+00:00,2,93.17,0.04,0.13,62.54,0.28,2.72,4.23,0.62
6388,2,1283,2026-06-18 10:00:00+00:00,2,106.53,9.58,33.77,27.41,12.39,12.57,17.42,0.05
6389,3,1283,2026-06-18 10:00:00+00:00,1,89.13,0.11,0.83,49.88,0.28,0.5,0.5,0.11
6390,4,1283,2026-06-18 10:00:00+00:00,2,82.39,0.14,0.64,81.41,0.17,3.94,5.96,2.13
6391,5,1283,2026-06-18 10:00:00+00:00,1,115.12,0.0,2.94,58.24,2.03,5.05,5.64,1.68
6392,1,1284,2026-06-18 11:00:00+00:00,2,86.65,0.04,0.14,63.64,0.26,2.56,3.8,0.56
6393,2,1284,2026-06-18 11:00:00+00:00,2,106.93,10.52,33.45,28.2,12.7,13.4,17.45,0.03
6394,3,1284,2026-06-18 11:00:00+00:00,1,89.14,0.11,0.76,48.23,0.27,0.5,0.5,0.1
6395,4,1284,2026-06-18 11:00:00+00:00,2,78.79,0.07,0.36,85.48,0.13,3.17,4.86,1.7
6396,5,1284,2026-06-18 11:00:00+00:00,1,115.84,0.03,3.29,59.2,2.25,4.85,5.49,1.75
6397,1,1285,2026-06-18 12:00:00+00:00,2,86.34,0.04,0.17,63.76,0.26,2.79,4.01,0.62
6398,2,1285,2026-06-18 12:00:00+00:00,2,106.31,10.41,31.76,30.96,11.97,13.96,17.14,0.02
6399,3,1285,2026-06-18 12:00:00+00:00,1,89.15,0.1,0.71,47.35,0.25,0.5,0.5,0.09
6400,4,1285,2026-06-18 12:00:00+00:00,2,77.44,0.06,0.35,85.99,0.13,2.97,4.52,1.61
6401,5,1285,2026-06-18 12:00:00+00:00,2,119.26,0.25,3.55,60.23,2.29,5.02,5.68,1.83
6402,1,1286,2026-06-18 13:00:00+00:00,2,92.31,0.05,0.28,61.95,0.29,3.26,4.69,0.8
6403,2,1286,2026-06-18 13:00:00+00:00,2,104.58,10.73,25.4,39.3,10.25,12.91,15.3,0.02
6404,3,1286,2026-06-18 13:00:00+00:00,1,89.24,0.1,0.71,46.09,0.24,0.51,0.52,0.09
6405,4,1286,2026-06-18 13:00:00+00:00,2,78.57,0.07,0.42,87.22,0.13,2.96,4.43,1.69
6406,5,1286,2026-06-18 13:00:00+00:00,2,122.06,0.49,3.04,63.62,2.17,5.31,5.93,1.72
6407,1,1287,2026-06-18 14:00:00+00:00,1,104.59,0.04,0.57,57.93,0.34,4.0,5.82,1.1
6408,2,1287,2026-06-18 14:00:00+00:00,2,103.3,10.2,21.01,44.11,8.46,11.89,13.84,0.01
6409,3,1287,2026-06-18 14:00:00+00:00,1,89.6,0.08,0.82,43.9,0.24,0.57,0.6,0.09
6410,4,1287,2026-06-18 14:00:00+00:00,2,79.13,0.08,0.54,86.4,0.13,2.98,4.35,1.8
6411,5,1287,2026-06-18 14:00:00+00:00,2,121.01,0.45,2.19,66.3,1.92,5.21,5.77,1.39
6412,1,1288,2026-06-18 15:00:00+00:00,1,118.85,0.0,0.95,54.0,0.39,4.73,7.0,1.32
6413,2,1288,2026-06-18 15:00:00+00:00,2,102.21,9.13,17.82,48.01,7.07,11.19,12.98,0.0
6414,3,1288,2026-06-18 15:00:00+00:00,1,89.52,0.06,0.91,40.9,0.24,0.69,0.71,0.09
6415,4,1288,2026-06-18 15:00:00+00:00,2,80.02,0.08,0.74,85.66,0.13,3.08,4.31,1.91
6416,5,1288,2026-06-18 15:00:00+00:00,2,119.19,0.32,1.53,69.54,1.77,5.13,5.63,1.06
6417,1,1289,2026-06-18 16:00:00+00:00,1,141.96,0.0,1.37,49.21,0.51,5.95,9.03,1.75
6418,2,1289,2026-06-18 16:00:00+00:00,2,101.39,7.97,15.53,52.14,6.37,10.81,12.69,0.0
6419,3,1289,2026-06-18 16:00:00+00:00,1,89.09,0.03,1.02,36.84,0.24,0.78,0.81,0.09
6420,4,1289,2026-06-18 16:00:00+00:00,2,81.93,0.17,1.44,80.89,0.15,3.46,4.55,2.14
6421,5,1289,2026-06-18 16:00:00+00:00,2,118.21,0.2,1.31,69.53,1.58,4.6,5.04,0.78
6422,1,1290,2026-06-18 17:00:00+00:00,1,179.59,0.0,1.93,45.59,0.73,8.0,12.38,2.62
6423,2,1290,2026-06-18 17:00:00+00:00,2,100.75,6.47,15.29,54.09,6.21,10.57,12.48,0.0
6424,3,1290,2026-06-18 17:00:00+00:00,1,88.33,0.01,1.12,32.22,0.24,0.81,0.85,0.1
6425,4,1290,2026-06-18 17:00:00+00:00,2,84.19,0.28,2.11,74.09,0.16,3.87,4.9,2.39
6426,5,1290,2026-06-18 17:00:00+00:00,2,116.17,0.17,1.32,66.48,1.33,3.66,4.01,0.62
6427,1,1291,2026-06-18 18:00:00+00:00,2,215.84,0.0,2.41,42.94,0.94,10.16,15.74,3.5
6428,2,1291,2026-06-18 18:00:00+00:00,2,100.03,4.9,16.09,54.67,6.21,10.15,12.04,0.0
6429,3,1291,2026-06-18 18:00:00+00:00,1,87.38,0.0,1.17,28.62,0.23,0.75,0.78,0.1
6430,4,1291,2026-06-18 18:00:00+00:00,2,85.61,0.28,2.43,67.8,0.16,4.04,5.08,2.44
6431,5,1291,2026-06-18 18:00:00+00:00,2,114.57,0.16,1.29,65.06,1.09,2.91,3.19,0.53
6432,1,1292,2026-06-18 19:00:00+00:00,2,245.06,0.0,2.77,39.66,1.07,12.05,18.63,3.94
6433,2,1292,2026-06-18 19:00:00+00:00,1,99.62,2.77,18.35,53.08,6.29,9.52,11.32,0.02
6434,3,1292,2026-06-18 19:00:00+00:00,1,86.53,0.0,1.17,26.07,0.21,0.64,0.67,0.11
6435,4,1292,2026-06-18 19:00:00+00:00,1,84.85,0.17,2.75,58.48,0.15,3.98,5.04,2.31
6436,5,1292,2026-06-18 19:00:00+00:00,2,112.09,0.15,1.18,62.79,0.74,1.98,2.13,0.42
6437,1,1293,2026-06-18 20:00:00+00:00,2,262.84,0.0,2.98,37.34,1.14,13.27,20.38,4.26
6438,2,1293,2026-06-18 20:00:00+00:00,1,98.88,0.64,21.49,49.43,6.48,8.85,10.51,0.05
6439,3,1293,2026-06-18 20:00:00+00:00,1,85.94,0.0,1.15,23.66,0.2,0.58,0.61,0.12
6440,4,1293,2026-06-18 20:00:00+00:00,1,84.71,0.02,3.17,49.6,0.14,3.89,4.97,2.3
6441,5,1293,2026-06-18 20:00:00+00:00,2,108.55,0.17,1.1,60.34,0.43,1.17,1.24,0.32
6442,1,1294,2026-06-18 21:00:00+00:00,2,260.71,0.0,2.93,35.65,1.07,13.31,20.32,4.18
6443,2,1294,2026-06-18 21:00:00+00:00,1,98.7,0.01,22.92,46.45,6.81,8.37,9.87,0.06
6444,3,1294,2026-06-18 21:00:00+00:00,1,85.17,0.0,1.09,21.8,0.18,0.55,0.58,0.13
6445,4,1294,2026-06-18 21:00:00+00:00,1,84.23,0.0,3.33,43.32,0.13,3.73,4.81,2.39
6446,5,1294,2026-06-18 21:00:00+00:00,1,108.14,0.2,1.2,59.26,0.29,0.83,0.88,0.29
6447,1,1295,2026-06-18 22:00:00+00:00,2,251.75,0.0,2.73,33.36,0.84,12.87,19.67,3.54
6448,2,1295,2026-06-18 22:00:00+00:00,1,98.7,0.02,23.95,43.79,7.14,8.09,9.47,0.06
6449,3,1295,2026-06-18 22:00:00+00:00,1,84.06,0.0,1.03,21.0,0.18,0.57,0.6,0.15
6450,4,1295,2026-06-18 22:00:00+00:00,1,82.63,0.0,3.26,39.48,0.1,3.5,4.53,2.64
6451,5,1295,2026-06-18 22:00:00+00:00,1,111.17,0.24,1.63,57.52,0.24,0.75,0.8,0.32
6452,1,1296,2026-06-18 23:00:00+00:00,2,246.16,0.0,2.57,31.66,0.68,12.58,18.99,3.08
6453,2,1296,2026-06-18 23:00:00+00:00,1,98.6,0.02,25.08,40.73,7.3,7.92,9.21,0.07
6454,3,1296,2026-06-18 23:00:00+00:00,1,83.24,0.0,0.99,21.49,0.2,0.62,0.67,0.16
6455,4,1296,2026-06-18 23:00:00+00:00,1,81.41,0.0,2.91,38.5,0.09,3.29,4.28,2.9
6456,5,1296,2026-06-18 23:00:00+00:00,1,116.1,0.19,2.27,53.55,0.24,0.78,0.84,0.39
6457,1,1297,2026-06-19 00:00:00+00:00,2,240.15,0.0,2.43,30.67,0.58,12.26,18.3,2.8
6458,2,1297,2026-06-19 00:00:00+00:00,1,98.33,0.04,26.32,36.48,7.38,7.88,9.13,0.09
6459,3,1297,2026-06-19 00:00:00+00:00,1,82.15,0.0,0.97,23.01,0.21,0.7,0.77,0.17
6460,4,1297,2026-06-19 00:00:00+00:00,1,80.81,0.0,2.53,38.58,0.08,3.14,4.08,3.14
6461,5,1297,2026-06-19 00:00:00+00:00,1,119.45,0.06,2.73,48.7,0.22,0.78,0.86,0.35
6462,1,1298,2026-06-19 01:00:00+00:00,2,229.49,0.0,2.23,31.35,0.52,11.6,17.2,2.56
6463,2,1298,2026-06-19 01:00:00+00:00,1,98.01,0.06,28.35,30.9,7.52,8.03,9.25,0.1
6464,3,1298,2026-06-19 01:00:00+00:00,1,81.2,0.0,0.95,24.42,0.22,0.77,0.87,0.17
6465,4,1298,2026-06-19 01:00:00+00:00,1,79.89,0.0,2.23,37.86,0.07,3.02,3.9,3.33
6466,5,1298,2026-06-19 01:00:00+00:00,1,116.55,0.0,2.67,43.3,0.21,0.71,0.8,0.32
6467,1,1299,2026-06-19 02:00:00+00:00,2,222.39,0.0,2.09,31.7,0.48,11.11,16.26,2.36
6468,2,1299,2026-06-19 02:00:00+00:00,1,98.19,0.21,32.9,23.62,7.76,8.65,9.84,0.11
6469,3,1299,2026-06-19 02:00:00+00:00,1,80.3,0.01,0.94,24.17,0.23,0.83,0.97,0.18
6470,4,1299,2026-06-19 02:00:00+00:00,1,79.56,0.0,2.04,35.59,0.06,2.97,3.8,3.18
6471,5,1299,2026-06-19 02:00:00+00:00,1,114.44,0.0,2.5,40.62,0.24,0.62,0.71,0.44
6472,1,1300,2026-06-19 03:00:00+00:00,2,218.86,0.0,2.04,32.01,0.48,10.83,15.57,2.31
6473,2,1300,2026-06-19 03:00:00+00:00,1,99.29,0.59,39.13,15.74,8.36,9.77,10.98,0.1
6474,3,1300,2026-06-19 03:00:00+00:00,1,80.03,0.13,0.89,22.95,0.25,0.88,1.06,0.19
6475,4,1300,2026-06-19 03:00:00+00:00,1,78.96,0.0,1.9,34.11,0.06,2.95,3.74,2.67
6476,5,1300,2026-06-19 03:00:00+00:00,1,111.64,0.0,2.38,38.72,0.28,0.54,0.62,0.5
6477,1,1301,2026-06-19 04:00:00+00:00,2,224.99,0.01,2.15,31.89,0.55,10.99,15.93,2.43
6478,2,1301,2026-06-19 04:00:00+00:00,2,101.6,0.64,46.94,8.82,9.2,11.48,12.81,0.07
6479,3,1301,2026-06-19 04:00:00+00:00,1,80.75,0.31,0.88,22.76,0.29,0.93,1.15,0.2
6480,4,1301,2026-06-19 04:00:00+00:00,1,77.25,0.0,1.83,33.49,0.05,2.88,3.65,2.51
6481,5,1301,2026-06-19 04:00:00+00:00,1,109.04,0.0,2.2,37.9,0.29,0.5,0.55,0.4
6482,1,1302,2026-06-19 05:00:00+00:00,2,234.11,0.26,1.86,32.33,0.56,11.34,16.8,2.32
6483,2,1302,2026-06-19 05:00:00+00:00,2,103.67,1.78,51.7,7.23,9.84,13.17,14.65,0.04
6484,3,1302,2026-06-19 05:00:00+00:00,1,81.37,0.36,0.97,26.08,0.34,0.96,1.21,0.22
6485,4,1302,2026-06-19 05:00:00+00:00,1,77.0,0.03,2.19,34.41,0.07,2.83,3.61,3.19
6486,5,1302,2026-06-19 05:00:00+00:00,1,107.32,0.0,2.09,36.05,0.28,0.5,0.52,0.34
6487,1,1303,2026-06-19 06:00:00+00:00,2,236.85,0.33,1.23,38.31,0.55,12.4,17.93,2.19
6488,2,1303,2026-06-19 06:00:00+00:00,2,105.48,8.75,44.52,16.7,10.5,14.38,16.0,0.07
6489,3,1303,2026-06-19 06:00:00+00:00,1,81.44,0.25,1.04,33.56,0.39,0.99,1.27,0.26
6490,4,1303,2026-06-19 06:00:00+00:00,1,77.74,0.33,2.53,37.33,0.09,2.78,3.58,3.7
6491,5,1303,2026-06-19 06:00:00+00:00,1,106.72,0.0,2.04,33.95,0.28,0.5,0.51,0.32
6492,1,1304,2026-06-19 07:00:00+00:00,1,120.13,0.08,0.29,56.46,0.39,4.72,6.81,0.87
6493,2,1304,2026-06-19 07:00:00+00:00,2,105.12,12.91,35.93,24.74,11.72,14.79,16.49,0.1
6494,3,1304,2026-06-19 07:00:00+00:00,2,84.62,0.05,0.63,62.25,0.27,0.83,1.07,0.23
6495,4,1304,2026-06-19 07:00:00+00:00,1,78.16,0.58,2.2,44.6,0.1,2.72,3.53,4.17
6496,5,1304,2026-06-19 07:00:00+00:00,1,105.53,0.0,2.08,30.67,0.29,0.5,0.5,0.26
6497,1,1305,2026-06-19 08:00:00+00:00,2,105.59,0.05,0.17,60.6,0.32,3.97,5.49,0.71
6498,2,1305,2026-06-19 08:00:00+00:00,2,105.06,14.11,29.54,29.78,12.32,14.2,16.0,0.14
6499,3,1305,2026-06-19 08:00:00+00:00,2,84.86,0.04,0.44,69.39,0.21,0.68,0.86,0.23
6500,4,1305,2026-06-19 08:00:00+00:00,1,77.5,0.66,1.9,48.96,0.11,2.7,3.53,4.29
6501,5,1305,2026-06-19 08:00:00+00:00,1,105.25,0.0,2.23,26.66,0.31,0.5,0.53,0.2
6502,1,1306,2026-06-19 09:00:00+00:00,2,100.5,0.04,0.14,62.23,0.29,3.98,5.27,0.65
6503,2,1306,2026-06-19 09:00:00+00:00,2,104.91,14.03,24.88,33.6,12.75,13.3,15.23,0.16
6504,3,1306,2026-06-19 09:00:00+00:00,2,84.57,0.04,0.39,69.91,0.19,0.58,0.72,0.26
6505,4,1306,2026-06-19 09:00:00+00:00,1,77.01,0.5,1.47,57.19,0.12,2.85,3.71,4.31
6506,5,1306,2026-06-19 09:00:00+00:00,1,105.32,0.0,2.43,23.0,0.34,0.54,0.6,0.17
6507,1,1307,2026-06-19 10:00:00+00:00,2,91.28,0.04,0.15,69.49,0.24,3.5,4.41,0.5
6508,2,1307,2026-06-19 10:00:00+00:00,2,105.01,13.2,21.44,37.62,13.18,12.38,14.44,0.17
6509,3,1307,2026-06-19 10:00:00+00:00,2,84.77,0.05,0.36,70.39,0.18,0.52,0.64,0.29
6510,4,1307,2026-06-19 10:00:00+00:00,2,77.62,0.23,0.84,74.94,0.11,3.06,4.06,3.73
6511,5,1307,2026-06-19 10:00:00+00:00,1,105.02,0.0,2.65,19.57,0.35,0.61,0.68,0.18
6512,1,1308,2026-06-19 11:00:00+00:00,2,86.04,0.04,0.17,72.81,0.19,3.27,3.98,0.42
6513,2,1308,2026-06-19 11:00:00+00:00,2,104.92,11.81,18.89,42.53,13.39,11.75,13.96,0.14
6514,3,1308,2026-06-19 11:00:00+00:00,2,84.6,0.05,0.34,70.47,0.18,0.52,0.62,0.33
6515,4,1308,2026-06-19 11:00:00+00:00,2,77.25,0.15,0.61,83.12,0.11,3.22,4.28,3.29
6516,5,1308,2026-06-19 11:00:00+00:00,1,107.79,0.04,3.29,16.23,0.34,0.67,0.76,0.22
6517,1,1309,2026-06-19 12:00:00+00:00,2,85.36,0.05,0.21,73.56,0.18,3.36,4.01,0.4
6518,2,1309,2026-06-19 12:00:00+00:00,2,104.46,9.97,16.9,48.42,13.2,11.33,13.72,0.09
6519,3,1309,2026-06-19 12:00:00+00:00,2,84.69,0.06,0.36,70.55,0.18,0.54,0.65,0.35
6520,4,1309,2026-06-19 12:00:00+00:00,2,76.96,0.12,0.53,87.31,0.11,3.37,4.46,3.07
6521,5,1309,2026-06-19 12:00:00+00:00,1,115.16,0.25,4.37,12.98,0.33,0.71,0.83,0.28
6522,1,1310,2026-06-19 13:00:00+00:00,2,92.4,0.06,0.36,71.13,0.22,3.77,4.65,0.56
6523,2,1310,2026-06-19 13:00:00+00:00,2,103.6,7.83,15.46,55.24,12.26,10.96,13.53,0.04
6524,3,1310,2026-06-19 13:00:00+00:00,2,86.14,0.08,0.5,67.7,0.23,0.62,0.73,0.38
6525,4,1310,2026-06-19 13:00:00+00:00,2,76.99,0.08,0.36,94.94,0.09,2.92,3.99,2.19
6526,5,1310,2026-06-19 13:00:00+00:00,1,121.44,0.7,4.63,11.77,0.33,0.76,0.89,0.32
6527,1,1311,2026-06-19 14:00:00+00:00,2,104.66,0.04,0.67,65.7,0.28,4.41,5.71,0.84
6528,2,1311,2026-06-19 14:00:00+00:00,2,102.25,5.78,14.2,61.8,10.72,10.45,13.1,0.01
6529,3,1311,2026-06-19 14:00:00+00:00,2,88.26,0.1,0.71,61.4,0.27,0.73,0.83,0.36
6530,4,1311,2026-06-19 14:00:00+00:00,2,76.23,0.07,0.33,98.86,0.07,2.51,3.47,1.7
6531,5,1311,2026-06-19 14:00:00+00:00,1,124.34,1.01,4.27,13.62,0.37,0.87,1.03,0.31
6532,1,1312,2026-06-19 15:00:00+00:00,2,117.07,0.0,1.04,60.61,0.32,4.94,6.68,1.09
6533,2,1312,2026-06-19 15:00:00+00:00,2,101.26,4.27,13.08,67.18,9.44,9.88,12.48,0.0
6534,3,1312,2026-06-19 15:00:00+00:00,1,90.13,0.09,0.84,56.18,0.29,0.85,0.95,0.28
6535,4,1312,2026-06-19 15:00:00+00:00,2,75.64,0.07,0.37,99.89,0.07,2.39,3.31,1.57
6536,5,1312,2026-06-19 15:00:00+00:00,1,126.61,1.07,3.99,19.27,0.52,1.22,1.4,0.36
6537,1,1313,2026-06-19 16:00:00+00:00,1,133.84,0.0,1.33,54.72,0.38,5.7,8.06,1.43
6538,2,1313,2026-06-19 16:00:00+00:00,2,100.37,3.17,11.24,71.21,8.07,8.76,11.2,0.0
6539,3,1313,2026-06-19 16:00:00+00:00,1,89.43,0.07,0.98,47.55,0.29,0.97,1.08,0.25
6540,4,1313,2026-06-19 16:00:00+00:00,2,76.17,0.08,0.48,99.28,0.07,2.42,3.35,1.57
6541,5,1313,2026-06-19 16:00:00+00:00,1,126.88,0.89,3.65,31.5,0.75,1.93,2.14,0.45
6542,1,1314,2026-06-19 17:00:00+00:00,1,159.09,0.0,1.64,49.56,0.46,6.93,10.1,1.83
6543,2,1314,2026-06-19 17:00:00+00:00,2,99.66,2.49,10.45,72.34,7.11,7.74,10.11,0.0
6544,3,1314,2026-06-19 17:00:00+00:00,1,88.94,0.05,1.13,38.65,0.29,1.09,1.21,0.25
6545,4,1314,2026-06-19 17:00:00+00:00,2,76.61,0.08,0.67,96.08,0.08,2.51,3.49,1.68
6546,5,1314,2026-06-19 17:00:00+00:00,1,124.89,0.62,2.69,49.5,0.94,2.9,3.14,0.56
6547,1,1315,2026-06-19 18:00:00+00:00,1,179.83,0.0,1.83,45.68,0.49,8.01,11.81,2.07
6548,2,1315,2026-06-19 18:00:00+00:00,2,98.77,1.84,10.08,71.27,6.29,6.56,8.81,0.0
6549,3,1315,2026-06-19 18:00:00+00:00,1,87.46,0.01,1.25,32.67,0.28,1.18,1.31,0.25
6550,4,1315,2026-06-19 18:00:00+00:00,2,77.13,0.06,0.87,92.28,0.1,2.61,3.62,1.85
6551,5,1315,2026-06-19 18:00:00+00:00,2,121.68,0.36,1.68,67.26,1.03,4.04,4.29,0.64
6552,1,1316,2026-06-19 19:00:00+00:00,1,194.84,0.0,1.93,42.59,0.51,8.86,13.1,2.22
6553,2,1316,2026-06-19 19:00:00+00:00,2,97.68,0.96,10.32,68.29,5.63,5.4,7.5,0.0
6554,3,1316,2026-06-19 19:00:00+00:00,1,86.21,0.0,1.32,29.36,0.27,1.26,1.4,0.26
6555,4,1316,2026-06-19 19:00:00+00:00,2,78.22,0.04,1.66,80.09,0.13,2.74,3.76,2.33
6556,5,1316,2026-06-19 19:00:00+00:00,2,119.0,0.26,1.29,78.54,1.01,4.74,5.01,0.71
6557,1,1317,2026-06-19 20:00:00+00:00,1,203.38,0.0,1.95,40.72,0.48,9.34,13.72,2.2
6558,2,1317,2026-06-19 20:00:00+00:00,2,97.39,0.23,12.76,64.35,6.03,5.1,7.32,0.0
6559,3,1317,2026-06-19 20:00:00+00:00,1,85.0,0.0,1.3,27.5,0.25,1.38,1.52,0.25
6560,4,1317,2026-06-19 20:00:00+00:00,2,79.97,0.01,2.69,64.6,0.15,2.91,3.95,2.96
6561,5,1317,2026-06-19 20:00:00+00:00,2,117.53,0.29,1.53,82.56,0.95,4.92,5.19,0.75
6562,1,1318,2026-06-19 21:00:00+00:00,1,197.1,0.0,1.81,39.65,0.38,8.97,12.94,1.91
6563,2,1318,2026-06-19 21:00:00+00:00,2,97.11,0.0,13.96,60.88,6.4,4.84,7.08,0.01
6564,3,1318,2026-06-19 21:00:00+00:00,1,83.52,0.0,1.15,25.9,0.22,1.55,1.66,0.23
6565,4,1318,2026-06-19 21:00:00+00:00,1,81.21,0.0,3.39,53.59,0.15,3.08,4.11,3.22
6566,5,1318,2026-06-19 21:00:00+00:00,2,117.46,0.36,2.08,84.48,0.93,4.84,5.11,0.77
6567,1,1319,2026-06-19 22:00:00+00:00,1,181.87,0.0,1.56,39.24,0.29,8.09,11.44,1.63
6568,2,1319,2026-06-19 22:00:00+00:00,1,97.08,0.0,15.38,57.38,6.83,4.74,6.95,0.01
6569,3,1319,2026-06-19 22:00:00+00:00,1,81.4,0.0,0.97,23.77,0.17,1.67,1.76,0.21
6570,4,1319,2026-06-19 22:00:00+00:00,1,78.69,0.0,3.66,43.06,0.12,3.1,4.09,3.11
6571,5,1319,2026-06-19 22:00:00+00:00,2,123.73,0.6,3.48,79.74,0.87,4.69,4.98,0.82
6572,1,1320,2026-06-19 23:00:00+00:00,1,167.88,0.0,1.34,40.0,0.24,7.27,10.15,1.46
6573,2,1320,2026-06-19 23:00:00+00:00,1,97.49,0.0,18.03,53.76,7.57,4.97,7.18,0.02
6574,3,1320,2026-06-19 23:00:00+00:00,1,80.08,0.0,0.83,21.0,0.15,1.68,1.75,0.2
6575,4,1320,2026-06-19 23:00:00+00:00,1,77.61,0.0,3.44,35.5,0.09,3.14,4.12,3.17
6576,5,1320,2026-06-19 23:00:00+00:00,2,130.5,0.74,5.07,69.5,0.8,4.43,4.76,0.9
6577,1,1321,2026-06-20 00:00:00+00:00,1,156.39,0.0,1.18,41.23,0.22,6.61,9.17,1.38
6578,2,1321,2026-06-20 00:00:00+00:00,1,98.28,0.0,20.97,50.02,8.31,5.36,7.57,0.02
6579,3,1321,2026-06-20 00:00:00+00:00,1,79.02,0.0,0.74,18.64,0.14,1.56,1.62,0.2
6580,4,1321,2026-06-20 00:00:00+00:00,1,76.62,0.0,3.0,30.22,0.07,3.17,4.15,3.03
6581,5,1321,2026-06-20 00:00:00+00:00,2,130.85,0.38,6.14,60.98,0.76,4.02,4.4,0.97
6582,1,1322,2026-06-20 01:00:00+00:00,1,146.34,0.0,1.06,42.07,0.2,6.05,8.4,1.32
6583,2,1322,2026-06-20 01:00:00+00:00,1,99.05,0.0,24.18,45.87,8.95,5.92,8.12,0.03
6584,3,1322,2026-06-20 01:00:00+00:00,1,77.45,0.0,0.66,16.5,0.14,1.37,1.42,0.19
6585,4,1322,2026-06-20 01:00:00+00:00,1,75.52,0.0,2.66,26.01,0.05,3.18,4.16,2.72
6586,5,1322,2026-06-20 01:00:00+00:00,1,126.65,0.02,6.31,54.28,0.75,3.62,4.03,0.98
6587,1,1323,2026-06-20 02:00:00+00:00,1,140.06,0.0,1.0,42.43,0.19,5.7,7.94,1.26
6588,2,1323,2026-06-20 02:00:00+00:00,1,100.36,0.0,27.5,41.36,9.45,6.68,8.91,0.03
6589,3,1323,2026-06-20 02:00:00+00:00,1,76.55,0.01,0.62,14.41,0.16,1.18,1.23,0.2
6590,4,1323,2026-06-20 02:00:00+00:00,1,74.76,0.0,2.44,22.34,0.05,3.21,4.19,2.33
6591,5,1323,2026-06-20 02:00:00+00:00,1,121.61,0.0,5.42,51.06,0.76,3.26,3.66,1.09
6592,1,1324,2026-06-20 03:00:00+00:00,1,137.4,0.0,1.0,42.88,0.19,5.53,7.79,1.2
6593,2,1324,2026-06-20 03:00:00+00:00,1,101.76,0.0,30.13,37.08,9.73,7.53,9.77,0.04
6594,3,1324,2026-06-20 03:00:00+00:00,1,76.2,0.11,0.58,12.73,0.19,1.06,1.11,0.21
6595,4,1324,2026-06-20 03:00:00+00:00,1,74.26,0.0,2.34,19.48,0.04,3.25,4.22,2.26
6596,5,1324,2026-06-20 03:00:00+00:00,1,114.72,0.0,4.35,51.3,0.8,2.84,3.22,1.22
6597,1,1325,2026-06-20 04:00:00+00:00,1,142.49,0.0,1.13,43.23,0.25,5.71,8.3,1.35
6598,2,1325,2026-06-20 04:00:00+00:00,1,103.26,0.0,31.68,33.32,9.79,8.38,10.61,0.06
6599,3,1325,2026-06-20 04:00:00+00:00,1,76.79,0.31,0.57,11.9,0.26,0.98,1.05,0.22
6600,4,1325,2026-06-20 04:00:00+00:00,1,73.86,0.01,2.34,17.87,0.04,3.27,4.26,2.33
6601,5,1325,2026-06-20 04:00:00+00:00,1,107.08,0.0,3.39,50.21,0.78,2.5,2.85,1.32
6602,1,1326,2026-06-20 05:00:00+00:00,1,149.3,0.13,1.07,44.62,0.33,5.95,8.87,1.64
6603,2,1326,2026-06-20 05:00:00+00:00,1,104.4,0.21,32.03,30.85,9.63,9.13,11.35,0.07
6604,3,1326,2026-06-20 05:00:00+00:00,1,77.24,0.44,0.57,12.9,0.34,0.96,1.04,0.21
6605,4,1326,2026-06-20 05:00:00+00:00,1,74.8,0.11,2.7,16.89,0.06,3.36,4.4,2.39
6606,5,1326,2026-06-20 05:00:00+00:00,1,103.01,0.0,2.72,47.02,0.69,2.4,2.74,1.38
6607,1,1327,2026-06-20 06:00:00+00:00,1,144.84,0.18,0.73,50.08,0.36,5.84,8.65,1.61
6608,2,1327,2026-06-20 06:00:00+00:00,1,104.98,1.94,28.99,31.96,9.19,9.6,11.81,0.07
6609,3,1327,2026-06-20 06:00:00+00:00,1,77.5,0.4,0.59,17.67,0.47,1.05,1.14,0.19
6610,4,1327,2026-06-20 06:00:00+00:00,1,76.37,0.88,2.72,17.34,0.08,3.46,4.57,2.57
6611,5,1327,2026-06-20 06:00:00+00:00,1,99.65,0.0,2.18,44.66,0.61,2.43,2.77,1.4
6612,1,1328,2026-06-20 07:00:00+00:00,2,83.48,0.04,0.15,66.77,0.18,1.82,2.8,0.36
6613,2,1328,2026-06-20 07:00:00+00:00,1,104.45,4.46,23.58,35.16,8.59,9.63,11.8,0.07
6614,3,1328,2026-06-20 07:00:00+00:00,1,85.5,0.11,0.42,56.96,0.57,1.17,1.23,0.07
6615,4,1328,2026-06-20 07:00:00+00:00,1,77.88,1.11,2.34,25.79,0.09,3.49,4.64,2.95
6616,5,1328,2026-06-20 07:00:00+00:00,1,96.78,0.0,1.85,42.4,0.54,2.54,2.9,1.39
6617,1,1329,2026-06-20 08:00:00+00:00,2,78.62,0.03,0.09,64.59,0.15,1.45,2.21,0.29
6618,2,1329,2026-06-20 08:00:00+00:00,1,104.07,6.34,19.3,37.91,8.16,9.4,11.55,0.06
6619,3,1329,2026-06-20 08:00:00+00:00,2,87.94,0.07,0.31,68.02,0.42,1.15,1.2,0.07
6620,4,1329,2026-06-20 08:00:00+00:00,1,77.64,1.05,2.05,32.01,0.1,3.59,4.77,3.2
6621,5,1329,2026-06-20 08:00:00+00:00,1,94.87,0.0,1.7,40.01,0.48,2.72,3.09,1.36
6622,1,1330,2026-06-20 09:00:00+00:00,2,77.35,0.02,0.07,61.85,0.14,1.48,2.21,0.28
6623,2,1330,2026-06-20 09:00:00+00:00,1,103.7,7.52,16.71,39.72,8.02,9.19,11.4,0.07
6624,3,1330,2026-06-20 09:00:00+00:00,2,87.42,0.06,0.26,71.65,0.35,1.08,1.14,0.09
6625,4,1330,2026-06-20 09:00:00+00:00,1,77.22,0.74,1.73,40.19,0.1,4.02,5.21,3.43
6626,5,1330,2026-06-20 09:00:00+00:00,1,93.68,0.0,1.69,37.26,0.43,2.9,3.29,1.3
6627,1,1331,2026-06-20 10:00:00+00:00,2,76.0,0.02,0.07,60.84,0.12,1.37,1.99,0.24
6628,2,1331,2026-06-20 10:00:00+00:00,1,103.88,8.35,15.28,41.33,8.07,9.2,11.49,0.07
6629,3,1331,2026-06-20 10:00:00+00:00,2,86.02,0.06,0.23,74.42,0.27,0.93,0.99,0.14
6630,4,1331,2026-06-20 10:00:00+00:00,2,79.96,0.19,0.8,73.54,0.12,4.26,5.7,3.28
6631,5,1331,2026-06-20 10:00:00+00:00,1,92.32,0.0,1.84,33.55,0.38,3.04,3.44,1.2
6632,1,1332,2026-06-20 11:00:00+00:00,1,74.84,0.02,0.07,59.86,0.11,1.31,1.86,0.22
6633,2,1332,2026-06-20 11:00:00+00:00,1,104.61,9.01,14.77,42.75,8.31,9.53,11.96,0.07
6634,3,1332,2026-06-20 11:00:00+00:00,2,84.28,0.05,0.2,74.45,0.21,0.77,0.82,0.19
6635,4,1332,2026-06-20 11:00:00+00:00,2,79.65,0.11,0.49,81.88,0.11,4.23,5.61,3.01
6636,5,1332,2026-06-20 11:00:00+00:00,1,94.57,0.09,2.51,27.89,0.34,3.16,3.6,1.1
6637,1,1333,2026-06-20 12:00:00+00:00,1,74.57,0.02,0.07,58.89,0.1,1.34,1.88,0.23
6638,2,1333,2026-06-20 12:00:00+00:00,2,105.53,9.54,14.96,44.05,8.67,10.19,12.96,0.06
6639,3,1333,2026-06-20 12:00:00+00:00,2,83.69,0.05,0.19,76.08,0.17,0.63,0.69,0.21
6640,4,1333,2026-06-20 12:00:00+00:00,2,79.25,0.09,0.4,85.19,0.1,4.16,5.42,2.81
6641,5,1333,2026-06-20 12:00:00+00:00,1,102.73,1.0,3.0,22.92,0.3,3.32,3.81,1.04
6642,1,1334,2026-06-20 13:00:00+00:00,1,79.38,0.03,0.16,56.32,0.12,1.56,2.26,0.36
6643,2,1334,2026-06-20 13:00:00+00:00,2,106.18,9.72,15.73,44.68,9.06,11.04,14.44,0.04
6644,3,1334,2026-06-20 13:00:00+00:00,2,84.46,0.05,0.22,79.33,0.19,0.56,0.61,0.23
6645,4,1334,2026-06-20 13:00:00+00:00,2,79.38,0.1,0.47,85.49,0.08,3.72,4.78,2.52
6646,5,1334,2026-06-20 13:00:00+00:00,1,111.86,2.21,3.03,21.58,0.29,3.49,4.06,1.06
6647,1,1335,2026-06-20 14:00:00+00:00,1,87.86,0.03,0.35,52.18,0.15,1.94,2.91,0.56
6648,2,1335,2026-06-20 14:00:00+00:00,2,106.56,9.37,17.07,44.61,9.55,11.9,15.95,0.04
6649,3,1335,2026-06-20 14:00:00+00:00,2,85.18,0.06,0.28,80.55,0.23,0.55,0.59,0.24
6650,4,1335,2026-06-20 14:00:00+00:00,2,79.17,0.14,0.75,81.11,0.07,3.35,4.23,2.37
6651,5,1335,2026-06-20 14:00:00+00:00,1,116.46,2.26,3.22,27.45,0.3,3.72,4.34,1.08
6652,1,1336,2026-06-20 15:00:00+00:00,1,96.59,0.0,0.58,48.48,0.17,2.29,3.51,0.7
6653,2,1336,2026-06-20 15:00:00+00:00,2,105.84,8.33,18.32,44.81,10.06,12.4,16.9,0.04
6654,3,1336,2026-06-20 15:00:00+00:00,2,85.18,0.06,0.34,80.55,0.28,0.53,0.57,0.24
6655,4,1336,2026-06-20 15:00:00+00:00,2,79.14,0.16,1.24,77.83,0.07,3.23,4.02,2.5
6656,5,1336,2026-06-20 15:00:00+00:00,1,117.99,1.21,2.95,45.77,0.35,4.29,4.94,1.05
6657,1,1337,2026-06-20 16:00:00+00:00,1,104.02,0.0,0.72,44.91,0.18,2.65,4.09,0.78
6658,2,1337,2026-06-20 16:00:00+00:00,2,103.64,6.65,18.77,46.11,10.18,12.12,16.77,0.04
6659,3,1337,2026-06-20 16:00:00+00:00,2,85.45,0.06,0.5,75.68,0.35,0.51,0.57,0.31
6660,4,1337,2026-06-20 16:00:00+00:00,2,79.06,0.18,1.76,75.02,0.08,3.24,4.0,2.73
6661,5,1337,2026-06-20 16:00:00+00:00,2,102.61,0.18,0.9,85.77,0.99,4.59,4.91,0.68
6662,1,1338,2026-06-20 17:00:00+00:00,1,110.7,0.0,0.78,43.17,0.18,2.97,4.54,0.75
6663,2,1338,2026-06-20 17:00:00+00:00,2,101.06,5.53,18.36,48.08,9.85,11.18,15.64,0.04
6664,3,1338,2026-06-20 17:00:00+00:00,2,85.8,0.05,0.74,67.79,0.41,0.5,0.57,0.41
6665,4,1338,2026-06-20 17:00:00+00:00,2,79.36,0.17,1.82,72.84,0.09,3.27,4.03,2.75
6666,5,1338,2026-06-20 17:00:00+00:00,2,99.69,0.13,0.7,87.55,0.97,4.64,4.91,0.63
6667,1,1339,2026-06-20 18:00:00+00:00,1,110.52,0.0,0.72,43.09,0.16,2.95,4.5,0.52
6668,2,1339,2026-06-20 18:00:00+00:00,2,99.13,4.58,18.7,48.47,9.61,10.07,14.2,0.04
6669,3,1339,2026-06-20 18:00:00+00:00,2,85.88,0.01,0.99,61.53,0.45,0.5,0.56,0.48
6670,4,1339,2026-06-20 18:00:00+00:00,2,79.67,0.1,1.57,74.65,0.09,3.07,3.78,2.68
6671,5,1339,2026-06-20 18:00:00+00:00,2,99.05,0.13,0.68,86.85,0.95,4.8,5.07,0.62
6672,1,1340,2026-06-20 19:00:00+00:00,1,96.86,0.0,0.49,45.09,0.13,2.24,3.49,0.32
6673,2,1340,2026-06-20 19:00:00+00:00,1,98.25,2.78,21.57,45.49,9.54,9.22,13.03,0.04
6674,3,1340,2026-06-20 19:00:00+00:00,1,84.94,0.0,1.22,53.27,0.46,0.5,0.58,0.53
6675,4,1340,2026-06-20 19:00:00+00:00,2,80.19,0.04,1.53,74.52,0.09,2.81,3.47,2.73
6676,5,1340,2026-06-20 19:00:00+00:00,2,100.17,0.12,0.86,85.04,0.93,5.01,5.3,0.63
6677,1,1341,2026-06-20 20:00:00+00:00,1,89.9,0.0,0.4,45.37,0.11,1.78,2.86,0.25
6678,2,1341,2026-06-20 20:00:00+00:00,1,98.43,0.66,26.41,39.86,10.02,8.87,12.38,0.05
6679,3,1341,2026-06-20 20:00:00+00:00,1,84.32,0.0,1.41,43.65,0.41,0.51,0.62,0.5
6680,4,1341,2026-06-20 20:00:00+00:00,2,80.86,0.01,1.88,65.88,0.11,2.85,3.54,3.02
6681,5,1341,2026-06-20 20:00:00+00:00,2,101.39,0.15,1.19,81.11,0.9,5.11,5.42,0.64
6682,1,1342,2026-06-20 21:00:00+00:00,1,82.02,0.0,0.32,45.62,0.09,1.38,2.3,0.18
6683,2,1342,2026-06-20 21:00:00+00:00,1,98.98,0.0,29.35,35.32,11.11,8.84,12.06,0.05
6684,3,1342,2026-06-20 21:00:00+00:00,1,83.25,0.0,1.47,35.87,0.36,0.53,0.66,0.4
6685,4,1342,2026-06-20 21:00:00+00:00,1,81.53,0.0,2.12,58.46,0.11,2.84,3.53,3.28
6686,5,1342,2026-06-20 21:00:00+00:00,2,103.29,0.2,1.61,78.6,0.86,5.14,5.44,0.66
6687,1,1343,2026-06-20 22:00:00+00:00,1,73.69,0.0,0.24,46.71,0.07,1.03,1.84,0.13
6688,2,1343,2026-06-20 22:00:00+00:00,1,99.59,0.0,31.75,31.59,12.17,9.04,12.01,0.05
6689,3,1343,2026-06-20 22:00:00+00:00,1,80.82,0.0,1.41,29.86,0.32,0.55,0.7,0.31
6690,4,1343,2026-06-20 22:00:00+00:00,1,79.94,0.0,2.25,50.47,0.09,2.72,3.38,3.48
6691,5,1343,2026-06-20 22:00:00+00:00,2,110.15,0.34,2.77,70.08,0.77,5.21,5.54,0.8
6692,1,1344,2026-06-20 23:00:00+00:00,1,69.39,0.0,0.2,47.51,0.07,0.94,1.86,0.12
6693,2,1344,2026-06-20 23:00:00+00:00,1,100.45,0.01,34.55,27.49,12.23,9.35,12.18,0.05
6694,3,1344,2026-06-20 23:00:00+00:00,1,79.3,0.0,1.35,26.12,0.31,0.59,0.75,0.27
6695,4,1344,2026-06-20 23:00:00+00:00,1,78.98,0.0,2.22,43.06,0.08,2.62,3.27,3.71
6696,5,1344,2026-06-20 23:00:00+00:00,1,117.25,0.43,4.13,58.58,0.69,5.28,5.68,1.0
6697,1,1345,2026-06-21 00:00:00+00:00,1,67.45,0.0,0.18,48.07,0.07,0.96,2.11,0.11
6698,2,1345,2026-06-21 00:00:00+00:00,1,101.12,0.02,38.01,22.71,12.15,9.74,12.53,0.04
6699,3,1345,2026-06-21 00:00:00+00:00,1,77.79,0.0,1.29,23.35,0.3,0.63,0.79,0.25
6700,4,1345,2026-06-21 00:00:00+00:00,1,77.92,0.0,2.12,36.61,0.07,2.55,3.19,3.85
6701,5,1345,2026-06-21 00:00:00+00:00,1,120.04,0.22,5.23,50.21,0.67,5.32,5.8,1.17
6702,1,1346,2026-06-21 01:00:00+00:00,1,66.74,0.0,0.17,48.15,0.07,1.01,2.4,0.11
6703,2,1346,2026-06-21 01:00:00+00:00,2,101.61,0.04,41.2,17.8,11.99,10.11,12.88,0.05
6704,3,1346,2026-06-21 01:00:00+00:00,1,74.64,0.0,1.19,18.1,0.22,0.67,0.83,0.24
6705,4,1346,2026-06-21 01:00:00+00:00,1,76.25,0.0,2.01,30.7,0.06,2.48,3.12,3.47
6706,5,1346,2026-06-21 01:00:00+00:00,1,121.83,0.01,6.15,40.79,0.62,5.43,6.0,1.35
6707,1,1347,2026-06-21 02:00:00+00:00,1,66.94,0.0,0.17,49.02,0.07,1.04,2.57,0.12
6708,2,1347,2026-06-21 02:00:00+00:00,2,102.2,0.09,43.57,13.34,11.77,10.39,13.07,0.06
6709,3,1347,2026-06-21 02:00:00+00:00,1,71.1,0.03,1.09,11.72,0.15,0.71,0.86,0.27
6710,4,1347,2026-06-21 02:00:00+00:00,1,75.92,0.0,1.97,25.57,0.05,2.47,3.12,2.48
6711,5,1347,2026-06-21 02:00:00+00:00,1,124.54,0.0,6.74,31.18,0.52,5.59,6.24,1.54
6712,1,1348,2026-06-21 03:00:00+00:00,1,67.43,0.0,0.17,50.3,0.08,1.05,2.68,0.13
6713,2,1348,2026-06-21 03:00:00+00:00,2,102.42,0.2,45.4,9.08,11.63,10.63,13.15,0.08
6714,3,1348,2026-06-21 03:00:00+00:00,1,69.61,0.39,0.86,7.63,0.15,0.76,0.92,0.32
6715,4,1348,2026-06-21 03:00:00+00:00,1,76.11,0.0,2.02,21.0,0.05,2.52,3.2,1.77
6716,5,1348,2026-06-21 03:00:00+00:00,1,125.95,0.01,7.09,24.04,0.41,5.64,6.35,1.75
6717,1,1349,2026-06-21 04:00:00+00:00,1,68.8,0.0,0.2,51.0,0.1,1.06,2.84,0.18
6718,2,1349,2026-06-21 04:00:00+00:00,2,101.71,0.53,46.13,4.71,11.27,10.87,13.22,0.12
6719,3,1349,2026-06-21 04:00:00+00:00,1,71.13,1.12,0.66,5.54,0.2,0.81,0.99,0.4
6720,4,1349,2026-06-21 04:00:00+00:00,1,76.07,0.01,2.16,17.09,0.06,2.65,3.36,1.47
6721,5,1349,2026-06-21 04:00:00+00:00,1,122.14,0.02,6.75,18.68,0.31,5.48,6.2,1.83
6722,1,1350,2026-06-21 05:00:00+00:00,1,71.0,0.02,0.22,51.83,0.12,1.07,3.05,0.26
6723,2,1350,2026-06-21 05:00:00+00:00,2,100.61,3.07,43.18,3.94,10.96,11.11,13.29,0.15
6724,3,1350,2026-06-21 05:00:00+00:00,1,72.18,1.67,0.63,5.46,0.24,0.86,1.05,0.52
6725,4,1350,2026-06-21 05:00:00+00:00,1,77.76,0.09,2.59,14.2,0.07,2.87,3.64,1.3
6726,5,1350,2026-06-21 05:00:00+00:00,1,116.38,0.03,5.83,14.7,0.24,5.34,6.07,1.68
6727,1,1351,2026-06-21 06:00:00+00:00,1,72.53,0.04,0.19,52.67,0.14,1.09,3.26,0.33
6728,2,1351,2026-06-21 06:00:00+00:00,2,99.32,11.19,32.05,11.69,11.02,11.37,13.39,0.17
6729,3,1351,2026-06-21 06:00:00+00:00,1,71.42,1.63,0.77,8.21,0.25,0.97,1.14,0.63
6730,4,1351,2026-06-21 06:00:00+00:00,1,80.35,0.92,2.57,13.25,0.09,3.12,3.98,1.22
6731,5,1351,2026-06-21 06:00:00+00:00,1,109.97,0.04,4.86,11.63,0.18,5.17,5.91,1.49
6732,1,1352,2026-06-21 07:00:00+00:00,1,71.82,0.04,0.14,55.29,0.15,1.06,3.34,0.33
6733,2,1352,2026-06-21 07:00:00+00:00,2,98.67,16.44,26.16,14.27,11.41,11.76,13.62,0.18
6734,3,1352,2026-06-21 07:00:00+00:00,2,80.43,0.13,0.42,67.49,0.43,0.78,0.91,0.21
6735,4,1352,2026-06-21 07:00:00+00:00,1,82.83,1.9,2.21,14.37,0.12,3.31,4.27,1.17
6736,5,1352,2026-06-21 07:00:00+00:00,1,102.61,0.06,4.03,9.61,0.15,4.92,5.66,1.29
6737,1,1353,2026-06-21 08:00:00+00:00,1,69.87,0.03,0.1,56.1,0.15,1.09,3.46,0.32
6738,2,1353,2026-06-21 08:00:00+00:00,2,98.19,20.69,22.06,15.36,12.01,12.23,14.0,0.17
6739,3,1353,2026-06-21 08:00:00+00:00,2,81.08,0.08,0.28,75.13,0.39,0.74,0.86,0.18
6740,4,1353,2026-06-21 08:00:00+00:00,1,84.73,2.26,2.14,17.47,0.14,3.51,4.56,1.5
6741,5,1353,2026-06-21 08:00:00+00:00,1,96.46,0.08,3.4,8.52,0.14,4.72,5.45,1.13
6742,1,1354,2026-06-21 09:00:00+00:00,1,68.17,0.02,0.07,55.31,0.15,1.2,3.7,0.32
6743,2,1354,2026-06-21 09:00:00+00:00,2,97.99,23.85,19.14,15.43,12.83,12.86,14.52,0.14
6744,3,1354,2026-06-21 09:00:00+00:00,2,81.62,0.08,0.28,77.86,0.52,0.89,1.03,0.19
6745,4,1354,2026-06-21 09:00:00+00:00,1,86.59,1.86,2.25,27.6,0.17,4.06,5.22,2.06
6746,5,1354,2026-06-21 09:00:00+00:00,1,91.35,0.12,3.0,7.83,0.13,4.57,5.31,1.0
6747,1,1355,2026-06-21 10:00:00+00:00,1,67.11,0.02,0.06,55.61,0.15,1.28,3.83,0.29
6748,2,1355,2026-06-21 10:00:00+00:00,2,98.48,26.11,17.72,15.6,13.44,13.56,15.09,0.1
6749,3,1355,2026-06-21 10:00:00+00:00,2,83.11,0.07,0.28,80.86,0.67,1.12,1.27,0.21
6750,4,1355,2026-06-21 10:00:00+00:00,2,85.9,0.32,1.2,74.53,0.32,4.25,5.78,2.59
6751,5,1355,2026-06-21 10:00:00+00:00,1,88.0,0.19,2.89,7.49,0.14,4.42,5.16,0.94
6752,1,1356,2026-06-21 11:00:00+00:00,1,66.41,0.02,0.06,54.63,0.15,1.37,3.99,0.28
6753,2,1356,2026-06-21 11:00:00+00:00,2,99.29,27.58,17.55,16.36,13.24,14.23,15.69,0.06
6754,3,1356,2026-06-21 11:00:00+00:00,2,83.32,0.07,0.28,82.46,0.76,1.28,1.44,0.22
6755,4,1356,2026-06-21 11:00:00+00:00,2,83.4,0.14,0.69,84.41,0.29,4.59,6.24,2.56
6756,5,1356,2026-06-21 11:00:00+00:00,1,92.58,0.77,3.19,8.18,0.17,4.36,5.1,1.04
6757,1,1357,2026-06-21 12:00:00+00:00,1,66.04,0.02,0.07,53.55,0.15,1.43,4.13,0.28
6758,2,1357,2026-06-21 12:00:00+00:00,2,100.09,28.19,17.97,17.45,12.83,14.96,16.39,0.03
6759,3,1357,2026-06-21 12:00:00+00:00,2,83.27,0.07,0.28,83.68,0.8,1.36,1.52,0.23
6760,4,1357,2026-06-21 12:00:00+00:00,2,81.44,0.12,0.57,86.56,0.25,4.77,6.46,2.55
6761,5,1357,2026-06-21 12:00:00+00:00,1,105.04,2.4,3.17,13.27,0.26,4.34,5.06,1.12
6762,1,1358,2026-06-21 13:00:00+00:00,1,67.13,0.02,0.1,52.93,0.15,1.52,4.36,0.31
6763,2,1358,2026-06-21 13:00:00+00:00,2,101.17,27.81,18.76,19.01,12.63,15.96,17.4,0.01
6764,3,1358,2026-06-21 13:00:00+00:00,2,83.81,0.07,0.32,84.59,0.82,1.38,1.55,0.23
6765,4,1358,2026-06-21 13:00:00+00:00,2,80.2,0.07,0.33,89.16,0.13,3.24,5.22,1.86
6766,5,1358,2026-06-21 13:00:00+00:00,1,109.42,1.64,3.54,33.95,0.54,4.21,4.78,1.15
6767,1,1359,2026-06-21 14:00:00+00:00,1,69.57,0.01,0.17,51.97,0.16,1.67,4.7,0.38
6768,2,1359,2026-06-21 14:00:00+00:00,2,101.87,25.96,19.83,21.08,12.61,17.11,18.57,0.0
6769,3,1359,2026-06-21 14:00:00+00:00,2,83.89,0.07,0.36,84.28,0.82,1.37,1.53,0.25
6770,4,1359,2026-06-21 14:00:00+00:00,2,79.06,0.05,0.27,88.65,0.07,2.52,4.62,1.39
6771,5,1359,2026-06-21 14:00:00+00:00,1,110.63,1.28,3.2,44.81,0.62,4.24,4.76,1.11
6772,1,1360,2026-06-21 15:00:00+00:00,1,72.28,0.0,0.26,51.11,0.16,1.84,5.03,0.42
6773,2,1360,2026-06-21 15:00:00+00:00,2,102.38,22.76,21.04,24.1,12.26,18.21,19.68,0.0
6774,3,1360,2026-06-21 15:00:00+00:00,2,83.97,0.07,0.41,83.36,0.83,1.33,1.49,0.26
6775,4,1360,2026-06-21 15:00:00+00:00,2,78.36,0.05,0.3,88.29,0.06,2.38,4.46,1.28
6776,5,1360,2026-06-21 15:00:00+00:00,1,110.78,0.71,2.43,59.92,0.69,4.59,5.11,1.1
6777,1,1361,2026-06-21 16:00:00+00:00,1,74.84,0.0,0.32,49.53,0.16,2.02,5.27,0.46
6778,2,1361,2026-06-21 16:00:00+00:00,2,103.01,18.17,22.94,28.31,11.62,19.04,20.49,0.0
6779,3,1361,2026-06-21 16:00:00+00:00,2,84.26,0.11,0.82,67.24,0.74,1.38,1.56,0.51
6780,4,1361,2026-06-21 16:00:00+00:00,2,78.74,0.06,0.36,88.6,0.06,2.35,4.41,1.27
6781,5,1361,2026-06-21 16:00:00+00:00,2,102.68,0.2,1.18,82.69,0.85,4.23,4.54,0.84
6782,1,1362,2026-06-21 17:00:00+00:00,1,79.41,0.0,0.38,48.88,0.16,2.23,5.5,0.48
6783,2,1362,2026-06-21 17:00:00+00:00,2,102.67,12.4,25.41,33.94,10.33,18.93,20.34,0.0
6784,3,1362,2026-06-21 17:00:00+00:00,1,84.16,0.1,1.34,48.27,0.6,1.47,1.68,0.83
6785,4,1362,2026-06-21 17:00:00+00:00,2,78.85,0.06,0.43,88.14,0.07,2.33,4.35,1.34
6786,5,1362,2026-06-21 17:00:00+00:00,2,99.75,0.13,0.9,87.29,0.71,3.57,3.77,0.68
6787,1,1363,2026-06-21 18:00:00+00:00,1,83.01,0.0,0.4,48.6,0.16,2.34,5.57,0.43
6788,2,1363,2026-06-21 18:00:00+00:00,2,101.88,6.71,27.65,40.8,8.83,17.74,19.11,0.0
6789,3,1363,2026-06-21 18:00:00+00:00,1,83.34,0.02,1.76,37.16,0.5,1.53,1.77,1.01
6790,4,1363,2026-06-21 18:00:00+00:00,2,78.87,0.05,0.5,87.16,0.07,2.32,4.3,1.44
6791,5,1363,2026-06-21 18:00:00+00:00,2,99.17,0.12,0.82,88.28,0.61,3.28,3.44,0.66
6792,1,1364,2026-06-21 19:00:00+00:00,1,86.68,0.0,0.45,47.55,0.16,2.53,5.82,0.38
6793,2,1364,2026-06-21 19:00:00+00:00,2,100.51,2.58,26.93,48.6,7.26,15.6,17.08,0.0
6794,3,1364,2026-06-21 19:00:00+00:00,1,82.25,0.0,2.08,30.66,0.51,1.56,1.83,1.16
6795,4,1364,2026-06-21 19:00:00+00:00,2,78.98,0.03,0.76,81.96,0.09,2.32,4.24,1.73
6796,5,1364,2026-06-21 19:00:00+00:00,2,99.3,0.12,0.79,89.2,0.54,3.14,3.29,0.65
6797,1,1365,2026-06-21 20:00:00+00:00,1,91.42,0.0,0.52,46.52,0.15,2.78,6.25,0.35
6798,2,1365,2026-06-21 20:00:00+00:00,2,99.38,0.44,22.51,56.47,5.69,13.35,15.38,0.0
6799,3,1365,2026-06-21 20:00:00+00:00,1,80.98,0.0,2.2,25.13,0.47,1.58,1.86,1.24
6800,4,1365,2026-06-21 20:00:00+00:00,2,79.69,0.0,1.18,74.51,0.12,2.38,4.19,2.16
6801,5,1365,2026-06-21 20:00:00+00:00,2,99.17,0.12,0.81,89.9,0.5,3.06,3.21,0.63
6802,1,1366,2026-06-21 21:00:00+00:00,1,90.75,0.0,0.52,45.98,0.13,2.76,6.22,0.28
6803,2,1366,2026-06-21 21:00:00+00:00,2,99.72,0.0,15.78,64.24,4.69,11.9,14.83,0.01
6804,3,1366,2026-06-21 21:00:00+00:00,1,78.36,0.0,2.11,20.07,0.4,1.54,1.82,1.26
6805,4,1366,2026-06-21 21:00:00+00:00,2,81.18,0.0,1.56,68.99,0.16,2.44,4.1,2.56
6806,5,1366,2026-06-21 21:00:00+00:00,2,99.55,0.13,0.92,90.37,0.48,3.03,3.17,0.59
6807,1,1367,2026-06-21 22:00:00+00:00,1,92.67,0.0,0.57,44.4,0.12,2.85,6.32,0.31
6808,2,1367,2026-06-21 22:00:00+00:00,2,100.35,0.0,9.73,73.29,4.03,11.01,14.36,0.13
6809,3,1367,2026-06-21 22:00:00+00:00,1,74.14,0.01,1.82,15.51,0.3,1.43,1.69,1.03
6810,4,1367,2026-06-21 22:00:00+00:00,2,81.64,0.0,1.87,63.7,0.19,2.43,3.9,2.87
6811,5,1367,2026-06-21 22:00:00+00:00,2,106.03,0.28,1.96,84.36,0.47,3.24,3.4,0.65
6812,1,1368,2026-06-21 23:00:00+00:00,1,97.74,0.0,0.65,42.32,0.12,3.1,6.57,0.41
6813,2,1368,2026-06-21 23:00:00+00:00,2,102.02,0.0,8.04,77.3,3.65,11.56,15.14,0.23
6814,3,1368,2026-06-21 23:00:00+00:00,1,70.91,0.01,1.51,12.2,0.21,1.33,1.56,0.61
6815,4,1368,2026-06-21 23:00:00+00:00,2,82.88,0.0,2.03,60.18,0.22,2.41,3.73,3.16
6816,5,1368,2026-06-21 23:00:00+00:00,2,114.74,0.39,3.35,74.55,0.49,3.57,3.79,0.78
6817,1,1369,2026-06-22 00:00:00+00:00,1,101.62,0.0,0.7,41.05,0.13,3.3,6.84,0.54
6818,2,1369,2026-06-22 00:00:00+00:00,2,102.96,0.0,7.66,78.72,3.48,12.39,16.05,0.28
6819,3,1369,2026-06-22 00:00:00+00:00,1,68.49,0.01,1.29,11.11,0.17,1.24,1.43,0.39
6820,4,1369,2026-06-22 00:00:00+00:00,1,83.61,0.0,2.01,57.11,0.23,2.34,3.53,3.36
6821,5,1369,2026-06-22 00:00:00+00:00,2,119.86,0.2,4.57,66.75,0.53,3.86,4.16,0.89
6822,1,1370,2026-06-22 01:00:00+00:00,1,104.19,0.0,0.74,40.43,0.15,3.43,7.0,0.64
6823,2,1370,2026-06-22 01:00:00+00:00,2,102.83,0.0,7.29,78.3,3.32,13.11,16.84,0.3
6824,3,1370,2026-06-22 01:00:00+00:00,1,67.61,0.01,1.1,13.94,0.16,1.15,1.31,0.27
6825,4,1370,2026-06-22 01:00:00+00:00,1,82.65,0.0,1.86,54.11,0.23,2.19,3.27,3.45
6826,5,1370,2026-06-22 01:00:00+00:00,2,120.29,0.01,5.15,61.34,0.6,4.03,4.39,0.95
6827,1,1371,2026-06-22 02:00:00+00:00,1,106.35,0.0,0.77,40.23,0.14,3.5,7.15,0.61
6828,2,1371,2026-06-22 02:00:00+00:00,2,102.29,0.0,6.94,77.28,3.22,13.61,17.56,0.31
6829,3,1371,2026-06-22 02:00:00+00:00,1,67.07,0.01,1.07,14.91,0.17,1.08,1.22,0.25
6830,4,1371,2026-06-22 02:00:00+00:00,1,81.95,0.0,1.74,51.16,0.2,2.07,3.05,3.55
6831,5,1371,2026-06-22 02:00:00+00:00,1,119.99,0.0,5.01,59.37,0.7,4.11,4.53,0.97
6832,1,1372,2026-06-22 03:00:00+00:00,1,109.59,0.0,0.81,40.41,0.15,3.59,7.36,0.57
6833,2,1372,2026-06-22 03:00:00+00:00,2,100.92,0.0,6.52,76.18,3.12,13.55,17.9,0.34
6834,3,1372,2026-06-22 03:00:00+00:00,1,68.36,0.06,1.23,15.97,0.21,1.03,1.16,0.27
6835,4,1372,2026-06-22 03:00:00+00:00,1,81.16,0.0,1.63,48.87,0.17,1.97,2.87,3.64
6836,5,1372,2026-06-22 03:00:00+00:00,2,119.6,0.0,4.77,60.65,0.81,4.13,4.58,0.92
6837,1,1373,2026-06-22 04:00:00+00:00,1,117.16,0.0,0.93,41.02,0.18,3.83,8.09,0.53
6838,2,1373,2026-06-22 04:00:00+00:00,2,98.92,0.0,6.18,74.38,3.04,12.81,17.77,0.37
6839,3,1373,2026-06-22 04:00:00+00:00,1,72.5,0.14,1.51,19.3,0.28,1.01,1.14,0.31
6840,4,1373,2026-06-22 04:00:00+00:00,1,80.22,0.0,1.6,46.85,0.14,1.9,2.73,3.7
6841,5,1373,2026-06-22 04:00:00+00:00,2,117.52,0.0,4.27,63.7,0.89,4.16,4.64,0.84
6842,1,1374,2026-06-22 05:00:00+00:00,1,127.79,0.1,0.94,41.37,0.23,4.34,9.33,0.62
6843,2,1374,2026-06-22 05:00:00+00:00,2,97.19,0.03,6.2,72.19,3.08,11.82,17.5,0.39
6844,3,1374,2026-06-22 05:00:00+00:00,1,75.37,0.24,1.63,20.81,0.33,1.01,1.14,0.36
6845,4,1374,2026-06-22 05:00:00+00:00,1,80.26,0.03,1.92,44.89,0.14,1.89,2.71,3.76
6846,5,1374,2026-06-22 05:00:00+00:00,2,119.08,0.0,4.1,60.09,0.85,4.53,5.03,0.83
6847,1,1375,2026-06-22 06:00:00+00:00,1,131.4,0.16,0.75,43.72,0.26,4.67,10.09,0.79
6848,2,1375,2026-06-22 06:00:00+00:00,2,96.29,0.36,6.08,70.16,3.18,10.89,17.3,0.42
6849,3,1375,2026-06-22 06:00:00+00:00,1,76.45,0.3,1.4,23.33,0.37,1.04,1.17,0.39
6850,4,1375,2026-06-22 06:00:00+00:00,1,81.1,0.26,2.38,43.4,0.17,1.96,2.79,3.84
6851,5,1375,2026-06-22 06:00:00+00:00,1,121.01,0.0,3.91,55.44,0.82,5.21,5.79,0.78
6852,1,1376,2026-06-22 07:00:00+00:00,1,78.21,0.05,0.19,56.7,0.18,1.94,5.79,0.38
6853,2,1376,2026-06-22 07:00:00+00:00,2,96.11,0.89,5.69,69.13,3.28,10.27,17.34,0.46
6854,3,1376,2026-06-22 07:00:00+00:00,1,80.78,0.09,0.57,47.83,0.28,0.83,0.88,0.18
6855,4,1376,2026-06-22 07:00:00+00:00,1,81.83,0.63,2.42,43.75,0.21,2.05,2.93,3.93
6856,5,1376,2026-06-22 07:00:00+00:00,1,120.78,0.0,3.75,49.24,0.77,5.89,6.61,0.7
6857,1,1377,2026-06-22 08:00:00+00:00,1,73.11,0.03,0.12,56.48,0.18,1.81,5.27,0.36
6858,2,1377,2026-06-22 08:00:00+00:00,2,97.37,1.3,5.41,69.67,3.4,10.14,17.78,0.48
6859,3,1377,2026-06-22 08:00:00+00:00,1,81.85,0.07,0.39,52.3,0.22,0.59,0.62,0.16
6860,4,1377,2026-06-22 08:00:00+00:00,1,82.28,0.79,2.24,46.68,0.25,2.22,3.18,3.91
6861,5,1377,2026-06-22 08:00:00+00:00,1,119.2,0.0,3.71,42.27,0.72,6.33,7.22,0.66
6862,1,1378,2026-06-22 09:00:00+00:00,1,71.33,0.03,0.09,55.3,0.18,1.88,5.1,0.35
6863,2,1378,2026-06-22 09:00:00+00:00,2,99.55,1.45,5.11,73.43,3.51,10.52,18.61,0.53
6864,3,1378,2026-06-22 09:00:00+00:00,1,82.04,0.06,0.34,53.06,0.2,0.52,0.55,0.15
6865,4,1378,2026-06-22 09:00:00+00:00,1,82.37,0.63,1.88,55.64,0.29,2.65,3.73,3.74
6866,5,1378,2026-06-22 09:00:00+00:00,1,116.38,0.0,3.84,35.61,0.7,6.55,7.56,0.69
6867,1,1379,2026-06-22 10:00:00+00:00,1,67.97,0.02,0.07,55.58,0.15,1.75,4.49,0.29
6868,2,1379,2026-06-22 10:00:00+00:00,2,102.78,1.32,4.63,81.64,3.58,11.48,19.9,0.65
6869,3,1379,2026-06-22 10:00:00+00:00,1,83.02,0.06,0.31,54.48,0.19,0.5,0.52,0.14
6870,4,1379,2026-06-22 10:00:00+00:00,2,83.42,0.23,0.95,81.44,0.27,3.28,5.26,2.58
6871,5,1379,2026-06-22 10:00:00+00:00,1,114.03,0.0,4.12,31.21,0.7,6.75,7.81,0.76
6872,1,1380,2026-06-22 11:00:00+00:00,1,65.93,0.02,0.07,55.12,0.14,1.68,4.09,0.28
6873,2,1380,2026-06-22 11:00:00+00:00,2,106.86,1.0,3.97,95.37,3.58,12.99,21.41,0.86
6874,3,1380,2026-06-22 11:00:00+00:00,1,83.74,0.05,0.3,55.69,0.18,0.5,0.5,0.13
6875,4,1380,2026-06-22 11:00:00+00:00,2,82.26,0.13,0.61,86.19,0.22,3.81,6.44,2.24
6876,5,1380,2026-06-22 11:00:00+00:00,1,115.71,0.03,5.07,29.48,0.78,7.12,8.19,0.94
6877,1,1381,2026-06-22 12:00:00+00:00,1,65.39,0.02,0.08,54.35,0.14,1.65,3.91,0.29
6878,2,1381,2026-06-22 12:00:00+00:00,3,111.57,0.67,3.26,113.37,3.53,15.57,23.64,1.11
6879,3,1381,2026-06-22 12:00:00+00:00,1,84.9,0.04,0.31,56.99,0.17,0.5,0.5,0.12
6880,4,1381,2026-06-22 12:00:00+00:00,2,80.6,0.1,0.48,87.17,0.18,3.8,6.61,2.06
6881,5,1381,2026-06-22 12:00:00+00:00,1,120.85,0.28,5.99,31.63,0.97,7.64,8.68,1.22
6882,1,1382,2026-06-22 13:00:00+00:00,1,68.93,0.02,0.14,53.27,0.16,1.77,4.07,0.4
6883,2,1382,2026-06-22 13:00:00+00:00,3,116.16,0.5,2.85,128.89,3.51,17.59,25.27,1.42
6884,3,1382,2026-06-22 13:00:00+00:00,1,86.31,0.06,0.44,55.02,0.19,0.5,0.5,0.14
6885,4,1382,2026-06-22 13:00:00+00:00,2,78.9,0.06,0.32,88.65,0.1,3.1,6.25,1.61
6886,5,1382,2026-06-22 13:00:00+00:00,1,121.33,0.17,5.81,37.87,1.24,8.16,9.13,1.39
6887,1,1383,2026-06-22 14:00:00+00:00,1,75.94,0.02,0.29,51.44,0.19,2.03,4.52,0.56
6888,2,1383,2026-06-22 14:00:00+00:00,3,117.45,0.43,2.7,135.58,3.43,16.82,23.92,1.72
6889,3,1383,2026-06-22 14:00:00+00:00,1,87.62,0.11,0.59,48.71,0.23,0.5,0.5,0.17
6890,4,1383,2026-06-22 14:00:00+00:00,2,77.93,0.06,0.3,88.07,0.08,2.97,6.37,1.44
6891,5,1383,2026-06-22 14:00:00+00:00,1,121.25,0.28,5.35,38.53,1.38,8.3,9.24,1.32
6892,1,1384,2026-06-22 15:00:00+00:00,1,83.59,0.0,0.46,49.81,0.21,2.31,4.98,0.64
6893,2,1384,2026-06-22 15:00:00+00:00,3,115.62,0.41,2.72,135.37,3.32,14.6,20.95,1.75
6894,3,1384,2026-06-22 15:00:00+00:00,1,88.05,0.13,0.63,42.23,0.23,0.5,0.53,0.18
6895,4,1384,2026-06-22 15:00:00+00:00,2,77.56,0.06,0.35,88.01,0.07,2.92,6.27,1.38
6896,5,1384,2026-06-22 15:00:00+00:00,1,121.33,0.41,4.68,41.16,1.57,8.3,9.21,1.19
6897,1,1385,2026-06-22 16:00:00+00:00,1,93.05,0.0,0.63,47.16,0.23,2.72,5.55,0.72
6898,2,1385,2026-06-22 16:00:00+00:00,3,113.17,0.42,2.95,133.56,3.28,13.26,18.95,1.54
6899,3,1385,2026-06-22 16:00:00+00:00,1,87.01,0.12,0.65,36.42,0.23,0.57,0.63,0.19
6900,4,1385,2026-06-22 16:00:00+00:00,2,78.05,0.07,0.43,89.01,0.08,2.92,6.17,1.37
6901,5,1385,2026-06-22 16:00:00+00:00,2,116.49,0.2,2.44,72.51,1.62,5.7,6.2,0.65
6902,1,1386,2026-06-22 17:00:00+00:00,1,106.08,0.0,0.8,44.99,0.24,3.29,6.34,0.82
6903,2,1386,2026-06-22 17:00:00+00:00,3,110.82,0.43,3.38,131.86,3.3,12.33,17.7,1.43
6904,3,1386,2026-06-22 17:00:00+00:00,1,85.93,0.06,0.7,32.28,0.22,0.67,0.73,0.18
6905,4,1386,2026-06-22 17:00:00+00:00,2,78.74,0.07,0.53,89.63,0.1,2.96,6.04,1.41
6906,5,1386,2026-06-22 17:00:00+00:00,2,112.55,0.13,1.33,84.08,1.14,3.55,3.82,0.5
6907,1,1387,2026-06-22 18:00:00+00:00,1,116.52,0.0,0.9,43.37,0.24,3.76,6.91,0.7
6908,2,1387,2026-06-22 18:00:00+00:00,3,109.47,0.38,4.09,130.32,3.38,12.06,17.56,1.39
6909,3,1387,2026-06-22 18:00:00+00:00,1,84.75,0.01,0.76,29.03,0.21,0.79,0.84,0.17
6910,4,1387,2026-06-22 18:00:00+00:00,2,79.51,0.06,0.66,90.32,0.14,3.03,5.9,1.48
6911,5,1387,2026-06-22 18:00:00+00:00,2,112.16,0.13,1.07,87.03,0.95,2.99,3.2,0.48
6912,1,1388,2026-06-22 19:00:00+00:00,1,121.59,0.0,0.93,41.94,0.22,3.95,7.04,0.51
6913,2,1388,2026-06-22 19:00:00+00:00,3,108.49,0.23,5.04,128.62,3.46,12.17,18.09,1.47
6914,3,1388,2026-06-22 19:00:00+00:00,1,83.71,0.0,0.83,26.45,0.21,0.91,0.96,0.17
6915,4,1388,2026-06-22 19:00:00+00:00,2,80.59,0.03,0.99,88.47,0.2,3.15,5.74,1.68
6916,5,1388,2026-06-22 19:00:00+00:00,2,117.77,0.18,1.41,85.92,1.08,3.17,3.37,0.54
6917,1,1389,2026-06-22 20:00:00+00:00,1,122.59,0.0,0.91,41.05,0.19,3.9,6.81,0.41
6918,2,1389,2026-06-22 20:00:00+00:00,3,108.06,0.05,6.0,125.37,3.52,12.33,18.57,1.55
6919,3,1389,2026-06-22 20:00:00+00:00,1,83.06,0.0,0.86,24.54,0.2,1.0,1.05,0.17
6920,4,1389,2026-06-22 20:00:00+00:00,2,82.39,0.0,1.44,84.79,0.27,3.25,5.52,1.98
6921,5,1389,2026-06-22 20:00:00+00:00,2,125.18,0.21,2.01,78.17,1.21,3.5,3.69,0.61
6922,1,1390,2026-06-22 21:00:00+00:00,1,116.6,0.0,0.81,40.51,0.15,3.53,6.03,0.31
6923,2,1390,2026-06-22 21:00:00+00:00,3,108.36,0.0,6.33,121.65,3.54,12.4,18.81,1.58
6924,3,1390,2026-06-22 21:00:00+00:00,1,82.51,0.0,0.83,23.66,0.2,1.02,1.06,0.16
6925,4,1390,2026-06-22 21:00:00+00:00,2,84.39,0.0,1.69,81.2,0.32,3.25,5.19,2.26
6926,5,1390,2026-06-22 21:00:00+00:00,2,133.75,0.27,2.8,69.06,1.21,3.74,3.91,0.54
6927,1,1391,2026-06-22 22:00:00+00:00,1,113.68,0.0,0.77,39.04,0.12,3.36,5.53,0.26
6928,2,1391,2026-06-22 22:00:00+00:00,3,108.68,0.0,6.51,118.42,3.57,12.39,19.03,1.5
6929,3,1391,2026-06-22 22:00:00+00:00,1,81.7,0.0,0.79,23.43,0.22,0.97,1.01,0.15
6930,4,1391,2026-06-22 22:00:00+00:00,2,83.94,0.0,1.72,75.88,0.32,3.1,4.68,2.49
6931,5,1391,2026-06-22 22:00:00+00:00,1,137.36,0.26,3.57,59.73,0.93,3.77,3.94,0.39
6932,1,1392,2026-06-22 23:00:00+00:00,1,114.98,0.0,0.77,36.71,0.1,3.42,5.45,0.24
6933,2,1392,2026-06-22 23:00:00+00:00,3,109.3,0.0,6.58,114.9,3.6,12.27,19.16,1.37
6934,3,1392,2026-06-22 23:00:00+00:00,1,81.18,0.0,0.77,23.66,0.25,0.92,0.96,0.15
6935,4,1392,2026-06-22 23:00:00+00:00,2,84.5,0.0,1.69,71.09,0.3,3.03,4.34,2.75
6936,5,1392,2026-06-22 23:00:00+00:00,1,139.5,0.16,4.18,54.48,0.81,3.75,3.95,0.36
6937,1,1393,2026-06-23 00:00:00+00:00,1,114.91,0.0,0.77,34.83,0.09,3.41,5.22,0.25
6938,2,1393,2026-06-23 00:00:00+00:00,3,109.74,0.0,6.6,110.43,3.62,12.06,19.06,1.27
6939,3,1393,2026-06-23 00:00:00+00:00,1,80.92,0.0,0.78,24.26,0.3,0.94,0.99,0.15
6940,4,1393,2026-06-23 00:00:00+00:00,2,84.53,0.0,1.6,66.62,0.29,3.0,4.13,2.99
6941,5,1393,2026-06-23 00:00:00+00:00,1,139.27,0.04,4.69,50.45,0.87,3.65,3.88,0.35
6942,1,1394,2026-06-23 01:00:00+00:00,1,115.5,0.0,0.78,33.39,0.09,3.44,5.07,0.32
6943,2,1394,2026-06-23 01:00:00+00:00,3,110.15,0.0,6.67,105.78,3.57,11.89,18.42,1.18
6944,3,1394,2026-06-23 01:00:00+00:00,1,81.15,0.0,0.83,24.82,0.36,1.07,1.12,0.15
6945,4,1394,2026-06-23 01:00:00+00:00,2,83.53,0.0,1.5,62.3,0.28,2.98,3.99,3.15
6946,5,1394,2026-06-23 01:00:00+00:00,1,140.25,0.0,5.27,45.25,0.96,3.49,3.72,0.29
6947,1,1395,2026-06-23 02:00:00+00:00,1,116.71,0.0,0.8,32.78,0.11,3.5,5.2,0.45
6948,2,1395,2026-06-23 02:00:00+00:00,3,112.56,0.0,6.92,102.12,3.57,12.04,18.01,1.12
6949,3,1395,2026-06-23 02:00:00+00:00,1,81.49,0.01,0.9,23.49,0.4,1.24,1.31,0.16
6950,4,1395,2026-06-23 02:00:00+00:00,1,83.24,0.0,1.39,59.41,0.25,3.04,3.96,3.3
6951,5,1395,2026-06-23 02:00:00+00:00,1,142.27,0.0,5.61,37.3,0.84,3.37,3.61,0.24
6952,1,1396,2026-06-23 03:00:00+00:00,1,117.87,0.0,0.82,33.75,0.14,3.51,5.33,0.62
6953,2,1396,2026-06-23 03:00:00+00:00,2,116.89,0.0,7.17,99.17,3.64,12.63,18.26,1.05
6954,3,1396,2026-06-23 03:00:00+00:00,1,82.02,0.11,0.89,22.43,0.45,1.41,1.49,0.17
6955,4,1396,2026-06-23 03:00:00+00:00,1,82.94,0.0,1.28,57.44,0.22,3.14,4.0,3.41
6956,5,1396,2026-06-23 03:00:00+00:00,1,143.78,0.0,5.66,30.54,0.7,3.31,3.54,0.25
6957,1,1397,2026-06-23 04:00:00+00:00,1,118.39,0.0,0.88,37.05,0.24,3.51,5.8,0.95
6958,2,1397,2026-06-23 04:00:00+00:00,2,121.82,0.0,7.31,96.19,3.57,13.34,18.11,1.05
6959,3,1397,2026-06-23 04:00:00+00:00,1,82.82,0.3,0.81,22.71,0.51,1.51,1.61,0.18
6960,4,1397,2026-06-23 04:00:00+00:00,1,82.39,0.0,1.25,55.33,0.2,3.26,4.07,3.45
6961,5,1397,2026-06-23 04:00:00+00:00,1,141.81,0.0,5.34,25.89,0.61,3.25,3.45,0.26
6962,1,1398,2026-06-23 05:00:00+00:00,1,125.08,0.09,0.91,39.02,0.33,3.86,6.93,1.27
6963,2,1398,2026-06-23 05:00:00+00:00,2,126.8,0.0,7.25,93.01,3.41,13.98,17.72,0.99
6964,3,1398,2026-06-23 05:00:00+00:00,1,83.17,0.4,0.77,25.28,0.58,1.52,1.64,0.22
6965,4,1398,2026-06-23 05:00:00+00:00,1,82.62,0.01,1.58,52.04,0.19,3.41,4.2,3.51
6966,5,1398,2026-06-23 05:00:00+00:00,1,138.48,0.0,4.73,23.91,0.59,3.24,3.44,0.27
6967,1,1399,2026-06-23 06:00:00+00:00,1,127.21,0.16,0.65,42.0,0.35,4.12,7.58,1.34
6968,2,1399,2026-06-23 06:00:00+00:00,2,131.5,0.03,7.15,91.33,3.26,14.5,17.52,0.97
6969,3,1399,2026-06-23 06:00:00+00:00,1,82.37,0.37,0.71,30.45,0.61,1.44,1.56,0.26
6970,4,1399,2026-06-23 06:00:00+00:00,1,83.46,0.19,2.09,48.52,0.21,3.58,4.37,3.57
6971,5,1399,2026-06-23 06:00:00+00:00,1,133.74,0.0,4.08,22.46,0.61,3.25,3.47,0.26
6972,1,1400,2026-06-23 07:00:00+00:00,1,90.55,0.07,0.25,52.63,0.23,2.28,4.65,0.64
6973,2,1400,2026-06-23 07:00:00+00:00,2,133.94,0.2,6.64,95.4,3.18,14.65,17.37,0.99
6974,3,1400,2026-06-23 07:00:00+00:00,1,81.7,0.15,0.43,51.35,0.41,0.84,0.91,0.19
6975,4,1400,2026-06-23 07:00:00+00:00,1,84.02,0.53,2.26,46.24,0.23,3.76,4.57,3.62
6976,5,1400,2026-06-23 07:00:00+00:00,1,129.25,0.0,3.49,20.73,0.61,3.34,3.56,0.27
6977,1,1401,2026-06-23 08:00:00+00:00,1,83.16,0.04,0.15,54.99,0.22,2.02,4.26,0.56
6978,2,1401,2026-06-23 08:00:00+00:00,3,132.39,0.51,5.8,105.04,3.17,14.34,16.96,0.88
6979,3,1401,2026-06-23 08:00:00+00:00,2,81.15,0.08,0.26,60.88,0.26,0.56,0.6,0.17
6980,4,1401,2026-06-23 08:00:00+00:00,1,85.42,0.78,2.32,46.8,0.3,4.08,4.92,3.65
6981,5,1401,2026-06-23 08:00:00+00:00,1,125.01,0.0,2.96,17.96,0.58,3.45,3.67,0.27
6982,1,1402,2026-06-23 09:00:00+00:00,1,80.06,0.03,0.11,55.24,0.21,2.05,4.26,0.55
6983,2,1402,2026-06-23 09:00:00+00:00,3,129.94,0.74,4.95,113.01,3.19,14.42,17.04,0.77
6984,3,1402,2026-06-23 09:00:00+00:00,2,80.7,0.07,0.22,65.79,0.23,0.5,0.52,0.18
6985,4,1402,2026-06-23 09:00:00+00:00,1,87.91,0.8,2.33,52.82,0.4,4.84,5.74,3.6
6986,5,1402,2026-06-23 09:00:00+00:00,1,121.64,0.0,2.63,15.19,0.52,3.51,3.73,0.28
6987,1,1403,2026-06-23 10:00:00+00:00,1,72.55,0.02,0.08,57.49,0.17,1.62,3.29,0.42
6988,2,1403,2026-06-23 10:00:00+00:00,3,130.4,0.84,4.44,115.12,3.28,15.68,18.42,0.67
6989,3,1403,2026-06-23 10:00:00+00:00,2,80.77,0.06,0.21,71.03,0.22,0.5,0.5,0.18
6990,4,1403,2026-06-23 10:00:00+00:00,2,89.21,0.28,1.26,87.93,0.49,4.99,6.2,2.15
6991,5,1403,2026-06-23 10:00:00+00:00,1,119.08,0.02,2.49,12.06,0.44,3.45,3.68,0.29
6992,1,1404,2026-06-23 11:00:00+00:00,1,69.03,0.02,0.09,57.19,0.15,1.41,2.77,0.37
6993,2,1404,2026-06-23 11:00:00+00:00,3,130.95,0.85,4.28,115.51,3.43,17.7,20.63,0.54
6994,3,1404,2026-06-23 11:00:00+00:00,2,80.47,0.06,0.22,74.39,0.22,0.5,0.5,0.19
6995,4,1404,2026-06-23 11:00:00+00:00,2,88.14,0.14,0.8,97.41,0.45,5.3,6.87,1.76
6996,5,1404,2026-06-23 11:00:00+00:00,1,121.23,0.25,2.79,8.81,0.37,3.35,3.62,0.34
6997,1,1405,2026-06-23 12:00:00+00:00,1,68.25,0.02,0.1,56.15,0.15,1.34,2.58,0.37
6998,2,1405,2026-06-23 12:00:00+00:00,3,129.51,0.8,4.09,119.87,3.59,19.48,22.58,0.44
6999,3,1405,2026-06-23 12:00:00+00:00,2,80.44,0.06,0.24,76.76,0.22,0.5,0.5,0.2
7000,4,1405,2026-06-23 12:00:00+00:00,3,87.09,0.1,0.61,100.11,0.39,5.23,6.82,1.63
7001,5,1405,2026-06-23 12:00:00+00:00,1,130.73,1.42,3.04,7.54,0.33,3.31,3.64,0.46
7002,1,1406,2026-06-23 13:00:00+00:00,1,78.43,0.03,0.29,52.77,0.2,1.7,3.2,0.61
7003,2,1406,2026-06-23 13:00:00+00:00,3,127.94,0.76,4.07,126.44,3.72,20.55,23.76,0.34
7004,3,1406,2026-06-23 13:00:00+00:00,2,80.97,0.06,0.27,78.79,0.22,0.5,0.5,0.21
7005,4,1406,2026-06-23 13:00:00+00:00,2,83.28,0.05,0.42,97.3,0.22,3.76,5.34,1.38
7006,5,1406,2026-06-23 13:00:00+00:00,1,138.78,2.23,3.39,8.5,0.32,3.25,3.62,0.51
7007,1,1407,2026-06-23 14:00:00+00:00,1,96.57,0.03,0.66,48.28,0.26,2.46,4.48,0.92
7008,2,1407,2026-06-23 14:00:00+00:00,3,125.61,0.72,4.13,130.41,3.65,20.65,23.88,0.25
7009,3,1407,2026-06-23 14:00:00+00:00,2,81.53,0.06,0.32,80.03,0.23,0.5,0.5,0.23
7010,4,1407,2026-06-23 14:00:00+00:00,2,81.0,0.04,0.4,94.54,0.15,3.13,4.97,1.22
7011,5,1407,2026-06-23 14:00:00+00:00,1,139.87,1.96,3.6,11.56,0.32,3.13,3.47,0.43
7012,1,1408,2026-06-23 15:00:00+00:00,1,115.56,0.0,1.09,44.89,0.31,3.29,5.81,1.14
7013,2,1408,2026-06-23 15:00:00+00:00,3,123.19,0.71,4.32,129.88,3.55,19.99,23.16,0.18
7014,3,1408,2026-06-23 15:00:00+00:00,2,82.09,0.05,0.35,79.38,0.27,0.5,0.5,0.24
7015,4,1408,2026-06-23 15:00:00+00:00,2,80.34,0.04,0.45,94.05,0.14,3.2,5.31,1.16
7016,5,1408,2026-06-23 15:00:00+00:00,1,139.02,1.35,3.83,16.37,0.37,3.04,3.31,0.35
7017,1,1409,2026-06-23 16:00:00+00:00,1,135.96,0.0,1.41,41.38,0.35,4.31,7.41,1.37
7018,2,1409,2026-06-23 16:00:00+00:00,3,121.32,0.75,4.82,125.47,3.54,19.12,22.25,0.15
7019,3,1409,2026-06-23 16:00:00+00:00,2,82.98,0.05,0.51,74.67,0.35,0.5,0.51,0.31
7020,4,1409,2026-06-23 16:00:00+00:00,2,81.28,0.04,0.63,94.32,0.16,3.38,5.58,1.21
7021,5,1409,2026-06-23 16:00:00+00:00,1,138.13,0.89,3.53,26.03,0.41,3.15,3.31,0.23
7022,1,1410,2026-06-23 17:00:00+00:00,1,157.99,0.0,1.65,38.37,0.35,5.5,9.13,1.37
7023,2,1410,2026-06-23 17:00:00+00:00,3,119.99,0.78,5.76,119.35,3.63,18.45,21.63,0.13
7024,3,1410,2026-06-23 17:00:00+00:00,2,83.95,0.03,0.72,68.32,0.41,0.5,0.52,0.41
7025,4,1410,2026-06-23 17:00:00+00:00,2,81.87,0.05,0.9,92.16,0.18,3.48,5.47,1.37
7026,5,1410,2026-06-23 17:00:00+00:00,1,142.85,0.76,3.42,31.71,0.38,3.61,3.71,0.16
7027,1,1411,2026-06-23 18:00:00+00:00,1,173.98,0.0,1.77,36.17,0.32,6.46,10.34,0.95
7028,2,1411,2026-06-23 18:00:00+00:00,3,118.93,0.72,7.13,113.01,3.76,17.8,21.06,0.15
7029,3,1411,2026-06-23 18:00:00+00:00,2,84.29,0.01,0.87,63.21,0.44,0.5,0.53,0.49
7030,4,1411,2026-06-23 18:00:00+00:00,2,82.46,0.04,1.08,90.07,0.21,3.59,5.37,1.54
7031,5,1411,2026-06-23 18:00:00+00:00,1,148.94,0.71,3.42,34.25,0.37,4.2,4.27,0.13
7032,1,1412,2026-06-23 19:00:00+00:00,1,182.77,0.0,1.79,33.92,0.29,7.01,10.98,0.63
7033,2,1412,2026-06-23 19:00:00+00:00,3,117.32,0.44,8.86,106.29,3.92,17.06,20.45,0.17
7034,3,1412,2026-06-23 19:00:00+00:00,1,83.53,0.0,1.02,56.58,0.44,0.5,0.55,0.57
7035,4,1412,2026-06-23 19:00:00+00:00,2,83.27,0.03,1.35,85.94,0.25,3.71,5.32,1.81
7036,5,1412,2026-06-23 19:00:00+00:00,1,149.92,0.54,3.5,35.8,0.37,4.66,4.71,0.12
7037,1,1413,2026-06-23 20:00:00+00:00,1,196.88,0.0,1.89,31.31,0.26,7.8,12.04,0.58
7038,2,1413,2026-06-23 20:00:00+00:00,2,115.73,0.09,10.77,98.11,4.31,16.35,19.89,0.22
7039,3,1413,2026-06-23 20:00:00+00:00,1,83.26,0.0,1.16,49.22,0.39,0.5,0.59,0.65
7040,4,1413,2026-06-23 20:00:00+00:00,2,84.4,0.0,1.68,79.88,0.28,3.87,5.35,2.18
7041,5,1413,2026-06-23 20:00:00+00:00,1,148.34,0.38,3.63,39.08,0.39,4.93,5.0,0.14
7042,1,1414,2026-06-23 21:00:00+00:00,1,195.2,0.0,1.8,29.6,0.2,7.73,11.24,0.55
7043,2,1414,2026-06-23 21:00:00+00:00,2,114.31,0.0,12.15,88.78,4.96,15.74,19.41,0.3
7044,3,1414,2026-06-23 21:00:00+00:00,1,82.8,0.0,1.22,43.04,0.36,0.53,0.64,0.65
7045,4,1414,2026-06-23 21:00:00+00:00,2,85.2,0.0,1.87,74.13,0.29,4.0,5.41,2.48
7046,5,1414,2026-06-23 21:00:00+00:00,1,145.61,0.22,3.91,44.08,0.42,5.03,5.11,0.17
7047,1,1415,2026-06-23 22:00:00+00:00,1,188.26,0.0,1.65,28.68,0.18,7.24,9.63,0.64
7048,2,1415,2026-06-23 22:00:00+00:00,2,113.41,0.0,13.9,79.73,5.78,15.25,19.07,0.4
7049,3,1415,2026-06-23 22:00:00+00:00,1,80.58,0.0,1.24,36.22,0.32,0.57,0.7,0.58
7050,4,1415,2026-06-23 22:00:00+00:00,2,83.58,0.0,1.89,68.1,0.27,3.98,5.39,2.68
7051,5,1415,2026-06-23 22:00:00+00:00,1,142.85,0.31,3.82,49.6,0.42,5.06,5.17,0.23
7052,1,1416,2026-06-23 23:00:00+00:00,1,182.41,0.0,1.53,28.59,0.18,6.82,8.84,0.74
7053,2,1416,2026-06-23 23:00:00+00:00,2,112.84,0.0,15.8,70.34,6.42,14.99,18.9,0.5
7054,3,1416,2026-06-23 23:00:00+00:00,1,78.74,0.0,1.29,29.47,0.27,0.63,0.77,0.52
7055,4,1416,2026-06-23 23:00:00+00:00,2,82.73,0.0,1.74,63.65,0.24,3.95,5.43,2.87
7056,5,1416,2026-06-23 23:00:00+00:00,1,140.24,0.38,3.58,54.85,0.43,5.26,5.4,0.3
7057,1,1417,2026-06-24 00:00:00+00:00,1,175.14,0.0,1.42,29.4,0.18,6.35,8.3,0.81
7058,2,1417,2026-06-24 00:00:00+00:00,2,112.37,0.0,17.79,60.43,6.97,15.07,19.03,0.6
7059,3,1417,2026-06-24 00:00:00+00:00,1,76.99,0.0,1.33,24.08,0.24,0.7,0.85,0.45
7060,4,1417,2026-06-24 00:00:00+00:00,2,82.04,0.0,1.54,60.05,0.22,3.94,5.46,3.04
7061,5,1417,2026-06-24 00:00:00+00:00,1,137.8,0.19,3.82,57.88,0.48,5.36,5.57,0.36
7062,1,1418,2026-06-24 01:00:00+00:00,1,164.36,0.0,1.29,30.68,0.18,5.63,7.56,0.88
7063,2,1418,2026-06-24 01:00:00+00:00,2,112.02,0.0,20.09,50.17,7.36,15.5,19.43,0.66
7064,3,1418,2026-06-24 01:00:00+00:00,1,74.9,0.0,1.35,20.01,0.23,0.76,0.92,0.42
7065,4,1418,2026-06-24 01:00:00+00:00,1,80.83,0.0,1.38,56.44,0.2,3.9,5.39,3.18
7066,5,1418,2026-06-24 01:00:00+00:00,1,140.18,0.01,4.84,46.96,0.42,5.54,5.84,0.42
7067,1,1419,2026-06-24 02:00:00+00:00,1,154.06,0.0,1.17,31.51,0.19,4.97,6.9,0.91
7068,2,1419,2026-06-24 02:00:00+00:00,2,110.71,0.0,22.44,39.73,7.22,16.09,19.89,0.63
7069,3,1419,2026-06-24 02:00:00+00:00,1,73.64,0.02,1.37,17.15,0.23,0.81,0.98,0.44
7070,4,1419,2026-06-24 02:00:00+00:00,1,81.01,0.0,1.33,52.86,0.18,3.93,5.35,3.4
7071,5,1419,2026-06-24 02:00:00+00:00,1,145.01,0.01,5.73,31.02,0.29,5.81,6.24,0.5
7072,1,1420,2026-06-24 03:00:00+00:00,1,149.8,0.0,1.13,31.82,0.19,4.63,6.61,0.91
7073,2,1420,2026-06-24 03:00:00+00:00,2,108.77,0.01,24.4,29.5,6.77,16.78,20.31,0.57
7074,3,1420,2026-06-24 03:00:00+00:00,1,74.1,0.24,1.37,14.8,0.26,0.86,1.04,0.48
7075,4,1420,2026-06-24 03:00:00+00:00,1,81.37,0.0,1.36,48.86,0.17,3.96,5.31,3.65
7076,5,1420,2026-06-24 03:00:00+00:00,1,147.17,0.03,6.19,22.0,0.23,5.9,6.43,0.63
7077,1,1421,2026-06-24 04:00:00+00:00,1,156.16,0.0,1.26,31.61,0.24,4.86,7.44,0.87
7078,2,1421,2026-06-24 04:00:00+00:00,2,107.16,0.02,25.88,21.16,6.35,17.55,20.73,0.48
7079,3,1421,2026-06-24 04:00:00+00:00,1,76.77,0.74,1.36,13.16,0.32,0.89,1.1,0.58
7080,4,1421,2026-06-24 04:00:00+00:00,1,80.93,0.0,1.51,44.55,0.16,3.96,5.25,3.86
7081,5,1421,2026-06-24 04:00:00+00:00,1,142.61,0.04,5.82,18.0,0.21,5.64,6.22,0.68
7082,1,1422,2026-06-24 05:00:00+00:00,1,165.88,0.13,1.23,31.71,0.27,5.32,8.6,0.77
7083,2,1422,2026-06-24 05:00:00+00:00,2,106.5,0.47,26.45,16.43,6.38,18.22,21.12,0.42
7084,3,1422,2026-06-24 05:00:00+00:00,1,78.93,1.13,1.4,12.53,0.37,0.93,1.14,0.71
7085,4,1422,2026-06-24 05:00:00+00:00,1,81.6,0.01,2.01,41.09,0.17,3.99,5.27,3.96
7086,5,1422,2026-06-24 05:00:00+00:00,1,133.53,0.02,4.53,18.64,0.22,5.29,5.86,0.52
7087,1,1423,2026-06-24 06:00:00+00:00,1,171.65,0.23,0.9,34.93,0.3,6.01,9.64,0.94
7088,2,1423,2026-06-24 06:00:00+00:00,2,107.11,4.26,22.39,18.44,6.77,18.92,21.61,0.4
7089,3,1423,2026-06-24 06:00:00+00:00,1,79.28,1.18,1.46,13.72,0.42,0.99,1.21,0.77
7090,4,1423,2026-06-24 06:00:00+00:00,1,82.7,0.24,2.65,39.42,0.2,4.03,5.32,3.97
7091,5,1423,2026-06-24 06:00:00+00:00,1,122.89,0.0,3.22,24.63,0.31,4.85,5.39,0.46
7092,1,1424,2026-06-24 07:00:00+00:00,1,84.46,0.05,0.2,51.74,0.17,1.54,2.73,0.38
7093,2,1424,2026-06-24 07:00:00+00:00,2,108.59,8.03,18.31,22.49,7.43,19.48,22.03,0.4
7094,3,1424,2026-06-24 07:00:00+00:00,2,82.58,0.13,0.74,60.09,0.66,1.12,1.27,0.24
7095,4,1424,2026-06-24 07:00:00+00:00,1,83.33,0.61,2.66,41.09,0.23,4.04,5.33,3.93
7096,5,1424,2026-06-24 07:00:00+00:00,1,112.09,0.0,2.35,35.35,0.58,4.46,5.0,0.57
7097,1,1425,2026-06-24 08:00:00+00:00,1,74.12,0.03,0.12,53.46,0.15,1.21,2.14,0.34
7098,2,1425,2026-06-24 08:00:00+00:00,2,111.1,9.67,16.91,27.29,8.27,20.06,22.52,0.44
7099,3,1425,2026-06-24 08:00:00+00:00,2,82.73,0.06,0.5,67.36,0.57,1.1,1.23,0.17
7100,4,1425,2026-06-24 08:00:00+00:00,1,82.79,0.72,2.27,45.49,0.25,4.07,5.34,3.81
7101,5,1425,2026-06-24 08:00:00+00:00,1,105.2,0.0,2.11,38.27,0.84,4.42,5.02,0.78
7102,1,1426,2026-06-24 09:00:00+00:00,1,71.7,0.02,0.09,52.74,0.15,1.25,2.13,0.33
7103,2,1426,2026-06-24 09:00:00+00:00,2,114.96,10.21,16.77,32.83,9.17,20.93,23.36,0.5
7104,3,1426,2026-06-24 09:00:00+00:00,2,82.35,0.05,0.46,68.78,0.54,1.09,1.22,0.16
7105,4,1426,2026-06-24 09:00:00+00:00,1,81.98,0.55,1.77,54.27,0.27,4.36,5.61,3.63
7106,5,1426,2026-06-24 09:00:00+00:00,1,102.09,0.0,2.25,40.81,1.22,4.41,5.06,1.1
7107,1,1427,2026-06-24 10:00:00+00:00,1,69.81,0.02,0.08,53.7,0.14,1.25,2.05,0.32
7108,2,1427,2026-06-24 10:00:00+00:00,2,119.73,9.85,17.44,42.1,10.16,22.32,24.8,0.55
7109,3,1427,2026-06-24 10:00:00+00:00,2,82.89,0.05,0.42,70.29,0.52,1.08,1.2,0.15
7110,4,1427,2026-06-24 10:00:00+00:00,2,83.69,0.14,0.67,86.36,0.3,4.29,6.16,1.88
7111,5,1427,2026-06-24 10:00:00+00:00,1,100.82,0.0,2.58,42.82,1.6,4.2,4.84,1.28
7112,1,1428,2026-06-24 11:00:00+00:00,1,68.75,0.02,0.08,53.84,0.14,1.26,1.99,0.33
7113,2,1428,2026-06-24 11:00:00+00:00,2,123.69,8.51,18.29,57.05,10.72,24.2,26.67,0.51
7114,3,1428,2026-06-24 11:00:00+00:00,2,82.49,0.05,0.37,71.76,0.49,1.06,1.17,0.15
7115,4,1428,2026-06-24 11:00:00+00:00,2,82.44,0.08,0.46,91.04,0.25,4.36,7.25,1.59
7116,5,1428,2026-06-24 11:00:00+00:00,1,102.01,0.08,3.14,40.89,1.69,3.98,4.62,1.21
7117,1,1429,2026-06-24 12:00:00+00:00,1,68.43,0.02,0.1,53.27,0.14,1.24,1.96,0.34
7118,2,1429,2026-06-24 12:00:00+00:00,3,127.47,6.99,18.72,75.8,11.04,26.82,29.27,0.42
7119,3,1429,2026-06-24 12:00:00+00:00,2,82.09,0.06,0.33,72.91,0.46,1.05,1.17,0.14
7120,4,1429,2026-06-24 12:00:00+00:00,2,81.46,0.07,0.42,91.55,0.23,4.47,7.91,1.53
7121,5,1429,2026-06-24 12:00:00+00:00,1,106.27,0.65,3.35,40.09,1.71,3.83,4.46,1.11
7122,1,1430,2026-06-24 13:00:00+00:00,1,77.21,0.04,0.24,50.5,0.19,1.6,2.56,0.55
7123,2,1430,2026-06-24 13:00:00+00:00,3,131.32,5.81,19.26,93.44,11.68,30.12,32.52,0.3
7124,3,1430,2026-06-24 13:00:00+00:00,2,82.47,0.05,0.35,74.06,0.43,1.08,1.2,0.15
7125,4,1430,2026-06-24 13:00:00+00:00,2,80.98,0.05,0.36,92.45,0.19,4.3,8.21,1.38
7126,5,1430,2026-06-24 13:00:00+00:00,1,108.84,1.14,3.09,43.56,1.76,3.71,4.31,0.99
7127,1,1431,2026-06-24 14:00:00+00:00,1,93.12,0.04,0.58,46.19,0.24,2.28,3.69,0.84
7128,2,1431,2026-06-24 14:00:00+00:00,3,134.08,5.13,20.23,104.25,13.19,33.24,35.6,0.18
7129,3,1431,2026-06-24 14:00:00+00:00,2,82.58,0.05,0.4,74.46,0.42,1.12,1.26,0.16
7130,4,1431,2026-06-24 14:00:00+00:00,2,79.99,0.04,0.38,91.44,0.16,4.12,8.28,1.34
7131,5,1431,2026-06-24 14:00:00+00:00,1,108.66,1.07,2.65,50.71,1.75,3.82,4.4,0.9
7132,1,1432,2026-06-24 15:00:00+00:00,1,109.6,0.0,0.99,42.4,0.28,3.01,4.88,1.05
7133,2,1432,2026-06-24 15:00:00+00:00,3,136.21,4.65,21.74,110.84,15.52,36.0,38.36,0.13
7134,3,1432,2026-06-24 15:00:00+00:00,2,82.42,0.03,0.43,74.55,0.39,1.11,1.25,0.18
7135,4,1432,2026-06-24 15:00:00+00:00,2,79.26,0.03,0.48,90.43,0.15,4.02,8.21,1.33
7136,5,1432,2026-06-24 15:00:00+00:00,2,107.32,0.67,1.99,62.9,1.7,4.36,4.91,0.83
7137,1,1433,2026-06-24 16:00:00+00:00,1,127.94,0.0,1.31,38.18,0.32,3.95,6.4,1.22
7138,2,1433,2026-06-24 16:00:00+00:00,3,138.35,4.03,23.72,117.89,18.36,38.6,41.05,0.08
7139,3,1433,2026-06-24 16:00:00+00:00,2,83.26,0.03,0.81,66.63,0.41,1.09,1.25,0.37
7140,4,1433,2026-06-24 16:00:00+00:00,2,79.23,0.03,0.89,87.56,0.18,3.94,7.97,1.48
7141,5,1433,2026-06-24 16:00:00+00:00,2,101.03,0.29,1.09,78.54,1.29,4.21,4.61,0.6
7142,1,1434,2026-06-24 17:00:00+00:00,1,150.01,0.0,1.58,34.53,0.33,5.12,8.14,1.31
7143,2,1434,2026-06-24 17:00:00+00:00,3,139.59,3.06,25.9,125.65,19.94,40.56,43.19,0.06
7144,3,1434,2026-06-24 17:00:00+00:00,1,84.4,0.02,1.33,54.99,0.43,1.1,1.29,0.67
7145,4,1434,2026-06-24 17:00:00+00:00,2,80.0,0.03,1.34,83.74,0.23,3.84,7.48,1.68
7146,5,1434,2026-06-24 17:00:00+00:00,2,97.01,0.2,0.82,83.45,0.97,3.82,4.14,0.49
7147,1,1435,2026-06-24 18:00:00+00:00,1,164.09,0.0,1.69,32.1,0.3,5.93,9.22,0.95
7148,2,1435,2026-06-24 18:00:00+00:00,3,139.94,1.86,28.48,129.34,19.97,41.35,44.25,0.05
7149,3,1435,2026-06-24 18:00:00+00:00,1,84.84,0.0,1.66,46.35,0.41,1.12,1.34,0.89
7150,4,1435,2026-06-24 18:00:00+00:00,2,80.69,0.03,1.6,80.68,0.26,3.72,6.82,1.79
7151,5,1435,2026-06-24 18:00:00+00:00,2,95.66,0.19,0.8,86.07,0.85,3.74,4.02,0.47
7152,1,1436,2026-06-24 19:00:00+00:00,1,144.58,0.0,1.34,32.89,0.25,4.8,7.88,0.64
7153,2,1436,2026-06-24 19:00:00+00:00,3,137.75,0.71,29.77,127.01,18.29,39.55,42.65,0.07
7154,3,1436,2026-06-24 19:00:00+00:00,1,84.73,0.0,1.86,40.26,0.37,1.13,1.36,1.02
7155,4,1436,2026-06-24 19:00:00+00:00,2,81.23,0.03,2.12,70.94,0.27,3.69,6.41,2.12
7156,5,1436,2026-06-24 19:00:00+00:00,2,95.8,0.18,0.82,88.45,0.79,3.75,4.02,0.48
7157,1,1437,2026-06-24 20:00:00+00:00,1,145.6,0.0,1.3,31.9,0.23,4.76,7.89,0.5
7158,2,1437,2026-06-24 20:00:00+00:00,3,134.09,0.11,28.5,120.49,15.79,36.48,39.66,0.09
7159,3,1437,2026-06-24 20:00:00+00:00,1,84.16,0.0,1.7,39.15,0.33,1.12,1.33,0.98
7160,4,1437,2026-06-24 20:00:00+00:00,1,82.98,0.0,2.81,59.69,0.28,3.81,6.48,2.65
7161,5,1437,2026-06-24 20:00:00+00:00,2,95.68,0.19,0.91,89.25,0.74,3.78,4.04,0.5
7162,1,1438,2026-06-24 21:00:00+00:00,1,139.36,0.0,1.18,31.52,0.17,4.33,7.21,0.35
7163,2,1438,2026-06-24 21:00:00+00:00,3,130.06,0.0,24.45,111.02,13.99,33.13,36.42,0.08
7164,3,1438,2026-06-24 21:00:00+00:00,1,83.33,0.0,1.23,44.03,0.32,1.1,1.28,0.8
7165,4,1438,2026-06-24 21:00:00+00:00,1,84.4,0.0,3.23,51.83,0.28,3.93,6.67,3.04
7166,5,1438,2026-06-24 21:00:00+00:00,2,96.53,0.21,1.11,89.96,0.73,3.83,4.1,0.51
7167,1,1439,2026-06-24 22:00:00+00:00,1,134.76,0.0,1.09,30.48,0.13,4.02,6.69,0.3
7168,2,1439,2026-06-24 22:00:00+00:00,3,127.48,0.0,21.74,103.09,13.02,30.25,33.88,0.14
7169,3,1439,2026-06-24 22:00:00+00:00,1,83.27,0.0,0.96,50.72,0.41,1.1,1.26,0.57
7170,4,1439,2026-06-24 22:00:00+00:00,1,83.66,0.0,3.25,46.91,0.25,4.01,6.89,3.28
7171,5,1439,2026-06-24 22:00:00+00:00,2,111.19,0.73,3.28,77.09,0.64,4.14,4.45,0.69
7172,1,1440,2026-06-24 23:00:00+00:00,1,135.82,0.0,1.09,28.82,0.12,4.03,6.58,0.32
7173,2,1440,2026-06-24 23:00:00+00:00,3,126.9,0.0,18.26,100.11,11.13,27.14,31.07,0.35
7174,3,1440,2026-06-24 23:00:00+00:00,1,83.72,0.0,1.06,48.95,0.48,1.15,1.29,0.53
7175,4,1440,2026-06-24 23:00:00+00:00,1,83.16,0.0,2.88,45.39,0.24,4.15,7.29,3.42
7176,5,1440,2026-06-24 23:00:00+00:00,2,131.58,1.24,6.1,60.24,0.53,4.62,5.03,0.93
7177,1,1441,2026-06-25 00:00:00+00:00,1,136.04,0.0,1.07,27.84,0.11,4.03,6.36,0.38
7178,2,1441,2026-06-25 00:00:00+00:00,3,127.32,0.0,13.64,102.62,7.76,23.61,28.0,0.62
7179,3,1441,2026-06-25 00:00:00+00:00,1,84.45,0.0,1.26,46.41,0.55,1.23,1.37,0.46
7180,4,1441,2026-06-25 00:00:00+00:00,1,83.27,0.0,2.43,46.27,0.24,4.33,7.81,3.49
7181,5,1441,2026-06-25 00:00:00+00:00,1,143.43,0.74,8.51,48.45,0.46,5.06,5.59,1.03
7182,1,1442,2026-06-25 01:00:00+00:00,1,137.0,0.0,1.07,26.93,0.11,4.08,6.16,0.43
7183,2,1442,2026-06-25 01:00:00+00:00,3,129.62,0.0,8.88,114.67,4.88,21.52,26.25,1.15
7184,3,1442,2026-06-25 01:00:00+00:00,1,84.04,0.0,1.53,42.06,0.58,1.33,1.48,0.4
7185,4,1442,2026-06-25 01:00:00+00:00,1,83.08,0.0,1.96,49.23,0.26,4.46,8.18,3.51
7186,5,1442,2026-06-25 01:00:00+00:00,1,146.6,0.04,9.62,39.66,0.41,5.41,6.03,0.96
7187,1,1443,2026-06-25 02:00:00+00:00,1,139.56,0.0,1.09,25.88,0.11,4.22,6.29,0.43
7188,2,1443,2026-06-25 02:00:00+00:00,3,132.11,0.0,6.6,124.18,4.11,22.01,26.98,1.23
7189,3,1443,2026-06-25 02:00:00+00:00,1,83.57,0.0,1.82,36.36,0.56,1.43,1.6,0.4
7190,4,1443,2026-06-25 02:00:00+00:00,1,82.85,0.0,1.75,46.61,0.24,4.51,7.92,3.66
7191,5,1443,2026-06-25 02:00:00+00:00,1,147.49,0.0,9.12,34.33,0.39,5.73,6.43,0.96
7192,1,1444,2026-06-25 03:00:00+00:00,1,143.23,0.0,1.14,25.24,0.12,4.41,6.64,0.45
7193,2,1444,2026-06-25 03:00:00+00:00,3,132.42,0.0,5.5,129.58,3.9,22.73,28.07,1.19
7194,3,1444,2026-06-25 03:00:00+00:00,1,84.18,0.02,2.23,31.3,0.55,1.52,1.73,0.41
7195,4,1444,2026-06-25 03:00:00+00:00,1,82.36,0.0,1.68,43.37,0.21,4.48,7.48,3.85
7196,5,1444,2026-06-25 03:00:00+00:00,1,148.65,0.01,8.93,30.38,0.39,6.02,6.79,0.96
7197,1,1445,2026-06-25 04:00:00+00:00,1,152.56,0.01,1.31,26.37,0.19,4.9,7.77,0.69
7198,2,1445,2026-06-25 04:00:00+00:00,3,130.79,0.0,4.74,132.01,3.74,22.83,28.52,1.18
7199,3,1445,2026-06-25 04:00:00+00:00,1,86.65,0.16,2.72,27.29,0.59,1.6,1.85,0.44
7200,4,1445,2026-06-25 04:00:00+00:00,1,81.11,0.0,1.75,39.63,0.2,4.35,6.87,3.99
7201,5,1445,2026-06-25 04:00:00+00:00,1,146.96,0.01,8.42,27.48,0.4,6.22,7.04,0.88
7202,1,1446,2026-06-25 05:00:00+00:00,1,168.18,0.21,1.27,27.55,0.27,5.68,9.29,1.04
7203,2,1446,2026-06-25 05:00:00+00:00,3,129.75,0.01,4.77,132.83,3.82,22.82,28.97,1.12
7204,3,1446,2026-06-25 05:00:00+00:00,1,89.16,0.42,2.92,25.39,0.66,1.69,1.97,0.47
7205,4,1446,2026-06-25 05:00:00+00:00,1,81.45,0.01,2.27,36.71,0.2,4.25,6.37,4.11
7206,5,1446,2026-06-25 05:00:00+00:00,1,143.82,0.0,7.45,26.68,0.44,6.5,7.38,0.79
7207,1,1447,2026-06-25 06:00:00+00:00,1,178.27,0.31,0.97,32.57,0.32,6.65,10.61,1.32
7208,2,1447,2026-06-25 06:00:00+00:00,3,129.71,0.13,5.02,133.66,3.98,22.79,29.46,1.17
7209,3,1447,2026-06-25 06:00:00+00:00,1,89.88,0.62,2.74,26.63,0.76,1.77,2.07,0.5
7210,4,1447,2026-06-25 06:00:00+00:00,1,82.59,0.21,3.05,34.57,0.22,4.16,5.94,4.23
7211,5,1447,2026-06-25 06:00:00+00:00,1,138.86,0.0,6.32,27.5,0.51,6.83,7.79,0.72
7212,1,1448,2026-06-25 07:00:00+00:00,1,88.58,0.06,0.22,50.24,0.18,1.64,3.1,0.47
7213,2,1448,2026-06-25 07:00:00+00:00,3,130.74,0.36,5.07,134.32,4.12,22.83,30.17,1.3
7214,3,1448,2026-06-25 07:00:00+00:00,1,84.99,0.16,1.22,57.92,0.56,1.18,1.33,0.22
7215,4,1448,2026-06-25 07:00:00+00:00,1,82.91,0.66,3.17,33.67,0.24,4.06,5.53,4.33
7216,5,1448,2026-06-25 07:00:00+00:00,1,133.68,0.0,5.41,27.82,0.57,7.16,8.2,0.63
7217,1,1449,2026-06-25 08:00:00+00:00,1,80.82,0.04,0.14,50.63,0.17,1.4,2.67,0.43
7218,2,1449,2026-06-25 08:00:00+00:00,3,132.58,0.57,5.06,135.12,4.22,23.05,31.05,1.41
7219,3,1449,2026-06-25 08:00:00+00:00,2,82.64,0.09,0.61,65.57,0.32,0.88,0.96,0.21
7220,4,1449,2026-06-25 08:00:00+00:00,1,82.15,0.99,2.85,34.06,0.25,3.99,5.24,4.37
7221,5,1449,2026-06-25 08:00:00+00:00,1,129.9,0.0,4.82,25.51,0.55,7.54,8.66,0.52
7222,1,1450,2026-06-25 09:00:00+00:00,1,77.9,0.03,0.11,49.19,0.17,1.42,2.63,0.42
7223,2,1450,2026-06-25 09:00:00+00:00,3,135.42,0.62,4.6,139.81,4.29,23.61,31.94,1.54
7224,3,1450,2026-06-25 09:00:00+00:00,2,81.64,0.07,0.43,67.77,0.26,0.79,0.86,0.22
7225,4,1450,2026-06-25 09:00:00+00:00,1,81.65,0.88,2.37,40.29,0.26,4.11,5.18,4.42
7226,5,1450,2026-06-25 09:00:00+00:00,1,127.37,0.0,4.53,22.76,0.52,7.94,9.13,0.44
7227,1,1451,2026-06-25 10:00:00+00:00,1,70.7,0.02,0.08,50.18,0.12,1.09,1.94,0.31
7228,2,1451,2026-06-25 10:00:00+00:00,4,139.3,0.54,3.82,147.17,4.32,25.58,33.84,1.54
7229,3,1451,2026-06-25 10:00:00+00:00,2,82.17,0.06,0.38,69.9,0.24,0.74,0.8,0.23
7230,4,1451,2026-06-25 10:00:00+00:00,2,85.95,0.08,0.86,88.82,0.33,4.03,4.8,2.23
7231,5,1451,2026-06-25 10:00:00+00:00,1,126.09,0.01,4.62,20.34,0.52,8.26,9.52,0.42
7232,1,1452,2026-06-25 11:00:00+00:00,1,66.92,0.02,0.08,50.43,0.1,0.91,1.58,0.27
7233,2,1452,2026-06-25 11:00:00+00:00,4,143.31,0.43,3.19,155.92,4.33,26.72,34.99,1.68
7234,3,1452,2026-06-25 11:00:00+00:00,2,82.2,0.05,0.43,69.02,0.26,0.75,0.8,0.25
7235,4,1452,2026-06-25 11:00:00+00:00,2,85.3,0.04,0.62,94.23,0.32,3.84,4.67,1.67
7236,5,1452,2026-06-25 11:00:00+00:00,1,131.94,0.13,5.94,19.14,0.61,8.59,9.92,0.48
7237,1,1453,2026-06-25 12:00:00+00:00,1,66.09,0.02,0.09,49.73,0.1,0.86,1.49,0.27
7238,2,1453,2026-06-25 12:00:00+00:00,4,147.04,0.37,2.83,162.93,4.29,27.34,35.65,1.72
7239,3,1453,2026-06-25 12:00:00+00:00,2,82.23,0.05,0.52,67.23,0.27,0.76,0.82,0.26
7240,4,1453,2026-06-25 12:00:00+00:00,2,84.39,0.04,0.59,92.85,0.28,3.45,4.12,1.62
7241,5,1453,2026-06-25 12:00:00+00:00,1,142.81,1.03,7.17,22.4,0.84,8.9,10.3,0.59
7242,1,1454,2026-06-25 13:00:00+00:00,1,70.85,0.03,0.18,47.67,0.13,1.02,1.82,0.41
7243,2,1454,2026-06-25 13:00:00+00:00,4,149.67,0.34,2.79,168.37,4.26,27.73,35.93,1.69
7244,3,1454,2026-06-25 13:00:00+00:00,2,83.45,0.06,0.78,63.84,0.34,0.81,0.88,0.28
7245,4,1454,2026-06-25 13:00:00+00:00,2,85.09,0.04,0.6,93.18,0.25,3.13,3.64,1.68
7246,5,1454,2026-06-25 13:00:00+00:00,1,143.54,1.8,6.38,35.68,1.29,9.01,10.37,0.7
7247,1,1455,2026-06-25 14:00:00+00:00,1,79.61,0.02,0.38,44.5,0.18,1.34,2.45,0.6
7248,2,1455,2026-06-25 14:00:00+00:00,4,148.32,0.32,2.96,169.31,4.13,27.18,35.11,1.63
7249,3,1455,2026-06-25 14:00:00+00:00,2,84.8,0.09,1.0,60.0,0.4,0.91,0.99,0.3
7250,4,1455,2026-06-25 14:00:00+00:00,2,84.96,0.04,0.65,92.9,0.22,2.78,3.16,1.77
7251,5,1455,2026-06-25 14:00:00+00:00,1,141.27,1.9,5.42,46.12,1.3,8.91,10.19,0.81
7252,1,1456,2026-06-25 15:00:00+00:00,1,88.47,0.0,0.59,41.72,0.21,1.69,3.05,0.71
7253,2,1456,2026-06-25 15:00:00+00:00,4,145.18,0.3,3.35,168.39,4.04,26.23,33.9,1.59
7254,3,1456,2026-06-25 15:00:00+00:00,1,85.36,0.1,1.03,57.71,0.39,1.01,1.09,0.27
7255,4,1456,2026-06-25 15:00:00+00:00,2,84.73,0.03,0.73,93.2,0.2,2.51,2.83,1.85
7256,5,1456,2026-06-25 15:00:00+00:00,2,136.11,1.16,4.03,65.08,1.33,9.22,10.41,0.86
7257,1,1457,2026-06-25 16:00:00+00:00,1,96.85,0.0,0.73,38.72,0.23,2.08,3.69,0.79
7258,2,1457,2026-06-25 16:00:00+00:00,4,145.71,0.31,3.96,172.48,4.15,26.52,34.12,1.64
7259,3,1457,2026-06-25 16:00:00+00:00,1,84.88,0.1,0.98,54.36,0.34,1.07,1.15,0.23
7260,4,1457,2026-06-25 16:00:00+00:00,2,84.9,0.04,0.93,92.98,0.2,2.42,2.74,1.97
7261,5,1457,2026-06-25 16:00:00+00:00,2,104.29,0.16,1.62,99.56,2.35,9.14,9.81,0.04
7262,1,1458,2026-06-25 17:00:00+00:00,1,106.2,0.0,0.84,36.64,0.24,2.48,4.37,0.88
7263,2,1458,2026-06-25 17:00:00+00:00,4,145.6,0.32,4.59,177.73,4.26,27.18,34.62,1.68
7264,3,1458,2026-06-25 17:00:00+00:00,1,84.86,0.06,1.02,49.46,0.3,1.13,1.21,0.21
7265,4,1458,2026-06-25 17:00:00+00:00,2,85.11,0.05,1.14,91.66,0.21,2.53,2.87,2.13
7266,5,1458,2026-06-25 17:00:00+00:00,3,97.8,0.1,1.2,100.86,2.09,8.4,8.93,0.0
7267,1,1459,2026-06-25 18:00:00+00:00,1,109.55,0.0,0.82,35.62,0.23,2.59,4.62,0.76
7268,2,1459,2026-06-25 18:00:00+00:00,4,144.77,0.29,5.45,179.44,4.34,27.57,34.75,1.71
7269,3,1459,2026-06-25 18:00:00+00:00,1,85.11,0.01,1.13,44.73,0.28,1.13,1.21,0.2
7270,4,1459,2026-06-25 18:00:00+00:00,2,85.74,0.05,1.24,91.13,0.23,2.76,3.15,2.29
7271,5,1459,2026-06-25 18:00:00+00:00,3,96.59,0.08,1.22,100.13,1.92,8.16,8.67,0.02
7272,1,1460,2026-06-25 19:00:00+00:00,1,109.77,0.0,0.77,34.52,0.21,2.58,4.75,0.56
7273,2,1460,2026-06-25 19:00:00+00:00,4,142.86,0.18,6.7,174.39,4.35,27.17,34.07,1.74
7274,3,1460,2026-06-25 19:00:00+00:00,1,85.02,0.0,1.26,40.25,0.31,1.11,1.19,0.19
7275,4,1460,2026-06-25 19:00:00+00:00,2,87.2,0.02,1.47,88.69,0.26,3.01,3.44,2.54
7276,5,1460,2026-06-25 19:00:00+00:00,3,97.62,0.09,1.25,100.89,1.86,8.22,8.72,0.05
7277,1,1461,2026-06-25 20:00:00+00:00,1,117.39,0.0,0.85,33.17,0.21,2.92,5.28,0.51
7278,2,1461,2026-06-25 20:00:00+00:00,4,138.11,0.04,7.87,160.14,4.26,25.26,31.7,1.73
7279,3,1461,2026-06-25 20:00:00+00:00,1,86.13,0.0,1.54,36.83,0.43,1.12,1.22,0.2
7280,4,1461,2026-06-25 20:00:00+00:00,2,89.41,0.0,1.79,84.63,0.27,3.22,3.67,2.83
7281,5,1461,2026-06-25 20:00:00+00:00,3,98.1,0.13,1.23,101.5,1.79,8.25,8.74,0.11
7282,1,1462,2026-06-25 21:00:00+00:00,1,116.26,0.0,0.82,32.76,0.18,2.87,5.04,0.45
7283,2,1462,2026-06-25 21:00:00+00:00,4,130.49,0.0,7.92,140.08,4.07,21.64,27.54,1.69
7284,3,1462,2026-06-25 21:00:00+00:00,1,87.42,0.0,2.0,33.68,0.68,1.2,1.36,0.2
7285,4,1462,2026-06-25 21:00:00+00:00,2,92.09,0.0,1.98,81.82,0.27,3.37,3.83,3.04
7286,5,1462,2026-06-25 21:00:00+00:00,3,99.27,0.17,1.3,102.33,1.74,8.23,8.72,0.18
7287,1,1463,2026-06-25 22:00:00+00:00,1,115.47,0.0,0.81,32.07,0.16,2.82,4.85,0.48
7288,2,1463,2026-06-25 22:00:00+00:00,3,121.6,0.0,8.07,119.03,3.83,17.21,22.6,1.51
7289,3,1463,2026-06-25 22:00:00+00:00,1,88.38,0.0,2.55,30.42,0.96,1.33,1.57,0.21
7290,4,1463,2026-06-25 22:00:00+00:00,2,90.44,0.0,2.28,69.14,0.22,3.38,3.81,3.19
7291,5,1463,2026-06-25 22:00:00+00:00,3,103.9,0.25,1.9,101.56,1.75,8.33,8.84,0.3
7292,1,1464,2026-06-25 23:00:00+00:00,1,117.18,0.0,0.81,30.8,0.14,2.89,4.87,0.44
7293,2,1464,2026-06-25 23:00:00+00:00,3,112.95,0.0,8.33,100.88,3.75,13.08,18.01,1.27
7294,3,1464,2026-06-25 23:00:00+00:00,1,88.57,0.0,2.89,27.15,1.05,1.43,1.71,0.21
7295,4,1464,2026-06-25 23:00:00+00:00,1,89.3,0.0,2.49,54.98,0.17,3.43,3.88,3.5
7296,5,1464,2026-06-25 23:00:00+00:00,2,110.19,0.27,2.92,97.96,1.84,8.36,8.93,0.48
7297,1,1465,2026-06-26 00:00:00+00:00,1,117.08,0.0,0.8,30.17,0.12,2.89,4.81,0.39
7298,2,1465,2026-06-26 00:00:00+00:00,2,106.09,0.0,8.93,86.79,3.93,9.8,14.31,1.1
7299,3,1465,2026-06-26 00:00:00+00:00,1,87.94,0.0,2.96,24.86,1.03,1.46,1.75,0.21
7300,4,1465,2026-06-26 00:00:00+00:00,1,88.16,0.0,2.49,44.55,0.14,3.49,4.0,3.84
7301,5,1465,2026-06-26 00:00:00+00:00,2,115.13,0.13,4.15,93.44,2.0,8.1,8.75,0.65
7302,1,1466,2026-06-26 01:00:00+00:00,1,115.41,0.0,0.77,29.69,0.11,2.83,4.66,0.35
7303,2,1466,2026-06-26 01:00:00+00:00,2,101.74,0.0,10.43,75.15,4.34,7.7,11.88,0.91
7304,3,1466,2026-06-26 01:00:00+00:00,1,86.05,0.0,2.78,23.45,0.95,1.4,1.68,0.21
7305,4,1466,2026-06-26 01:00:00+00:00,1,86.78,0.0,2.49,37.15,0.14,3.51,4.06,4.35
7306,5,1466,2026-06-26 01:00:00+00:00,2,118.06,0.0,5.06,86.07,2.07,7.47,8.2,0.79
7307,1,1467,2026-06-26 02:00:00+00:00,1,113.35,0.0,0.75,29.56,0.1,2.7,4.47,0.34
7308,2,1467,2026-06-26 02:00:00+00:00,2,100.27,0.0,12.97,64.67,4.86,6.58,10.64,0.8
7309,3,1467,2026-06-26 02:00:00+00:00,1,84.18,0.01,2.51,22.49,0.87,1.29,1.58,0.21
7310,4,1467,2026-06-26 02:00:00+00:00,1,86.46,0.0,2.49,31.52,0.14,3.49,4.06,4.71
7311,5,1467,2026-06-26 02:00:00+00:00,2,121.41,0.0,5.41,77.77,1.95,6.93,7.72,0.93
7312,1,1468,2026-06-26 03:00:00+00:00,1,111.65,0.0,0.74,30.02,0.11,2.56,4.32,0.35
7313,2,1468,2026-06-26 03:00:00+00:00,1,100.32,0.0,16.24,54.79,5.47,6.08,10.1,0.93
7314,3,1468,2026-06-26 03:00:00+00:00,1,83.03,0.18,2.16,21.57,0.81,1.18,1.49,0.23
7315,4,1468,2026-06-26 03:00:00+00:00,1,86.85,0.0,2.6,27.8,0.13,3.41,3.96,4.84
7316,5,1468,2026-06-26 03:00:00+00:00,2,124.0,0.0,5.53,69.39,1.71,6.52,7.36,1.04
7317,1,1469,2026-06-26 04:00:00+00:00,1,110.04,0.0,0.76,32.22,0.16,2.54,4.56,0.44
7318,2,1469,2026-06-26 04:00:00+00:00,1,100.54,0.0,19.39,45.63,5.94,6.03,9.99,1.16
7319,3,1469,2026-06-26 04:00:00+00:00,1,83.02,0.34,2.12,20.52,0.83,1.1,1.42,0.26
7320,4,1469,2026-06-26 04:00:00+00:00,1,89.11,0.0,2.32,43.15,0.16,3.09,3.62,4.43
7321,5,1469,2026-06-26 04:00:00+00:00,2,122.5,0.0,5.21,61.37,1.43,6.1,6.96,1.1
7322,1,1470,2026-06-26 05:00:00+00:00,1,116.74,0.05,0.82,32.38,0.2,2.84,5.36,0.52
7323,2,1470,2026-06-26 05:00:00+00:00,1,101.22,0.18,21.6,40.25,6.17,6.6,10.91,1.17
7324,3,1470,2026-06-26 05:00:00+00:00,1,82.95,0.69,1.78,21.15,0.97,1.02,1.36,0.33
7325,4,1470,2026-06-26 05:00:00+00:00,1,91.66,0.05,2.83,45.42,0.17,2.97,3.52,4.15
7326,5,1470,2026-06-26 05:00:00+00:00,1,120.54,0.0,4.65,56.12,1.26,5.85,6.77,1.18
7327,1,1471,2026-06-26 06:00:00+00:00,1,116.7,0.11,0.67,33.8,0.22,2.86,5.48,0.61
7328,2,1471,2026-06-26 06:00:00+00:00,1,102.08,1.92,20.78,42.86,6.72,8.46,14.36,0.95
7329,3,1471,2026-06-26 06:00:00+00:00,1,82.52,0.88,1.56,25.46,1.27,1.01,1.34,0.4
7330,4,1471,2026-06-26 06:00:00+00:00,1,93.7,0.54,3.33,43.2,0.18,3.01,3.59,4.06
7331,5,1471,2026-06-26 06:00:00+00:00,1,117.76,0.0,4.03,53.14,1.18,5.74,6.73,1.27
7332,1,1472,2026-06-26 07:00:00+00:00,1,90.27,0.06,0.33,39.95,0.18,1.65,3.36,0.44
7333,2,1472,2026-06-26 07:00:00+00:00,2,101.92,3.03,17.91,52.4,7.42,12.48,22.08,0.79
7334,3,1472,2026-06-26 07:00:00+00:00,1,83.71,0.42,1.17,55.96,0.96,0.58,0.69,0.17
7335,4,1472,2026-06-26 07:00:00+00:00,1,91.74,0.54,2.58,53.9,0.17,2.9,3.45,3.77
7336,5,1472,2026-06-26 07:00:00+00:00,1,114.81,0.0,3.47,51.16,1.1,5.73,6.8,1.29
7337,1,1473,2026-06-26 08:00:00+00:00,1,83.73,0.05,0.23,40.93,0.18,1.5,3.05,0.44
7338,2,1473,2026-06-26 08:00:00+00:00,2,103.18,3.21,15.2,63.49,7.11,17.4,30.72,0.34
7339,3,1473,2026-06-26 08:00:00+00:00,2,82.34,0.14,0.49,65.54,0.5,0.5,0.53,0.13
7340,4,1473,2026-06-26 08:00:00+00:00,2,90.43,0.51,2.02,60.67,0.16,3.14,3.84,3.64
7341,5,1473,2026-06-26 08:00:00+00:00,1,113.65,0.0,3.13,48.1,0.98,5.87,7.0,1.19
7342,1,1474,2026-06-26 09:00:00+00:00,1,81.36,0.04,0.17,40.77,0.18,1.52,2.98,0.46
7343,2,1474,2026-06-26 09:00:00+00:00,2,104.45,3.03,13.02,73.44,6.78,21.24,36.6,0.12
7344,3,1474,2026-06-26 09:00:00+00:00,2,81.6,0.09,0.33,69.56,0.4,0.5,0.54,0.12
7345,4,1474,2026-06-26 09:00:00+00:00,2,89.56,0.38,1.53,68.32,0.17,3.77,4.69,3.63
7346,5,1474,2026-06-26 09:00:00+00:00,1,114.1,0.0,2.98,45.22,0.9,6.15,7.35,1.04
7347,1,1475,2026-06-26 10:00:00+00:00,1,71.99,0.03,0.11,43.12,0.13,1.02,2.0,0.32
7348,2,1475,2026-06-26 10:00:00+00:00,2,103.57,2.82,10.58,80.33,6.35,22.36,37.96,0.03
7349,3,1475,2026-06-26 10:00:00+00:00,2,82.02,0.07,0.27,72.81,0.36,0.51,0.55,0.12
7350,4,1475,2026-06-26 10:00:00+00:00,2,89.37,0.22,1.0,81.69,0.16,4.26,5.39,3.36
7351,5,1475,2026-06-26 10:00:00+00:00,1,115.15,0.0,3.03,42.22,0.86,6.5,7.75,0.97
7352,1,1476,2026-06-26 11:00:00+00:00,1,67.42,0.02,0.09,44.2,0.1,0.81,1.58,0.27
7353,2,1476,2026-06-26 11:00:00+00:00,2,102.28,2.62,8.84,84.53,6.15,21.26,36.64,0.01
7354,3,1476,2026-06-26 11:00:00+00:00,2,81.83,0.07,0.25,73.87,0.33,0.52,0.56,0.12
7355,4,1476,2026-06-26 11:00:00+00:00,2,87.98,0.15,0.77,88.85,0.15,4.46,5.68,3.05
7356,5,1476,2026-06-26 11:00:00+00:00,1,119.22,0.04,3.51,39.84,0.89,7.03,8.29,1.07
7357,1,1477,2026-06-26 12:00:00+00:00,1,66.02,0.02,0.09,44.18,0.1,0.75,1.45,0.26
7358,2,1477,2026-06-26 12:00:00+00:00,2,100.98,2.25,7.43,89.29,6.02,18.92,34.04,0.0
7359,3,1477,2026-06-26 12:00:00+00:00,2,81.82,0.06,0.23,73.93,0.3,0.54,0.58,0.12
7360,4,1477,2026-06-26 12:00:00+00:00,2,87.19,0.13,0.68,91.92,0.15,4.73,6.03,2.98
7361,5,1477,2026-06-26 12:00:00+00:00,1,125.59,0.45,3.88,40.19,0.98,7.75,8.99,1.22
7362,1,1478,2026-06-26 13:00:00+00:00,1,69.81,0.03,0.15,43.04,0.12,0.86,1.7,0.38
7363,2,1478,2026-06-26 13:00:00+00:00,2,99.36,1.77,6.23,95.51,5.84,16.15,30.77,0.0
7364,3,1478,2026-06-26 13:00:00+00:00,2,81.89,0.06,0.25,73.69,0.27,0.56,0.59,0.12
7365,4,1478,2026-06-26 13:00:00+00:00,2,85.33,0.07,0.46,95.01,0.1,3.38,4.4,2.35
7366,5,1478,2026-06-26 13:00:00+00:00,1,129.11,0.84,3.57,47.46,1.16,8.59,9.79,1.32
7367,1,1479,2026-06-26 14:00:00+00:00,1,77.45,0.03,0.31,40.67,0.16,1.11,2.23,0.55
7368,2,1479,2026-06-26 14:00:00+00:00,3,98.07,1.42,5.61,101.77,5.73,13.82,27.84,0.0
7369,3,1479,2026-06-26 14:00:00+00:00,2,81.95,0.06,0.29,73.66,0.27,0.57,0.6,0.12
7370,4,1479,2026-06-26 14:00:00+00:00,2,83.5,0.05,0.42,93.92,0.08,2.59,3.46,1.99
7371,5,1479,2026-06-26 14:00:00+00:00,1,128.11,0.74,2.98,58.79,1.29,9.28,10.44,1.36
7372,1,1480,2026-06-26 15:00:00+00:00,1,85.59,0.0,0.53,38.17,0.18,1.37,2.75,0.65
7373,2,1480,2026-06-26 15:00:00+00:00,3,96.88,1.29,5.67,105.13,5.73,12.11,25.4,0.0
7374,3,1480,2026-06-26 15:00:00+00:00,2,81.91,0.05,0.33,73.86,0.27,0.55,0.58,0.14
7375,4,1480,2026-06-26 15:00:00+00:00,2,82.95,0.05,0.5,92.83,0.07,2.43,3.34,1.92
7376,5,1480,2026-06-26 15:00:00+00:00,2,125.88,0.46,2.15,74.61,1.38,10.16,11.26,1.33
7377,1,1481,2026-06-26 16:00:00+00:00,1,92.21,0.0,0.65,35.27,0.19,1.61,3.19,0.71
7378,2,1481,2026-06-26 16:00:00+00:00,3,96.14,1.3,6.45,104.49,5.86,10.87,23.33,0.0
7379,3,1481,2026-06-26 16:00:00+00:00,2,82.67,0.07,0.64,64.89,0.31,0.58,0.63,0.31
7380,4,1481,2026-06-26 16:00:00+00:00,2,82.91,0.1,1.23,86.61,0.08,2.43,3.38,2.02
7381,5,1481,2026-06-26 16:00:00+00:00,2,110.56,0.08,1.4,95.13,1.04,8.05,8.68,0.71
7382,1,1482,2026-06-26 17:00:00+00:00,1,98.11,0.0,0.72,33.44,0.2,1.77,3.48,0.68
7383,2,1482,2026-06-26 17:00:00+00:00,3,95.85,1.35,7.98,101.19,6.12,9.99,21.59,0.0
7384,3,1482,2026-06-26 17:00:00+00:00,1,83.41,0.07,1.05,51.58,0.33,0.65,0.73,0.54
7385,4,1482,2026-06-26 17:00:00+00:00,2,83.04,0.17,2.19,77.79,0.11,2.49,3.47,2.31
7386,5,1482,2026-06-26 17:00:00+00:00,2,103.43,0.05,1.18,95.11,0.68,5.94,6.36,0.52
7387,1,1483,2026-06-26 18:00:00+00:00,1,100.29,0.0,0.71,32.66,0.19,1.75,3.46,0.53
7388,2,1483,2026-06-26 18:00:00+00:00,2,95.57,1.24,10.08,95.78,6.34,9.22,19.77,0.01
7389,3,1483,2026-06-26 18:00:00+00:00,1,83.53,0.02,1.37,42.46,0.31,0.71,0.8,0.62
7390,4,1483,2026-06-26 18:00:00+00:00,2,83.26,0.17,2.73,71.88,0.14,2.54,3.55,2.64
7391,5,1483,2026-06-26 18:00:00+00:00,2,101.62,0.06,1.14,94.5,0.58,5.16,5.53,0.5
7392,1,1484,2026-06-26 19:00:00+00:00,1,95.76,0.0,0.62,32.72,0.17,1.45,2.92,0.38
7393,2,1484,2026-06-26 19:00:00+00:00,2,95.57,0.76,13.25,89.05,6.62,8.67,18.23,0.02
7394,3,1484,2026-06-26 19:00:00+00:00,1,82.81,0.0,1.65,34.65,0.3,0.75,0.87,0.62
7395,4,1484,2026-06-26 19:00:00+00:00,2,83.64,0.09,3.04,68.34,0.17,2.57,3.59,2.98
7396,5,1484,2026-06-26 19:00:00+00:00,2,102.04,0.08,1.1,96.39,0.56,4.92,5.27,0.5
7397,1,1485,2026-06-26 20:00:00+00:00,1,94.79,0.0,0.59,32.55,0.15,1.32,2.66,0.33
7398,2,1485,2026-06-26 20:00:00+00:00,2,95.86,0.17,16.68,81.62,6.96,8.26,16.91,0.04
7399,3,1485,2026-06-26 20:00:00+00:00,1,82.42,0.0,1.82,27.31,0.28,0.8,0.94,0.61
7400,4,1485,2026-06-26 20:00:00+00:00,2,85.2,0.01,3.19,65.12,0.22,2.64,3.65,3.08
7401,5,1485,2026-06-26 20:00:00+00:00,2,102.29,0.1,1.11,98.28,0.61,4.98,5.35,0.51
7402,1,1486,2026-06-26 21:00:00+00:00,1,90.1,0.0,0.53,32.6,0.12,1.08,2.16,0.26
7403,2,1486,2026-06-26 21:00:00+00:00,2,96.25,0.0,18.15,74.66,7.23,7.72,15.41,0.05
7404,3,1486,2026-06-26 21:00:00+00:00,1,80.31,0.0,1.71,21.65,0.25,0.85,1.0,0.6
7405,4,1486,2026-06-26 21:00:00+00:00,2,87.81,0.0,3.39,63.35,0.31,2.9,3.89,3.2
7406,5,1486,2026-06-26 21:00:00+00:00,3,103.21,0.13,1.27,100.32,0.7,5.12,5.5,0.54
7407,1,1487,2026-06-26 22:00:00+00:00,1,83.74,0.0,0.44,33.1,0.09,0.81,1.57,0.2
7408,2,1487,2026-06-26 22:00:00+00:00,2,96.42,0.0,19.59,68.78,7.21,7.17,13.57,0.07
7409,3,1487,2026-06-26 22:00:00+00:00,1,77.07,0.01,1.58,17.17,0.24,0.89,1.07,0.61
7410,4,1487,2026-06-26 22:00:00+00:00,2,89.43,0.0,3.45,61.0,0.39,3.41,4.34,3.36
7411,5,1487,2026-06-26 22:00:00+00:00,2,115.21,0.38,3.39,89.61,0.75,5.3,5.7,0.7
7412,1,1488,2026-06-26 23:00:00+00:00,1,77.65,0.0,0.34,34.0,0.07,0.6,1.11,0.15
7413,2,1488,2026-06-26 23:00:00+00:00,2,96.58,0.0,21.18,63.13,7.2,6.72,12.03,0.1
7414,3,1488,2026-06-26 23:00:00+00:00,1,74.68,0.01,1.53,13.82,0.24,0.95,1.16,0.62
7415,4,1488,2026-06-26 23:00:00+00:00,1,91.7,0.0,3.08,59.41,0.42,4.16,5.04,3.57
7416,5,1488,2026-06-26 23:00:00+00:00,2,132.4,0.57,6.3,73.02,0.74,5.43,5.88,0.94
7417,1,1489,2026-06-27 00:00:00+00:00,1,71.48,0.0,0.26,35.62,0.06,0.5,0.81,0.12
7418,2,1489,2026-06-27 00:00:00+00:00,1,96.56,0.0,22.75,57.51,7.31,6.46,11.1,0.14
7419,3,1489,2026-06-27 00:00:00+00:00,1,72.73,0.02,1.51,11.09,0.23,1.02,1.27,0.63
7420,4,1489,2026-06-27 00:00:00+00:00,1,93.29,0.0,2.56,57.97,0.41,4.91,5.71,3.77
7421,5,1489,2026-06-27 00:00:00+00:00,2,141.42,0.26,8.18,61.24,0.73,5.39,5.87,1.09
7422,1,1490,2026-06-27 01:00:00+00:00,1,65.17,0.0,0.19,38.77,0.05,0.5,0.62,0.1
7423,2,1490,2026-06-27 01:00:00+00:00,1,96.65,0.0,24.35,51.95,7.37,6.33,10.55,0.18
7424,3,1490,2026-06-27 01:00:00+00:00,1,70.73,0.02,1.5,9.22,0.24,1.09,1.37,0.59
7425,4,1490,2026-06-27 01:00:00+00:00,1,93.1,0.0,2.16,55.41,0.36,5.33,6.05,3.91
7426,5,1490,2026-06-27 01:00:00+00:00,1,144.81,0.01,8.83,47.26,0.63,5.28,5.83,1.19
7427,1,1491,2026-06-27 02:00:00+00:00,1,62.89,0.0,0.17,40.39,0.05,0.5,0.62,0.11
7428,2,1491,2026-06-27 02:00:00+00:00,1,96.76,0.0,25.93,46.68,7.43,6.25,10.04,0.19
7429,3,1491,2026-06-27 02:00:00+00:00,1,69.86,0.03,1.59,8.99,0.27,1.18,1.48,0.48
7430,4,1491,2026-06-27 02:00:00+00:00,1,93.98,0.0,1.98,54.05,0.33,5.52,6.2,4.05
7431,5,1491,2026-06-27 02:00:00+00:00,1,148.12,0.0,8.59,33.4,0.49,5.33,5.96,0.99
7432,1,1492,2026-06-27 03:00:00+00:00,1,62.38,0.0,0.16,41.99,0.05,0.5,0.69,0.12
7433,2,1492,2026-06-27 03:00:00+00:00,1,96.51,0.0,26.89,42.77,7.55,5.98,9.09,0.19
7434,3,1492,2026-06-27 03:00:00+00:00,1,71.49,0.09,1.85,11.24,0.39,1.32,1.66,0.4
7435,4,1492,2026-06-27 03:00:00+00:00,1,95.21,0.0,1.97,55.16,0.35,5.55,6.24,3.99
7436,5,1492,2026-06-27 03:00:00+00:00,1,150.3,0.01,8.18,23.79,0.39,5.34,6.04,0.79
7437,1,1493,2026-06-27 04:00:00+00:00,1,64.39,0.0,0.2,43.47,0.07,0.5,0.93,0.17
7438,2,1493,2026-06-27 04:00:00+00:00,1,96.34,0.0,27.84,39.06,7.58,5.76,8.33,0.17
7439,3,1493,2026-06-27 04:00:00+00:00,1,77.15,0.25,1.96,20.89,0.71,1.58,1.9,0.33
7440,4,1493,2026-06-27 04:00:00+00:00,1,95.6,0.0,2.12,55.43,0.4,5.51,6.29,3.75
7441,5,1493,2026-06-27 04:00:00+00:00,1,145.84,0.02,7.2,18.14,0.44,5.14,5.81,0.81
7442,1,1494,2026-06-27 05:00:00+00:00,1,66.88,0.02,0.22,44.92,0.09,0.52,1.18,0.23
7443,2,1494,2026-06-27 05:00:00+00:00,1,96.43,0.15,29.45,34.63,7.55,5.86,8.18,0.17
7444,3,1494,2026-06-27 05:00:00+00:00,1,78.82,0.63,1.57,21.2,0.59,1.56,1.81,0.33
7445,4,1494,2026-06-27 05:00:00+00:00,1,96.11,0.02,2.68,52.0,0.45,5.55,6.48,3.65
7446,5,1494,2026-06-27 05:00:00+00:00,1,139.14,0.02,5.79,15.06,0.5,5.0,5.59,0.77
7447,1,1495,2026-06-27 06:00:00+00:00,1,68.66,0.04,0.19,46.22,0.11,0.54,1.34,0.29
7448,2,1495,2026-06-27 06:00:00+00:00,1,96.79,1.57,29.73,32.28,7.6,6.14,8.35,0.18
7449,3,1495,2026-06-27 06:00:00+00:00,1,79.05,0.72,1.18,24.71,0.49,1.55,1.76,0.34
7450,4,1495,2026-06-27 06:00:00+00:00,1,96.79,0.25,3.2,48.5,0.48,5.61,6.71,3.62
7451,5,1495,2026-06-27 06:00:00+00:00,1,132.34,0.02,4.69,13.16,0.54,4.91,5.44,0.78
7452,1,1496,2026-06-27 07:00:00+00:00,1,67.98,0.04,0.13,48.63,0.12,0.54,1.38,0.32
7453,2,1496,2026-06-27 07:00:00+00:00,1,96.86,3.72,28.07,31.6,7.7,6.45,8.62,0.18
7454,3,1496,2026-06-27 07:00:00+00:00,1,80.56,0.28,0.83,47.7,0.52,1.63,1.79,0.2
7455,4,1496,2026-06-27 07:00:00+00:00,1,96.61,0.65,3.08,47.24,0.5,5.62,6.85,3.67
7456,5,1496,2026-06-27 07:00:00+00:00,1,126.3,0.02,3.99,11.48,0.49,4.84,5.34,0.83
7457,1,1497,2026-06-27 08:00:00+00:00,1,66.97,0.03,0.1,49.21,0.12,0.6,1.44,0.33
7458,2,1497,2026-06-27 08:00:00+00:00,1,97.45,5.57,27.08,31.31,7.92,6.78,8.89,0.15
7459,3,1497,2026-06-27 08:00:00+00:00,1,79.75,0.14,0.62,54.59,0.43,1.44,1.55,0.21
7460,4,1497,2026-06-27 08:00:00+00:00,1,96.09,0.79,2.66,50.25,0.52,5.79,7.12,3.6
7461,5,1497,2026-06-27 08:00:00+00:00,1,120.5,0.03,3.42,9.52,0.39,4.8,5.31,0.85
7462,1,1498,2026-06-27 09:00:00+00:00,1,65.72,0.02,0.07,48.74,0.12,0.65,1.47,0.32
7463,2,1498,2026-06-27 09:00:00+00:00,1,98.41,7.84,25.31,32.71,8.27,7.09,9.1,0.12
7464,3,1498,2026-06-27 09:00:00+00:00,1,78.95,0.07,0.58,56.63,0.37,1.15,1.25,0.23
7465,4,1498,2026-06-27 09:00:00+00:00,1,96.01,0.59,2.06,59.61,0.53,6.59,8.0,3.51
7466,5,1498,2026-06-27 09:00:00+00:00,1,116.39,0.04,3.15,8.6,0.34,4.78,5.29,0.92
7467,1,1499,2026-06-27 10:00:00+00:00,1,62.41,0.02,0.05,50.52,0.09,0.52,1.1,0.22
7468,2,1499,2026-06-27 10:00:00+00:00,1,99.28,11.48,20.76,37.78,8.58,7.39,9.33,0.1
7469,3,1499,2026-06-27 10:00:00+00:00,2,80.35,0.04,0.44,62.71,0.25,0.76,0.8,0.17
7470,4,1499,2026-06-27 10:00:00+00:00,2,97.04,0.23,1.3,78.72,0.55,7.31,8.68,3.72
7471,5,1499,2026-06-27 10:00:00+00:00,1,114.85,0.08,3.31,8.09,0.31,4.75,5.28,1.1
7472,1,1500,2026-06-27 11:00:00+00:00,1,61.28,0.02,0.05,50.85,0.08,0.51,0.98,0.2
7473,2,1500,2026-06-27 11:00:00+00:00,1,100.14,12.86,20.0,38.7,8.9,7.89,9.78,0.08
7474,3,1500,2026-06-27 11:00:00+00:00,2,81.21,0.04,0.41,62.68,0.21,0.61,0.64,0.16
7475,4,1500,2026-06-27 11:00:00+00:00,2,96.24,0.12,1.04,86.33,0.53,7.78,9.12,3.64
7476,5,1500,2026-06-27 11:00:00+00:00,1,121.34,0.3,4.46,6.9,0.31,4.78,5.37,1.26
7477,1,1501,2026-06-27 12:00:00+00:00,1,61.22,0.02,0.06,50.19,0.08,0.52,1.03,0.2
7478,2,1501,2026-06-27 12:00:00+00:00,1,101.38,14.29,20.07,38.91,9.4,8.58,10.44,0.06
7479,3,1501,2026-06-27 12:00:00+00:00,2,82.16,0.04,0.43,61.73,0.2,0.54,0.56,0.15
7480,4,1501,2026-06-27 12:00:00+00:00,2,94.92,0.07,1.02,88.94,0.5,7.8,9.08,3.45
7481,5,1501,2026-06-27 12:00:00+00:00,1,133.8,1.13,5.73,6.63,0.35,4.81,5.48,1.42
7482,1,1502,2026-06-27 13:00:00+00:00,1,62.6,0.02,0.09,49.2,0.08,0.57,1.18,0.24
7483,2,1502,2026-06-27 13:00:00+00:00,1,102.98,15.33,22.27,37.57,10.26,9.58,11.38,0.04
7484,3,1502,2026-06-27 13:00:00+00:00,2,82.75,0.05,0.45,60.24,0.2,0.5,0.52,0.14
7485,4,1502,2026-06-27 13:00:00+00:00,2,91.46,0.04,0.75,91.47,0.35,6.1,7.2,2.91
7486,5,1502,2026-06-27 13:00:00+00:00,1,138.93,0.91,6.59,11.56,0.53,4.8,5.53,1.29
7487,1,1503,2026-06-27 14:00:00+00:00,1,65.13,0.01,0.15,47.58,0.09,0.67,1.4,0.29
7488,2,1503,2026-06-27 14:00:00+00:00,2,104.76,16.64,25.03,35.53,11.75,10.76,12.5,0.02
7489,3,1503,2026-06-27 14:00:00+00:00,1,83.61,0.05,0.48,59.07,0.2,0.5,0.51,0.15
7490,4,1503,2026-06-27 14:00:00+00:00,2,88.84,0.04,0.58,92.35,0.22,4.95,6.05,2.38
7491,5,1503,2026-06-27 14:00:00+00:00,1,139.42,0.76,6.34,14.81,0.6,4.77,5.52,0.92
7492,1,1504,2026-06-27 15:00:00+00:00,1,67.84,0.0,0.22,45.93,0.1,0.77,1.6,0.3
7493,2,1504,2026-06-27 15:00:00+00:00,2,106.37,18.15,28.13,33.45,13.96,11.98,13.64,0.0
7494,3,1504,2026-06-27 15:00:00+00:00,1,84.37,0.05,0.49,57.9,0.21,0.5,0.52,0.16
7495,4,1504,2026-06-27 15:00:00+00:00,2,87.49,0.04,0.52,92.78,0.16,4.41,5.48,2.04
7496,5,1504,2026-06-27 15:00:00+00:00,1,137.08,0.5,5.61,20.4,0.67,4.75,5.47,0.79
7497,1,1505,2026-06-27 16:00:00+00:00,1,73.24,0.0,0.32,42.47,0.12,1.0,2.03,0.37
7498,2,1505,2026-06-27 16:00:00+00:00,2,107.67,19.14,31.85,31.71,16.99,13.41,14.93,0.01
7499,3,1505,2026-06-27 16:00:00+00:00,1,85.15,0.05,0.59,53.29,0.23,0.52,0.55,0.21
7500,4,1505,2026-06-27 16:00:00+00:00,2,85.9,0.06,0.56,91.13,0.12,4.14,5.18,1.82
7501,5,1505,2026-06-27 16:00:00+00:00,1,133.1,0.18,3.32,48.72,0.96,4.99,5.5,0.52
7502,1,1506,2026-06-27 17:00:00+00:00,1,81.4,0.0,0.44,39.55,0.15,1.31,2.63,0.47
7503,2,1506,2026-06-27 17:00:00+00:00,2,108.03,18.27,35.86,30.36,19.5,14.83,16.19,0.01
7504,3,1506,2026-06-27 17:00:00+00:00,1,85.58,0.04,0.76,45.7,0.23,0.57,0.61,0.25
7505,4,1506,2026-06-27 17:00:00+00:00,2,85.63,0.07,0.73,88.37,0.11,4.12,5.17,1.83
7506,5,1506,2026-06-27 17:00:00+00:00,2,131.7,0.14,2.51,60.16,0.97,4.79,5.21,0.43
7507,1,1507,2026-06-27 18:00:00+00:00,1,87.57,0.0,0.52,37.69,0.15,1.57,3.09,0.49
7508,2,1507,2026-06-27 18:00:00+00:00,2,107.85,15.62,40.56,28.06,20.72,15.84,17.06,0.01
7509,3,1507,2026-06-27 18:00:00+00:00,1,85.48,0.01,0.89,38.93,0.22,0.62,0.67,0.25
7510,4,1507,2026-06-27 18:00:00+00:00,2,86.22,0.06,0.86,86.28,0.11,4.12,5.16,1.92
7511,5,1507,2026-06-27 18:00:00+00:00,2,131.18,0.14,2.19,65.11,0.92,4.5,4.87,0.43
7512,1,1508,2026-06-27 19:00:00+00:00,1,90.31,0.0,0.56,36.09,0.15,1.73,3.38,0.4
7513,2,1508,2026-06-27 19:00:00+00:00,2,108.11,10.88,47.57,22.7,20.95,16.44,17.63,0.01
7514,3,1508,2026-06-27 19:00:00+00:00,1,84.48,0.0,0.99,32.4,0.19,0.66,0.72,0.24
7515,4,1508,2026-06-27 19:00:00+00:00,2,87.28,0.04,1.17,80.12,0.11,4.1,5.13,2.25
7516,5,1508,2026-06-27 19:00:00+00:00,2,134.78,0.22,2.66,60.13,0.87,4.44,4.79,0.55
7517,1,1509,2026-06-27 20:00:00+00:00,1,90.73,0.0,0.55,35.49,0.14,1.74,3.36,0.32
7518,2,1509,2026-06-27 20:00:00+00:00,2,109.0,4.21,60.04,12.61,20.45,17.22,18.52,0.02
7519,3,1509,2026-06-27 20:00:00+00:00,1,83.66,0.0,1.03,26.72,0.17,0.7,0.76,0.24
7520,4,1509,2026-06-27 20:00:00+00:00,2,87.68,0.01,1.6,70.57,0.11,3.99,4.99,2.71
7521,5,1509,2026-06-27 20:00:00+00:00,1,142.61,0.33,3.89,49.43,0.85,4.63,5.01,0.65
7522,1,1510,2026-06-27 21:00:00+00:00,1,86.59,0.0,0.48,35.65,0.11,1.53,2.93,0.24
7523,2,1510,2026-06-27 21:00:00+00:00,2,109.7,0.39,69.11,7.49,18.8,17.94,19.49,0.02
7524,3,1510,2026-06-27 21:00:00+00:00,1,82.3,0.0,0.98,22.44,0.15,0.74,0.8,0.25
7525,4,1510,2026-06-27 21:00:00+00:00,2,87.4,0.0,1.87,63.1,0.11,3.72,4.66,3.12
7526,5,1510,2026-06-27 21:00:00+00:00,1,153.45,0.44,5.65,43.39,0.89,4.8,5.2,0.81
7527,1,1511,2026-06-27 22:00:00+00:00,1,83.71,0.0,0.44,35.49,0.09,1.37,2.63,0.2
7528,2,1511,2026-06-27 22:00:00+00:00,2,107.64,0.11,63.38,14.53,15.57,16.9,18.65,0.0
7529,3,1511,2026-06-27 22:00:00+00:00,1,80.18,0.0,0.9,19.36,0.13,0.76,0.83,0.25
7530,4,1511,2026-06-27 22:00:00+00:00,1,85.63,0.0,2.02,55.64,0.09,3.37,4.24,3.34
7531,5,1511,2026-06-27 22:00:00+00:00,1,163.45,0.29,7.53,38.04,0.92,4.87,5.29,0.95
7532,1,1512,2026-06-27 23:00:00+00:00,1,83.66,0.0,0.45,34.68,0.08,1.36,2.61,0.21
7533,2,1512,2026-06-27 23:00:00+00:00,2,105.27,0.05,54.18,21.41,12.57,15.17,17.35,0.02
7534,3,1512,2026-06-27 23:00:00+00:00,1,78.83,0.0,0.85,17.47,0.13,0.79,0.85,0.25
7535,4,1512,2026-06-27 23:00:00+00:00,1,85.32,0.0,1.96,50.68,0.08,3.14,3.95,3.52
7536,5,1512,2026-06-27 23:00:00+00:00,1,164.84,0.12,7.42,33.02,0.87,4.8,5.22,0.69
7537,1,1513,2026-06-28 00:00:00+00:00,1,83.11,0.0,0.45,34.25,0.08,1.34,2.59,0.22
7538,2,1513,2026-06-28 00:00:00+00:00,2,102.26,0.01,43.05,30.34,10.32,13.06,15.97,0.03
7539,3,1513,2026-06-28 00:00:00+00:00,1,77.57,0.0,0.81,16.12,0.13,0.82,0.88,0.25
7540,4,1513,2026-06-28 00:00:00+00:00,1,85.63,0.0,1.76,49.17,0.07,2.94,3.7,3.69
7541,5,1513,2026-06-28 00:00:00+00:00,1,160.74,0.02,6.65,32.06,0.83,4.62,4.98,0.49
7542,1,1514,2026-06-28 01:00:00+00:00,1,82.84,0.0,0.45,33.71,0.07,1.34,2.58,0.24
7543,2,1514,2026-06-28 01:00:00+00:00,2,98.57,0.0,31.2,42.52,8.55,10.69,14.83,0.03
7544,3,1514,2026-06-28 01:00:00+00:00,1,76.05,0.01,0.78,15.02,0.13,0.84,0.91,0.24
7545,4,1514,2026-06-28 01:00:00+00:00,1,85.47,0.0,1.55,48.74,0.07,2.76,3.48,3.6
7546,5,1514,2026-06-28 01:00:00+00:00,1,153.71,0.0,5.76,33.17,0.74,4.43,4.73,0.36
7547,1,1515,2026-06-28 02:00:00+00:00,1,83.35,0.0,0.47,33.51,0.07,1.38,2.63,0.26
7548,2,1515,2026-06-28 02:00:00+00:00,1,95.18,0.0,22.42,52.54,7.45,8.85,14.75,0.02
7549,3,1515,2026-06-28 02:00:00+00:00,1,75.92,0.01,0.78,14.78,0.16,0.88,0.96,0.23
7550,4,1515,2026-06-28 02:00:00+00:00,1,85.37,0.0,1.47,44.66,0.06,2.71,3.44,2.77
7551,5,1515,2026-06-28 02:00:00+00:00,1,147.28,0.0,4.85,32.47,0.64,4.25,4.5,0.28
7552,1,1516,2026-06-28 03:00:00+00:00,1,85.08,0.0,0.5,33.66,0.08,1.48,2.78,0.28
7553,2,1516,2026-06-28 03:00:00+00:00,1,92.88,0.0,17.05,58.59,6.71,7.79,15.08,0.02
7554,3,1516,2026-06-28 03:00:00+00:00,1,77.85,0.13,0.78,17.26,0.29,0.97,1.08,0.22
7555,4,1516,2026-06-28 03:00:00+00:00,1,85.35,0.0,1.44,40.66,0.05,2.75,3.53,1.93
7556,5,1516,2026-06-28 03:00:00+00:00,1,138.53,0.0,3.89,33.11,0.59,3.83,4.03,0.25
7557,1,1517,2026-06-28 04:00:00+00:00,1,91.61,0.0,0.6,33.83,0.12,1.8,3.48,0.36
7558,2,1517,2026-06-28 04:00:00+00:00,2,91.5,0.0,13.39,61.7,6.0,7.16,14.84,0.03
7559,3,1517,2026-06-28 04:00:00+00:00,1,83.09,0.32,1.02,27.62,0.86,1.29,1.47,0.18
7560,4,1517,2026-06-28 04:00:00+00:00,1,83.76,0.0,1.47,37.69,0.06,2.83,3.67,1.63
7561,5,1517,2026-06-28 04:00:00+00:00,1,128.8,0.0,3.03,32.53,0.52,3.27,3.43,0.24
7562,1,1518,2026-06-28 05:00:00+00:00,1,99.24,0.06,0.63,34.16,0.16,2.16,4.34,0.48
7563,2,1518,2026-06-28 05:00:00+00:00,2,91.33,0.03,11.68,61.92,5.5,6.72,14.08,0.06
7564,3,1518,2026-06-28 05:00:00+00:00,1,85.38,0.61,1.33,31.13,1.35,1.66,1.92,0.2
7565,4,1518,2026-06-28 05:00:00+00:00,1,84.35,0.01,1.87,37.56,0.09,3.04,3.92,1.7
7566,5,1518,2026-06-28 05:00:00+00:00,1,122.88,0.0,2.57,26.43,0.39,3.06,3.21,0.25
7567,1,1519,2026-06-28 06:00:00+00:00,1,102.32,0.12,0.49,36.08,0.19,2.36,4.81,0.59
7568,2,1519,2026-06-28 06:00:00+00:00,2,91.25,0.27,10.35,61.75,5.06,6.13,13.01,0.07
7569,3,1519,2026-06-28 06:00:00+00:00,1,87.21,1.08,1.92,33.39,1.86,2.11,2.48,0.23
7570,4,1519,2026-06-28 06:00:00+00:00,1,85.65,0.07,2.45,39.49,0.13,3.27,4.15,1.91
7571,5,1519,2026-06-28 06:00:00+00:00,1,118.47,0.0,2.25,21.76,0.33,2.99,3.14,0.28
7572,1,1520,2026-06-28 07:00:00+00:00,1,77.94,0.05,0.18,47.36,0.14,1.39,3.16,0.36
7573,2,1520,2026-06-28 07:00:00+00:00,2,90.87,0.71,8.39,62.13,4.62,5.38,11.85,0.05
7574,3,1520,2026-06-28 07:00:00+00:00,1,91.62,1.56,3.25,49.3,1.93,1.99,2.24,0.11
7575,4,1520,2026-06-28 07:00:00+00:00,1,86.5,0.19,2.25,45.61,0.18,3.33,4.07,2.3
7576,5,1520,2026-06-28 07:00:00+00:00,1,113.3,0.01,2.0,16.4,0.26,2.95,3.13,0.34
7577,1,1521,2026-06-28 08:00:00+00:00,1,73.43,0.04,0.11,49.24,0.14,1.31,2.94,0.35
7578,2,1521,2026-06-28 08:00:00+00:00,2,91.13,1.28,6.79,63.35,4.41,4.75,10.87,0.02
7579,3,1521,2026-06-28 08:00:00+00:00,1,90.77,1.05,2.56,57.46,1.5,1.85,2.04,0.09
7580,4,1521,2026-06-28 08:00:00+00:00,1,86.37,0.38,1.8,48.26,0.19,3.27,3.85,2.19
7581,5,1521,2026-06-28 08:00:00+00:00,1,108.0,0.02,1.83,11.32,0.2,2.93,3.14,0.41
7582,1,1522,2026-06-28 09:00:00+00:00,1,71.22,0.03,0.08,49.46,0.13,1.27,2.72,0.33
7583,2,1522,2026-06-28 09:00:00+00:00,2,91.01,1.57,5.54,66.15,4.2,4.23,9.77,0.01
7584,3,1522,2026-06-28 09:00:00+00:00,2,89.93,0.62,1.81,63.29,1.29,1.98,2.16,0.1
7585,4,1522,2026-06-28 09:00:00+00:00,1,86.14,0.38,1.3,52.77,0.18,3.29,3.8,2.18
7586,5,1522,2026-06-28 09:00:00+00:00,1,103.15,0.04,1.81,8.0,0.16,2.92,3.15,0.5
7587,1,1523,2026-06-28 10:00:00+00:00,1,66.8,0.02,0.06,54.43,0.1,0.92,1.93,0.23
7588,2,1523,2026-06-28 10:00:00+00:00,2,90.06,1.52,4.48,70.9,3.95,3.87,8.82,0.0
7589,3,1523,2026-06-28 10:00:00+00:00,2,89.55,0.27,1.04,69.57,1.04,2.11,2.26,0.12
7590,4,1523,2026-06-28 10:00:00+00:00,2,85.53,0.23,0.78,61.65,0.16,3.24,3.72,2.07
7591,5,1523,2026-06-28 10:00:00+00:00,1,100.27,0.11,2.05,5.9,0.15,2.88,3.13,0.56
7592,1,1524,2026-06-28 11:00:00+00:00,1,65.33,0.02,0.06,56.19,0.09,0.78,1.57,0.21
7593,2,1524,2026-06-28 11:00:00+00:00,2,89.09,1.3,3.94,76.6,3.93,3.87,8.67,0.0
7594,3,1524,2026-06-28 11:00:00+00:00,2,87.94,0.11,0.55,71.0,0.75,1.89,1.99,0.14
7595,4,1524,2026-06-28 11:00:00+00:00,2,84.27,0.15,0.56,67.4,0.15,3.2,3.72,2.06
7596,5,1524,2026-06-28 11:00:00+00:00,1,105.6,0.37,3.06,4.84,0.16,2.84,3.13,0.55
7597,1,1525,2026-06-28 12:00:00+00:00,1,64.85,0.01,0.08,56.13,0.09,0.72,1.45,0.21
7598,2,1525,2026-06-28 12:00:00+00:00,2,88.49,1.15,3.61,82.38,4.05,4.15,9.28,0.0
7599,3,1525,2026-06-28 12:00:00+00:00,2,86.34,0.07,0.38,68.58,0.5,1.48,1.55,0.15
7600,4,1525,2026-06-28 12:00:00+00:00,2,83.45,0.12,0.48,71.16,0.15,3.2,3.8,2.1
7601,5,1525,2026-06-28 12:00:00+00:00,1,116.95,0.88,4.17,5.87,0.2,2.75,3.07,0.54
7602,1,1526,2026-06-28 13:00:00+00:00,1,66.49,0.02,0.12,55.31,0.1,0.74,1.54,0.26
7603,2,1526,2026-06-28 13:00:00+00:00,2,87.88,1.0,3.47,87.13,4.14,4.4,10.05,0.0
7604,3,1526,2026-06-28 13:00:00+00:00,2,85.76,0.06,0.36,65.52,0.34,1.2,1.25,0.16
7605,4,1526,2026-06-28 13:00:00+00:00,2,83.58,0.07,0.38,75.38,0.12,2.43,3.01,1.66
7606,5,1526,2026-06-28 13:00:00+00:00,1,123.0,0.52,4.34,12.03,0.28,2.55,2.82,0.44
7607,1,1527,2026-06-28 14:00:00+00:00,1,69.69,0.01,0.19,53.24,0.13,0.84,1.8,0.36
7608,2,1527,2026-06-28 14:00:00+00:00,2,87.91,0.9,3.52,89.37,4.17,4.43,10.49,0.0
7609,3,1527,2026-06-28 14:00:00+00:00,2,85.5,0.05,0.42,63.03,0.3,1.11,1.15,0.17
7610,4,1527,2026-06-28 14:00:00+00:00,2,82.71,0.06,0.37,75.75,0.11,1.89,2.44,1.39
7611,5,1527,2026-06-28 14:00:00+00:00,1,126.4,0.62,4.13,13.85,0.3,2.53,2.78,0.39
7612,1,1528,2026-06-28 15:00:00+00:00,1,73.21,0.0,0.29,50.97,0.14,0.97,2.1,0.43
7613,2,1528,2026-06-28 15:00:00+00:00,2,88.77,0.86,3.73,88.85,4.14,4.18,10.32,0.01
7614,3,1528,2026-06-28 15:00:00+00:00,2,85.32,0.04,0.5,61.29,0.3,1.06,1.11,0.2
7615,4,1528,2026-06-28 15:00:00+00:00,2,82.2,0.06,0.45,75.46,0.12,1.83,2.45,1.38
7616,5,1528,2026-06-28 15:00:00+00:00,1,129.61,0.76,3.92,16.03,0.32,2.63,2.87,0.4
7617,1,1529,2026-06-28 16:00:00+00:00,1,78.42,0.0,0.39,46.74,0.16,1.23,2.62,0.49
7618,2,1529,2026-06-28 16:00:00+00:00,2,89.26,0.71,4.4,85.02,4.01,3.66,9.28,0.03
7619,3,1529,2026-06-28 16:00:00+00:00,1,85.82,0.04,0.69,57.48,0.34,1.09,1.14,0.28
7620,4,1529,2026-06-28 16:00:00+00:00,2,82.7,0.06,0.65,74.99,0.14,1.9,2.66,1.47
7621,5,1529,2026-06-28 16:00:00+00:00,1,128.11,0.35,2.99,30.69,0.32,2.21,2.37,0.34
7622,1,1530,2026-06-28 17:00:00+00:00,1,87.65,0.0,0.52,43.04,0.18,1.64,3.42,0.57
7623,2,1530,2026-06-28 17:00:00+00:00,2,88.65,0.58,5.21,81.18,3.98,3.15,8.12,0.05
7624,3,1530,2026-06-28 17:00:00+00:00,1,86.31,0.03,0.94,52.0,0.38,1.18,1.25,0.41
7625,4,1530,2026-06-28 17:00:00+00:00,2,83.07,0.05,0.9,72.7,0.16,1.98,2.81,1.61
7626,5,1530,2026-06-28 17:00:00+00:00,1,130.2,0.31,2.73,35.54,0.29,2.15,2.31,0.37
7627,1,1531,2026-06-28 18:00:00+00:00,1,95.94,0.0,0.62,40.2,0.18,2.04,4.14,0.64
7628,2,1531,2026-06-28 18:00:00+00:00,2,87.11,0.35,5.95,79.0,3.99,2.72,7.21,0.1
7629,3,1531,2026-06-28 18:00:00+00:00,1,86.8,0.01,1.14,47.21,0.39,1.25,1.33,0.52
7630,4,1531,2026-06-28 18:00:00+00:00,2,83.44,0.03,1.1,70.1,0.18,1.98,2.8,1.75
7631,5,1531,2026-06-28 18:00:00+00:00,1,134.59,0.32,2.89,39.07,0.31,2.39,2.57,0.51
7632,1,1532,2026-06-28 19:00:00+00:00,1,101.41,0.0,0.69,37.6,0.18,2.33,4.6,0.65
7633,2,1532,2026-06-28 19:00:00+00:00,2,85.31,0.2,6.42,77.62,3.97,2.39,6.44,0.13
7634,3,1532,2026-06-28 19:00:00+00:00,1,86.11,0.0,1.25,42.7,0.36,1.29,1.38,0.58
7635,4,1532,2026-06-28 19:00:00+00:00,2,82.99,0.01,1.48,62.31,0.19,1.92,2.65,2.02
7636,5,1532,2026-06-28 19:00:00+00:00,1,140.29,0.35,3.09,43.39,0.34,2.78,2.99,0.71
7637,1,1533,2026-06-28 20:00:00+00:00,1,104.51,0.0,0.71,36.39,0.17,2.44,4.73,0.57
7638,2,1533,2026-06-28 20:00:00+00:00,2,83.71,0.07,6.89,76.25,3.98,2.17,5.94,0.16
7639,3,1533,2026-06-28 20:00:00+00:00,1,86.27,0.0,1.28,39.46,0.32,1.33,1.41,0.57
7640,4,1533,2026-06-28 20:00:00+00:00,1,83.21,0.0,1.94,52.91,0.18,1.89,2.55,2.12
7641,5,1533,2026-06-28 20:00:00+00:00,1,146.68,0.31,3.31,42.5,0.38,3.29,3.5,0.55
7642,1,1534,2026-06-28 21:00:00+00:00,1,101.98,0.0,0.66,36.19,0.14,2.27,4.36,0.43
7643,2,1534,2026-06-28 21:00:00+00:00,2,82.94,0.0,6.95,74.49,3.93,2.08,5.76,0.22
7644,3,1534,2026-06-28 21:00:00+00:00,1,86.53,0.0,1.23,36.74,0.27,1.36,1.44,0.5
7645,4,1534,2026-06-28 21:00:00+00:00,1,83.61,0.0,2.28,45.92,0.16,1.86,2.46,1.9
7646,5,1534,2026-06-28 21:00:00+00:00,1,154.13,0.28,3.78,41.08,0.42,3.85,4.05,0.41
7647,1,1535,2026-06-28 22:00:00+00:00,1,100.14,0.0,0.64,35.84,0.12,2.15,4.1,0.37
7648,2,1535,2026-06-28 22:00:00+00:00,2,82.78,0.0,6.85,72.22,3.84,2.06,5.74,0.35
7649,3,1535,2026-06-28 22:00:00+00:00,1,85.37,0.0,1.13,34.32,0.23,1.36,1.43,0.39
7650,4,1535,2026-06-28 22:00:00+00:00,1,82.17,0.0,2.41,40.14,0.13,1.81,2.39,1.7
7651,5,1535,2026-06-28 22:00:00+00:00,1,161.11,0.29,4.14,43.52,0.5,4.58,4.74,0.3
7652,1,1536,2026-06-28 23:00:00+00:00,1,101.1,0.0,0.64,35.21,0.11,2.15,4.07,0.35
7653,2,1536,2026-06-28 23:00:00+00:00,2,82.78,0.0,7.05,68.74,3.88,2.05,5.66,0.57
7654,3,1536,2026-06-28 23:00:00+00:00,1,84.96,0.0,1.04,32.36,0.21,1.36,1.43,0.31
7655,4,1536,2026-06-28 23:00:00+00:00,1,81.94,0.0,2.41,36.04,0.12,1.82,2.44,1.62
7656,5,1536,2026-06-28 23:00:00+00:00,1,166.21,0.31,4.35,42.16,0.54,5.25,5.41,0.28
7657,1,1537,2026-06-29 00:00:00+00:00,1,101.79,0.0,0.63,35.18,0.11,2.14,4.05,0.34
7658,2,1537,2026-06-29 00:00:00+00:00,2,82.59,0.0,7.16,65.49,3.86,1.98,5.39,0.8
7659,3,1537,2026-06-29 00:00:00+00:00,1,84.27,0.0,0.98,30.64,0.2,1.35,1.43,0.25
7660,4,1537,2026-06-29 00:00:00+00:00,1,81.88,0.0,2.35,33.06,0.14,1.87,2.61,1.53
7661,5,1537,2026-06-29 00:00:00+00:00,1,169.02,0.17,4.62,39.52,0.58,5.77,5.94,0.26
7662,1,1538,2026-06-29 01:00:00+00:00,1,102.89,0.0,0.64,34.87,0.1,2.17,4.11,0.33
7663,2,1538,2026-06-29 01:00:00+00:00,2,82.01,0.0,5.26,67.29,2.86,1.76,4.85,0.84
7664,3,1538,2026-06-29 01:00:00+00:00,1,82.96,0.0,0.94,29.07,0.21,1.34,1.42,0.22
7665,4,1538,2026-06-29 01:00:00+00:00,1,82.08,0.0,2.25,31.88,0.19,1.98,2.89,1.38
7666,5,1538,2026-06-29 01:00:00+00:00,1,168.58,0.01,4.77,33.43,0.58,6.08,6.27,0.26
7667,1,1539,2026-06-29 02:00:00+00:00,1,105.47,0.0,0.68,33.84,0.1,2.29,4.25,0.3
7668,2,1539,2026-06-29 02:00:00+00:00,2,82.15,0.0,4.32,69.31,2.44,1.7,4.88,0.74
7669,3,1539,2026-06-29 02:00:00+00:00,1,82.19,0.0,0.93,28.2,0.24,1.34,1.43,0.23
7670,4,1539,2026-06-29 02:00:00+00:00,1,83.35,0.0,2.18,32.41,0.25,2.15,3.24,1.24
7671,5,1539,2026-06-29 02:00:00+00:00,1,167.36,0.0,4.58,26.32,0.53,6.32,6.53,0.27
7672,1,1540,2026-06-29 03:00:00+00:00,1,109.01,0.0,0.73,33.29,0.1,2.45,4.44,0.3
7673,2,1540,2026-06-29 03:00:00+00:00,2,82.48,0.0,3.98,70.62,2.35,1.68,4.99,0.61
7674,3,1540,2026-06-29 03:00:00+00:00,1,82.04,0.04,1.01,27.76,0.29,1.38,1.48,0.25
7675,4,1540,2026-06-29 03:00:00+00:00,1,85.16,0.0,2.21,34.45,0.34,2.35,3.66,1.23
7676,5,1540,2026-06-29 03:00:00+00:00,1,166.12,0.0,4.35,21.04,0.47,6.51,6.73,0.28
7677,1,1541,2026-06-29 04:00:00+00:00,1,119.53,0.0,0.9,33.07,0.15,2.94,5.42,0.42
7678,2,1541,2026-06-29 04:00:00+00:00,2,82.22,0.0,3.76,70.55,2.28,1.59,4.85,0.48
7679,3,1541,2026-06-29 04:00:00+00:00,1,82.98,0.13,1.16,27.7,0.36,1.46,1.57,0.29
7680,4,1541,2026-06-29 04:00:00+00:00,1,90.9,0.0,2.31,48.07,0.64,2.78,4.73,1.58
7681,5,1541,2026-06-29 04:00:00+00:00,1,162.65,0.01,3.99,16.32,0.38,6.54,6.76,0.28
7682,1,1542,2026-06-29 05:00:00+00:00,1,132.36,0.09,0.95,33.37,0.22,3.49,6.6,0.65
7683,2,1542,2026-06-29 05:00:00+00:00,2,82.67,0.02,3.75,69.35,2.28,1.49,4.54,0.38
7684,3,1542,2026-06-29 05:00:00+00:00,1,83.28,0.28,1.13,28.67,0.42,1.54,1.65,0.35
7685,4,1542,2026-06-29 05:00:00+00:00,1,91.7,0.01,2.6,52.27,0.81,2.97,5.34,1.6
7686,5,1542,2026-06-29 05:00:00+00:00,1,158.89,0.02,3.57,12.51,0.3,6.58,6.81,0.3
7687,1,1543,2026-06-29 06:00:00+00:00,1,136.38,0.17,0.72,36.31,0.27,3.73,7.08,0.89
7688,2,1543,2026-06-29 06:00:00+00:00,2,83.12,0.23,3.58,68.3,2.31,1.4,4.2,0.3
7689,3,1543,2026-06-29 06:00:00+00:00,1,82.86,0.32,0.97,32.81,0.47,1.65,1.77,0.37
7690,4,1543,2026-06-29 06:00:00+00:00,1,91.15,0.1,2.89,54.74,0.9,2.85,5.39,1.63
7691,5,1543,2026-06-29 06:00:00+00:00,1,154.59,0.03,3.09,10.19,0.27,6.65,6.89,0.34
7692,1,1544,2026-06-29 07:00:00+00:00,1,79.06,0.04,0.18,52.33,0.13,1.0,2.14,0.33
7693,2,1544,2026-06-29 07:00:00+00:00,2,83.25,0.53,3.29,67.37,2.39,1.37,3.98,0.24
7694,3,1544,2026-06-29 07:00:00+00:00,1,82.96,0.12,0.64,50.5,0.44,1.53,1.62,0.19
7695,4,1544,2026-06-29 07:00:00+00:00,1,89.26,0.28,2.84,56.53,0.95,2.61,5.2,1.62
7696,5,1544,2026-06-29 07:00:00+00:00,1,149.67,0.03,2.68,8.84,0.25,6.7,6.97,0.36
7697,1,1545,2026-06-29 08:00:00+00:00,1,72.07,0.03,0.11,53.36,0.11,0.74,1.56,0.28
7698,2,1545,2026-06-29 08:00:00+00:00,2,83.8,0.79,3.16,67.45,2.59,1.42,4.01,0.2
7699,3,1545,2026-06-29 08:00:00+00:00,1,82.34,0.1,0.52,55.68,0.46,1.63,1.71,0.15
7700,4,1545,2026-06-29 08:00:00+00:00,1,87.87,0.42,2.62,59.04,0.99,2.42,5.05,1.57
7701,5,1545,2026-06-29 08:00:00+00:00,1,146.27,0.03,2.4,8.32,0.25,6.74,7.04,0.36
7702,1,1546,2026-06-29 09:00:00+00:00,1,69.74,0.02,0.08,51.99,0.11,0.74,1.46,0.27
7703,2,1546,2026-06-29 09:00:00+00:00,2,84.07,0.94,3.01,69.04,2.81,1.57,4.28,0.17
7704,3,1546,2026-06-29 09:00:00+00:00,1,82.08,0.08,0.45,58.73,0.46,1.73,1.81,0.14
7705,4,1546,2026-06-29 09:00:00+00:00,2,87.2,0.49,2.31,62.77,1.04,2.4,5.12,1.54
7706,5,1546,2026-06-29 09:00:00+00:00,1,143.95,0.03,2.26,8.35,0.26,6.78,7.11,0.35
7707,1,1547,2026-06-29 10:00:00+00:00,1,67.68,0.02,0.07,52.73,0.1,0.69,1.29,0.25
7708,2,1547,2026-06-29 10:00:00+00:00,2,84.81,1.45,4.13,68.95,3.92,1.92,4.96,0.15
7709,3,1547,2026-06-29 10:00:00+00:00,2,81.68,0.05,0.37,64.41,0.36,1.52,1.58,0.11
7710,4,1547,2026-06-29 10:00:00+00:00,2,87.6,0.4,1.72,69.77,0.96,2.46,5.06,1.38
7711,5,1547,2026-06-29 10:00:00+00:00,1,142.87,0.04,2.31,8.39,0.28,6.8,7.17,0.36
7712,1,1548,2026-06-29 11:00:00+00:00,1,66.66,0.02,0.07,52.95,0.1,0.68,1.22,0.24
7713,2,1548,2026-06-29 11:00:00+00:00,2,85.9,2.4,6.23,67.02,5.78,2.49,6.1,0.15
7714,3,1548,2026-06-29 11:00:00+00:00,2,81.24,0.05,0.35,68.65,0.27,1.26,1.31,0.12
7715,4,1548,2026-06-29 11:00:00+00:00,2,86.9,0.27,1.17,76.55,0.87,2.8,5.3,1.23
7716,5,1548,2026-06-29 11:00:00+00:00,1,146.42,0.12,3.06,7.93,0.29,6.88,7.3,0.39
7717,1,1549,2026-06-29 12:00:00+00:00,1,66.26,0.01,0.08,52.27,0.11,0.69,1.23,0.25
7718,2,1549,2026-06-29 12:00:00+00:00,2,87.09,3.26,7.91,65.98,7.56,3.11,7.49,0.15
7719,3,1549,2026-06-29 12:00:00+00:00,2,80.98,0.04,0.36,72.44,0.22,1.04,1.08,0.14
7720,4,1549,2026-06-29 12:00:00+00:00,2,86.82,0.19,0.85,82.51,0.86,3.55,6.19,1.2
7721,5,1549,2026-06-29 12:00:00+00:00,1,156.21,0.27,4.49,8.87,0.35,7.08,7.59,0.44
7722,1,1550,2026-06-29 13:00:00+00:00,1,70.05,0.02,0.15,50.54,0.13,0.83,1.56,0.37
7723,2,1550,2026-06-29 13:00:00+00:00,2,87.81,3.77,8.89,66.03,8.83,3.68,8.87,0.12
7724,3,1550,2026-06-29 13:00:00+00:00,2,81.72,0.03,0.56,72.7,0.24,0.85,0.89,0.18
7725,4,1550,2026-06-29 13:00:00+00:00,2,86.63,0.11,0.68,84.91,0.71,3.55,5.97,1.13
7726,5,1550,2026-06-29 13:00:00+00:00,1,160.44,0.29,4.67,19.77,0.61,7.4,8.04,0.41
7727,1,1551,2026-06-29 14:00:00+00:00,1,77.24,0.02,0.31,47.56,0.17,1.12,2.18,0.56
7728,2,1551,2026-06-29 14:00:00+00:00,2,87.95,3.69,9.05,67.59,8.76,4.02,9.65,0.08
7729,3,1551,2026-06-29 14:00:00+00:00,2,83.12,0.03,0.83,69.88,0.27,0.75,0.79,0.24
7730,4,1551,2026-06-29 14:00:00+00:00,2,85.0,0.09,0.59,83.33,0.53,3.07,5.11,1.08
7731,5,1551,2026-06-29 14:00:00+00:00,1,158.39,0.39,4.07,31.75,0.84,7.3,7.91,0.3
7732,1,1552,2026-06-29 15:00:00+00:00,1,85.03,0.0,0.5,44.71,0.2,1.42,2.8,0.67
7733,2,1552,2026-06-29 15:00:00+00:00,2,87.26,2.91,8.11,72.33,7.69,3.95,9.53,0.06
7734,3,1552,2026-06-29 15:00:00+00:00,2,84.07,0.03,0.97,67.87,0.28,0.68,0.74,0.25
7735,4,1552,2026-06-29 15:00:00+00:00,2,84.16,0.08,0.61,82.66,0.45,2.86,4.76,1.07
7736,5,1552,2026-06-29 15:00:00+00:00,1,153.34,0.36,3.41,44.86,1.02,6.78,7.33,0.23
7737,1,1553,2026-06-29 16:00:00+00:00,1,93.63,0.0,0.66,41.13,0.22,1.82,3.56,0.76
7738,2,1553,2026-06-29 16:00:00+00:00,2,85.27,1.15,4.05,81.67,4.33,3.08,7.85,0.03
7739,3,1553,2026-06-29 16:00:00+00:00,1,84.52,0.02,1.4,54.56,0.28,0.66,0.74,0.32
7740,4,1553,2026-06-29 16:00:00+00:00,2,84.25,0.08,0.63,82.95,0.42,2.73,4.57,1.06
7741,5,1553,2026-06-29 16:00:00+00:00,2,145.92,0.26,2.39,63.11,1.08,5.93,6.41,0.17
7742,1,1554,2026-06-29 17:00:00+00:00,1,105.54,0.0,0.82,38.06,0.25,2.38,4.55,0.85
7743,2,1554,2026-06-29 17:00:00+00:00,2,85.32,0.93,4.07,83.3,4.1,2.89,7.42,0.03
7744,3,1554,2026-06-29 17:00:00+00:00,1,85.0,0.01,1.79,37.88,0.28,0.69,0.8,0.41
7745,4,1554,2026-06-29 17:00:00+00:00,2,84.12,0.08,0.64,83.45,0.39,2.67,4.51,1.04
7746,5,1554,2026-06-29 17:00:00+00:00,2,137.76,0.17,1.76,74.12,1.03,5.1,5.54,0.16
7747,1,1555,2026-06-29 18:00:00+00:00,1,116.65,0.0,0.94,35.6,0.25,2.94,5.49,0.79
7748,2,1555,2026-06-29 18:00:00+00:00,2,86.02,0.81,4.94,82.86,4.31,2.72,7.07,0.03
7749,3,1555,2026-06-29 18:00:00+00:00,1,84.31,0.01,1.95,27.7,0.3,0.71,0.85,0.55
7750,4,1555,2026-06-29 18:00:00+00:00,2,83.99,0.07,0.67,84.33,0.39,2.64,4.5,1.03
7751,5,1555,2026-06-29 18:00:00+00:00,2,131.75,0.13,1.49,79.89,0.97,4.45,4.87,0.16
7752,1,1556,2026-06-29 19:00:00+00:00,1,127.29,0.0,1.06,32.96,0.25,3.5,6.3,0.58
7753,2,1556,2026-06-29 19:00:00+00:00,2,86.83,0.49,6.23,81.01,4.51,2.53,6.67,0.04
7754,3,1556,2026-06-29 19:00:00+00:00,1,83.19,0.01,2.07,21.17,0.3,0.74,0.88,0.67
7755,4,1556,2026-06-29 19:00:00+00:00,2,84.43,0.05,1.06,79.35,0.39,2.72,4.67,1.3
7756,5,1556,2026-06-29 19:00:00+00:00,2,128.08,0.13,1.31,84.17,0.84,3.74,4.14,0.17
7757,1,1557,2026-06-29 20:00:00+00:00,1,135.09,0.0,1.14,31.2,0.22,3.86,6.78,0.43
7758,2,1557,2026-06-29 20:00:00+00:00,2,87.47,0.11,7.48,77.99,4.67,2.35,6.18,0.05
7759,3,1557,2026-06-29 20:00:00+00:00,1,81.56,0.01,1.94,16.55,0.24,0.76,0.88,0.58
7760,4,1557,2026-06-29 20:00:00+00:00,2,85.61,0.01,1.68,71.41,0.4,2.89,4.97,1.74
7761,5,1557,2026-06-29 20:00:00+00:00,2,125.41,0.16,1.26,85.13,0.69,3.28,3.68,0.22
7762,1,1558,2026-06-29 21:00:00+00:00,1,133.01,0.0,1.08,30.57,0.16,3.69,6.43,0.31
7763,2,1558,2026-06-29 21:00:00+00:00,2,87.84,0.0,8.01,74.97,4.82,2.2,5.7,0.06
7764,3,1558,2026-06-29 21:00:00+00:00,1,79.02,0.01,1.62,14.3,0.18,0.77,0.87,0.46
7765,4,1558,2026-06-29 21:00:00+00:00,2,86.36,0.0,2.14,65.54,0.4,3.05,5.29,2.13
7766,5,1558,2026-06-29 21:00:00+00:00,2,125.45,0.21,1.43,85.41,0.6,3.29,3.75,0.3
7767,1,1559,2026-06-29 22:00:00+00:00,1,127.93,0.0,0.99,30.5,0.12,3.38,5.66,0.26
7768,2,1559,2026-06-29 22:00:00+00:00,2,88.11,0.0,8.41,72.51,5.0,2.1,5.3,0.05
7769,3,1559,2026-06-29 22:00:00+00:00,1,76.39,0.01,1.37,13.37,0.17,0.82,0.92,0.37
7770,4,1559,2026-06-29 22:00:00+00:00,2,85.82,0.0,2.41,60.84,0.4,3.17,5.56,2.41
7771,5,1559,2026-06-29 22:00:00+00:00,2,130.53,0.34,2.23,81.52,0.53,3.6,4.17,0.45
7772,1,1560,2026-06-29 23:00:00+00:00,1,126.19,0.0,0.95,29.68,0.1,3.24,5.47,0.27
7773,2,1560,2026-06-29 23:00:00+00:00,2,88.19,0.0,8.59,70.6,5.11,2.02,5.0,0.05
7774,3,1560,2026-06-29 23:00:00+00:00,1,76.01,0.01,1.46,12.88,0.22,0.99,1.13,0.32
7775,4,1560,2026-06-29 23:00:00+00:00,1,86.31,0.0,2.45,58.62,0.43,3.37,5.96,2.57
7776,5,1560,2026-06-29 23:00:00+00:00,2,136.94,0.4,3.35,73.65,0.5,4.0,4.72,0.64
7777,1,1561,2026-06-30 00:00:00+00:00,1,122.5,0.0,0.88,29.54,0.1,3.01,5.18,0.29
7778,2,1561,2026-06-30 00:00:00+00:00,2,88.0,0.0,8.56,69.32,5.15,1.96,4.78,0.05
7779,3,1561,2026-06-30 00:00:00+00:00,1,78.34,0.01,2.05,13.25,0.35,1.34,1.58,0.27
7780,4,1561,2026-06-30 00:00:00+00:00,1,87.53,0.0,2.49,57.54,0.51,3.62,6.48,2.63
7781,5,1561,2026-06-30 00:00:00+00:00,2,139.96,0.2,4.39,65.44,0.5,4.27,5.16,0.76
7782,1,1562,2026-06-30 01:00:00+00:00,1,117.14,0.0,0.8,30.12,0.1,2.75,4.77,0.3
7783,2,1562,2026-06-30 01:00:00+00:00,2,87.82,0.0,7.76,69.32,4.56,1.83,4.25,0.04
7784,3,1562,2026-06-30 01:00:00+00:00,1,83.06,0.01,3.14,14.27,0.55,1.93,2.33,0.23
7785,4,1562,2026-06-30 01:00:00+00:00,1,88.66,0.0,2.66,56.69,0.64,3.82,6.94,2.57
7786,5,1562,2026-06-30 01:00:00+00:00,1,139.0,0.01,4.83,57.91,0.52,4.44,5.52,0.76
7787,1,1563,2026-06-30 02:00:00+00:00,1,117.58,0.0,0.81,29.43,0.09,2.84,4.79,0.29
7788,2,1563,2026-06-30 02:00:00+00:00,2,87.83,0.0,7.22,69.17,4.11,1.68,3.67,0.03
7789,3,1563,2026-06-30 02:00:00+00:00,1,88.97,0.08,4.35,11.92,0.83,2.72,3.4,0.22
7790,4,1563,2026-06-30 02:00:00+00:00,1,90.43,0.0,2.89,54.9,0.69,3.99,7.29,2.46
7791,5,1563,2026-06-30 02:00:00+00:00,1,138.77,0.0,4.73,52.12,0.57,4.6,5.89,0.69
7792,1,1564,2026-06-30 03:00:00+00:00,1,120.75,0.0,0.85,28.67,0.1,3.04,5.11,0.3
7793,2,1564,2026-06-30 03:00:00+00:00,2,88.3,0.0,6.95,68.94,3.92,1.54,3.22,0.03
7794,3,1564,2026-06-30 03:00:00+00:00,1,97.66,1.46,4.88,11.21,1.56,3.89,5.03,0.22
7795,4,1564,2026-06-30 03:00:00+00:00,1,92.21,0.0,3.16,52.72,0.68,4.11,7.48,2.26
7796,5,1564,2026-06-30 03:00:00+00:00,1,139.08,0.0,4.78,47.64,0.63,4.69,6.18,0.57
7797,1,1565,2026-06-30 04:00:00+00:00,1,132.2,0.0,1.04,27.79,0.16,3.66,6.23,0.43
7798,2,1565,2026-06-30 04:00:00+00:00,2,88.67,0.0,6.79,68.63,3.91,1.42,2.97,0.02
7799,3,1565,2026-06-30 04:00:00+00:00,1,110.92,4.6,6.93,14.93,3.95,5.84,7.75,0.18
7800,4,1565,2026-06-30 04:00:00+00:00,1,92.94,0.0,3.48,49.93,0.67,4.1,7.47,2.11
7801,5,1565,2026-06-30 04:00:00+00:00,1,137.4,0.0,4.92,38.89,0.58,4.67,6.29,0.42
7802,1,1566,2026-06-30 05:00:00+00:00,1,146.67,0.13,1.06,27.8,0.23,4.38,7.58,0.63
7803,2,1566,2026-06-30 05:00:00+00:00,2,88.76,0.01,6.67,68.07,3.94,1.34,2.84,0.02
7804,3,1566,2026-06-30 05:00:00+00:00,1,116.28,6.27,6.72,17.38,4.52,6.79,9.03,0.22
7805,4,1566,2026-06-30 05:00:00+00:00,1,93.79,0.02,4.25,47.19,0.69,4.03,7.45,2.21
7806,5,1566,2026-06-30 05:00:00+00:00,1,135.08,0.0,4.66,29.12,0.48,4.72,6.44,0.37
7807,1,1567,2026-06-30 06:00:00+00:00,1,153.82,0.23,0.79,31.26,0.27,5.0,8.49,0.9
7808,2,1567,2026-06-30 06:00:00+00:00,2,88.67,0.06,6.76,67.51,3.93,1.33,2.78,0.01
7809,3,1567,2026-06-30 06:00:00+00:00,1,118.38,6.64,7.13,23.29,5.24,7.64,10.09,0.27
7810,4,1567,2026-06-30 06:00:00+00:00,1,94.82,0.25,5.06,45.49,0.76,3.98,7.48,2.43
7811,5,1567,2026-06-30 06:00:00+00:00,1,130.61,0.01,4.04,22.84,0.43,4.76,6.6,0.39
7812,1,1568,2026-06-30 07:00:00+00:00,1,81.6,0.05,0.18,50.94,0.14,1.41,3.11,0.33
7813,2,1568,2026-06-30 07:00:00+00:00,2,88.49,0.25,6.44,67.44,3.69,1.38,2.7,0.01
7814,3,1568,2026-06-30 07:00:00+00:00,1,106.61,5.61,10.85,50.67,6.56,5.17,6.34,0.04
7815,4,1568,2026-06-30 07:00:00+00:00,1,95.24,0.74,4.93,46.7,0.86,3.98,7.54,2.76
7816,5,1568,2026-06-30 07:00:00+00:00,1,125.18,0.02,3.5,17.94,0.38,4.79,6.73,0.44
7817,1,1569,2026-06-30 08:00:00+00:00,1,73.56,0.03,0.11,52.82,0.12,1.13,2.63,0.28
7818,2,1569,2026-06-30 08:00:00+00:00,2,88.24,0.62,6.14,67.7,3.53,1.5,2.66,0.01
7819,3,1569,2026-06-30 08:00:00+00:00,2,99.77,3.72,8.39,61.07,5.02,4.3,5.07,0.02
7820,4,1569,2026-06-30 08:00:00+00:00,1,95.39,1.18,4.24,50.38,0.93,4.14,7.77,3.03
7821,5,1569,2026-06-30 08:00:00+00:00,1,120.71,0.03,3.1,13.23,0.31,4.85,6.88,0.47
7822,1,1570,2026-06-30 09:00:00+00:00,1,71.69,0.02,0.09,52.28,0.12,1.13,2.5,0.28
7823,2,1570,2026-06-30 09:00:00+00:00,2,88.36,1.0,5.8,68.75,3.52,1.7,2.77,0.01
7824,3,1570,2026-06-30 09:00:00+00:00,2,97.63,2.61,6.63,69.43,4.55,4.65,5.35,0.0
7825,4,1570,2026-06-30 09:00:00+00:00,2,95.98,1.12,3.45,60.55,0.97,4.76,8.45,3.12
7826,5,1570,2026-06-30 09:00:00+00:00,1,117.21,0.08,2.9,9.65,0.27,4.91,6.93,0.49
7827,1,1571,2026-06-30 10:00:00+00:00,1,70.15,0.02,0.08,53.5,0.11,1.04,2.19,0.26
7828,2,1571,2026-06-30 10:00:00+00:00,2,88.17,1.33,5.31,70.57,3.69,2.0,3.11,0.0
7829,3,1571,2026-06-30 10:00:00+00:00,2,96.48,1.35,4.73,80.89,3.92,5.17,5.77,0.0
7830,4,1571,2026-06-30 10:00:00+00:00,2,94.31,0.47,1.82,85.17,0.8,5.19,8.24,2.55
7831,5,1571,2026-06-30 10:00:00+00:00,1,115.48,0.19,2.98,7.15,0.24,4.95,6.97,0.48
7832,1,1572,2026-06-30 11:00:00+00:00,1,69.36,0.02,0.08,53.6,0.11,0.97,1.97,0.27
7833,2,1572,2026-06-30 11:00:00+00:00,2,88.03,1.44,5.16,72.68,4.07,2.44,3.75,0.0
7834,3,1572,2026-06-30 11:00:00+00:00,2,93.25,0.49,2.32,92.01,2.8,5.09,5.54,0.0
7835,4,1572,2026-06-30 11:00:00+00:00,2,92.63,0.19,0.97,94.83,0.68,5.74,8.4,2.18
7836,5,1572,2026-06-30 11:00:00+00:00,1,124.16,0.92,3.77,6.37,0.28,5.08,7.36,0.47
7837,1,1573,2026-06-30 12:00:00+00:00,1,69.29,0.02,0.1,53.08,0.12,0.93,1.86,0.28
7838,2,1573,2026-06-30 12:00:00+00:00,2,87.99,1.45,4.87,76.21,4.4,2.99,4.54,0.0
7839,3,1573,2026-06-30 12:00:00+00:00,2,90.3,0.18,1.13,97.25,1.97,4.65,4.98,0.0
7840,4,1573,2026-06-30 12:00:00+00:00,2,92.01,0.12,0.7,98.67,0.62,6.36,8.89,2.06
7841,5,1573,2026-06-30 12:00:00+00:00,1,142.95,2.92,4.36,10.46,0.43,5.31,8.0,0.52
7842,1,1574,2026-06-30 13:00:00+00:00,1,80.18,0.04,0.29,49.89,0.18,1.33,2.58,0.56
7843,2,1574,2026-06-30 13:00:00+00:00,2,87.74,1.33,4.47,81.15,4.59,3.64,5.33,0.0
7844,3,1574,2026-06-30 13:00:00+00:00,2,88.52,0.1,0.75,96.45,1.36,3.92,4.15,0.01
7845,4,1574,2026-06-30 13:00:00+00:00,2,89.95,0.1,0.55,98.19,0.46,5.73,7.91,1.81
7846,5,1574,2026-06-30 13:00:00+00:00,1,150.36,2.11,5.73,30.9,1.02,5.8,9.17,0.48
7847,1,1575,2026-06-30 14:00:00+00:00,1,99.49,0.03,0.7,44.72,0.26,2.13,3.98,0.92
7848,2,1575,2026-06-30 14:00:00+00:00,2,87.12,1.08,3.96,86.55,4.53,4.2,6.02,0.0
7849,3,1575,2026-06-30 14:00:00+00:00,2,86.61,0.08,0.61,92.56,0.93,3.14,3.29,0.06
7850,4,1575,2026-06-30 14:00:00+00:00,2,87.41,0.09,0.51,96.2,0.35,5.12,7.05,1.63
7851,5,1575,2026-06-30 14:00:00+00:00,1,151.99,1.83,5.31,43.36,1.15,6.27,9.85,0.53
7852,1,1576,2026-06-30 15:00:00+00:00,1,119.49,0.0,1.16,40.34,0.3,3.04,5.45,1.14
7853,2,1576,2026-06-30 15:00:00+00:00,2,86.22,0.88,3.47,91.23,4.32,4.49,6.46,0.0
7854,3,1576,2026-06-30 15:00:00+00:00,2,85.06,0.06,0.52,88.3,0.63,2.5,2.61,0.11
7855,4,1576,2026-06-30 15:00:00+00:00,2,86.37,0.09,0.55,95.64,0.31,4.99,6.86,1.61
7856,5,1576,2026-06-30 15:00:00+00:00,2,149.88,1.02,4.07,65.26,1.32,7.23,10.92,0.53
7857,1,1577,2026-06-30 16:00:00+00:00,1,139.01,0.0,1.47,36.38,0.33,4.09,7.05,1.31
7858,2,1577,2026-06-30 16:00:00+00:00,2,85.41,0.73,3.21,93.52,4.02,4.37,6.63,0.0
7859,3,1577,2026-06-30 16:00:00+00:00,2,84.72,0.07,0.69,79.13,0.49,2.18,2.28,0.26
7860,4,1577,2026-06-30 16:00:00+00:00,2,86.64,0.09,0.64,96.0,0.29,5.05,6.95,1.68
7861,5,1577,2026-06-30 16:00:00+00:00,2,121.2,0.26,1.46,95.82,0.99,4.91,6.87,0.26
7862,1,1578,2026-06-30 17:00:00+00:00,1,157.08,0.0,1.64,34.11,0.33,5.12,8.5,1.36
7863,2,1578,2026-06-30 17:00:00+00:00,2,84.69,0.67,3.43,92.02,3.87,4.0,6.73,0.0
7864,3,1578,2026-06-30 17:00:00+00:00,2,84.82,0.05,0.95,67.3,0.43,2.05,2.16,0.47
7865,4,1578,2026-06-30 17:00:00+00:00,2,86.56,0.08,0.77,95.49,0.29,5.19,7.15,1.78
7866,5,1578,2026-06-30 17:00:00+00:00,3,112.4,0.17,0.96,100.62,0.73,4.07,5.33,0.21
7867,1,1579,2026-06-30 18:00:00+00:00,1,167.46,0.0,1.68,32.95,0.3,5.81,9.3,0.99
7868,2,1579,2026-06-30 18:00:00+00:00,2,84.34,0.58,3.97,88.55,3.83,3.62,7.06,0.01
7869,3,1579,2026-06-30 18:00:00+00:00,1,84.31,0.01,1.13,58.11,0.37,1.93,2.04,0.59
7870,4,1579,2026-06-30 18:00:00+00:00,2,86.48,0.06,0.91,94.38,0.3,5.24,7.29,1.89
7871,5,1579,2026-06-30 18:00:00+00:00,3,110.38,0.16,0.93,104.33,0.76,4.29,5.55,0.21
7872,1,1580,2026-06-30 19:00:00+00:00,1,160.67,0.0,1.51,32.75,0.26,5.51,8.79,0.61
7873,2,1580,2026-06-30 19:00:00+00:00,2,84.4,0.33,4.56,84.73,3.69,3.27,7.55,0.01
7874,3,1580,2026-06-30 19:00:00+00:00,1,82.91,0.0,1.25,48.83,0.31,1.79,1.9,0.57
7875,4,1580,2026-06-30 19:00:00+00:00,2,86.42,0.04,1.47,85.09,0.3,5.3,7.41,2.19
7876,5,1580,2026-06-30 19:00:00+00:00,3,111.2,0.16,1.02,109.25,0.88,4.76,6.15,0.22
7877,1,1581,2026-06-30 20:00:00+00:00,1,161.25,0.0,1.46,32.18,0.22,5.56,8.83,0.44
7878,2,1581,2026-06-30 20:00:00+00:00,2,84.31,0.07,5.48,81.26,3.79,3.14,8.21,0.01
7879,3,1581,2026-06-30 20:00:00+00:00,1,81.96,0.0,1.32,39.94,0.25,1.67,1.77,0.49
7880,4,1581,2026-06-30 20:00:00+00:00,2,87.26,0.01,2.25,73.14,0.32,5.42,7.62,2.59
7881,5,1581,2026-06-30 20:00:00+00:00,3,111.62,0.16,1.22,111.89,1.01,5.21,6.75,0.24
7882,1,1582,2026-06-30 21:00:00+00:00,1,153.02,0.0,1.3,31.98,0.16,5.13,8.03,0.33
7883,2,1582,2026-06-30 21:00:00+00:00,2,83.67,0.0,5.68,78.98,3.76,3.11,8.38,0.01
7884,3,1582,2026-06-30 21:00:00+00:00,1,80.37,0.0,1.25,33.3,0.2,1.53,1.63,0.4
7885,4,1582,2026-06-30 21:00:00+00:00,2,88.8,0.0,2.9,65.31,0.36,5.48,7.76,2.93
7886,5,1582,2026-06-30 21:00:00+00:00,3,112.21,0.19,1.53,114.08,1.12,5.53,7.24,0.27
7887,1,1583,2026-06-30 22:00:00+00:00,1,144.37,0.0,1.15,31.4,0.12,4.63,6.81,0.31
7888,2,1583,2026-06-30 22:00:00+00:00,2,82.76,0.0,5.64,77.25,3.6,3.07,7.81,0.01
7889,3,1583,2026-06-30 22:00:00+00:00,1,77.46,0.0,1.14,27.88,0.18,1.4,1.5,0.34
7890,4,1583,2026-06-30 22:00:00+00:00,1,90.26,0.0,3.47,59.22,0.46,5.46,7.76,3.17
7891,5,1583,2026-06-30 22:00:00+00:00,3,115.34,0.15,2.47,111.65,1.23,5.72,7.62,0.35
7892,1,1584,2026-06-30 23:00:00+00:00,1,139.74,0.0,1.07,29.95,0.11,4.33,6.18,0.33
7893,2,1584,2026-06-30 23:00:00+00:00,2,82.03,0.0,5.62,74.89,3.41,2.98,6.8,0.02
7894,3,1584,2026-06-30 23:00:00+00:00,1,75.26,0.0,1.07,23.59,0.16,1.32,1.42,0.32
7895,4,1584,2026-06-30 23:00:00+00:00,1,93.42,0.0,3.72,56.21,0.58,5.42,7.72,3.3
7896,5,1584,2026-06-30 23:00:00+00:00,3,118.85,0.13,3.65,104.19,1.35,5.74,7.88,0.49
7897,1,1585,2026-07-01 00:00:00+00:00,1,135.45,0.0,1.01,28.8,0.11,4.06,5.76,0.37
7898,2,1585,2026-07-01 00:00:00+00:00,2,81.95,0.0,5.52,71.58,3.19,2.86,5.76,0.05
7899,3,1585,2026-07-01 00:00:00+00:00,1,72.79,0.0,1.04,19.98,0.15,1.29,1.39,0.31
7900,4,1585,2026-07-01 00:00:00+00:00,1,96.52,0.0,3.7,55.92,0.68,5.27,7.48,3.35
7901,5,1585,2026-07-01 00:00:00+00:00,2,120.3,0.06,4.54,96.38,1.46,5.65,8.1,0.62
7902,1,1586,2026-07-01 01:00:00+00:00,1,134.73,0.0,0.99,27.69,0.12,3.98,5.55,0.43
7903,2,1586,2026-07-01 01:00:00+00:00,2,82.51,0.0,5.09,68.19,2.85,2.69,4.78,0.12
7904,3,1586,2026-07-01 01:00:00+00:00,1,70.86,0.01,1.07,16.98,0.15,1.31,1.41,0.2
7905,4,1586,2026-07-01 01:00:00+00:00,2,100.5,0.0,3.48,63.84,0.88,4.92,7.06,3.51
7906,5,1586,2026-07-01 01:00:00+00:00,2,119.66,0.0,4.89,87.1,1.5,5.58,8.45,0.7
7907,1,1587,2026-07-01 02:00:00+00:00,1,137.2,0.0,1.02,26.25,0.13,4.09,5.58,0.48
7908,2,1587,2026-07-01 02:00:00+00:00,2,83.33,0.0,4.57,65.03,2.52,2.42,3.93,0.21
7909,3,1587,2026-07-01 02:00:00+00:00,1,70.18,0.02,1.15,15.5,0.17,1.36,1.46,0.16
7910,4,1587,2026-07-01 02:00:00+00:00,2,102.59,0.0,3.43,63.07,0.92,4.45,6.36,3.79
7911,5,1587,2026-07-01 02:00:00+00:00,2,120.27,0.0,4.95,78.6,1.49,5.76,9.17,0.76
7912,1,1588,2026-07-01 03:00:00+00:00,1,143.23,0.0,1.1,25.07,0.15,4.38,5.85,0.54
7913,2,1588,2026-07-01 03:00:00+00:00,2,84.62,0.0,4.32,61.79,2.39,2.21,3.48,0.29
7914,3,1588,2026-07-01 03:00:00+00:00,1,71.63,0.22,1.19,16.11,0.23,1.46,1.57,0.15
7915,4,1588,2026-07-01 03:00:00+00:00,2,102.42,0.0,3.33,61.37,0.92,3.87,5.52,3.94
7916,5,1588,2026-07-01 03:00:00+00:00,2,121.24,0.0,5.06,70.64,1.43,6.11,10.01,0.81
7917,1,1589,2026-07-01 04:00:00+00:00,1,161.51,0.01,1.37,24.05,0.24,5.3,7.37,0.72
7918,2,1589,2026-07-01 04:00:00+00:00,1,85.76,0.0,4.42,59.22,2.43,2.11,3.44,0.35
7919,3,1589,2026-07-01 04:00:00+00:00,1,75.05,0.58,1.22,18.18,0.31,1.59,1.7,0.17
7920,4,1589,2026-07-01 04:00:00+00:00,2,98.67,0.0,3.05,60.07,0.89,3.23,4.62,3.8
7921,5,1589,2026-07-01 04:00:00+00:00,2,119.15,0.0,4.89,63.01,1.33,6.35,10.64,0.81
7922,1,1590,2026-07-01 05:00:00+00:00,1,185.9,0.17,1.47,23.87,0.33,6.51,9.62,0.85
7923,2,1590,2026-07-01 05:00:00+00:00,1,86.67,0.02,5.51,55.75,3.0,2.3,3.96,0.44
7924,3,1590,2026-07-01 05:00:00+00:00,1,77.64,0.87,1.24,19.55,0.36,1.72,1.84,0.2
7925,4,1590,2026-07-01 05:00:00+00:00,1,94.87,0.01,3.01,59.2,0.83,2.93,4.22,3.54
7926,5,1590,2026-07-01 05:00:00+00:00,1,115.87,0.0,4.44,57.78,1.26,6.38,11.04,0.83
7927,1,1591,2026-07-01 06:00:00+00:00,1,199.74,0.31,1.16,28.07,0.38,7.67,11.36,1.1
7928,2,1591,2026-07-01 06:00:00+00:00,1,87.21,0.39,6.27,53.19,3.57,2.62,4.68,0.54
7929,3,1591,2026-07-01 06:00:00+00:00,1,77.74,0.74,1.15,24.66,0.41,1.96,2.09,0.22
7930,4,1591,2026-07-01 06:00:00+00:00,1,92.14,0.22,2.99,59.06,0.8,2.91,4.32,3.26
7931,5,1591,2026-07-01 06:00:00+00:00,1,111.68,0.0,3.96,53.99,1.18,6.12,10.99,0.84
7932,1,1592,2026-07-01 07:00:00+00:00,1,93.4,0.06,0.24,49.61,0.19,1.9,3.4,0.43
7933,2,1592,2026-07-01 07:00:00+00:00,1,87.33,1.19,6.59,50.8,4.2,2.97,5.43,0.65
7934,3,1592,2026-07-01 07:00:00+00:00,1,77.31,0.22,0.65,47.79,0.67,2.28,2.4,0.16
7935,4,1592,2026-07-01 07:00:00+00:00,2,89.37,0.5,2.57,60.21,0.79,3.02,4.7,2.96
7936,5,1592,2026-07-01 07:00:00+00:00,1,107.04,0.0,3.52,50.86,1.08,5.68,10.57,0.83
7937,1,1593,2026-07-01 08:00:00+00:00,1,81.67,0.04,0.13,52.18,0.17,1.46,2.75,0.4
7938,2,1593,2026-07-01 08:00:00+00:00,1,87.88,2.14,7.05,48.46,4.92,3.35,6.18,0.76
7939,3,1593,2026-07-01 08:00:00+00:00,1,77.67,0.13,0.44,56.19,0.68,2.42,2.52,0.15
7940,4,1593,2026-07-01 08:00:00+00:00,2,87.01,0.55,1.98,63.52,0.78,3.25,5.27,2.69
7941,5,1593,2026-07-01 08:00:00+00:00,1,103.9,0.0,3.19,47.66,0.98,5.25,10.1,0.78
7942,1,1594,2026-07-01 09:00:00+00:00,1,79.02,0.03,0.1,51.83,0.17,1.53,2.81,0.41
7943,2,1594,2026-07-01 09:00:00+00:00,1,88.42,2.95,7.24,47.43,5.45,3.68,6.79,0.88
7944,3,1594,2026-07-01 09:00:00+00:00,2,78.29,0.09,0.37,61.52,0.59,2.38,2.47,0.16
7945,4,1594,2026-07-01 09:00:00+00:00,2,84.5,0.41,1.36,68.65,0.75,3.62,6.0,2.35
7946,5,1594,2026-07-01 09:00:00+00:00,1,101.74,0.0,3.0,44.56,0.89,4.89,9.69,0.71
7947,1,1595,2026-07-01 10:00:00+00:00,1,77.13,0.02,0.08,53.91,0.16,1.46,2.58,0.38
7948,2,1595,2026-07-01 10:00:00+00:00,1,88.78,3.53,7.54,47.62,5.99,4.02,7.42,0.94
7949,3,1595,2026-07-01 10:00:00+00:00,2,80.16,0.06,0.27,71.53,0.4,1.83,1.91,0.15
7950,4,1595,2026-07-01 10:00:00+00:00,2,81.76,0.16,0.6,77.91,0.52,2.99,5.09,1.6
7951,5,1595,2026-07-01 10:00:00+00:00,1,100.2,0.0,2.93,41.26,0.84,4.59,9.34,0.64
7952,1,1596,2026-07-01 11:00:00+00:00,1,76.53,0.03,0.09,54.8,0.16,1.49,2.53,0.38
7953,2,1596,2026-07-01 11:00:00+00:00,1,88.49,4.03,7.96,47.81,6.58,4.48,8.36,0.93
7954,3,1596,2026-07-01 11:00:00+00:00,2,80.44,0.05,0.26,77.77,0.32,1.52,1.58,0.14
7955,4,1596,2026-07-01 11:00:00+00:00,2,80.14,0.1,0.4,78.33,0.37,2.44,4.18,1.38
7956,5,1596,2026-07-01 11:00:00+00:00,1,101.89,0.06,3.24,38.03,0.84,4.42,9.19,0.65
7957,1,1597,2026-07-01 12:00:00+00:00,1,76.68,0.03,0.1,54.4,0.16,1.55,2.61,0.39
7958,2,1597,2026-07-01 12:00:00+00:00,1,87.65,3.9,7.61,50.85,6.58,4.96,9.32,0.87
7959,3,1597,2026-07-01 12:00:00+00:00,2,80.71,0.05,0.28,81.24,0.31,1.47,1.55,0.13
7960,4,1597,2026-07-01 12:00:00+00:00,2,79.69,0.09,0.37,75.78,0.29,2.06,3.53,1.27
7961,5,1597,2026-07-01 12:00:00+00:00,1,107.47,0.57,3.36,36.44,0.9,4.41,9.26,0.7
7962,1,1598,2026-07-01 13:00:00+00:00,1,90.12,0.06,0.29,51.52,0.23,2.2,3.61,0.71
7963,2,1598,2026-07-01 13:00:00+00:00,1,85.95,3.03,6.73,57.94,6.05,5.3,9.87,0.78
7964,3,1598,2026-07-01 13:00:00+00:00,2,82.03,0.06,0.33,84.65,0.34,1.58,1.66,0.13
7965,4,1598,2026-07-01 13:00:00+00:00,2,80.46,0.09,0.37,74.06,0.24,1.73,2.91,1.19
7966,5,1598,2026-07-01 13:00:00+00:00,1,113.12,1.03,3.09,39.35,1.02,4.59,9.55,0.8
7967,1,1599,2026-07-01 14:00:00+00:00,1,113.24,0.06,0.7,47.08,0.33,3.35,5.36,1.14
7968,2,1599,2026-07-01 14:00:00+00:00,2,84.49,2.04,6.01,66.5,5.43,5.18,9.55,0.69
7969,3,1599,2026-07-01 14:00:00+00:00,2,83.17,0.06,0.4,86.75,0.4,1.82,1.92,0.13
7970,4,1599,2026-07-01 14:00:00+00:00,2,80.86,0.1,0.39,72.34,0.21,1.44,2.36,1.14
7971,5,1599,2026-07-01 14:00:00+00:00,1,116.07,0.9,2.67,48.84,1.16,5.04,10.04,0.89
7972,1,1600,2026-07-01 15:00:00+00:00,1,136.43,0.0,1.26,43.13,0.42,4.49,7.11,1.57
7973,2,1600,2026-07-01 15:00:00+00:00,2,83.31,1.49,5.81,72.2,5.06,4.64,8.68,0.64
7974,3,1600,2026-07-01 15:00:00+00:00,2,84.14,0.06,0.46,88.77,0.49,2.11,2.22,0.14
7975,4,1600,2026-07-01 15:00:00+00:00,2,81.16,0.1,0.45,71.01,0.19,1.25,1.98,1.15
7976,5,1600,2026-07-01 15:00:00+00:00,2,118.53,0.51,2.0,65.71,1.35,6.19,11.17,0.92
7977,1,1601,2026-07-01 16:00:00+00:00,1,166.79,0.0,1.77,38.77,0.59,6.12,9.6,2.14
7978,2,1601,2026-07-01 16:00:00+00:00,2,82.79,1.3,6.0,73.81,4.87,4.02,7.83,0.63
7979,3,1601,2026-07-01 16:00:00+00:00,2,86.82,0.1,0.98,77.08,0.58,2.43,2.57,0.26
7980,4,1601,2026-07-01 16:00:00+00:00,2,81.83,0.11,0.52,70.45,0.21,1.14,1.74,1.21
7981,5,1601,2026-07-01 16:00:00+00:00,2,120.89,0.28,1.43,86.45,1.78,7.92,12.45,0.72
7982,1,1602,2026-07-01 17:00:00+00:00,1,209.71,0.0,2.32,34.13,0.68,8.58,13.23,2.48
7983,2,1602,2026-07-01 17:00:00+00:00,2,82.39,1.13,6.26,73.46,4.65,3.55,7.16,0.63
7984,3,1602,2026-07-01 17:00:00+00:00,2,90.0,0.09,1.67,60.52,0.6,2.74,2.91,0.41
7985,4,1602,2026-07-01 17:00:00+00:00,2,82.26,0.1,0.58,69.97,0.23,1.09,1.62,1.33
7986,5,1602,2026-07-01 17:00:00+00:00,2,120.85,0.22,1.3,95.22,1.83,8.88,12.96,0.55
7987,1,1603,2026-07-01 18:00:00+00:00,2,250.65,0.0,2.75,30.25,0.66,11.17,16.81,2.45
7988,2,1603,2026-07-01 18:00:00+00:00,2,81.72,0.85,6.38,73.04,4.33,3.18,6.53,0.66
7989,3,1603,2026-07-01 18:00:00+00:00,1,92.16,0.02,2.18,49.43,0.58,3.02,3.22,0.49
7990,4,1603,2026-07-01 18:00:00+00:00,2,82.32,0.07,0.65,69.43,0.28,1.07,1.6,1.44
7991,5,1603,2026-07-01 18:00:00+00:00,3,121.57,0.2,1.35,100.89,1.81,9.54,13.4,0.48
7992,1,1604,2026-07-01 19:00:00+00:00,2,281.21,0.0,3.03,26.91,0.63,13.32,19.64,2.17
7993,2,1604,2026-07-01 19:00:00+00:00,2,81.23,0.46,6.49,71.83,3.96,2.81,5.82,0.74
7994,3,1604,2026-07-01 19:00:00+00:00,1,93.56,0.0,2.54,42.27,0.6,3.22,3.46,0.47
7995,4,1604,2026-07-01 19:00:00+00:00,2,82.54,0.04,0.85,67.63,0.33,1.11,1.69,1.69
7996,5,1604,2026-07-01 19:00:00+00:00,3,122.47,0.18,1.32,102.25,1.69,9.8,13.05,0.36
7997,1,1605,2026-07-01 20:00:00+00:00,2,301.05,0.0,3.19,24.73,0.57,14.76,21.41,1.86
7998,2,1605,2026-07-01 20:00:00+00:00,2,81.2,0.12,7.52,67.87,4.13,2.6,5.49,0.83
7999,3,1605,2026-07-01 20:00:00+00:00,1,96.03,0.0,2.85,39.5,0.72,3.43,3.74,0.44
8000,4,1605,2026-07-01 20:00:00+00:00,2,82.74,0.01,1.15,65.19,0.38,1.19,1.87,2.1
8001,5,1605,2026-07-01 20:00:00+00:00,3,122.69,0.2,1.44,100.4,1.53,9.73,12.54,0.34
8002,1,1606,2026-07-01 21:00:00+00:00,2,299.36,0.0,3.09,23.2,0.44,14.84,21.21,1.45
8003,2,1606,2026-07-01 21:00:00+00:00,2,81.45,0.0,8.25,63.04,4.37,2.46,5.26,0.93
8004,3,1606,2026-07-01 21:00:00+00:00,1,99.57,0.0,3.58,39.61,1.17,3.66,4.12,0.42
8005,4,1606,2026-07-01 21:00:00+00:00,2,82.93,0.0,1.34,63.33,0.43,1.29,2.07,2.47
8006,5,1606,2026-07-01 21:00:00+00:00,3,124.79,0.24,1.85,100.82,1.49,9.79,12.53,0.41
8007,1,1607,2026-07-01 22:00:00+00:00,2,289.86,0.0,2.9,21.8,0.34,14.39,20.17,1.14
8008,2,1607,2026-07-01 22:00:00+00:00,1,81.94,0.0,8.77,58.9,4.55,2.37,5.09,1.03
8009,3,1607,2026-07-01 22:00:00+00:00,1,102.68,0.0,4.56,35.71,1.4,3.86,4.51,0.36
8010,4,1607,2026-07-01 22:00:00+00:00,2,81.64,0.0,1.45,61.42,0.46,1.39,2.26,2.74
8011,5,1607,2026-07-01 22:00:00+00:00,3,129.88,0.29,2.61,101.14,1.54,10.03,12.89,0.5
8012,1,1608,2026-07-01 23:00:00+00:00,2,282.52,0.0,2.72,20.77,0.26,13.95,19.15,0.84
8013,2,1608,2026-07-01 23:00:00+00:00,1,82.49,0.0,8.81,55.97,4.55,2.3,5.13,1.01
8014,3,1608,2026-07-01 23:00:00+00:00,1,104.8,0.0,5.04,27.31,1.04,4.07,4.83,0.28
8015,4,1608,2026-07-01 23:00:00+00:00,2,81.75,0.0,1.45,60.79,0.5,1.54,2.49,3.01
8016,5,1608,2026-07-01 23:00:00+00:00,2,134.64,0.28,3.59,98.94,1.69,10.19,13.34,0.62
8017,1,1609,2026-07-02 00:00:00+00:00,2,271.84,0.0,2.51,20.48,0.2,13.3,17.96,0.64
8018,2,1609,2026-07-02 00:00:00+00:00,1,83.14,0.0,8.24,54.84,4.3,2.28,5.4,0.91
8019,3,1609,2026-07-02 00:00:00+00:00,1,106.58,0.0,5.35,21.07,0.85,4.3,5.17,0.24
8020,4,1609,2026-07-02 00:00:00+00:00,2,81.67,0.0,1.4,60.22,0.53,1.7,2.73,3.2
8021,5,1609,2026-07-02 00:00:00+00:00,2,136.95,0.12,4.71,93.62,1.89,10.05,13.62,0.75
8022,1,1610,2026-07-02 01:00:00+00:00,2,254.58,0.0,2.23,21.34,0.18,12.23,16.43,0.57
8023,2,1610,2026-07-02 01:00:00+00:00,1,83.36,0.0,6.9,55.43,3.71,2.29,5.77,0.74
8024,3,1610,2026-07-02 01:00:00+00:00,1,107.44,0.0,5.47,16.98,0.81,4.49,5.47,0.23
8025,4,1610,2026-07-02 01:00:00+00:00,1,80.58,0.0,1.35,57.7,0.51,1.84,2.92,3.28
8026,5,1610,2026-07-02 01:00:00+00:00,2,135.05,0.0,5.3,85.69,2.0,9.52,13.58,0.84
8027,1,1611,2026-07-02 02:00:00+00:00,2,242.93,0.0,2.06,21.57,0.18,11.36,15.42,0.68
8028,2,1611,2026-07-02 02:00:00+00:00,1,83.17,0.0,6.12,55.1,3.36,2.43,6.55,0.5
8029,3,1611,2026-07-02 02:00:00+00:00,1,108.34,0.06,5.42,15.52,0.92,4.68,5.7,0.24
8030,4,1611,2026-07-02 02:00:00+00:00,1,80.3,0.0,1.35,53.79,0.43,1.98,3.1,3.13
8031,5,1611,2026-07-02 02:00:00+00:00,2,133.34,0.0,5.29,77.93,1.99,8.89,13.44,0.93
8032,1,1612,2026-07-02 03:00:00+00:00,2,237.71,0.0,2.0,21.83,0.23,10.92,14.99,0.94
8033,2,1612,2026-07-02 03:00:00+00:00,1,82.7,0.0,5.64,53.6,3.16,2.66,7.6,0.29
8034,3,1612,2026-07-02 03:00:00+00:00,1,109.95,0.72,4.59,17.5,1.13,4.82,5.8,0.27
8035,4,1612,2026-07-02 03:00:00+00:00,1,79.92,0.0,1.39,49.38,0.35,2.11,3.28,2.49
8036,5,1612,2026-07-02 03:00:00+00:00,2,129.87,0.0,5.1,70.92,1.84,8.11,13.0,1.0
8037,1,1613,2026-07-02 04:00:00+00:00,2,249.56,0.02,2.22,21.89,0.39,11.43,16.08,1.52
8038,2,1613,2026-07-02 04:00:00+00:00,1,82.76,0.0,5.16,51.96,3.02,2.93,8.71,0.14
8039,3,1613,2026-07-02 04:00:00+00:00,1,111.13,1.24,3.85,26.12,1.51,4.82,5.74,0.3
8040,4,1613,2026-07-02 04:00:00+00:00,1,78.38,0.0,1.51,44.54,0.3,2.21,3.44,1.98
8041,5,1613,2026-07-02 04:00:00+00:00,2,123.47,0.0,4.62,64.11,1.59,7.16,12.08,1.04
8042,1,1614,2026-07-02 05:00:00+00:00,2,267.77,0.37,1.95,23.44,0.51,12.39,17.69,2.07
8043,2,1614,2026-07-02 05:00:00+00:00,1,82.99,0.0,5.12,50.43,3.03,3.26,9.34,0.06
8044,3,1614,2026-07-02 05:00:00+00:00,1,111.07,1.47,3.22,30.41,1.43,4.87,5.73,0.35
8045,4,1614,2026-07-02 05:00:00+00:00,1,78.33,0.02,1.96,41.02,0.29,2.33,3.67,1.96
8046,5,1614,2026-07-02 05:00:00+00:00,1,118.25,0.0,4.03,58.71,1.34,6.43,11.27,1.08
8047,1,1615,2026-07-02 06:00:00+00:00,2,279.06,0.43,1.37,31.5,0.59,14.4,19.95,2.46
8048,2,1615,2026-07-02 06:00:00+00:00,1,83.31,0.04,5.29,48.55,3.0,3.69,9.22,0.05
8049,3,1615,2026-07-02 06:00:00+00:00,1,109.35,1.14,2.73,40.78,1.62,5.36,6.23,0.35
8050,4,1615,2026-07-02 06:00:00+00:00,1,78.65,0.28,2.26,40.41,0.34,2.46,4.02,2.13
8051,5,1615,2026-07-02 06:00:00+00:00,1,113.98,0.0,3.44,54.08,1.13,5.96,10.66,1.08
8052,1,1616,2026-07-02 07:00:00+00:00,1,138.5,0.11,0.37,51.32,0.42,5.26,7.86,1.19
8053,2,1616,2026-07-02 07:00:00+00:00,1,83.92,0.26,5.24,46.4,2.96,4.1,8.74,0.07
8054,3,1616,2026-07-02 07:00:00+00:00,2,94.94,0.26,1.32,93.03,2.91,4.8,5.32,0.01
8055,4,1616,2026-07-02 07:00:00+00:00,1,78.35,0.51,1.85,44.37,0.41,2.61,4.53,2.41
8056,5,1616,2026-07-02 07:00:00+00:00,1,110.33,0.0,2.97,49.32,0.94,5.71,10.24,1.03
8057,1,1617,2026-07-02 08:00:00+00:00,1,122.19,0.06,0.21,55.27,0.38,4.57,6.75,1.0
8058,2,1617,2026-07-02 08:00:00+00:00,1,84.72,0.71,4.57,44.7,2.87,4.29,8.07,0.12
8059,3,1617,2026-07-02 08:00:00+00:00,2,89.01,0.13,0.7,99.3,1.99,4.18,4.53,0.0
8060,4,1617,2026-07-02 08:00:00+00:00,1,77.63,0.6,1.56,45.88,0.38,2.78,5.0,2.71
8061,5,1617,2026-07-02 08:00:00+00:00,1,108.83,0.0,2.72,44.52,0.81,5.66,10.07,0.94
8062,1,1618,2026-07-02 09:00:00+00:00,1,113.2,0.04,0.15,56.71,0.35,4.21,6.18,0.86
8063,2,1618,2026-07-02 09:00:00+00:00,1,85.62,1.02,3.6,45.04,2.68,4.13,7.17,0.21
8064,3,1618,2026-07-02 09:00:00+00:00,3,86.13,0.1,0.54,100.3,1.6,3.95,4.25,0.01
8065,4,1618,2026-07-02 09:00:00+00:00,1,76.9,0.54,1.29,49.07,0.34,3.15,5.75,2.91
8066,5,1618,2026-07-02 09:00:00+00:00,1,108.55,0.0,2.68,39.71,0.73,5.68,9.99,0.83
8067,1,1619,2026-07-02 10:00:00+00:00,2,101.01,0.03,0.12,61.01,0.29,3.29,4.8,0.65
8068,2,1619,2026-07-02 10:00:00+00:00,1,86.64,1.24,3.05,48.27,2.82,3.95,6.81,0.27
8069,3,1619,2026-07-02 10:00:00+00:00,3,85.03,0.09,0.5,101.57,1.4,3.76,4.02,0.01
8070,4,1619,2026-07-02 10:00:00+00:00,2,77.66,0.21,0.68,65.4,0.36,2.75,5.04,2.04
8071,5,1619,2026-07-02 10:00:00+00:00,1,108.91,0.0,2.86,34.95,0.68,5.72,9.94,0.78
8072,1,1620,2026-07-02 11:00:00+00:00,2,97.94,0.03,0.13,62.2,0.26,3.29,4.64,0.6
8073,2,1620,2026-07-02 11:00:00+00:00,1,87.31,1.45,3.35,52.82,3.47,4.35,8.01,0.3
8074,3,1620,2026-07-02 11:00:00+00:00,3,83.31,0.09,0.49,101.79,1.26,3.48,3.71,0.02
8075,4,1620,2026-07-02 11:00:00+00:00,2,77.98,0.13,0.47,69.84,0.29,2.35,4.35,1.67
8076,5,1620,2026-07-02 11:00:00+00:00,1,113.44,0.07,3.63,30.33,0.69,5.83,10.07,0.88
8077,1,1621,2026-07-02 12:00:00+00:00,2,97.78,0.04,0.15,61.84,0.26,3.52,4.87,0.62
8078,2,1621,2026-07-02 12:00:00+00:00,1,87.62,1.45,3.44,59.06,3.82,4.97,9.61,0.34
8079,3,1621,2026-07-02 12:00:00+00:00,3,81.85,0.09,0.52,101.65,1.2,3.26,3.46,0.02
8080,4,1621,2026-07-02 12:00:00+00:00,2,78.39,0.12,0.43,68.65,0.24,2.2,4.18,1.64
8081,5,1621,2026-07-02 12:00:00+00:00,1,122.63,0.83,4.22,27.94,0.72,6.03,10.36,1.06
8082,1,1622,2026-07-02 13:00:00+00:00,1,108.63,0.06,0.31,59.7,0.31,4.22,5.91,0.9
8083,2,1622,2026-07-02 13:00:00+00:00,2,87.27,1.4,3.43,65.81,4.05,5.59,11.21,0.4
8084,3,1622,2026-07-02 13:00:00+00:00,3,81.7,0.09,0.58,100.98,1.17,3.09,3.26,0.03
8085,4,1622,2026-07-02 13:00:00+00:00,2,79.96,0.12,0.42,64.65,0.2,1.98,3.88,1.67
8086,5,1622,2026-07-02 13:00:00+00:00,1,130.21,1.59,4.09,31.34,0.8,6.33,10.8,1.26
8087,1,1623,2026-07-02 14:00:00+00:00,1,130.26,0.06,0.73,55.67,0.4,5.47,7.78,1.38
8088,2,1623,2026-07-02 14:00:00+00:00,2,86.71,1.36,3.71,71.96,4.32,5.97,12.29,0.47
8089,3,1623,2026-07-02 14:00:00+00:00,2,81.32,0.09,0.66,97.31,1.12,2.84,2.99,0.06
8090,4,1623,2026-07-02 14:00:00+00:00,1,80.82,0.12,0.43,58.26,0.16,1.66,3.3,1.7
8091,5,1623,2026-07-02 14:00:00+00:00,1,132.49,1.36,3.77,43.34,0.9,6.89,11.51,1.34
8092,1,1624,2026-07-02 15:00:00+00:00,1,156.39,0.0,1.34,51.49,0.48,6.85,9.82,1.86
8093,2,1624,2026-07-02 15:00:00+00:00,2,86.44,1.34,4.14,77.48,4.53,5.91,12.41,0.56
8094,3,1624,2026-07-02 15:00:00+00:00,2,80.94,0.09,0.73,90.92,1.03,2.47,2.58,0.1
8095,4,1624,2026-07-02 15:00:00+00:00,1,81.23,0.13,0.5,53.53,0.13,1.39,2.72,1.77
8096,5,1624,2026-07-02 15:00:00+00:00,2,132.65,0.68,2.84,65.79,1.08,8.49,13.36,1.29
8097,1,1625,2026-07-02 16:00:00+00:00,1,189.05,0.0,1.86,46.88,0.57,8.63,12.47,2.22
8098,2,1625,2026-07-02 16:00:00+00:00,2,86.12,1.34,4.88,81.53,4.7,5.53,11.84,0.66
8099,3,1625,2026-07-02 16:00:00+00:00,2,81.44,0.08,0.98,81.34,0.94,2.15,2.26,0.18
8100,4,1625,2026-07-02 16:00:00+00:00,1,82.08,0.14,0.61,51.11,0.12,1.19,2.18,1.85
8101,5,1625,2026-07-02 16:00:00+00:00,2,123.02,0.24,1.46,97.33,2.03,12.96,18.23,0.57
8102,1,1626,2026-07-02 17:00:00+00:00,2,232.3,0.0,2.41,43.06,0.68,11.1,16.04,2.72
8103,2,1626,2026-07-02 17:00:00+00:00,2,85.93,1.34,6.16,83.18,4.92,5.03,10.97,0.74
8104,3,1626,2026-07-02 17:00:00+00:00,2,82.9,0.04,1.36,70.54,0.87,1.97,2.07,0.27
8105,4,1626,2026-07-02 17:00:00+00:00,1,82.3,0.12,0.68,50.41,0.11,1.05,1.75,1.87
8106,5,1626,2026-07-02 17:00:00+00:00,3,116.99,0.17,1.12,103.22,1.98,13.85,18.71,0.25
8107,1,1627,2026-07-02 18:00:00+00:00,2,270.66,0.0,2.82,39.93,0.75,13.58,19.45,3.13
8108,2,1627,2026-07-02 18:00:00+00:00,2,86.29,1.16,7.99,82.22,5.16,4.54,9.98,0.83
8109,3,1627,2026-07-02 18:00:00+00:00,2,83.94,0.0,1.6,61.62,0.76,1.83,1.93,0.3
8110,4,1627,2026-07-02 18:00:00+00:00,1,82.7,0.09,0.75,50.78,0.11,0.97,1.46,1.87
8111,5,1627,2026-07-02 18:00:00+00:00,3,115.11,0.16,1.11,105.4,1.84,14.0,18.61,0.15
8112,1,1628,2026-07-02 19:00:00+00:00,2,301.45,0.0,3.15,36.73,0.8,15.68,22.33,3.35
8113,2,1628,2026-07-02 19:00:00+00:00,2,87.21,0.67,10.17,79.62,5.41,4.05,8.86,0.96
8114,3,1628,2026-07-02 19:00:00+00:00,1,83.82,0.0,1.7,53.18,0.61,1.75,1.85,0.31
8115,4,1628,2026-07-02 19:00:00+00:00,1,83.22,0.05,0.89,50.93,0.13,0.96,1.37,1.98
8116,5,1628,2026-07-02 19:00:00+00:00,3,115.06,0.15,1.15,107.97,1.72,14.0,18.42,0.11
8117,1,1629,2026-07-02 20:00:00+00:00,2,321.0,0.0,3.37,35.23,0.88,17.02,24.15,3.72
8118,2,1629,2026-07-02 20:00:00+00:00,2,88.67,0.15,12.17,75.14,5.74,3.58,7.77,1.18
8119,3,1629,2026-07-02 20:00:00+00:00,1,84.3,0.0,1.74,45.8,0.47,1.76,1.86,0.28
8120,4,1629,2026-07-02 20:00:00+00:00,1,84.32,0.01,1.14,50.72,0.17,1.09,1.58,2.29
8121,5,1629,2026-07-02 20:00:00+00:00,3,113.93,0.16,1.25,109.54,1.58,13.58,17.7,0.11
8122,1,1630,2026-07-02 21:00:00+00:00,2,317.2,0.0,3.31,34.83,0.87,16.91,23.84,3.79
8123,2,1630,2026-07-02 21:00:00+00:00,2,90.23,0.0,13.24,69.5,6.13,3.2,6.92,1.47
8124,3,1630,2026-07-02 21:00:00+00:00,1,83.9,0.0,1.62,39.59,0.35,1.79,1.9,0.21
8125,4,1630,2026-07-02 21:00:00+00:00,1,85.43,0.0,1.32,50.64,0.24,1.35,2.1,2.64
8126,5,1630,2026-07-02 21:00:00+00:00,3,114.25,0.18,1.53,111.18,1.48,13.17,17.06,0.14
8127,1,1631,2026-07-02 22:00:00+00:00,2,306.82,0.0,3.13,34.69,0.83,16.4,22.93,3.76
8128,2,1631,2026-07-02 22:00:00+00:00,2,92.66,0.0,14.5,64.21,6.53,2.94,6.37,1.78
8129,3,1631,2026-07-02 22:00:00+00:00,1,82.33,0.0,1.43,34.16,0.27,1.84,1.94,0.17
8130,4,1631,2026-07-02 22:00:00+00:00,1,85.3,0.0,1.47,49.7,0.31,1.7,2.83,2.99
8131,5,1631,2026-07-02 22:00:00+00:00,3,121.81,0.29,2.75,107.97,1.43,13.23,16.99,0.33
8132,1,1632,2026-07-02 23:00:00+00:00,2,300.96,0.0,2.96,33.73,0.74,16.23,22.41,3.46
8133,2,1632,2026-07-02 23:00:00+00:00,1,94.7,0.0,15.55,58.74,6.75,2.75,5.98,2.11
8134,3,1632,2026-07-02 23:00:00+00:00,1,81.35,0.0,1.29,30.24,0.23,1.92,2.02,0.15
8135,4,1632,2026-07-02 23:00:00+00:00,1,85.71,0.0,1.58,48.42,0.36,2.1,3.63,3.32
8136,5,1632,2026-07-02 23:00:00+00:00,3,133.27,0.34,4.54,100.78,1.46,13.5,17.19,0.6
8137,1,1633,2026-07-03 00:00:00+00:00,2,297.7,0.0,2.82,32.14,0.64,16.16,22.0,3.02
8138,2,1633,2026-07-03 00:00:00+00:00,1,95.83,0.0,15.61,54.3,6.64,2.56,5.55,2.41
8139,3,1633,2026-07-03 00:00:00+00:00,1,80.98,0.0,1.18,27.26,0.21,2.05,2.15,0.14
8140,4,1633,2026-07-03 00:00:00+00:00,1,85.86,0.0,1.62,47.33,0.41,2.51,4.44,3.27
8141,5,1633,2026-07-03 00:00:00+00:00,2,141.2,0.16,6.37,93.61,1.62,13.58,17.23,0.83
8142,1,1634,2026-07-03 01:00:00+00:00,2,292.4,0.0,2.68,30.1,0.47,15.79,21.21,2.09
8143,2,1634,2026-07-03 01:00:00+00:00,1,95.31,0.0,14.19,51.78,6.13,2.31,4.99,2.58
8144,3,1634,2026-07-03 01:00:00+00:00,1,81.76,0.0,1.11,24.89,0.21,2.3,2.39,0.14
8145,4,1634,2026-07-03 01:00:00+00:00,1,84.62,0.0,1.6,45.85,0.43,2.85,5.13,2.91
8146,5,1634,2026-07-03 01:00:00+00:00,2,145.43,0.0,7.35,86.02,1.84,13.37,17.05,1.01
8147,1,1635,2026-07-03 02:00:00+00:00,2,289.02,0.0,2.59,28.89,0.4,15.57,20.74,1.84
8148,2,1635,2026-07-03 02:00:00+00:00,1,95.16,0.0,13.43,49.72,5.9,2.18,4.64,2.6
8149,3,1635,2026-07-03 02:00:00+00:00,1,85.36,0.01,1.1,22.82,0.22,2.68,2.76,0.13
8150,4,1635,2026-07-03 02:00:00+00:00,1,84.17,0.0,1.6,45.51,0.45,3.17,5.76,2.62
8151,5,1635,2026-07-03 02:00:00+00:00,2,148.84,0.0,7.42,78.28,1.99,13.08,16.87,1.15
8152,1,1636,2026-07-03 03:00:00+00:00,2,290.96,0.0,2.6,28.11,0.4,15.69,20.86,1.86
8153,2,1636,2026-07-03 03:00:00+00:00,1,94.83,0.0,12.52,49.09,5.67,2.1,4.4,2.53
8154,3,1636,2026-07-03 03:00:00+00:00,1,91.59,0.11,1.15,21.19,0.24,3.1,3.17,0.14
8155,4,1636,2026-07-03 03:00:00+00:00,1,84.09,0.0,1.59,46.35,0.48,3.43,6.32,2.31
8156,5,1636,2026-07-03 03:00:00+00:00,2,150.03,0.0,7.21,68.83,1.9,12.57,16.43,1.26
8157,1,1637,2026-07-03 04:00:00+00:00,2,308.41,0.01,2.87,27.14,0.52,16.51,22.27,2.28
8158,2,1637,2026-07-03 04:00:00+00:00,1,93.53,0.0,11.14,49.78,5.26,2.03,4.25,2.38
8159,3,1637,2026-07-03 04:00:00+00:00,1,98.94,0.33,1.24,20.77,0.29,3.42,3.5,0.14
8160,4,1637,2026-07-03 04:00:00+00:00,1,84.14,0.0,1.62,48.76,0.53,3.62,6.8,2.0
8161,5,1637,2026-07-03 04:00:00+00:00,2,144.71,0.0,6.4,58.4,1.59,11.77,15.6,1.27
8162,1,1638,2026-07-03 05:00:00+00:00,2,330.96,0.43,2.51,28.06,0.62,17.68,24.16,2.72
8163,2,1638,2026-07-03 05:00:00+00:00,1,92.84,0.02,10.73,49.5,5.19,2.06,4.2,2.25
8164,3,1638,2026-07-03 05:00:00+00:00,1,103.67,0.42,1.41,21.3,0.33,3.58,3.66,0.14
8165,4,1638,2026-07-03 05:00:00+00:00,1,84.78,0.01,2.0,50.05,0.61,3.81,7.34,1.88
8166,5,1638,2026-07-03 05:00:00+00:00,2,138.67,0.0,5.27,50.77,1.26,11.22,15.02,1.25
8167,1,1639,2026-07-03 06:00:00+00:00,2,346.27,0.49,1.7,36.65,0.67,20.45,27.3,2.88
8168,2,1639,2026-07-03 06:00:00+00:00,1,92.34,0.36,10.37,49.46,5.23,2.1,4.15,2.14
8169,3,1639,2026-07-03 06:00:00+00:00,1,105.67,0.32,1.57,23.49,0.39,3.63,3.72,0.15
8170,4,1639,2026-07-03 06:00:00+00:00,1,85.87,0.17,2.58,49.85,0.69,4.04,7.93,1.91
8171,5,1639,2026-07-03 06:00:00+00:00,2,131.99,0.0,4.15,45.42,0.99,10.89,14.63,1.19
8172,1,1640,2026-07-03 07:00:00+00:00,1,172.1,0.11,0.42,54.07,0.48,8.55,12.14,1.49
8173,2,1640,2026-07-03 07:00:00+00:00,1,92.05,1.58,9.88,49.02,5.56,2.2,4.2,2.07
8174,3,1640,2026-07-03 07:00:00+00:00,1,105.82,0.09,1.22,40.05,0.38,3.17,3.25,0.12
8175,4,1640,2026-07-03 07:00:00+00:00,1,86.73,0.51,2.78,49.41,0.77,4.28,8.5,2.05
8176,5,1640,2026-07-03 07:00:00+00:00,2,124.74,0.0,3.44,36.74,0.68,10.7,14.21,1.12
8177,1,1641,2026-07-03 08:00:00+00:00,1,153.73,0.07,0.25,56.58,0.46,7.92,11.1,1.3
8178,2,1641,2026-07-03 08:00:00+00:00,1,92.73,3.34,9.69,48.88,6.32,2.42,4.43,2.1
8179,3,1641,2026-07-03 08:00:00+00:00,1,102.38,0.05,1.0,49.43,0.36,2.53,2.6,0.11
8180,4,1641,2026-07-03 08:00:00+00:00,1,87.46,0.76,2.66,51.05,0.86,4.57,9.04,2.23
8181,5,1641,2026-07-03 08:00:00+00:00,2,119.8,0.0,3.22,28.7,0.48,10.7,14.06,1.29
8182,1,1642,2026-07-03 09:00:00+00:00,1,143.45,0.05,0.19,57.44,0.45,7.62,10.53,1.2
8183,2,1642,2026-07-03 09:00:00+00:00,1,93.78,4.68,9.66,50.09,7.22,2.72,4.77,2.17
8184,3,1642,2026-07-03 09:00:00+00:00,1,99.23,0.04,0.91,54.23,0.36,2.2,2.25,0.11
8185,4,1642,2026-07-03 09:00:00+00:00,1,87.9,0.76,2.27,57.49,0.97,5.02,9.67,2.31
8186,5,1642,2026-07-03 09:00:00+00:00,2,117.74,0.01,3.32,24.31,0.42,10.72,14.09,1.59
8187,1,1643,2026-07-03 10:00:00+00:00,2,122.72,0.04,0.16,61.02,0.38,6.07,8.25,0.93
8188,2,1643,2026-07-03 10:00:00+00:00,1,94.61,5.44,10.01,52.44,8.41,3.16,5.3,2.16
8189,3,1643,2026-07-03 10:00:00+00:00,1,97.7,0.03,0.84,59.66,0.34,1.84,1.89,0.11
8190,4,1643,2026-07-03 10:00:00+00:00,2,86.58,0.26,1.11,76.29,0.83,4.77,8.51,1.53
8191,5,1643,2026-07-03 10:00:00+00:00,2,118.4,0.02,3.86,21.14,0.41,10.71,14.11,1.96
8192,1,1644,2026-07-03 11:00:00+00:00,2,118.15,0.05,0.17,61.8,0.36,6.09,8.05,0.86
8193,2,1644,2026-07-03 11:00:00+00:00,1,95.79,6.08,11.05,55.38,10.31,4.2,6.49,2.03
8194,3,1644,2026-07-03 11:00:00+00:00,2,95.8,0.02,0.81,63.62,0.32,1.56,1.6,0.12
8195,4,1644,2026-07-03 11:00:00+00:00,2,85.42,0.14,0.64,83.92,0.66,4.49,7.45,1.2
8196,5,1644,2026-07-03 11:00:00+00:00,2,129.92,0.27,5.84,18.31,0.44,10.8,14.3,2.39
8197,1,1645,2026-07-03 12:00:00+00:00,2,117.68,0.05,0.2,61.59,0.36,6.44,8.39,0.88
8198,2,1645,2026-07-03 12:00:00+00:00,1,97.16,6.81,12.48,58.67,12.7,6.34,8.73,1.74
8199,3,1645,2026-07-03 12:00:00+00:00,2,94.6,0.02,0.85,64.84,0.33,1.48,1.53,0.13
8200,4,1645,2026-07-03 12:00:00+00:00,2,85.51,0.11,0.54,88.97,0.62,4.73,7.49,1.17
8201,5,1645,2026-07-03 12:00:00+00:00,2,151.25,2.17,7.03,19.13,0.52,11.01,14.65,2.75
8202,1,1646,2026-07-03 13:00:00+00:00,1,127.85,0.07,0.38,59.48,0.42,7.27,9.54,1.15
8203,2,1646,2026-07-03 13:00:00+00:00,2,98.6,7.39,14.23,61.71,15.15,8.96,11.37,1.38
8204,3,1646,2026-07-03 13:00:00+00:00,2,95.97,0.03,1.23,61.55,0.39,1.5,1.57,0.18
8205,4,1646,2026-07-03 13:00:00+00:00,2,86.91,0.11,0.51,94.67,0.58,4.89,7.47,1.16
8206,5,1646,2026-07-03 13:00:00+00:00,2,161.08,3.18,6.52,25.53,0.64,11.43,15.16,2.24
8207,1,1647,2026-07-03 14:00:00+00:00,1,147.29,0.06,0.79,55.17,0.49,8.49,11.3,1.53
8208,2,1647,2026-07-03 14:00:00+00:00,2,99.64,7.46,15.84,63.58,16.7,10.97,13.44,1.06
8209,3,1647,2026-07-03 14:00:00+00:00,1,99.0,0.05,1.79,52.91,0.46,1.58,1.66,0.21
8210,4,1647,2026-07-03 14:00:00+00:00,2,86.87,0.1,0.53,98.38,0.51,4.73,7.02,1.1
8211,5,1647,2026-07-03 14:00:00+00:00,2,162.8,2.52,6.18,40.3,0.74,12.17,15.75,1.66
8212,1,1648,2026-07-03 15:00:00+00:00,1,169.48,0.0,1.36,50.46,0.53,9.59,12.97,1.86
8213,2,1648,2026-07-03 15:00:00+00:00,2,99.38,6.56,16.44,67.23,16.28,11.05,13.66,0.94
8214,3,1648,2026-07-03 15:00:00+00:00,1,101.79,0.07,2.09,44.22,0.47,1.65,1.75,0.19
8215,4,1648,2026-07-03 15:00:00+00:00,3,86.76,0.11,0.6,101.69,0.48,4.74,6.9,1.1
8216,5,1648,2026-07-03 15:00:00+00:00,2,155.71,1.01,4.4,72.71,1.21,14.38,17.57,1.14
8217,1,1649,2026-07-03 16:00:00+00:00,2,198.9,0.0,1.86,44.81,0.59,11.09,15.25,2.22
8218,2,1649,2026-07-03 16:00:00+00:00,2,97.91,4.91,15.35,73.82,13.93,9.68,12.48,0.94
8219,3,1649,2026-07-03 16:00:00+00:00,1,102.41,0.13,2.27,30.4,0.41,1.71,1.84,0.19
8220,4,1649,2026-07-03 16:00:00+00:00,3,87.56,0.11,0.69,105.59,0.49,4.91,7.09,1.15
8221,5,1649,2026-07-03 16:00:00+00:00,3,120.57,0.22,1.43,107.83,2.76,16.35,18.43,0.06
8222,1,1650,2026-07-03 17:00:00+00:00,2,240.33,0.0,2.41,39.85,0.65,13.45,18.63,2.5
8223,2,1650,2026-07-03 17:00:00+00:00,2,97.07,3.96,15.54,76.45,12.44,8.96,12.17,0.95
8224,3,1650,2026-07-03 17:00:00+00:00,1,103.22,0.17,2.44,19.94,0.35,1.79,1.94,0.25
8225,4,1650,2026-07-03 17:00:00+00:00,3,88.04,0.1,0.77,108.29,0.52,5.16,7.42,1.24
8226,5,1650,2026-07-03 17:00:00+00:00,3,113.14,0.16,1.08,110.94,2.4,15.46,17.23,0.01
8227,1,1651,2026-07-03 18:00:00+00:00,2,277.03,0.0,2.8,35.98,0.67,15.77,21.79,2.56
8228,2,1651,2026-07-03 18:00:00+00:00,2,96.42,2.73,15.6,78.52,10.8,8.12,11.74,0.98
8229,3,1651,2026-07-03 18:00:00+00:00,1,103.06,0.06,2.74,15.84,0.36,1.86,2.02,0.36
8230,4,1651,2026-07-03 18:00:00+00:00,3,88.53,0.08,0.87,109.79,0.56,5.35,7.7,1.34
8231,5,1651,2026-07-03 18:00:00+00:00,3,110.68,0.15,1.03,111.85,2.08,14.95,16.63,0.01
8232,1,1652,2026-07-03 19:00:00+00:00,2,306.59,0.0,3.09,32.85,0.73,17.85,24.58,2.8
8233,2,1652,2026-07-03 19:00:00+00:00,2,95.91,1.31,16.01,79.19,9.4,7.56,11.46,0.97
8234,3,1652,2026-07-03 19:00:00+00:00,1,103.24,0.03,2.97,14.36,0.41,1.96,2.12,0.47
8235,4,1652,2026-07-03 19:00:00+00:00,3,89.03,0.04,1.23,105.46,0.6,5.47,7.89,1.75
8236,5,1652,2026-07-03 19:00:00+00:00,3,110.48,0.15,1.12,111.27,1.85,14.65,16.3,0.05
8237,1,1653,2026-07-03 20:00:00+00:00,2,331.05,0.0,3.36,30.95,0.83,19.74,27.01,3.22
8238,2,1653,2026-07-03 20:00:00+00:00,2,95.34,0.24,16.26,77.83,8.46,6.9,10.86,0.92
8239,3,1653,2026-07-03 20:00:00+00:00,1,102.37,0.03,2.84,12.24,0.4,2.05,2.21,0.44
8240,4,1653,2026-07-03 20:00:00+00:00,2,90.07,0.01,1.73,97.66,0.63,5.5,7.93,2.38
8241,5,1653,2026-07-03 20:00:00+00:00,3,110.81,0.17,1.39,107.97,1.65,14.19,15.82,0.14
8242,1,1654,2026-07-03 21:00:00+00:00,2,335.43,0.0,3.42,30.01,0.83,20.42,27.25,3.33
8243,2,1654,2026-07-03 21:00:00+00:00,2,95.24,0.0,15.13,76.4,7.88,6.34,10.23,0.84
8244,3,1654,2026-07-03 21:00:00+00:00,1,99.47,0.03,2.45,10.66,0.39,2.11,2.24,0.39
8245,4,1654,2026-07-03 21:00:00+00:00,2,91.11,0.0,2.08,91.31,0.66,5.3,7.68,2.89
8246,5,1654,2026-07-03 21:00:00+00:00,3,112.07,0.18,1.87,105.55,1.51,13.63,15.24,0.23
8247,1,1655,2026-07-03 22:00:00+00:00,2,327.46,0.0,3.29,29.64,0.8,20.28,26.21,3.37
8248,2,1655,2026-07-03 22:00:00+00:00,2,95.7,0.0,14.65,76.08,7.58,6.14,9.94,0.79
8249,3,1655,2026-07-03 22:00:00+00:00,1,94.85,0.02,2.03,9.46,0.38,2.1,2.21,0.34
8250,4,1655,2026-07-03 22:00:00+00:00,2,90.63,0.0,2.27,85.05,0.68,4.88,7.1,3.28
8251,5,1655,2026-07-03 22:00:00+00:00,2,130.19,0.52,5.09,90.63,1.31,13.56,15.14,0.52
8252,1,1656,2026-07-03 23:00:00+00:00,2,320.77,0.0,3.12,29.33,0.76,20.12,25.69,3.34
8253,2,1656,2026-07-03 23:00:00+00:00,2,96.18,0.0,14.83,76.09,7.6,6.38,10.27,0.75
8254,3,1656,2026-07-03 23:00:00+00:00,1,91.07,0.03,1.73,8.03,0.37,2.1,2.19,0.31
8255,4,1656,2026-07-03 23:00:00+00:00,2,91.5,0.0,2.18,80.74,0.7,4.42,6.47,3.64
8256,5,1656,2026-07-03 23:00:00+00:00,2,152.94,0.84,8.77,72.6,1.09,13.51,15.07,0.93
8257,1,1657,2026-07-04 00:00:00+00:00,2,315.23,0.0,2.96,28.93,0.65,19.99,25.45,3.02
8258,2,1657,2026-07-04 00:00:00+00:00,2,96.2,0.0,15.35,74.76,7.72,6.84,11.11,0.74
8259,3,1657,2026-07-04 00:00:00+00:00,1,87.89,0.03,1.52,7.0,0.37,2.11,2.19,0.29
8260,4,1657,2026-07-04 00:00:00+00:00,2,92.73,0.0,2.05,77.62,0.77,3.85,5.74,3.87
8261,5,1657,2026-07-04 00:00:00+00:00,2,163.74,0.44,11.06,59.12,0.92,13.13,14.71,1.2
8262,1,1658,2026-07-04 01:00:00+00:00,2,305.51,0.0,2.76,28.63,0.49,19.55,24.82,2.38
8263,2,1658,2026-07-04 01:00:00+00:00,2,95.1,0.0,15.16,71.04,7.44,7.04,11.86,0.86
8264,3,1658,2026-07-04 01:00:00+00:00,1,85.37,0.03,1.39,7.47,0.32,2.15,2.23,0.26
8265,4,1658,2026-07-04 01:00:00+00:00,2,92.77,0.0,2.03,74.23,0.84,3.31,5.04,3.99
8266,5,1658,2026-07-04 01:00:00+00:00,2,164.61,0.01,11.6,47.94,0.79,12.6,14.18,1.38
8267,1,1659,2026-07-04 02:00:00+00:00,2,296.66,0.0,2.57,28.43,0.41,18.99,24.13,2.05
8268,2,1659,2026-07-04 02:00:00+00:00,2,92.9,0.0,14.26,65.57,6.85,6.71,12.04,1.03
8269,3,1659,2026-07-04 02:00:00+00:00,1,84.73,0.03,1.39,8.22,0.29,2.26,2.35,0.24
8270,4,1659,2026-07-04 02:00:00+00:00,2,93.69,0.0,2.14,67.65,0.79,3.08,4.73,4.48
8271,5,1659,2026-07-04 02:00:00+00:00,2,162.1,0.0,10.48,41.26,0.73,12.25,13.85,1.47
8272,1,1660,2026-07-04 03:00:00+00:00,2,291.18,0.0,2.45,28.36,0.38,18.58,23.73,1.81
8273,2,1660,2026-07-04 03:00:00+00:00,1,90.51,0.0,13.07,58.96,6.18,5.91,11.41,1.18
8274,3,1660,2026-07-04 03:00:00+00:00,1,86.82,0.07,1.61,8.88,0.31,2.39,2.51,0.23
8275,4,1660,2026-07-04 03:00:00+00:00,2,94.44,0.0,2.29,61.89,0.72,2.98,4.58,4.9
8276,5,1660,2026-07-04 03:00:00+00:00,2,154.98,0.0,8.87,38.36,0.71,11.86,13.45,1.53
8277,1,1661,2026-07-04 04:00:00+00:00,2,296.72,0.01,2.53,28.07,0.42,18.47,23.98,1.8
8278,2,1661,2026-07-04 04:00:00+00:00,1,88.02,0.0,11.04,53.65,5.22,4.71,9.58,1.3
8279,3,1661,2026-07-04 04:00:00+00:00,1,91.26,0.15,2.02,11.48,0.36,2.51,2.68,0.2
8280,4,1661,2026-07-04 04:00:00+00:00,1,93.44,0.0,2.49,55.92,0.66,2.9,4.47,5.12
8281,5,1661,2026-07-04 04:00:00+00:00,2,141.35,0.0,6.7,38.2,0.72,11.3,12.91,1.55
8282,1,1662,2026-07-04 05:00:00+00:00,2,304.49,0.31,2.09,29.38,0.47,18.43,24.29,2.03
8283,2,1662,2026-07-04 05:00:00+00:00,1,86.75,0.03,10.04,48.38,4.85,3.68,7.62,1.24
8284,3,1662,2026-07-04 05:00:00+00:00,1,94.52,0.21,2.3,13.3,0.39,2.58,2.78,0.17
8285,4,1662,2026-07-04 05:00:00+00:00,1,93.71,0.02,3.11,51.17,0.65,2.88,4.46,5.23
8286,5,1662,2026-07-04 05:00:00+00:00,2,133.95,0.0,5.45,34.35,0.65,11.25,12.88,1.53
8287,1,1663,2026-07-04 06:00:00+00:00,2,306.01,0.35,1.33,37.36,0.51,19.45,25.32,2.2
8288,2,1663,2026-07-04 06:00:00+00:00,1,86.59,0.31,9.05,44.46,4.6,2.94,6.01,1.11
8289,3,1663,2026-07-04 06:00:00+00:00,1,94.78,0.18,2.36,15.12,0.43,2.58,2.78,0.14
8290,4,1663,2026-07-04 06:00:00+00:00,1,94.17,0.37,3.6,47.55,0.65,2.92,4.53,5.26
8291,5,1663,2026-07-04 06:00:00+00:00,2,127.39,0.0,4.4,31.33,0.58,11.34,12.98,1.45
8292,1,1664,2026-07-04 07:00:00+00:00,1,140.16,0.07,0.28,56.22,0.35,7.16,9.55,0.96
8293,2,1664,2026-07-04 07:00:00+00:00,1,86.86,0.58,7.46,42.67,4.07,2.39,4.76,0.95
8294,3,1664,2026-07-04 07:00:00+00:00,1,96.07,0.1,2.25,23.96,0.47,2.6,2.78,0.12
8295,4,1664,2026-07-04 07:00:00+00:00,1,94.08,0.96,3.46,45.76,0.67,2.99,4.65,5.22
8296,5,1664,2026-07-04 07:00:00+00:00,2,120.12,0.0,3.67,26.11,0.46,11.34,12.95,1.38
8297,1,1665,2026-07-04 08:00:00+00:00,1,120.24,0.04,0.16,59.8,0.31,5.95,7.93,0.81
8298,2,1665,2026-07-04 08:00:00+00:00,1,87.38,0.87,6.06,42.57,3.61,1.98,3.89,0.82
8299,3,1665,2026-07-04 08:00:00+00:00,1,97.44,0.12,2.23,26.62,0.45,2.58,2.73,0.16
8300,4,1665,2026-07-04 08:00:00+00:00,1,93.18,1.22,3.12,47.28,0.71,3.11,4.81,5.09
8301,5,1665,2026-07-04 08:00:00+00:00,2,114.33,0.0,3.3,19.82,0.34,11.41,13.0,1.35
8302,1,1666,2026-07-04 09:00:00+00:00,2,113.36,0.03,0.12,60.97,0.3,5.73,7.61,0.78
8303,2,1666,2026-07-04 09:00:00+00:00,1,87.54,1.1,5.23,43.03,3.41,1.82,3.55,0.76
8304,3,1666,2026-07-04 09:00:00+00:00,1,99.76,0.15,2.46,27.74,0.48,2.62,2.76,0.25
8305,4,1666,2026-07-04 09:00:00+00:00,1,92.1,1.05,2.65,54.27,0.78,3.55,5.29,4.89
8306,5,1666,2026-07-04 09:00:00+00:00,2,110.37,0.01,3.27,15.19,0.28,11.5,13.13,1.35
8307,1,1667,2026-07-04 10:00:00+00:00,2,101.75,0.02,0.1,65.64,0.28,4.81,6.41,0.67
8308,2,1667,2026-07-04 10:00:00+00:00,1,87.5,1.46,4.48,45.0,3.5,1.9,3.7,0.67
8309,3,1667,2026-07-04 10:00:00+00:00,1,103.5,0.17,2.95,30.06,0.56,2.71,2.84,0.36
8310,4,1667,2026-07-04 10:00:00+00:00,2,91.06,0.27,1.13,90.99,0.96,4.26,6.08,3.16
8311,5,1667,2026-07-04 10:00:00+00:00,2,108.32,0.04,3.61,11.38,0.25,11.48,13.16,1.45
8312,1,1668,2026-07-04 11:00:00+00:00,2,95.33,0.02,0.1,68.97,0.25,4.51,5.91,0.61
8313,2,1668,2026-07-04 11:00:00+00:00,1,87.38,1.79,4.15,49.07,3.92,2.32,4.57,0.54
8314,3,1668,2026-07-04 11:00:00+00:00,1,106.49,0.2,3.22,30.76,0.58,2.87,2.99,0.36
8315,4,1668,2026-07-04 11:00:00+00:00,2,89.44,0.14,0.64,97.69,0.71,3.85,5.25,2.3
8316,5,1668,2026-07-04 11:00:00+00:00,2,114.74,0.43,4.7,7.96,0.25,11.47,13.19,1.58
8317,1,1669,2026-07-04 12:00:00+00:00,2,92.71,0.02,0.11,69.99,0.25,4.52,5.84,0.59
8318,2,1669,2026-07-04 12:00:00+00:00,1,87.43,1.75,3.82,55.87,4.12,2.91,5.81,0.4
8319,3,1669,2026-07-04 12:00:00+00:00,1,109.32,0.23,3.45,30.5,0.58,3.09,3.21,0.32
8320,4,1669,2026-07-04 12:00:00+00:00,2,88.27,0.11,0.53,98.4,0.56,3.45,4.54,1.93
8321,5,1669,2026-07-04 12:00:00+00:00,2,130.56,2.8,4.61,8.5,0.27,11.55,13.3,1.7
8322,1,1670,2026-07-04 13:00:00+00:00,2,102.44,0.04,0.27,66.05,0.3,5.21,6.76,0.8
8323,2,1670,2026-07-04 13:00:00+00:00,2,87.85,1.49,3.54,63.57,4.1,3.49,7.07,0.31
8324,3,1670,2026-07-04 13:00:00+00:00,1,112.08,0.25,3.73,29.64,0.72,3.35,3.46,0.24
8325,4,1670,2026-07-04 13:00:00+00:00,2,88.45,0.1,0.47,99.15,0.43,2.97,3.79,1.67
8326,5,1670,2026-07-04 13:00:00+00:00,2,142.4,3.64,4.96,17.57,0.38,11.65,13.39,1.74
8327,1,1671,2026-07-04 14:00:00+00:00,1,122.56,0.04,0.65,59.27,0.37,6.51,8.52,1.17
8328,2,1671,2026-07-04 14:00:00+00:00,2,87.89,1.26,3.39,69.79,4.04,3.92,8.17,0.25
8329,3,1671,2026-07-04 14:00:00+00:00,1,114.43,0.23,3.99,28.93,0.77,3.64,3.72,0.15
8330,4,1671,2026-07-04 14:00:00+00:00,2,87.0,0.09,0.42,96.71,0.31,2.32,2.87,1.41
8331,5,1671,2026-07-04 14:00:00+00:00,2,145.49,2.47,5.41,36.09,0.5,11.76,13.42,1.53
8332,1,1672,2026-07-04 15:00:00+00:00,1,144.38,0.0,1.13,53.42,0.42,7.82,10.33,1.5
8333,2,1672,2026-07-04 15:00:00+00:00,2,87.74,1.16,3.49,74.1,4.09,4.34,9.38,0.21
8334,3,1672,2026-07-04 15:00:00+00:00,1,114.6,0.15,4.49,30.4,0.88,3.89,3.96,0.09
8335,4,1672,2026-07-04 15:00:00+00:00,2,85.81,0.09,0.43,93.53,0.25,1.94,2.33,1.34
8336,5,1672,2026-07-04 15:00:00+00:00,2,145.27,0.97,4.25,70.29,0.79,12.57,14.1,1.28
8337,1,1673,2026-07-04 16:00:00+00:00,1,170.22,0.0,1.54,47.23,0.46,9.37,12.5,1.75
8338,2,1673,2026-07-04 16:00:00+00:00,2,87.5,1.13,3.88,76.5,4.24,4.66,10.43,0.19
8339,3,1673,2026-07-04 16:00:00+00:00,1,114.3,0.07,5.93,32.28,1.14,4.01,4.07,0.06
8340,4,1673,2026-07-04 16:00:00+00:00,2,85.7,0.09,0.48,90.94,0.22,1.72,2.03,1.44
8341,5,1673,2026-07-04 16:00:00+00:00,3,117.29,0.18,1.81,106.31,2.13,10.14,11.0,0.32
8342,1,1674,2026-07-04 17:00:00+00:00,2,204.67,0.0,1.97,41.49,0.5,11.49,15.38,1.89
8343,2,1674,2026-07-04 17:00:00+00:00,2,86.97,1.12,4.59,76.36,4.37,4.6,10.43,0.2
8344,3,1674,2026-07-04 17:00:00+00:00,1,112.93,0.02,7.14,32.13,1.32,3.8,3.85,0.05
8345,4,1674,2026-07-04 17:00:00+00:00,2,85.62,0.09,0.55,88.25,0.21,1.64,1.94,1.69
8346,5,1674,2026-07-04 17:00:00+00:00,3,113.88,0.2,1.8,105.47,1.86,9.38,10.12,0.23
8347,1,1675,2026-07-04 18:00:00+00:00,2,236.22,0.0,2.31,36.59,0.48,13.61,18.14,1.89
8348,2,1675,2026-07-04 18:00:00+00:00,2,86.35,1.01,5.58,73.7,4.43,4.17,9.35,0.24
8349,3,1675,2026-07-04 18:00:00+00:00,1,107.33,0.0,6.8,34.05,1.3,3.28,3.31,0.04
8350,4,1675,2026-07-04 18:00:00+00:00,2,85.37,0.07,0.62,85.03,0.22,1.68,2.04,1.98
8351,5,1675,2026-07-04 18:00:00+00:00,3,115.14,0.23,2.0,106.31,1.66,9.43,10.17,0.27
8352,1,1676,2026-07-04 19:00:00+00:00,2,254.45,0.0,2.47,32.6,0.43,14.92,19.79,1.82
8353,2,1676,2026-07-04 19:00:00+00:00,2,85.98,0.65,7.07,68.49,4.51,3.58,7.89,0.33
8354,3,1676,2026-07-04 19:00:00+00:00,1,98.72,0.0,4.97,38.53,0.96,2.63,2.65,0.04
8355,4,1676,2026-07-04 19:00:00+00:00,2,85.14,0.04,0.89,78.77,0.24,1.86,2.36,2.53
8356,5,1676,2026-07-04 19:00:00+00:00,3,118.06,0.22,2.28,107.51,1.56,9.65,10.38,0.37
8357,1,1677,2026-07-04 20:00:00+00:00,2,259.38,0.0,2.46,30.34,0.35,15.34,20.23,1.38
8358,2,1677,2026-07-04 20:00:00+00:00,2,85.5,0.17,8.76,60.48,4.65,3.0,6.59,0.48
8359,3,1677,2026-07-04 20:00:00+00:00,1,90.69,0.0,2.69,42.19,0.56,2.12,2.13,0.04
8360,4,1677,2026-07-04 20:00:00+00:00,2,85.21,0.01,1.29,70.92,0.27,2.15,2.85,3.28
8361,5,1677,2026-07-04 20:00:00+00:00,3,117.89,0.16,2.56,102.0,1.49,9.3,9.99,0.43
8362,1,1678,2026-07-04 21:00:00+00:00,2,246.23,0.0,2.22,29.49,0.23,14.6,18.96,0.71
8363,2,1678,2026-07-04 21:00:00+00:00,1,85.11,0.0,9.35,51.59,4.71,2.49,5.52,0.66
8364,3,1678,2026-07-04 21:00:00+00:00,1,85.92,0.0,1.34,44.95,0.35,1.8,1.81,0.05
8365,4,1678,2026-07-04 21:00:00+00:00,2,85.26,0.0,1.57,65.18,0.31,2.5,3.46,3.94
8366,5,1678,2026-07-04 21:00:00+00:00,2,115.33,0.07,2.8,95.18,1.42,8.45,9.08,0.4
8367,1,1679,2026-07-04 22:00:00+00:00,2,216.13,0.0,1.77,30.51,0.17,12.66,16.39,0.46
8368,2,1679,2026-07-04 22:00:00+00:00,1,85.41,0.0,9.62,44.08,4.76,2.15,4.85,0.78
8369,3,1679,2026-07-04 22:00:00+00:00,1,83.26,0.0,0.79,44.04,0.2,1.6,1.62,0.06
8370,4,1679,2026-07-04 22:00:00+00:00,2,83.86,0.0,1.69,60.13,0.33,2.8,4.01,4.4
8371,5,1679,2026-07-04 22:00:00+00:00,2,119.32,0.01,4.33,77.48,1.7,7.73,8.28,0.45
8372,1,1680,2026-07-04 23:00:00+00:00,2,208.64,0.0,1.63,29.41,0.15,12.12,15.61,0.48
8373,2,1680,2026-07-04 23:00:00+00:00,1,86.49,0.0,9.62,38.64,4.7,1.93,4.44,0.86
8374,3,1680,2026-07-04 23:00:00+00:00,1,81.12,0.0,0.64,39.2,0.16,1.45,1.47,0.07
8375,4,1680,2026-07-04 23:00:00+00:00,1,83.67,0.0,1.62,57.46,0.37,3.11,4.57,4.69
8376,5,1680,2026-07-04 23:00:00+00:00,1,130.93,0.02,6.3,58.63,2.03,7.64,8.16,0.58
8377,1,1681,2026-07-05 00:00:00+00:00,2,202.35,0.0,1.52,28.34,0.15,11.61,14.45,0.59
8378,2,1681,2026-07-05 00:00:00+00:00,1,87.94,0.0,9.05,36.43,4.38,1.75,4.05,0.93
8379,3,1681,2026-07-05 00:00:00+00:00,1,79.16,0.0,0.62,35.03,0.15,1.3,1.32,0.08
8380,4,1681,2026-07-05 00:00:00+00:00,1,83.64,0.0,1.47,55.89,0.41,3.37,5.06,4.66
8381,5,1681,2026-07-05 00:00:00+00:00,1,138.22,0.01,7.13,47.55,2.09,7.67,8.19,0.54
8382,1,1682,2026-07-05 01:00:00+00:00,2,195.13,0.0,1.43,27.67,0.16,10.94,13.05,0.71
8383,2,1682,2026-07-05 01:00:00+00:00,1,88.77,0.0,7.62,37.69,3.57,1.57,3.58,0.98
8384,3,1682,2026-07-05 01:00:00+00:00,1,77.55,0.0,0.67,30.2,0.15,1.15,1.18,0.09
8385,4,1682,2026-07-05 01:00:00+00:00,1,82.86,0.0,1.37,53.23,0.44,3.5,5.35,4.24
8386,5,1682,2026-07-05 01:00:00+00:00,1,138.07,0.0,6.91,40.26,1.63,7.64,8.15,0.4
8387,1,1683,2026-07-05 02:00:00+00:00,2,187.91,0.0,1.34,26.94,0.16,10.27,12.1,0.79
8388,2,1683,2026-07-05 02:00:00+00:00,1,89.35,0.0,7.7,38.29,3.53,1.63,3.64,0.93
8389,3,1683,2026-07-05 02:00:00+00:00,1,76.19,0.0,0.78,25.76,0.16,1.03,1.07,0.1
8390,4,1683,2026-07-05 02:00:00+00:00,1,82.85,0.0,1.35,49.1,0.42,3.58,5.53,3.51
8391,5,1683,2026-07-05 02:00:00+00:00,1,137.21,0.0,6.41,35.89,1.27,7.75,8.29,0.35
8392,1,1684,2026-07-05 03:00:00+00:00,1,182.91,0.0,1.3,26.72,0.18,9.72,11.47,0.84
8393,2,1684,2026-07-05 03:00:00+00:00,1,89.47,0.0,8.18,38.3,3.7,1.79,3.92,0.9
8394,3,1684,2026-07-05 03:00:00+00:00,1,75.8,0.01,1.02,23.46,0.2,0.93,0.98,0.11
8395,4,1684,2026-07-05 03:00:00+00:00,1,83.02,0.0,1.39,44.94,0.37,3.6,5.62,2.54
8396,5,1684,2026-07-05 03:00:00+00:00,1,136.08,0.0,5.99,33.33,1.07,7.9,8.43,0.31
8397,1,1685,2026-07-05 04:00:00+00:00,1,183.18,0.0,1.36,28.38,0.24,9.31,11.58,0.87
8398,2,1685,2026-07-05 04:00:00+00:00,1,89.21,0.0,8.75,37.72,3.93,1.97,4.28,0.89
8399,3,1685,2026-07-05 04:00:00+00:00,1,76.77,0.08,1.37,22.04,0.25,0.86,0.92,0.13
8400,4,1685,2026-07-05 04:00:00+00:00,1,82.26,0.0,1.49,40.54,0.33,3.54,5.57,1.88
8401,5,1685,2026-07-05 04:00:00+00:00,1,132.7,0.0,5.53,28.37,0.77,7.92,8.44,0.3
8402,1,1686,2026-07-05 05:00:00+00:00,1,188.89,0.15,1.25,29.46,0.28,9.26,12.36,0.81
8403,2,1686,2026-07-05 05:00:00+00:00,1,89.13,0.08,9.29,36.85,4.23,2.16,4.65,0.9
8404,3,1686,2026-07-05 05:00:00+00:00,1,77.84,0.24,1.5,20.99,0.29,0.83,0.9,0.14
8405,4,1686,2026-07-05 05:00:00+00:00,1,82.55,0.02,1.81,37.25,0.33,3.49,5.57,1.75
8406,5,1686,2026-07-05 05:00:00+00:00,1,129.92,0.01,4.97,21.97,0.52,8.02,8.54,0.34
8407,1,1687,2026-07-05 06:00:00+00:00,1,188.36,0.23,0.83,34.1,0.3,9.52,12.93,1.02
8408,2,1687,2026-07-05 06:00:00+00:00,1,88.77,0.95,8.69,37.13,4.52,2.34,4.97,0.92
8409,3,1687,2026-07-05 06:00:00+00:00,1,78.3,0.42,1.36,21.76,0.32,0.85,0.93,0.16
8410,4,1687,2026-07-05 06:00:00+00:00,1,83.39,0.25,2.01,36.21,0.37,3.42,5.56,1.78
8411,5,1687,2026-07-05 06:00:00+00:00,1,125.8,0.01,4.26,18.27,0.41,8.14,8.66,0.39
8412,1,1688,2026-07-05 07:00:00+00:00,1,128.59,0.07,0.27,48.48,0.24,6.03,8.58,0.83
8413,2,1688,2026-07-05 07:00:00+00:00,1,88.95,2.12,7.84,37.65,4.94,2.51,5.25,0.94
8414,3,1688,2026-07-05 07:00:00+00:00,1,78.88,0.42,1.22,27.86,0.35,0.94,1.03,0.18
8415,4,1688,2026-07-05 07:00:00+00:00,1,83.34,0.49,1.66,39.72,0.47,3.22,5.39,1.83
8416,5,1688,2026-07-05 07:00:00+00:00,1,121.31,0.01,3.61,17.19,0.38,8.26,8.79,0.43
8417,1,1689,2026-07-05 08:00:00+00:00,1,119.31,0.04,0.16,50.75,0.26,5.71,8.16,0.89
8418,2,1689,2026-07-05 08:00:00+00:00,1,89.3,3.11,7.61,37.83,5.47,2.7,5.54,0.97
8419,3,1689,2026-07-05 08:00:00+00:00,1,78.99,0.3,1.16,34.27,0.37,1.03,1.12,0.19
8420,4,1689,2026-07-05 08:00:00+00:00,1,82.58,0.57,1.4,41.84,0.46,3.21,5.38,2.02
8421,5,1689,2026-07-05 08:00:00+00:00,1,116.62,0.01,3.12,16.75,0.36,8.34,8.9,0.42
8422,1,1690,2026-07-05 09:00:00+00:00,1,116.42,0.03,0.13,50.65,0.27,5.91,8.29,0.9
8423,2,1690,2026-07-05 09:00:00+00:00,1,89.74,3.79,7.51,38.38,5.91,2.9,5.83,1.02
8424,3,1690,2026-07-05 09:00:00+00:00,1,79.18,0.22,1.05,40.19,0.39,1.09,1.18,0.22
8425,4,1690,2026-07-05 09:00:00+00:00,1,81.64,0.47,1.14,46.19,0.43,3.43,5.6,2.21
8426,5,1690,2026-07-05 09:00:00+00:00,1,113.16,0.02,3.02,15.04,0.35,8.36,8.95,0.4
8427,1,1691,2026-07-05 10:00:00+00:00,1,93.35,0.02,0.09,54.15,0.2,3.99,5.47,0.57
8428,2,1691,2026-07-05 10:00:00+00:00,1,90.09,4.42,7.82,39.32,6.59,3.21,6.43,1.03
8429,3,1691,2026-07-05 10:00:00+00:00,1,80.36,0.08,0.71,58.58,0.28,0.78,0.83,0.24
8430,4,1691,2026-07-05 10:00:00+00:00,1,80.54,0.23,0.62,51.64,0.33,2.56,4.11,1.6
8431,5,1691,2026-07-05 10:00:00+00:00,1,110.86,0.03,3.15,12.65,0.33,8.36,9.04,0.37
8432,1,1692,2026-07-05 11:00:00+00:00,1,83.81,0.02,0.09,54.39,0.16,3.18,4.25,0.44
8433,2,1692,2026-07-05 11:00:00+00:00,1,89.99,5.17,8.46,40.9,7.53,3.83,7.72,0.93
8434,3,1692,2026-07-05 11:00:00+00:00,2,80.33,0.07,0.52,64.74,0.21,0.58,0.61,0.24
8435,4,1692,2026-07-05 11:00:00+00:00,1,78.92,0.15,0.44,53.2,0.26,2.16,3.41,1.38
8436,5,1692,2026-07-05 11:00:00+00:00,1,114.31,0.16,3.96,11.32,0.34,8.43,9.24,0.36
8437,1,1693,2026-07-05 12:00:00+00:00,1,82.98,0.02,0.11,54.21,0.16,3.25,4.25,0.43
8438,2,1693,2026-07-05 12:00:00+00:00,1,89.44,5.36,8.84,43.87,8.08,4.7,9.73,0.8
8439,3,1693,2026-07-05 12:00:00+00:00,2,80.04,0.07,0.43,65.84,0.18,0.5,0.51,0.23
8440,4,1693,2026-07-05 12:00:00+00:00,1,77.93,0.13,0.4,55.26,0.24,2.24,3.46,1.46
8441,5,1693,2026-07-05 12:00:00+00:00,1,124.28,0.79,4.95,14.04,0.45,8.59,9.57,0.42
8442,1,1694,2026-07-05 13:00:00+00:00,1,85.44,0.01,0.19,52.91,0.17,3.54,4.6,0.49
8443,2,1694,2026-07-05 13:00:00+00:00,1,88.85,4.89,8.8,48.96,8.1,5.72,12.21,0.66
8444,3,1694,2026-07-05 13:00:00+00:00,2,81.26,0.08,0.46,65.7,0.19,0.5,0.5,0.21
8445,4,1694,2026-07-05 13:00:00+00:00,1,77.86,0.11,0.35,56.6,0.21,1.99,3.05,1.4
8446,5,1694,2026-07-05 13:00:00+00:00,1,129.88,0.92,4.99,28.47,0.71,8.97,10.13,0.45
8447,1,1695,2026-07-05 14:00:00+00:00,1,90.27,0.01,0.33,50.82,0.19,3.96,5.18,0.56
8448,2,1695,2026-07-05 14:00:00+00:00,1,88.25,3.89,8.45,55.8,7.64,6.57,14.24,0.54
8449,3,1695,2026-07-05 14:00:00+00:00,2,82.33,0.1,0.6,61.83,0.24,0.52,0.53,0.19
8450,4,1695,2026-07-05 14:00:00+00:00,1,76.77,0.1,0.33,56.37,0.18,1.68,2.54,1.32
8451,5,1695,2026-07-05 14:00:00+00:00,1,131.91,1.14,4.48,35.46,0.74,9.15,10.36,0.53
8452,1,1696,2026-07-05 15:00:00+00:00,1,95.86,0.0,0.5,49.17,0.2,4.44,5.83,0.57
8453,2,1696,2026-07-05 15:00:00+00:00,2,87.74,2.96,7.67,63.75,6.98,6.95,15.12,0.48
8454,3,1696,2026-07-05 15:00:00+00:00,1,82.96,0.1,0.76,56.83,0.29,0.59,0.62,0.18
8455,4,1696,2026-07-05 15:00:00+00:00,1,76.21,0.11,0.36,57.86,0.19,1.6,2.41,1.36
8456,5,1696,2026-07-05 15:00:00+00:00,1,132.16,0.89,3.52,51.05,0.78,9.64,10.91,0.62
8457,1,1697,2026-07-05 16:00:00+00:00,1,100.54,0.0,0.63,46.85,0.2,4.77,6.29,0.58
8458,2,1697,2026-07-05 16:00:00+00:00,2,87.31,2.22,6.9,69.86,6.25,6.82,14.72,0.45
8459,3,1697,2026-07-05 16:00:00+00:00,1,83.49,0.08,0.92,51.35,0.33,0.71,0.75,0.16
8460,4,1697,2026-07-05 16:00:00+00:00,2,76.73,0.11,0.42,60.47,0.21,1.58,2.38,1.43
8461,5,1697,2026-07-05 16:00:00+00:00,2,125.56,0.24,2.34,81.68,1.15,10.94,12.65,0.71
8462,1,1698,2026-07-05 17:00:00+00:00,1,105.69,0.0,0.72,45.57,0.21,4.98,6.58,0.57
8463,2,1698,2026-07-05 17:00:00+00:00,2,86.96,1.87,7.73,71.54,6.19,6.88,14.89,0.4
8464,3,1698,2026-07-05 17:00:00+00:00,1,84.53,0.05,1.1,45.61,0.34,0.84,0.88,0.14
8465,4,1698,2026-07-05 17:00:00+00:00,2,76.85,0.1,0.47,62.66,0.25,1.62,2.43,1.53
8466,5,1698,2026-07-05 17:00:00+00:00,2,123.22,0.18,2.19,87.84,1.25,11.47,13.31,0.78
8467,1,1699,2026-07-05 18:00:00+00:00,1,108.51,0.0,0.76,44.89,0.21,5.05,6.65,0.54
8468,2,1699,2026-07-05 18:00:00+00:00,2,87.08,1.35,9.52,70.93,6.29,7.06,15.27,0.38
8469,3,1699,2026-07-05 18:00:00+00:00,1,85.57,0.01,1.23,40.27,0.31,0.9,0.94,0.1
8470,4,1699,2026-07-05 18:00:00+00:00,2,77.14,0.08,0.53,64.63,0.31,1.68,2.52,1.62
8471,5,1699,2026-07-05 18:00:00+00:00,2,122.87,0.17,2.1,93.5,1.37,11.98,13.88,0.82
8472,1,1700,2026-07-05 19:00:00+00:00,1,115.95,0.0,0.85,42.36,0.23,5.09,6.83,0.57
8473,2,1700,2026-07-05 19:00:00+00:00,2,87.03,0.48,11.99,68.45,6.43,7.22,15.37,0.36
8474,3,1700,2026-07-05 19:00:00+00:00,1,84.51,0.0,1.23,35.61,0.27,0.87,0.91,0.09
8475,4,1700,2026-07-05 19:00:00+00:00,2,77.78,0.05,0.79,64.05,0.38,1.78,2.66,1.96
8476,5,1700,2026-07-05 19:00:00+00:00,2,115.41,0.13,1.65,96.43,1.3,10.32,11.99,0.79
8477,1,1701,2026-07-05 20:00:00+00:00,1,127.89,0.0,0.97,38.75,0.22,5.31,7.33,0.53
8478,2,1701,2026-07-05 20:00:00+00:00,2,87.18,0.06,13.54,65.51,6.47,7.22,14.9,0.34
8479,3,1701,2026-07-05 20:00:00+00:00,1,83.63,0.0,1.16,32.83,0.25,0.79,0.84,0.09
8480,4,1701,2026-07-05 20:00:00+00:00,2,78.95,0.01,1.19,61.51,0.45,1.93,2.88,2.51
8481,5,1701,2026-07-05 20:00:00+00:00,2,108.54,0.13,1.46,92.37,1.1,8.15,9.48,0.75
8482,1,1702,2026-07-05 21:00:00+00:00,1,131.99,0.0,1.0,35.66,0.18,5.23,7.34,0.41
8483,2,1702,2026-07-05 21:00:00+00:00,2,87.24,0.0,13.8,63.21,6.42,7.05,13.98,0.34
8484,3,1702,2026-07-05 21:00:00+00:00,1,82.39,0.0,1.07,31.01,0.24,0.71,0.76,0.09
8485,4,1702,2026-07-05 21:00:00+00:00,1,80.13,0.0,1.49,59.31,0.52,2.08,3.11,3.0
8486,5,1702,2026-07-05 21:00:00+00:00,2,106.11,0.15,1.58,90.3,1.03,7.01,8.18,0.74
8487,1,1703,2026-07-05 22:00:00+00:00,1,133.7,0.0,0.99,33.07,0.15,5.16,7.33,0.36
8488,2,1703,2026-07-05 22:00:00+00:00,2,87.58,0.0,14.54,60.35,6.5,6.93,13.23,0.33
8489,3,1703,2026-07-05 22:00:00+00:00,1,80.97,0.0,1.0,29.59,0.24,0.68,0.72,0.09
8490,4,1703,2026-07-05 22:00:00+00:00,1,80.23,0.0,1.67,56.32,0.57,2.19,3.29,3.4
8491,5,1703,2026-07-05 22:00:00+00:00,2,114.73,0.35,3.21,78.74,1.02,6.59,7.7,0.87
8492,1,1704,2026-07-05 23:00:00+00:00,1,134.53,0.0,0.97,31.2,0.13,5.14,7.25,0.32
8493,2,1704,2026-07-05 23:00:00+00:00,1,88.01,0.0,16.27,55.77,6.82,6.99,12.94,0.33
8494,3,1704,2026-07-05 23:00:00+00:00,1,80.52,0.0,0.97,28.44,0.24,0.73,0.77,0.09
8495,4,1704,2026-07-05 23:00:00+00:00,1,81.3,0.0,1.79,54.06,0.6,2.33,3.51,3.83
8496,5,1704,2026-07-05 23:00:00+00:00,2,128.25,0.46,5.37,64.35,1.03,6.71,7.81,1.12
8497,1,1705,2026-07-06 00:00:00+00:00,1,133.17,0.0,0.92,29.93,0.12,5.03,6.95,0.3
8498,2,1705,2026-07-06 00:00:00+00:00,1,88.34,0.0,18.09,50.09,7.15,6.99,12.58,0.36
8499,3,1705,2026-07-06 00:00:00+00:00,1,80.34,0.0,0.97,27.29,0.24,0.81,0.85,0.1
8500,4,1705,2026-07-06 00:00:00+00:00,1,82.64,0.0,1.83,51.73,0.61,2.47,3.73,4.2
8501,5,1705,2026-07-06 00:00:00+00:00,1,137.46,0.22,7.06,54.18,1.06,6.97,8.06,1.33
8502,1,1706,2026-07-06 01:00:00+00:00,1,131.19,0.0,0.88,28.81,0.11,4.88,6.68,0.29
8503,2,1706,2026-07-06 01:00:00+00:00,1,88.98,0.0,19.84,44.03,7.44,6.89,12.12,0.43
8504,3,1706,2026-07-06 01:00:00+00:00,1,79.76,0.0,0.97,25.85,0.24,0.84,0.89,0.1
8505,4,1706,2026-07-06 01:00:00+00:00,1,82.51,0.0,1.86,47.47,0.56,2.55,3.85,4.51
8506,5,1706,2026-07-06 01:00:00+00:00,1,137.75,0.01,7.48,45.81,0.93,7.13,8.17,1.41
8507,1,1707,2026-07-06 02:00:00+00:00,1,130.6,0.0,0.86,27.6,0.11,4.81,6.61,0.31
8508,2,1707,2026-07-06 02:00:00+00:00,1,89.36,0.0,21.53,37.71,7.67,6.79,11.67,0.47
8509,3,1707,2026-07-06 02:00:00+00:00,1,79.41,0.0,0.99,24.47,0.25,0.79,0.84,0.1
8510,4,1707,2026-07-06 02:00:00+00:00,1,83.13,0.0,1.94,42.45,0.47,2.64,4.0,4.84
8511,5,1707,2026-07-06 02:00:00+00:00,1,138.63,0.0,7.25,38.01,0.76,7.33,8.37,1.3
8512,1,1708,2026-07-06 03:00:00+00:00,1,130.47,0.0,0.85,27.13,0.13,4.78,6.76,0.36
8513,2,1708,2026-07-06 03:00:00+00:00,1,90.02,0.0,23.2,31.74,7.91,6.7,11.24,0.49
8514,3,1708,2026-07-06 03:00:00+00:00,1,79.59,0.09,1.01,23.88,0.28,0.7,0.75,0.11
8515,4,1708,2026-07-06 03:00:00+00:00,1,83.48,0.0,2.06,37.83,0.39,2.75,4.16,4.7
8516,5,1708,2026-07-06 03:00:00+00:00,1,138.63,0.0,7.09,30.49,0.63,7.43,8.45,1.03
8517,1,1709,2026-07-06 04:00:00+00:00,1,126.47,0.0,0.83,29.16,0.19,4.56,6.95,0.52
8518,2,1709,2026-07-06 04:00:00+00:00,1,90.48,0.01,24.65,26.41,8.19,6.59,10.78,0.5
8519,3,1709,2026-07-06 04:00:00+00:00,1,80.89,0.25,1.02,26.04,0.35,0.64,0.7,0.14
8520,4,1709,2026-07-06 04:00:00+00:00,1,83.14,0.0,2.26,33.5,0.34,2.83,4.29,4.15
8521,5,1709,2026-07-06 04:00:00+00:00,1,136.06,0.0,6.68,25.56,0.52,7.44,8.45,0.8
8522,1,1710,2026-07-06 05:00:00+00:00,1,133.75,0.08,0.85,30.44,0.25,4.87,7.71,0.69
8523,2,1710,2026-07-06 05:00:00+00:00,1,90.94,0.2,25.82,22.28,8.44,6.49,10.39,0.51
8524,3,1710,2026-07-06 05:00:00+00:00,1,82.25,0.38,0.96,29.77,0.45,0.71,0.78,0.19
8525,4,1710,2026-07-06 05:00:00+00:00,1,83.92,0.03,2.88,30.0,0.34,2.96,4.51,3.95
8526,5,1710,2026-07-06 05:00:00+00:00,1,131.94,0.0,5.76,26.2,0.48,7.46,8.46,0.63
8527,1,1711,2026-07-06 06:00:00+00:00,1,137.36,0.15,0.64,34.11,0.29,5.17,8.2,0.95
8528,2,1711,2026-07-06 06:00:00+00:00,1,91.39,2.86,23.05,23.01,8.63,6.42,10.09,0.52
8529,3,1711,2026-07-06 06:00:00+00:00,1,82.97,0.39,0.86,35.44,0.54,0.9,0.98,0.26
8530,4,1711,2026-07-06 06:00:00+00:00,1,85.42,0.56,3.38,27.82,0.39,3.13,4.8,3.91
8531,5,1711,2026-07-06 06:00:00+00:00,1,126.74,0.0,4.67,30.77,0.53,7.48,8.46,0.52
8532,1,1712,2026-07-06 07:00:00+00:00,1,100.36,0.06,0.25,46.62,0.2,3.2,4.96,0.62
8533,2,1712,2026-07-06 07:00:00+00:00,1,91.87,6.59,18.66,26.3,8.78,6.48,10.04,0.52
8534,3,1712,2026-07-06 07:00:00+00:00,1,85.17,0.19,0.57,51.59,0.39,0.77,0.83,0.25
8535,4,1712,2026-07-06 07:00:00+00:00,1,86.85,1.38,3.23,28.36,0.47,3.32,5.14,4.01
8536,5,1712,2026-07-06 07:00:00+00:00,1,121.75,0.0,3.94,29.42,0.47,7.42,8.36,0.43
8537,1,1713,2026-07-06 08:00:00+00:00,1,94.77,0.04,0.17,48.45,0.2,2.87,4.41,0.6
8538,2,1713,2026-07-06 08:00:00+00:00,1,92.56,9.15,16.39,28.45,8.98,6.76,10.39,0.5
8539,3,1713,2026-07-06 08:00:00+00:00,1,86.01,0.12,0.42,58.64,0.32,0.68,0.73,0.23
8540,4,1713,2026-07-06 08:00:00+00:00,1,87.38,1.64,2.97,32.37,0.57,3.57,5.51,4.09
8541,5,1713,2026-07-06 08:00:00+00:00,1,117.61,0.0,3.6,20.72,0.32,7.41,8.37,0.4
8542,1,1714,2026-07-06 09:00:00+00:00,1,91.85,0.03,0.14,47.99,0.19,2.62,3.98,0.57
8543,2,1714,2026-07-06 09:00:00+00:00,1,93.42,10.62,15.26,30.26,9.11,7.25,11.15,0.47
8544,3,1714,2026-07-06 09:00:00+00:00,2,86.75,0.1,0.39,61.52,0.33,0.72,0.77,0.25
8545,4,1714,2026-07-06 09:00:00+00:00,1,87.54,1.23,2.59,42.97,0.68,4.19,6.22,4.03
8546,5,1714,2026-07-06 09:00:00+00:00,1,114.17,0.02,3.5,14.42,0.26,7.36,8.38,0.43
8547,1,1715,2026-07-06 10:00:00+00:00,1,84.21,0.02,0.11,48.31,0.13,1.99,2.88,0.4
8548,2,1715,2026-07-06 10:00:00+00:00,1,93.88,10.81,14.46,32.63,9.0,7.91,12.18,0.41
8549,3,1715,2026-07-06 10:00:00+00:00,2,88.62,0.11,0.46,63.79,0.4,0.86,0.92,0.27
8550,4,1715,2026-07-06 10:00:00+00:00,2,83.94,0.3,1.02,65.25,0.58,3.24,4.53,2.04
8551,5,1715,2026-07-06 10:00:00+00:00,1,112.63,0.06,3.78,9.94,0.23,7.28,8.37,0.47
8552,1,1716,2026-07-06 11:00:00+00:00,1,80.07,0.02,0.1,47.11,0.11,1.7,2.37,0.33
8553,2,1716,2026-07-06 11:00:00+00:00,1,93.73,10.11,13.68,35.8,8.76,8.55,13.0,0.34
8554,3,1716,2026-07-06 11:00:00+00:00,2,90.21,0.11,0.57,64.8,0.5,1.01,1.07,0.26
8555,4,1716,2026-07-06 11:00:00+00:00,2,80.77,0.16,0.6,68.93,0.41,2.79,3.71,1.58
8556,5,1716,2026-07-06 11:00:00+00:00,1,120.84,0.58,4.84,6.74,0.24,7.26,8.43,0.51
8557,1,1717,2026-07-06 12:00:00+00:00,1,77.7,0.02,0.1,45.67,0.1,1.48,2.06,0.3
8558,2,1717,2026-07-06 12:00:00+00:00,1,93.4,8.85,12.79,39.87,8.46,9.02,13.62,0.26
8559,3,1717,2026-07-06 12:00:00+00:00,2,91.73,0.11,0.67,65.37,0.52,0.99,1.04,0.19
8560,4,1717,2026-07-06 12:00:00+00:00,2,79.37,0.14,0.53,71.3,0.33,2.78,3.55,1.53
8561,5,1717,2026-07-06 12:00:00+00:00,1,137.32,2.94,4.6,8.07,0.3,7.29,8.52,0.59
8562,1,1718,2026-07-06 13:00:00+00:00,1,77.45,0.02,0.14,43.97,0.11,1.31,1.85,0.31
8563,2,1718,2026-07-06 13:00:00+00:00,1,93.04,7.45,12.11,44.82,8.19,9.47,14.26,0.2
8564,3,1718,2026-07-06 13:00:00+00:00,2,91.71,0.1,0.79,63.98,0.48,0.8,0.84,0.14
8565,4,1718,2026-07-06 13:00:00+00:00,2,76.34,0.1,0.37,73.59,0.18,1.85,2.31,1.03
8566,5,1718,2026-07-06 13:00:00+00:00,1,140.13,2.62,4.57,22.82,0.61,7.33,8.58,0.62
8567,1,1719,2026-07-06 14:00:00+00:00,1,79.34,0.02,0.23,42.16,0.12,1.16,1.71,0.35
8568,2,1719,2026-07-06 14:00:00+00:00,2,93.37,6.57,12.09,49.0,8.2,10.06,15.09,0.16
8569,3,1719,2026-07-06 14:00:00+00:00,2,92.28,0.08,1.0,62.01,0.51,0.66,0.69,0.13
8570,4,1719,2026-07-06 14:00:00+00:00,2,73.6,0.08,0.31,76.61,0.1,1.26,1.52,0.76
8571,5,1719,2026-07-06 14:00:00+00:00,1,141.63,1.86,4.31,38.33,0.67,7.72,8.94,0.67
8572,1,1720,2026-07-06 15:00:00+00:00,1,81.05,0.0,0.34,40.96,0.13,1.05,1.64,0.35
8573,2,1720,2026-07-06 15:00:00+00:00,2,93.34,5.77,12.49,52.93,8.27,10.39,15.5,0.14
8574,3,1720,2026-07-06 15:00:00+00:00,1,93.19,0.06,1.23,59.59,0.56,0.58,0.61,0.14
8575,4,1720,2026-07-06 15:00:00+00:00,2,72.51,0.08,0.35,78.28,0.07,1.1,1.3,0.73
8576,5,1720,2026-07-06 15:00:00+00:00,2,143.71,0.91,3.31,60.96,0.66,9.1,10.25,0.71
8577,1,1721,2026-07-06 16:00:00+00:00,1,81.02,0.0,0.39,40.49,0.14,1.01,1.63,0.34
8578,2,1721,2026-07-06 16:00:00+00:00,2,93.31,5.01,13.27,56.5,8.28,10.36,15.42,0.13
8579,3,1721,2026-07-06 16:00:00+00:00,1,95.22,0.03,1.46,57.18,0.59,0.57,0.61,0.15
8580,4,1721,2026-07-06 16:00:00+00:00,2,72.65,0.09,0.42,79.77,0.06,1.02,1.19,0.8
8581,5,1721,2026-07-06 16:00:00+00:00,2,120.89,0.2,1.23,97.02,0.97,7.44,8.04,0.35
8582,1,1722,2026-07-06 17:00:00+00:00,1,80.88,0.0,0.4,42.44,0.14,1.04,1.7,0.32
8583,2,1722,2026-07-06 17:00:00+00:00,2,92.93,4.22,14.19,58.78,8.1,10.04,14.89,0.13
8584,3,1722,2026-07-06 17:00:00+00:00,1,96.9,0.01,1.58,54.23,0.58,0.58,0.63,0.16
8585,4,1722,2026-07-06 17:00:00+00:00,2,72.55,0.09,0.51,79.9,0.06,0.97,1.13,0.96
8586,5,1722,2026-07-06 17:00:00+00:00,2,114.02,0.13,0.87,99.58,0.68,5.51,5.85,0.29
8587,1,1723,2026-07-06 18:00:00+00:00,1,80.01,0.0,0.39,45.35,0.15,1.08,1.77,0.29
8588,2,1723,2026-07-06 18:00:00+00:00,1,92.37,3.26,15.47,59.96,7.88,9.58,14.11,0.13
8589,3,1723,2026-07-06 18:00:00+00:00,1,98.31,0.0,1.58,52.22,0.56,0.59,0.66,0.14
8590,4,1723,2026-07-06 18:00:00+00:00,2,72.54,0.07,0.59,79.6,0.06,0.94,1.1,1.14
8591,5,1723,2026-07-06 18:00:00+00:00,2,112.52,0.13,0.85,99.39,0.56,5.01,5.29,0.28
8592,1,1724,2026-07-06 19:00:00+00:00,1,78.51,0.0,0.37,47.74,0.14,1.08,1.75,0.27
8593,2,1724,2026-07-06 19:00:00+00:00,1,91.75,1.74,17.68,59.53,7.72,8.84,13.0,0.15
8594,3,1724,2026-07-06 19:00:00+00:00,1,98.82,0.0,1.54,50.14,0.53,0.6,0.67,0.12
8595,4,1724,2026-07-06 19:00:00+00:00,2,73.75,0.08,1.52,69.11,0.1,1.0,1.2,2.59
8596,5,1724,2026-07-06 19:00:00+00:00,2,120.22,0.27,1.93,91.59,0.51,5.25,5.53,0.39
8597,1,1725,2026-07-06 20:00:00+00:00,1,76.59,0.0,0.34,49.7,0.14,1.09,1.76,0.23
8598,2,1725,2026-07-06 20:00:00+00:00,1,90.8,0.28,19.82,57.32,7.67,8.13,11.83,0.16
8599,3,1725,2026-07-06 20:00:00+00:00,1,99.56,0.0,1.49,47.7,0.54,0.64,0.72,0.1
8600,4,1725,2026-07-06 20:00:00+00:00,1,75.75,0.02,2.92,54.82,0.16,1.11,1.41,4.5
8601,5,1725,2026-07-06 20:00:00+00:00,2,134.95,0.43,4.17,81.54,0.49,5.68,5.99,0.6
8602,1,1726,2026-07-06 21:00:00+00:00,1,72.98,0.0,0.29,50.93,0.11,1.07,1.71,0.17
8603,2,1726,2026-07-06 21:00:00+00:00,1,90.22,0.0,19.72,55.9,7.69,7.68,10.99,0.19
8604,3,1726,2026-07-06 21:00:00+00:00,1,99.6,0.0,1.43,43.75,0.55,0.71,0.79,0.09
8605,4,1726,2026-07-06 21:00:00+00:00,1,77.07,0.0,3.87,44.97,0.19,1.2,1.58,5.92
8606,5,1726,2026-07-06 21:00:00+00:00,2,152.92,0.33,7.78,72.17,0.51,5.93,6.24,0.84
8607,1,1727,2026-07-06 22:00:00+00:00,1,69.89,0.0,0.25,51.5,0.1,1.04,1.67,0.14
8608,2,1727,2026-07-06 22:00:00+00:00,1,89.76,0.0,19.82,54.25,7.74,7.59,10.67,0.22
8609,3,1727,2026-07-06 22:00:00+00:00,1,99.04,0.0,1.31,38.47,0.51,0.78,0.86,0.08
8610,4,1727,2026-07-06 22:00:00+00:00,1,75.83,0.0,4.26,37.62,0.18,1.25,1.68,6.85
8611,5,1727,2026-07-06 22:00:00+00:00,2,170.94,0.3,10.71,64.06,0.58,6.15,6.47,1.0
8612,1,1728,2026-07-06 23:00:00+00:00,1,67.99,0.0,0.22,51.6,0.09,1.0,1.64,0.12
8613,2,1728,2026-07-06 23:00:00+00:00,1,89.6,0.0,20.4,51.73,7.82,7.76,10.77,0.25
8614,3,1728,2026-07-06 23:00:00+00:00,1,98.7,0.0,1.25,32.65,0.43,0.85,0.93,0.09
8615,4,1728,2026-07-06 23:00:00+00:00,1,75.06,0.0,4.1,32.92,0.16,1.31,1.78,7.46
8616,5,1728,2026-07-06 23:00:00+00:00,2,174.87,0.45,9.81,62.07,0.64,6.49,6.79,0.8
8617,1,1729,2026-07-07 00:00:00+00:00,1,66.72,0.0,0.2,51.4,0.08,0.95,1.58,0.12
8618,2,1729,2026-07-07 00:00:00+00:00,1,89.71,0.0,21.17,48.55,7.87,8.11,11.15,0.31
8619,3,1729,2026-07-07 00:00:00+00:00,1,98.0,0.0,1.23,27.88,0.39,0.93,1.02,0.09
8620,4,1729,2026-07-07 00:00:00+00:00,1,74.56,0.0,3.72,29.62,0.14,1.38,1.88,7.97
8621,5,1729,2026-07-07 00:00:00+00:00,2,163.74,0.16,7.74,70.81,0.83,6.77,7.06,0.46
8622,1,1730,2026-07-07 01:00:00+00:00,1,65.59,0.0,0.18,50.87,0.08,0.92,1.56,0.12
8623,2,1730,2026-07-07 01:00:00+00:00,1,89.47,0.0,22.02,44.54,7.79,8.4,11.49,0.42
8624,3,1730,2026-07-07 01:00:00+00:00,1,96.6,0.0,1.23,24.29,0.35,0.99,1.07,0.09
8625,4,1730,2026-07-07 01:00:00+00:00,1,73.76,0.0,3.38,27.68,0.13,1.45,1.96,8.44
8626,5,1730,2026-07-07 01:00:00+00:00,2,150.27,0.0,6.53,66.02,0.83,6.74,7.04,0.49
8627,1,1731,2026-07-07 02:00:00+00:00,1,65.19,0.0,0.17,50.3,0.08,0.89,1.57,0.12
8628,2,1731,2026-07-07 02:00:00+00:00,1,89.77,0.0,23.52,39.33,7.85,8.62,11.79,0.51
8629,3,1731,2026-07-07 02:00:00+00:00,1,95.48,0.0,1.25,21.67,0.32,0.98,1.05,0.08
8630,4,1731,2026-07-07 02:00:00+00:00,1,74.44,0.0,3.16,27.89,0.13,1.55,2.06,9.18
8631,5,1731,2026-07-07 02:00:00+00:00,1,154.19,0.0,7.4,48.26,0.75,6.96,7.32,0.73
8632,1,1732,2026-07-07 03:00:00+00:00,1,65.64,0.0,0.18,50.05,0.09,0.85,1.6,0.14
8633,2,1732,2026-07-07 03:00:00+00:00,1,90.07,0.0,25.02,33.88,7.95,8.7,11.87,0.57
8634,3,1732,2026-07-07 03:00:00+00:00,1,94.89,0.04,1.3,19.93,0.31,0.93,0.99,0.08
8635,4,1732,2026-07-07 03:00:00+00:00,1,75.82,0.0,3.08,30.18,0.12,1.63,2.14,9.92
8636,5,1732,2026-07-07 03:00:00+00:00,1,158.04,0.0,8.69,41.1,0.83,7.16,7.57,1.08
8637,1,1733,2026-07-07 04:00:00+00:00,1,68.6,0.0,0.22,49.9,0.11,0.87,1.77,0.2
8638,2,1733,2026-07-07 04:00:00+00:00,1,90.28,0.01,26.06,28.87,8.06,8.57,11.65,0.65
8639,3,1733,2026-07-07 04:00:00+00:00,1,95.0,0.13,1.43,19.36,0.34,0.88,0.94,0.08
8640,4,1733,2026-07-07 04:00:00+00:00,1,76.4,0.0,2.97,34.36,0.12,1.66,2.15,9.56
8641,5,1733,2026-07-07 04:00:00+00:00,1,158.46,0.0,9.46,39.2,0.94,7.18,7.6,1.49
8642,1,1734,2026-07-07 05:00:00+00:00,1,71.64,0.02,0.26,50.25,0.13,0.9,1.93,0.29
8643,2,1734,2026-07-07 05:00:00+00:00,1,90.22,0.13,26.31,25.11,8.11,8.21,11.09,0.76
8644,3,1734,2026-07-07 05:00:00+00:00,1,95.45,0.19,1.57,20.97,0.4,0.89,0.95,0.09
8645,4,1734,2026-07-07 05:00:00+00:00,1,77.56,0.04,3.69,32.14,0.13,1.72,2.21,8.71
8646,5,1734,2026-07-07 05:00:00+00:00,1,153.04,0.0,8.51,35.11,0.91,7.23,7.66,1.53
8647,1,1735,2026-07-07 06:00:00+00:00,1,73.01,0.04,0.22,51.35,0.15,0.92,1.99,0.35
8648,2,1735,2026-07-07 06:00:00+00:00,1,90.06,2.09,23.23,25.43,8.09,7.63,10.26,0.86
8649,3,1735,2026-07-07 06:00:00+00:00,1,95.36,0.2,1.68,24.62,0.47,0.94,1.0,0.11
8650,4,1735,2026-07-07 06:00:00+00:00,1,79.26,0.63,4.55,29.11,0.15,1.81,2.3,8.05
8651,5,1735,2026-07-07 06:00:00+00:00,1,145.39,0.0,6.62,28.51,0.74,7.34,7.75,1.23
8652,1,1736,2026-07-07 07:00:00+00:00,1,73.25,0.04,0.17,52.98,0.15,0.97,2.0,0.39
8653,2,1736,2026-07-07 07:00:00+00:00,1,89.91,4.95,18.13,28.45,8.01,6.97,9.35,0.93
8654,3,1736,2026-07-07 07:00:00+00:00,1,95.36,0.23,1.51,34.58,0.47,0.8,0.84,0.1
8655,4,1736,2026-07-07 07:00:00+00:00,1,78.91,1.47,4.24,29.99,0.16,1.82,2.29,7.24
8656,5,1736,2026-07-07 07:00:00+00:00,1,137.21,0.0,4.45,21.42,0.46,7.38,7.73,0.62
8657,1,1737,2026-07-07 08:00:00+00:00,1,72.8,0.03,0.14,52.27,0.15,1.03,1.92,0.36
8658,2,1737,2026-07-07 08:00:00+00:00,1,89.66,7.04,14.89,30.61,8.22,6.57,8.86,0.93
8659,3,1737,2026-07-07 08:00:00+00:00,1,94.12,0.29,1.16,42.12,0.43,0.68,0.72,0.1
8660,4,1737,2026-07-07 08:00:00+00:00,1,78.29,1.98,3.74,30.81,0.17,1.84,2.31,6.97
8661,5,1737,2026-07-07 08:00:00+00:00,1,130.47,0.01,3.29,17.79,0.32,7.24,7.53,0.47
8662,1,1738,2026-07-07 09:00:00+00:00,1,71.18,0.03,0.12,50.52,0.13,1.0,1.7,0.31
8663,2,1738,2026-07-07 09:00:00+00:00,1,89.59,8.3,13.1,32.34,8.52,6.46,8.78,0.9
8664,3,1738,2026-07-07 09:00:00+00:00,1,92.7,0.28,0.89,45.79,0.41,0.77,0.8,0.09
8665,4,1738,2026-07-07 09:00:00+00:00,1,77.14,1.7,3.18,37.94,0.18,1.98,2.44,6.63
8666,5,1738,2026-07-07 09:00:00+00:00,1,126.31,0.01,2.84,16.28,0.28,7.09,7.36,0.44
8667,1,1739,2026-07-07 10:00:00+00:00,1,66.68,0.02,0.09,51.37,0.1,0.78,1.26,0.24
8668,2,1739,2026-07-07 10:00:00+00:00,1,89.6,8.57,12.35,34.68,8.72,6.69,9.15,0.84
8669,3,1739,2026-07-07 10:00:00+00:00,1,92.64,0.17,0.58,52.71,0.29,0.72,0.75,0.08
8670,4,1739,2026-07-07 10:00:00+00:00,2,74.28,0.16,0.72,84.45,0.12,1.64,1.92,2.26
8671,5,1739,2026-07-07 10:00:00+00:00,1,126.63,0.03,2.89,15.1,0.29,7.13,7.41,0.44
8672,1,1740,2026-07-07 11:00:00+00:00,1,64.81,0.02,0.09,50.86,0.09,0.7,1.1,0.21
8673,2,1740,2026-07-07 11:00:00+00:00,1,89.5,8.05,11.79,38.32,8.66,7.14,9.86,0.75
8674,3,1740,2026-07-07 11:00:00+00:00,1,90.66,0.1,0.48,56.92,0.24,0.59,0.61,0.09
8675,4,1740,2026-07-07 11:00:00+00:00,2,72.83,0.08,0.4,91.28,0.1,1.52,1.76,1.67
8676,5,1740,2026-07-07 11:00:00+00:00,1,134.55,0.16,4.04,13.17,0.33,7.59,7.92,0.49
8677,1,1741,2026-07-07 12:00:00+00:00,1,64.22,0.02,0.09,49.98,0.09,0.68,1.05,0.2
8678,2,1741,2026-07-07 12:00:00+00:00,1,89.13,6.9,11.0,43.59,8.26,7.77,10.91,0.66
8679,3,1741,2026-07-07 12:00:00+00:00,1,88.69,0.07,0.52,59.24,0.26,0.5,0.51,0.15
8680,4,1741,2026-07-07 12:00:00+00:00,2,72.5,0.07,0.36,93.5,0.09,1.56,1.79,1.61
8681,5,1741,2026-07-07 12:00:00+00:00,1,150.01,0.81,5.6,14.14,0.44,8.14,8.56,0.58
8682,1,1742,2026-07-07 13:00:00+00:00,1,65.17,0.02,0.12,49.21,0.1,0.7,1.12,0.22
8683,2,1742,2026-07-07 13:00:00+00:00,1,88.29,5.44,10.18,50.7,7.67,8.67,12.36,0.55
8684,3,1742,2026-07-07 13:00:00+00:00,2,88.44,0.06,0.61,61.67,0.3,0.5,0.5,0.29
8685,4,1742,2026-07-07 13:00:00+00:00,2,73.3,0.07,0.36,96.59,0.09,1.66,1.9,1.61
8686,5,1742,2026-07-07 13:00:00+00:00,1,153.71,0.61,5.72,34.19,0.77,9.0,9.41,0.4
8687,1,1743,2026-07-07 14:00:00+00:00,1,67.76,0.01,0.19,48.08,0.11,0.78,1.29,0.26
8688,2,1743,2026-07-07 14:00:00+00:00,1,87.99,4.2,9.65,59.01,7.25,9.6,13.77,0.44
8689,3,1743,2026-07-07 14:00:00+00:00,2,88.05,0.05,0.75,63.43,0.36,0.5,0.5,0.5
8690,4,1743,2026-07-07 14:00:00+00:00,2,73.21,0.07,0.38,98.5,0.09,1.76,2.01,1.64
8691,5,1743,2026-07-07 14:00:00+00:00,1,153.03,0.4,5.38,46.84,0.79,9.5,9.84,0.26
8692,1,1744,2026-07-07 15:00:00+00:00,1,70.45,0.0,0.27,47.58,0.12,0.88,1.49,0.27
8693,2,1744,2026-07-07 15:00:00+00:00,2,87.88,3.33,9.62,66.73,7.08,10.12,14.55,0.36
8694,3,1744,2026-07-07 15:00:00+00:00,2,87.48,0.04,0.87,65.8,0.42,0.5,0.5,0.72
8695,4,1744,2026-07-07 15:00:00+00:00,2,73.53,0.07,0.44,99.68,0.09,1.9,2.19,1.79
8696,5,1744,2026-07-07 15:00:00+00:00,1,151.83,0.3,4.83,57.3,0.76,9.73,10.02,0.21
8697,1,1745,2026-07-07 16:00:00+00:00,1,73.14,0.0,0.32,46.68,0.13,1.05,1.78,0.3
8698,2,1745,2026-07-07 16:00:00+00:00,2,87.71,2.65,10.33,71.67,7.03,10.09,14.59,0.33
8699,3,1745,2026-07-07 16:00:00+00:00,2,87.06,0.02,1.02,67.24,0.51,0.5,0.55,0.87
8700,4,1745,2026-07-07 16:00:00+00:00,3,74.28,0.08,0.54,100.46,0.1,2.08,2.4,2.06
8701,5,1745,2026-07-07 16:00:00+00:00,2,146.46,0.21,3.7,76.3,0.69,8.88,9.08,0.14
8702,1,1746,2026-07-07 17:00:00+00:00,1,77.52,0.0,0.37,46.49,0.15,1.29,2.23,0.33
8703,2,1746,2026-07-07 17:00:00+00:00,2,87.68,2.01,11.66,73.44,6.98,9.68,14.13,0.33
8704,3,1746,2026-07-07 17:00:00+00:00,2,87.23,0.01,1.28,67.36,0.64,0.58,0.78,0.9
8705,4,1746,2026-07-07 17:00:00+00:00,2,74.86,0.08,0.64,99.89,0.12,2.22,2.58,2.37
8706,5,1746,2026-07-07 17:00:00+00:00,2,142.56,0.2,2.91,84.71,0.59,7.83,7.99,0.15
8707,1,1747,2026-07-07 18:00:00+00:00,1,80.09,0.0,0.38,47.32,0.16,1.46,2.63,0.33
8708,2,1747,2026-07-07 18:00:00+00:00,2,87.55,1.38,13.4,73.09,6.95,9.25,13.66,0.36
8709,3,1747,2026-07-07 18:00:00+00:00,2,87.39,0.0,1.47,67.42,0.76,0.91,1.17,0.86
8710,4,1747,2026-07-07 18:00:00+00:00,2,75.44,0.06,0.74,98.23,0.14,2.32,2.72,2.64
8711,5,1747,2026-07-07 18:00:00+00:00,2,142.86,0.19,2.5,89.26,0.55,7.69,7.83,0.18
8712,1,1748,2026-07-07 19:00:00+00:00,1,85.07,0.0,0.42,47.35,0.17,1.68,3.2,0.35
8713,2,1748,2026-07-07 19:00:00+00:00,2,87.64,0.71,15.27,72.01,6.97,9.04,13.48,0.45
8714,3,1748,2026-07-07 19:00:00+00:00,2,87.69,0.0,1.53,66.97,0.9,1.34,1.63,0.74
8715,4,1748,2026-07-07 19:00:00+00:00,2,75.81,0.03,1.01,93.11,0.19,2.39,2.82,3.02
8716,5,1748,2026-07-07 19:00:00+00:00,2,144.77,0.15,2.57,88.74,0.51,7.75,7.9,0.27
8717,1,1749,2026-07-07 20:00:00+00:00,1,90.21,0.0,0.47,47.23,0.18,1.92,3.79,0.37
8718,2,1749,2026-07-07 20:00:00+00:00,2,87.61,0.11,16.85,69.42,6.98,9.06,13.49,0.6
8719,3,1749,2026-07-07 20:00:00+00:00,2,88.39,0.0,1.48,66.02,0.87,1.77,2.02,0.52
8720,4,1749,2026-07-07 20:00:00+00:00,2,77.19,0.0,1.41,86.22,0.26,2.5,2.98,3.55
8721,5,1749,2026-07-07 20:00:00+00:00,2,146.69,0.11,3.3,82.62,0.46,7.48,7.65,0.42
8722,1,1750,2026-07-07 21:00:00+00:00,1,88.91,0.0,0.45,47.5,0.15,1.89,3.9,0.32
8723,2,1750,2026-07-07 21:00:00+00:00,2,87.84,0.0,17.18,66.05,6.99,8.99,13.25,0.82
8724,3,1750,2026-07-07 21:00:00+00:00,2,88.82,0.0,1.37,64.16,0.75,2.09,2.29,0.33
8725,4,1750,2026-07-07 21:00:00+00:00,2,79.18,0.0,1.75,80.12,0.38,2.7,3.24,4.0
8726,5,1750,2026-07-07 21:00:00+00:00,2,150.52,0.06,4.54,77.01,0.46,7.09,7.27,0.58
8727,1,1751,2026-07-07 22:00:00+00:00,1,86.15,0.0,0.42,47.18,0.13,1.82,3.81,0.29
8728,2,1751,2026-07-07 22:00:00+00:00,2,88.65,0.0,17.78,62.7,7.11,8.58,12.5,1.1
8729,3,1751,2026-07-07 22:00:00+00:00,2,88.58,0.0,1.28,61.72,0.6,2.26,2.43,0.24
8730,4,1751,2026-07-07 22:00:00+00:00,2,80.0,0.0,2.03,73.58,0.53,2.91,3.51,4.27
8731,5,1751,2026-07-07 22:00:00+00:00,2,164.5,0.03,7.26,65.59,0.49,6.99,7.21,0.83
8732,1,1752,2026-07-07 23:00:00+00:00,1,83.81,0.0,0.39,46.38,0.12,1.74,3.59,0.27
8733,2,1752,2026-07-07 23:00:00+00:00,1,89.76,0.0,18.47,59.14,7.4,7.77,11.22,1.53
8734,3,1752,2026-07-07 23:00:00+00:00,1,88.92,0.0,1.25,59.19,0.55,2.33,2.49,0.19
8735,4,1752,2026-07-07 23:00:00+00:00,2,81.9,0.0,2.2,68.85,0.72,3.11,3.81,4.55
8736,5,1752,2026-07-07 23:00:00+00:00,1,180.66,0.03,9.54,49.41,0.49,7.19,7.44,0.96
8737,1,1753,2026-07-08 00:00:00+00:00,1,80.85,0.0,0.35,45.6,0.11,1.61,3.21,0.26
8738,2,1753,2026-07-08 00:00:00+00:00,1,91.31,0.0,19.09,55.42,7.68,6.84,9.77,2.1
8739,3,1753,2026-07-08 00:00:00+00:00,1,89.43,0.0,1.24,56.35,0.53,2.27,2.41,0.17
8740,4,1753,2026-07-08 00:00:00+00:00,2,83.56,0.0,2.29,64.53,0.92,3.24,4.04,4.76
8741,5,1753,2026-07-08 00:00:00+00:00,1,188.92,0.01,9.96,37.44,0.47,7.41,7.71,0.92
8742,1,1754,2026-07-08 01:00:00+00:00,1,77.17,0.0,0.32,45.37,0.1,1.44,2.79,0.27
8743,2,1754,2026-07-08 01:00:00+00:00,1,93.31,0.0,20.04,50.83,7.8,6.18,8.68,2.53
8744,3,1754,2026-07-08 01:00:00+00:00,1,89.84,0.0,1.23,53.54,0.53,2.17,2.29,0.17
8745,4,1754,2026-07-08 01:00:00+00:00,1,83.6,0.0,2.38,57.93,1.02,3.25,4.11,5.0
8746,5,1754,2026-07-08 01:00:00+00:00,1,186.74,0.0,9.03,29.32,0.47,7.46,7.76,0.8
8747,1,1755,2026-07-08 02:00:00+00:00,1,76.71,0.0,0.32,44.23,0.1,1.4,2.63,0.31
8748,2,1755,2026-07-08 02:00:00+00:00,1,95.93,0.0,21.38,45.51,7.69,5.89,8.05,2.5
8749,3,1755,2026-07-08 02:00:00+00:00,1,90.14,0.0,1.26,50.72,0.55,2.1,2.24,0.18
8750,4,1755,2026-07-08 02:00:00+00:00,1,84.39,0.0,2.52,51.06,1.0,3.26,4.18,5.45
8751,5,1755,2026-07-08 02:00:00+00:00,1,185.47,0.0,7.95,24.82,0.47,7.54,7.81,0.63
8752,1,1756,2026-07-08 03:00:00+00:00,1,77.38,0.0,0.35,43.23,0.11,1.41,2.57,0.37
8753,2,1756,2026-07-08 03:00:00+00:00,1,99.0,0.0,22.51,40.45,7.52,5.67,7.53,2.32
8754,3,1756,2026-07-08 03:00:00+00:00,1,90.79,0.01,1.42,48.48,0.59,2.09,2.24,0.2
8755,4,1756,2026-07-08 03:00:00+00:00,1,85.2,0.0,2.73,45.0,0.92,3.27,4.22,5.86
8756,5,1756,2026-07-08 03:00:00+00:00,1,185.26,0.01,7.22,22.62,0.47,7.6,7.82,0.49
8757,1,1757,2026-07-08 04:00:00+00:00,1,82.3,0.0,0.44,42.31,0.15,1.56,2.71,0.46
8758,2,1757,2026-07-08 04:00:00+00:00,1,102.29,0.0,22.68,36.77,7.24,5.37,6.99,2.16
8759,3,1757,2026-07-08 04:00:00+00:00,1,92.14,0.03,1.73,46.95,0.65,2.08,2.22,0.21
8760,4,1757,2026-07-08 04:00:00+00:00,1,84.69,0.0,3.05,39.48,0.84,3.21,4.2,6.03
8761,5,1757,2026-07-08 04:00:00+00:00,1,181.12,0.01,6.18,21.25,0.44,7.56,7.73,0.38
8762,1,1758,2026-07-08 05:00:00+00:00,1,86.84,0.01,0.52,41.36,0.17,1.65,2.74,0.49
8763,2,1758,2026-07-08 05:00:00+00:00,1,105.25,0.11,22.38,34.41,7.05,5.09,6.63,1.95
8764,3,1758,2026-07-08 05:00:00+00:00,1,92.67,0.07,1.93,45.75,0.67,2.0,2.1,0.18
8765,4,1758,2026-07-08 05:00:00+00:00,1,85.82,0.02,3.92,35.55,0.83,3.22,4.27,6.01
8766,5,1758,2026-07-08 05:00:00+00:00,1,174.47,0.0,4.79,20.26,0.41,7.55,7.71,0.35
8767,1,1759,2026-07-08 06:00:00+00:00,1,87.44,0.04,0.47,41.23,0.17,1.57,2.52,0.42
8768,2,1759,2026-07-08 06:00:00+00:00,1,107.57,1.78,19.59,35.48,6.86,4.88,6.5,1.71
8769,3,1759,2026-07-08 06:00:00+00:00,1,92.23,0.12,1.92,44.56,0.69,1.83,1.91,0.15
8770,4,1759,2026-07-08 06:00:00+00:00,1,88.03,0.47,4.76,33.32,0.9,3.28,4.43,5.84
8771,5,1759,2026-07-08 06:00:00+00:00,1,166.74,0.0,3.61,21.59,0.42,7.5,7.65,0.35
8772,1,1760,2026-07-08 07:00:00+00:00,1,80.59,0.05,0.31,43.98,0.14,1.2,1.91,0.31
8773,2,1760,2026-07-08 07:00:00+00:00,1,109.18,3.97,15.61,38.42,6.59,4.77,6.59,1.46
8774,3,1760,2026-07-08 07:00:00+00:00,1,92.71,0.15,1.65,46.37,0.64,1.37,1.43,0.13
8775,4,1760,2026-07-08 07:00:00+00:00,1,90.06,1.4,4.54,34.66,1.07,3.34,4.64,5.52
8776,5,1760,2026-07-08 07:00:00+00:00,1,161.83,0.0,2.89,24.47,0.46,7.46,7.6,0.35
8777,1,1761,2026-07-08 08:00:00+00:00,1,75.38,0.04,0.2,45.77,0.13,1.02,1.63,0.29
8778,2,1761,2026-07-08 08:00:00+00:00,1,111.25,5.29,13.48,41.45,6.52,4.84,6.91,1.26
8779,3,1761,2026-07-08 08:00:00+00:00,1,93.67,0.14,1.24,50.55,0.52,0.85,0.89,0.11
8780,4,1761,2026-07-08 08:00:00+00:00,1,91.07,1.99,4.12,36.89,1.17,3.46,4.87,5.38
8781,5,1761,2026-07-08 08:00:00+00:00,1,160.62,0.0,2.57,21.75,0.45,7.45,7.6,0.31
8782,1,1762,2026-07-08 09:00:00+00:00,1,71.0,0.03,0.13,46.95,0.12,0.92,1.46,0.27
8783,2,1762,2026-07-08 09:00:00+00:00,1,113.59,5.83,12.51,45.84,6.66,5.13,7.46,1.1
8784,3,1762,2026-07-08 09:00:00+00:00,1,93.75,0.13,0.99,54.77,0.44,0.6,0.64,0.1
8785,4,1762,2026-07-08 09:00:00+00:00,1,91.18,1.97,3.72,43.26,1.22,3.83,5.3,5.23
8786,5,1762,2026-07-08 09:00:00+00:00,1,161.02,0.0,2.49,19.14,0.46,7.53,7.67,0.27
8787,1,1763,2026-07-08 10:00:00+00:00,1,67.02,0.02,0.09,50.1,0.1,0.81,1.32,0.23
8788,2,1763,2026-07-08 10:00:00+00:00,1,115.55,5.78,12.09,52.09,6.77,5.77,8.38,0.9
8789,3,1763,2026-07-08 10:00:00+00:00,1,93.36,0.09,0.9,59.27,0.38,0.51,0.54,0.1
8790,4,1763,2026-07-08 10:00:00+00:00,2,84.17,0.37,1.5,84.81,1.03,3.74,4.86,2.47
8791,5,1763,2026-07-08 10:00:00+00:00,1,162.59,0.0,2.65,19.69,0.47,7.76,7.93,0.24
8792,1,1764,2026-07-08 11:00:00+00:00,1,65.05,0.02,0.09,51.46,0.1,0.81,1.37,0.24
8793,2,1764,2026-07-08 11:00:00+00:00,1,117.65,5.48,12.0,59.82,6.9,6.94,9.78,0.69
8794,3,1764,2026-07-08 11:00:00+00:00,1,90.94,0.07,0.97,59.75,0.39,0.65,0.68,0.11
8795,4,1764,2026-07-08 11:00:00+00:00,2,81.97,0.16,0.79,95.99,0.72,3.98,4.84,1.92
8796,5,1764,2026-07-08 11:00:00+00:00,1,165.53,0.02,3.43,18.61,0.49,8.03,8.27,0.28
8797,1,1765,2026-07-08 12:00:00+00:00,1,64.81,0.02,0.09,51.63,0.11,0.85,1.47,0.26
8798,2,1765,2026-07-08 12:00:00+00:00,2,119.58,5.06,12.04,69.19,7.45,8.71,11.62,0.57
8799,3,1765,2026-07-08 12:00:00+00:00,1,89.31,0.05,1.0,59.33,0.4,0.86,0.89,0.12
8800,4,1765,2026-07-08 12:00:00+00:00,3,81.95,0.13,0.67,100.99,0.63,4.41,5.2,1.88
8801,5,1765,2026-07-08 12:00:00+00:00,1,171.12,0.1,4.85,17.56,0.49,8.27,8.61,0.34
8802,1,1766,2026-07-08 13:00:00+00:00,1,70.4,0.03,0.17,50.77,0.15,1.1,1.96,0.42
8803,2,1766,2026-07-08 13:00:00+00:00,2,121.47,4.71,12.44,78.54,8.62,10.9,13.78,0.58
8804,3,1766,2026-07-08 13:00:00+00:00,1,89.45,0.04,1.05,59.37,0.44,1.04,1.07,0.13
8805,4,1766,2026-07-08 13:00:00+00:00,3,85.48,0.1,0.54,108.35,0.44,4.9,5.54,1.62
8806,5,1766,2026-07-08 13:00:00+00:00,1,170.86,0.44,4.93,25.28,0.53,8.33,8.78,0.34
8807,1,1767,2026-07-08 14:00:00+00:00,1,80.27,0.03,0.36,48.75,0.2,1.54,2.79,0.64
8808,2,1767,2026-07-08 14:00:00+00:00,2,123.79,4.34,13.04,88.48,10.1,13.23,16.01,0.64
8809,3,1767,2026-07-08 14:00:00+00:00,1,90.67,0.04,1.06,59.78,0.48,1.2,1.24,0.14
8810,4,1767,2026-07-08 14:00:00+00:00,3,86.07,0.09,0.5,110.33,0.33,4.86,5.4,1.44
8811,5,1767,2026-07-08 14:00:00+00:00,1,165.82,0.79,3.89,34.64,0.53,8.27,8.8,0.31
8812,1,1768,2026-07-08 15:00:00+00:00,1,90.76,0.0,0.6,46.56,0.24,2.01,3.65,0.78
8813,2,1768,2026-07-08 15:00:00+00:00,2,126.1,3.88,13.83,99.43,11.57,15.72,18.34,0.64
8814,3,1768,2026-07-08 15:00:00+00:00,2,92.59,0.03,1.04,60.01,0.49,1.43,1.46,0.13
8815,4,1768,2026-07-08 15:00:00+00:00,3,85.71,0.09,0.57,110.98,0.33,4.79,5.35,1.46
8816,5,1768,2026-07-08 15:00:00+00:00,1,160.45,0.65,2.76,49.06,0.54,8.65,9.27,0.31
8817,1,1769,2026-07-08 16:00:00+00:00,1,103.17,0.0,0.81,43.57,0.27,2.61,4.63,0.92
8818,2,1769,2026-07-08 16:00:00+00:00,3,128.28,3.49,15.52,109.72,12.88,18.17,20.6,0.62
8819,3,1769,2026-07-08 16:00:00+00:00,1,93.81,0.02,1.05,59.33,0.48,1.61,1.65,0.12
8820,4,1769,2026-07-08 16:00:00+00:00,3,86.14,0.11,0.75,112.49,0.37,4.9,5.52,1.6
8821,5,1769,2026-07-08 16:00:00+00:00,2,151.33,0.28,1.6,73.0,0.52,8.54,9.13,0.2
8822,1,1770,2026-07-08 17:00:00+00:00,1,119.36,0.0,1.02,41.54,0.3,3.38,5.82,1.04
8823,2,1770,2026-07-08 17:00:00+00:00,3,129.61,3.18,18.51,114.91,14.02,19.73,21.98,0.61
8824,3,1770,2026-07-08 17:00:00+00:00,1,94.5,0.01,1.13,58.38,0.48,1.66,1.7,0.11
8825,4,1770,2026-07-08 17:00:00+00:00,3,86.85,0.12,1.0,113.54,0.44,5.19,5.91,1.88
8826,5,1770,2026-07-08 17:00:00+00:00,2,145.51,0.16,1.41,79.64,0.46,7.73,8.23,0.18
8827,1,1771,2026-07-08 18:00:00+00:00,1,133.68,0.0,1.16,40.27,0.29,4.1,6.87,0.8
8828,2,1771,2026-07-08 18:00:00+00:00,3,130.48,2.67,22.9,113.09,15.07,20.41,22.59,0.59
8829,3,1771,2026-07-08 18:00:00+00:00,1,94.31,0.0,1.21,58.07,0.46,1.59,1.64,0.09
8830,4,1771,2026-07-08 18:00:00+00:00,3,87.89,0.1,1.24,115.76,0.57,5.67,6.54,2.15
8831,5,1771,2026-07-08 18:00:00+00:00,2,143.22,0.11,1.67,79.12,0.43,7.15,7.6,0.19
8832,1,1772,2026-07-08 19:00:00+00:00,1,146.97,0.0,1.28,38.31,0.28,4.87,7.93,0.54
8833,2,1772,2026-07-08 19:00:00+00:00,3,131.73,1.6,29.34,105.29,15.97,20.86,23.07,0.6
8834,3,1772,2026-07-08 19:00:00+00:00,1,93.83,0.0,1.23,58.34,0.45,1.51,1.57,0.08
8835,4,1772,2026-07-08 19:00:00+00:00,3,89.84,0.05,1.99,109.42,0.72,6.36,7.41,2.98
8836,5,1772,2026-07-08 19:00:00+00:00,2,144.54,0.12,2.08,76.81,0.44,6.78,7.2,0.21
8837,1,1773,2026-07-08 20:00:00+00:00,1,158.84,0.0,1.38,36.67,0.26,5.55,8.83,0.47
8838,2,1773,2026-07-08 20:00:00+00:00,2,133.07,0.33,37.18,91.82,16.2,21.36,23.66,0.59
8839,3,1773,2026-07-08 20:00:00+00:00,1,94.21,0.0,1.23,59.09,0.44,1.49,1.56,0.08
8840,4,1773,2026-07-08 20:00:00+00:00,2,93.06,0.01,2.99,96.9,0.82,7.13,8.33,4.09
8841,5,1773,2026-07-08 20:00:00+00:00,2,147.01,0.24,2.39,74.97,0.46,6.93,7.34,0.25
8842,1,1774,2026-07-08 21:00:00+00:00,1,157.42,0.0,1.32,35.84,0.2,5.46,8.68,0.39
8843,2,1774,2026-07-08 21:00:00+00:00,2,134.6,0.0,41.08,76.32,15.7,22.24,24.67,0.46
8844,3,1774,2026-07-08 21:00:00+00:00,1,94.93,0.0,1.22,58.67,0.42,1.54,1.61,0.08
8845,4,1774,2026-07-08 21:00:00+00:00,2,96.91,0.0,3.8,86.72,0.86,7.83,9.17,4.98
8846,5,1774,2026-07-08 21:00:00+00:00,2,151.59,0.33,2.72,76.03,0.52,7.58,8.05,0.29
8847,1,1775,2026-07-08 22:00:00+00:00,1,155.54,0.0,1.26,34.73,0.16,5.35,8.5,0.39
8848,2,1775,2026-07-08 22:00:00+00:00,2,135.28,0.0,43.78,62.96,14.7,22.94,25.49,0.34
8849,3,1775,2026-07-08 22:00:00+00:00,1,95.55,0.0,1.23,56.03,0.39,1.53,1.6,0.08
8850,4,1775,2026-07-08 22:00:00+00:00,2,98.59,0.0,4.25,78.22,0.86,8.34,9.76,5.51
8851,5,1775,2026-07-08 22:00:00+00:00,2,158.63,0.31,3.59,71.5,0.57,8.56,9.12,0.39
8852,1,1776,2026-07-08 23:00:00+00:00,1,159.3,0.0,1.28,32.56,0.15,5.58,8.77,0.45
8853,2,1776,2026-07-08 23:00:00+00:00,2,135.75,0.0,45.31,53.71,13.92,23.45,26.02,0.26
8854,3,1776,2026-07-08 23:00:00+00:00,1,96.31,0.0,1.29,52.32,0.38,1.43,1.5,0.08
8855,4,1776,2026-07-08 23:00:00+00:00,2,101.77,0.0,4.06,74.84,0.88,8.95,10.43,5.78
8856,5,1776,2026-07-08 23:00:00+00:00,2,163.45,0.16,4.4,64.6,0.63,9.26,9.9,0.45
8857,1,1777,2026-07-09 00:00:00+00:00,1,161.67,0.0,1.28,31.19,0.15,5.75,8.97,0.53
8858,2,1777,2026-07-09 00:00:00+00:00,2,136.23,0.0,46.18,47.17,13.48,23.78,26.27,0.23
8859,3,1777,2026-07-09 00:00:00+00:00,1,96.98,0.0,1.39,48.38,0.4,1.32,1.39,0.08
8860,4,1777,2026-07-09 00:00:00+00:00,2,104.43,0.0,3.49,74.6,0.91,9.33,10.8,5.87
8861,5,1777,2026-07-09 00:00:00+00:00,2,163.9,0.03,4.63,60.42,0.7,9.49,10.2,0.41
8862,1,1778,2026-07-09 01:00:00+00:00,1,162.54,0.0,1.28,30.57,0.16,5.84,9.05,0.62
8863,2,1778,2026-07-09 01:00:00+00:00,2,135.61,0.0,46.86,41.93,13.25,23.95,26.3,0.23
8864,3,1778,2026-07-09 01:00:00+00:00,1,97.36,0.0,1.5,43.66,0.43,1.22,1.28,0.08
8865,4,1778,2026-07-09 01:00:00+00:00,2,104.16,0.0,2.76,75.77,0.89,8.95,10.32,5.76
8866,5,1778,2026-07-09 01:00:00+00:00,1,160.57,0.0,4.4,57.46,0.72,9.4,10.3,0.36
8867,1,1779,2026-07-09 02:00:00+00:00,1,163.12,0.0,1.27,30.73,0.17,5.86,9.11,0.64
8868,2,1779,2026-07-09 02:00:00+00:00,2,136.01,0.0,47.05,38.04,13.46,24.15,26.33,0.23
8869,3,1779,2026-07-09 02:00:00+00:00,1,97.45,0.0,1.61,38.92,0.43,1.14,1.21,0.08
8870,4,1779,2026-07-09 02:00:00+00:00,2,103.15,0.0,2.28,72.15,0.74,8.18,9.4,5.89
8871,5,1779,2026-07-09 02:00:00+00:00,1,159.08,0.0,4.36,54.4,0.78,9.32,10.52,0.29
8872,1,1780,2026-07-09 03:00:00+00:00,1,164.97,0.0,1.3,31.79,0.19,5.95,9.37,0.69
8873,2,1780,2026-07-09 03:00:00+00:00,2,136.4,0.0,46.32,35.95,13.76,24.25,26.23,0.26
8874,3,1780,2026-07-09 03:00:00+00:00,1,98.24,0.01,1.9,35.11,0.46,1.08,1.16,0.1
8875,4,1780,2026-07-09 03:00:00+00:00,2,102.66,0.0,1.98,68.22,0.6,7.26,8.33,6.07
8876,5,1780,2026-07-09 03:00:00+00:00,1,159.0,0.0,4.58,52.66,0.89,9.22,10.74,0.24
8877,1,1781,2026-07-09 04:00:00+00:00,1,180.62,0.01,1.56,33.07,0.29,6.72,10.7,0.9
8878,2,1781,2026-07-09 04:00:00+00:00,2,136.15,0.0,44.61,34.74,13.71,23.94,25.75,0.27
8879,3,1781,2026-07-09 04:00:00+00:00,1,99.92,0.06,2.3,32.12,0.52,1.02,1.12,0.12
8880,4,1781,2026-07-09 04:00:00+00:00,2,102.58,0.0,1.88,64.64,0.53,6.4,7.36,6.15
8881,5,1781,2026-07-09 04:00:00+00:00,1,157.63,0.0,4.78,51.22,1.02,9.03,10.83,0.22
8882,1,1782,2026-07-09 05:00:00+00:00,1,201.43,0.2,1.6,35.06,0.38,7.75,12.33,1.24
8883,2,1782,2026-07-09 05:00:00+00:00,2,135.8,0.27,43.79,33.56,13.18,23.4,25.11,0.28
8884,3,1782,2026-07-09 05:00:00+00:00,1,101.42,0.18,2.44,29.46,0.55,0.99,1.1,0.11
8885,4,1782,2026-07-09 05:00:00+00:00,2,104.58,0.01,2.25,61.28,0.51,5.91,6.8,6.15
8886,5,1782,2026-07-09 05:00:00+00:00,1,154.97,0.0,4.63,45.62,1.04,8.79,10.84,0.21
8887,1,1783,2026-07-09 06:00:00+00:00,1,208.77,0.31,1.14,41.85,0.44,8.73,13.43,1.71
8888,2,1783,2026-07-09 06:00:00+00:00,2,135.45,3.87,39.54,37.48,12.61,23.0,24.69,0.28
8889,3,1783,2026-07-09 06:00:00+00:00,1,101.22,0.32,2.23,27.83,0.54,0.98,1.08,0.1
8890,4,1783,2026-07-09 06:00:00+00:00,1,107.38,0.16,2.79,59.36,0.53,5.57,6.43,6.0
8891,5,1783,2026-07-09 06:00:00+00:00,1,151.42,0.0,4.31,40.01,1.0,8.53,10.74,0.21
8892,1,1784,2026-07-09 07:00:00+00:00,1,108.29,0.08,0.29,55.38,0.31,3.46,5.47,0.82
8893,2,1784,2026-07-09 07:00:00+00:00,2,135.06,8.46,33.37,43.69,12.23,22.57,24.27,0.27
8894,3,1784,2026-07-09 07:00:00+00:00,1,99.68,0.39,1.96,27.73,0.53,1.0,1.09,0.09
8895,4,1784,2026-07-09 07:00:00+00:00,2,109.6,0.44,2.7,60.92,0.57,5.18,6.0,5.64
8896,5,1784,2026-07-09 07:00:00+00:00,1,147.64,0.0,4.02,34.83,0.98,8.15,10.31,0.2
8897,1,1785,2026-07-09 08:00:00+00:00,1,100.64,0.05,0.17,55.87,0.29,3.55,5.3,0.75
8898,2,1785,2026-07-09 08:00:00+00:00,2,134.64,11.15,28.99,48.16,12.51,22.27,24.04,0.24
8899,3,1785,2026-07-09 08:00:00+00:00,1,98.58,0.39,1.79,29.29,0.55,1.07,1.17,0.09
8900,4,1785,2026-07-09 08:00:00+00:00,2,110.96,0.55,2.41,66.41,0.65,4.95,5.78,5.36
8901,5,1785,2026-07-09 08:00:00+00:00,1,144.33,0.0,3.84,30.85,0.93,7.68,9.67,0.2
8902,1,1786,2026-07-09 09:00:00+00:00,1,96.05,0.04,0.13,55.61,0.29,3.56,5.18,0.71
8903,2,1786,2026-07-09 09:00:00+00:00,2,134.22,12.2,26.03,51.33,12.99,21.91,23.79,0.24
8904,3,1786,2026-07-09 09:00:00+00:00,1,98.1,0.36,1.73,31.42,0.59,1.19,1.3,0.09
8905,4,1786,2026-07-09 09:00:00+00:00,2,112.73,0.51,2.17,76.61,0.76,5.22,6.11,5.25
8906,5,1786,2026-07-09 09:00:00+00:00,1,142.26,0.0,3.8,28.2,0.89,7.25,9.08,0.21
8907,1,1787,2026-07-09 10:00:00+00:00,1,85.78,0.03,0.09,57.21,0.25,2.97,4.27,0.58
8908,2,1787,2026-07-09 10:00:00+00:00,2,133.8,12.02,23.53,54.5,13.19,21.72,23.74,0.21
8909,3,1787,2026-07-09 10:00:00+00:00,1,97.34,0.29,1.69,34.24,0.63,1.31,1.43,0.1
8910,4,1787,2026-07-09 10:00:00+00:00,2,110.38,0.22,1.1,93.57,0.7,4.65,5.38,3.15
8911,5,1787,2026-07-09 10:00:00+00:00,1,140.68,0.0,3.81,25.03,0.91,6.79,8.4,0.23
8912,1,1788,2026-07-09 11:00:00+00:00,1,84.7,0.03,0.1,57.32,0.24,3.1,4.31,0.56
8913,2,1788,2026-07-09 11:00:00+00:00,2,133.19,10.87,20.81,58.52,12.88,21.62,23.79,0.17
8914,3,1788,2026-07-09 11:00:00+00:00,1,96.31,0.24,1.64,37.7,0.68,1.4,1.52,0.09
8915,4,1788,2026-07-09 11:00:00+00:00,2,106.81,0.14,0.7,95.1,0.58,4.14,4.75,2.31
8916,5,1788,2026-07-09 11:00:00+00:00,1,143.67,0.04,4.36,20.02,0.85,6.37,7.79,0.25
8917,1,1789,2026-07-09 12:00:00+00:00,1,84.8,0.02,0.12,57.54,0.25,3.22,4.42,0.57
8918,2,1789,2026-07-09 12:00:00+00:00,2,132.23,9.03,17.94,64.25,12.02,21.69,23.96,0.17
8919,3,1789,2026-07-09 12:00:00+00:00,1,94.84,0.2,1.67,41.86,0.76,1.51,1.62,0.09
8920,4,1789,2026-07-09 12:00:00+00:00,2,105.41,0.12,0.64,95.67,0.56,3.98,4.54,2.07
8921,5,1789,2026-07-09 12:00:00+00:00,1,153.4,0.7,5.19,16.17,0.82,6.07,7.39,0.3
8922,1,1790,2026-07-09 13:00:00+00:00,1,92.75,0.04,0.27,55.89,0.29,3.71,5.14,0.76
8923,2,1790,2026-07-09 13:00:00+00:00,2,131.02,6.99,15.34,71.88,10.89,21.79,24.08,0.31
8924,3,1790,2026-07-09 13:00:00+00:00,1,94.37,0.25,1.46,49.17,0.82,1.68,1.78,0.09
8925,4,1790,2026-07-09 13:00:00+00:00,2,105.48,0.12,0.63,97.62,0.55,3.92,4.47,1.94
8926,5,1790,2026-07-09 13:00:00+00:00,1,161.91,1.64,5.37,16.28,0.87,5.9,7.16,0.32
8927,1,1791,2026-07-09 14:00:00+00:00,1,107.57,0.03,0.59,52.47,0.36,4.53,6.39,1.08
8928,2,1791,2026-07-09 14:00:00+00:00,2,129.58,4.91,12.91,80.66,9.41,21.48,23.69,0.46
8929,3,1791,2026-07-09 14:00:00+00:00,1,94.25,0.19,1.48,53.44,0.86,1.82,1.91,0.09
8930,4,1791,2026-07-09 14:00:00+00:00,2,104.59,0.12,0.64,97.88,0.52,3.7,4.21,1.82
8931,5,1791,2026-07-09 14:00:00+00:00,1,163.48,1.5,5.83,20.56,0.95,5.84,7.01,0.31
8932,1,1792,2026-07-09 15:00:00+00:00,1,124.38,0.0,0.98,49.3,0.41,5.41,7.68,1.37
8933,2,1792,2026-07-09 15:00:00+00:00,2,127.32,3.1,10.78,90.0,7.79,20.39,22.44,0.53
8934,3,1792,2026-07-09 15:00:00+00:00,1,94.5,0.15,1.59,55.02,0.89,1.86,1.96,0.09
8935,4,1792,2026-07-09 15:00:00+00:00,2,103.54,0.12,0.7,97.99,0.49,3.45,3.92,1.74
8936,5,1792,2026-07-09 15:00:00+00:00,1,161.87,0.75,6.38,29.87,1.1,5.88,6.85,0.3
8937,1,1793,2026-07-09 16:00:00+00:00,1,155.88,0.0,1.51,43.97,0.5,7.06,10.1,1.76
8938,2,1793,2026-07-09 16:00:00+00:00,2,124.88,1.92,9.88,96.91,6.66,18.46,20.27,0.54
8939,3,1793,2026-07-09 16:00:00+00:00,1,96.68,0.13,2.12,42.91,0.72,1.95,2.08,0.19
8940,4,1793,2026-07-09 16:00:00+00:00,2,103.65,0.13,0.8,99.18,0.47,3.29,3.75,1.76
8941,5,1793,2026-07-09 16:00:00+00:00,1,154.19,0.34,4.53,58.82,1.16,5.55,6.08,0.21
8942,1,1794,2026-07-09 17:00:00+00:00,1,207.06,0.0,2.22,38.39,0.62,9.89,14.15,2.16
8943,2,1794,2026-07-09 17:00:00+00:00,2,121.26,1.27,10.18,97.91,6.06,15.71,17.24,0.54
8944,3,1794,2026-07-09 17:00:00+00:00,1,98.76,0.07,2.74,28.72,0.57,2.1,2.27,0.3
8945,4,1794,2026-07-09 17:00:00+00:00,2,103.63,0.12,0.91,99.61,0.47,3.22,3.69,1.91
8946,5,1794,2026-07-09 17:00:00+00:00,2,149.92,0.32,2.9,75.59,1.05,5.15,5.51,0.18
8947,1,1795,2026-07-09 18:00:00+00:00,2,254.67,0.0,2.78,34.33,0.7,12.76,18.21,2.51
8948,2,1795,2026-07-09 18:00:00+00:00,2,117.2,0.83,11.15,93.98,5.72,12.73,14.02,0.49
8949,3,1795,2026-07-09 18:00:00+00:00,1,99.87,0.01,3.19,22.9,0.6,2.21,2.41,0.43
8950,4,1795,2026-07-09 18:00:00+00:00,2,103.45,0.1,1.07,98.65,0.46,3.18,3.65,2.13
8951,5,1795,2026-07-09 18:00:00+00:00,2,148.97,0.23,2.02,84.8,0.97,5.15,5.44,0.19
8952,1,1796,2026-07-09 19:00:00+00:00,2,293.39,0.0,3.2,31.31,0.79,15.31,21.57,2.87
8953,2,1796,2026-07-09 19:00:00+00:00,2,113.88,0.37,12.48,87.98,5.52,10.13,11.24,0.42
8954,3,1796,2026-07-09 19:00:00+00:00,1,100.57,0.01,3.44,21.23,0.67,2.3,2.52,0.52
8955,4,1796,2026-07-09 19:00:00+00:00,2,103.72,0.05,1.41,95.6,0.46,3.18,3.67,2.51
8956,5,1796,2026-07-09 19:00:00+00:00,2,151.55,0.21,1.85,87.04,0.88,5.6,5.88,0.25
8957,1,1797,2026-07-09 20:00:00+00:00,2,315.65,0.0,3.4,29.24,0.7,16.94,23.48,2.75
8958,2,1797,2026-07-09 20:00:00+00:00,2,110.75,0.05,13.31,81.83,5.41,8.29,9.32,0.35
8959,3,1797,2026-07-09 20:00:00+00:00,1,100.86,0.01,3.12,19.65,0.54,2.38,2.59,0.38
8960,4,1797,2026-07-09 20:00:00+00:00,2,105.13,0.01,1.86,91.59,0.49,3.25,3.78,3.02
8961,5,1797,2026-07-09 20:00:00+00:00,2,154.89,0.28,2.19,83.27,0.81,6.2,6.47,0.36
8962,1,1798,2026-07-09 21:00:00+00:00,2,312.35,0.0,3.29,27.96,0.5,16.95,23.14,2.07
8963,2,1798,2026-07-09 21:00:00+00:00,2,108.97,0.0,13.53,76.99,5.39,7.43,8.59,0.32
8964,3,1798,2026-07-09 21:00:00+00:00,1,101.15,0.0,2.74,19.32,0.43,2.45,2.67,0.27
8965,4,1798,2026-07-09 21:00:00+00:00,2,106.99,0.0,2.12,88.59,0.54,3.36,3.95,3.51
8966,5,1798,2026-07-09 21:00:00+00:00,2,159.77,0.38,2.86,79.8,0.75,6.6,6.86,0.45
8967,1,1799,2026-07-09 22:00:00+00:00,2,298.08,0.0,3.03,27.08,0.36,16.23,21.88,1.45
8968,2,1799,2026-07-09 22:00:00+00:00,2,108.93,0.0,13.76,73.78,5.31,7.44,8.97,0.32
8969,3,1799,2026-07-09 22:00:00+00:00,1,100.44,0.0,2.45,21.26,0.42,2.55,2.77,0.17
8970,4,1799,2026-07-09 22:00:00+00:00,2,107.25,0.0,2.21,85.74,0.58,3.49,4.12,3.93
8971,5,1799,2026-07-09 22:00:00+00:00,2,169.84,0.53,4.32,70.19,0.69,6.81,7.07,0.55
8972,1,1800,2026-07-09 23:00:00+00:00,2,287.21,0.0,2.81,26.91,0.31,15.64,20.95,1.29
8973,2,1800,2026-07-09 23:00:00+00:00,2,110.44,0.0,13.62,72.95,5.09,8.1,10.25,0.33
8974,3,1800,2026-07-09 23:00:00+00:00,1,100.34,0.0,2.57,17.69,0.37,2.78,3.0,0.13
8975,4,1800,2026-07-09 23:00:00+00:00,2,108.69,0.0,2.16,84.48,0.63,3.75,4.44,4.36
8976,5,1800,2026-07-09 23:00:00+00:00,1,180.52,0.49,6.11,55.17,0.65,6.97,7.24,0.59
8977,1,1801,2026-07-10 00:00:00+00:00,2,277.2,0.0,2.62,27.26,0.3,15.03,20.17,1.28
8978,2,1801,2026-07-10 00:00:00+00:00,2,112.5,0.0,13.3,73.42,4.97,9.07,11.94,0.41
8979,3,1801,2026-07-10 00:00:00+00:00,1,100.6,0.0,2.81,16.87,0.43,3.07,3.27,0.1
8980,4,1801,2026-07-10 00:00:00+00:00,2,110.13,0.0,2.08,83.58,0.69,4.08,4.84,4.77
8981,5,1801,2026-07-10 00:00:00+00:00,1,186.41,0.17,7.31,43.17,0.63,7.13,7.45,0.57
8982,1,1802,2026-07-11 01:00:00+00:00,2,253.73,0.0,2.22,29.29,0.26,12.5,17.07,1.54
8983,2,1802,2026-07-11 01:00:00+00:00,2,109.62,0.0,6.24,97.92,3.31,6.74,13.17,1.37
8984,3,1802,2026-07-11 01:00:00+00:00,1,102.18,0.0,1.81,43.95,1.06,2.65,2.72,0.08
8985,4,1802,2026-07-11 01:00:00+00:00,2,99.63,0.0,1.87,71.52,0.67,3.94,4.55,5.19
8986,5,1802,2026-07-11 01:00:00+00:00,1,162.68,0.0,4.2,48.37,0.3,2.77,2.94,0.38
8987,1,1803,2026-07-11 02:00:00+00:00,2,240.96,0.0,2.03,29.0,0.21,11.58,15.75,1.16
8988,2,1803,2026-07-11 02:00:00+00:00,2,108.22,0.0,6.11,94.16,3.28,6.53,13.01,1.39
8989,3,1803,2026-07-11 02:00:00+00:00,1,102.49,0.0,1.72,44.31,1.03,2.87,2.94,0.08
8990,4,1803,2026-07-11 02:00:00+00:00,2,99.46,0.0,1.68,70.43,0.63,3.9,4.49,5.39
8991,5,1803,2026-07-11 02:00:00+00:00,1,161.03,0.0,3.98,41.15,0.3,2.72,2.92,0.35
8992,1,1804,2026-07-11 03:00:00+00:00,2,232.59,0.0,1.9,28.89,0.18,10.96,14.93,0.82
8993,2,1804,2026-07-11 03:00:00+00:00,2,108.0,0.0,6.12,88.83,3.27,6.27,12.78,1.48
8994,3,1804,2026-07-11 03:00:00+00:00,1,103.43,0.0,1.85,43.1,0.98,3.12,3.18,0.09
8995,4,1804,2026-07-11 03:00:00+00:00,2,98.84,0.0,1.52,70.75,0.59,3.78,4.32,5.64
8996,5,1804,2026-07-11 03:00:00+00:00,1,156.38,0.0,3.8,36.12,0.29,2.54,2.78,0.32
8997,1,1805,2026-07-11 04:00:00+00:00,2,229.65,0.01,1.91,29.59,0.24,10.42,14.57,0.8
8998,2,1805,2026-07-11 04:00:00+00:00,2,108.01,0.0,6.26,81.83,3.24,6.0,12.39,1.64
8999,3,1805,2026-07-11 04:00:00+00:00,1,104.95,0.02,2.24,39.44,0.91,3.35,3.43,0.1
9000,4,1805,2026-07-11 04:00:00+00:00,2,97.1,0.0,1.45,70.36,0.57,3.58,4.07,5.86
9001,5,1805,2026-07-11 04:00:00+00:00,1,148.69,0.0,3.54,31.01,0.26,2.24,2.48,0.3
9002,1,1806,2026-07-11 05:00:00+00:00,2,231.6,0.2,1.68,30.84,0.3,10.1,14.54,1.06
9003,2,1806,2026-07-11 05:00:00+00:00,2,108.34,0.01,6.59,75.1,3.23,5.81,11.97,1.8
9004,3,1806,2026-07-11 05:00:00+00:00,1,105.88,0.08,2.56,35.13,0.86,3.54,3.63,0.12
9005,4,1806,2026-07-11 05:00:00+00:00,2,97.05,0.0,1.81,67.6,0.58,3.52,4.02,6.1
9006,5,1806,2026-07-11 05:00:00+00:00,1,139.74,0.0,2.99,25.5,0.22,1.97,2.18,0.28
9007,1,1807,2026-07-11 06:00:00+00:00,2,230.5,0.27,1.15,36.34,0.34,10.48,14.95,1.32
9008,2,1807,2026-07-11 06:00:00+00:00,2,108.86,0.27,6.91,69.54,3.24,5.73,11.61,1.97
9009,3,1807,2026-07-11 06:00:00+00:00,1,105.22,0.19,2.65,33.95,0.84,3.66,3.76,0.12
9010,4,1807,2026-07-11 06:00:00+00:00,2,98.05,0.06,2.5,64.39,0.63,3.57,4.11,6.34
9011,5,1807,2026-07-11 06:00:00+00:00,1,131.22,0.0,2.47,21.42,0.19,1.78,1.97,0.27
9012,1,1808,2026-07-11 07:00:00+00:00,1,123.75,0.07,0.31,53.17,0.26,4.4,6.82,0.79
9013,2,1808,2026-07-11 07:00:00+00:00,2,109.06,0.91,6.72,66.04,3.24,6.03,11.64,2.08
9014,3,1808,2026-07-11 07:00:00+00:00,1,104.86,0.28,2.77,37.78,0.87,3.73,3.86,0.12
9015,4,1808,2026-07-11 07:00:00+00:00,2,99.13,0.27,2.79,62.05,0.69,3.63,4.21,6.5
9016,5,1808,2026-07-11 07:00:00+00:00,1,123.96,0.0,2.12,18.14,0.17,1.64,1.82,0.28
9017,1,1809,2026-07-11 08:00:00+00:00,1,107.94,0.04,0.18,55.76,0.22,3.58,5.53,0.71
9018,2,1809,2026-07-11 08:00:00+00:00,2,109.58,1.5,6.48,65.24,3.26,6.25,11.73,2.18
9019,3,1809,2026-07-11 08:00:00+00:00,1,104.63,0.35,2.74,40.59,0.86,3.71,3.84,0.12
9020,4,1809,2026-07-11 08:00:00+00:00,2,99.31,0.45,2.55,62.33,0.73,3.74,4.34,6.56
9021,5,1809,2026-07-11 08:00:00+00:00,1,118.41,0.01,1.91,15.21,0.16,1.54,1.73,0.28
9022,1,1810,2026-07-11 09:00:00+00:00,1,100.04,0.03,0.13,55.89,0.21,3.08,4.74,0.65
9023,2,1810,2026-07-11 09:00:00+00:00,2,110.19,1.76,6.11,68.11,3.31,7.24,12.65,2.16
9024,3,1810,2026-07-11 09:00:00+00:00,1,105.1,0.36,2.78,44.78,0.9,3.72,3.85,0.12
9025,4,1810,2026-07-11 09:00:00+00:00,2,99.14,0.45,2.02,66.84,0.74,4.04,4.64,6.48
9026,5,1810,2026-07-11 09:00:00+00:00,1,114.26,0.01,1.85,12.74,0.16,1.47,1.67,0.29
9027,1,1811,2026-07-11 10:00:00+00:00,1,88.19,0.02,0.09,59.05,0.18,2.38,3.56,0.52
9028,2,1811,2026-07-11 10:00:00+00:00,2,110.77,1.61,5.5,76.41,3.35,7.9,13.37,2.21
9029,3,1811,2026-07-11 10:00:00+00:00,1,105.42,0.25,2.73,59.45,0.92,3.34,3.43,0.09
9030,4,1811,2026-07-11 10:00:00+00:00,2,97.34,0.16,0.95,86.61,0.52,4.13,4.57,5.13
9031,5,1811,2026-07-11 10:00:00+00:00,1,112.25,0.03,1.96,10.54,0.15,1.43,1.65,0.3
9032,1,1812,2026-07-11 11:00:00+00:00,1,86.11,0.02,0.09,58.72,0.17,2.4,3.41,0.49
9033,2,1812,2026-07-11 11:00:00+00:00,2,110.51,1.2,4.56,90.44,3.36,8.94,14.48,2.09
9034,3,1812,2026-07-11 11:00:00+00:00,2,104.8,0.19,2.37,64.11,0.83,2.93,3.0,0.08
9035,4,1812,2026-07-11 11:00:00+00:00,2,95.12,0.1,0.65,92.57,0.38,3.99,4.36,4.3
9036,5,1812,2026-07-11 11:00:00+00:00,1,116.09,0.17,2.58,8.87,0.16,1.47,1.72,0.35
9037,1,1813,2026-07-11 12:00:00+00:00,1,86.79,0.02,0.11,57.73,0.17,2.58,3.57,0.49
9038,2,1813,2026-07-11 12:00:00+00:00,3,109.24,0.76,3.43,106.47,3.31,9.24,14.72,2.04
9039,3,1813,2026-07-11 12:00:00+00:00,2,104.7,0.15,2.26,64.5,0.76,2.79,2.85,0.07
9040,4,1813,2026-07-11 12:00:00+00:00,2,93.77,0.09,0.59,93.85,0.35,4.03,4.39,4.1
9041,5,1813,2026-07-11 12:00:00+00:00,1,126.37,0.92,3.01,9.6,0.18,1.59,1.88,0.44
9042,1,1814,2026-07-11 13:00:00+00:00,1,98.8,0.04,0.3,53.78,0.22,3.33,4.58,0.75
9043,2,1814,2026-07-11 13:00:00+00:00,3,107.62,0.55,2.82,117.11,3.3,8.82,14.4,1.94
9044,3,1814,2026-07-11 13:00:00+00:00,2,105.02,0.1,2.55,61.13,0.77,2.86,2.92,0.07
9045,4,1814,2026-07-11 13:00:00+00:00,2,93.76,0.07,0.49,98.45,0.29,3.71,4.02,3.31
9046,5,1814,2026-07-11 13:00:00+00:00,1,135.33,1.21,3.34,13.9,0.23,1.85,2.19,0.53
9047,1,1815,2026-07-11 14:00:00+00:00,1,120.46,0.03,0.72,48.3,0.28,4.53,6.2,1.08
9048,2,1815,2026-07-11 14:00:00+00:00,3,105.17,0.48,2.62,120.5,3.23,8.32,14.15,1.7
9049,3,1815,2026-07-11 14:00:00+00:00,1,106.47,0.1,3.07,55.34,0.81,3.13,3.2,0.08
9050,4,1815,2026-07-11 14:00:00+00:00,2,92.1,0.06,0.48,99.39,0.23,3.27,3.55,2.63
9051,5,1815,2026-07-11 14:00:00+00:00,1,141.23,1.09,3.29,22.46,0.32,2.38,2.78,0.56
9052,1,1816,2026-07-11 15:00:00+00:00,1,144.43,0.0,1.22,43.71,0.33,5.76,7.93,1.3
9053,2,1816,2026-07-11 15:00:00+00:00,3,102.36,0.47,2.65,119.62,3.15,7.72,13.93,1.41
9054,3,1816,2026-07-11 15:00:00+00:00,1,107.29,0.08,3.45,50.99,0.8,3.33,3.4,0.08
9055,4,1816,2026-07-11 15:00:00+00:00,2,90.96,0.06,0.54,99.23,0.22,3.1,3.37,2.4
9056,5,1816,2026-07-11 15:00:00+00:00,1,145.69,0.67,2.77,39.36,0.46,3.47,3.93,0.56
9057,1,1817,2026-07-11 16:00:00+00:00,1,174.85,0.0,1.7,38.9,0.4,7.31,10.14,1.62
9058,2,1817,2026-07-11 16:00:00+00:00,3,100.25,0.48,2.88,117.72,3.11,7.23,13.72,1.15
9059,3,1817,2026-07-11 16:00:00+00:00,1,107.73,0.04,3.44,37.59,0.67,3.52,3.6,0.12
9060,4,1817,2026-07-11 16:00:00+00:00,3,91.25,0.06,0.63,100.42,0.23,3.05,3.35,2.32
9061,5,1817,2026-07-11 16:00:00+00:00,2,146.8,0.23,1.49,76.57,0.7,5.21,5.5,0.07
9062,1,1818,2026-07-11 17:00:00+00:00,1,211.58,0.0,2.15,34.42,0.46,9.29,12.83,1.9
9063,2,1818,2026-07-11 17:00:00+00:00,3,98.37,0.47,3.29,114.88,3.08,6.76,13.4,0.93
9064,3,1818,2026-07-11 17:00:00+00:00,1,107.43,0.02,3.19,24.1,0.54,3.71,3.8,0.17
9065,4,1818,2026-07-11 17:00:00+00:00,3,91.62,0.05,0.71,101.42,0.24,3.08,3.4,2.35
9066,5,1818,2026-07-11 17:00:00+00:00,2,143.93,0.16,1.07,88.25,0.56,4.79,4.97,0.02
9067,1,1819,2026-07-11 18:00:00+00:00,2,244.33,0.0,2.49,30.77,0.48,11.18,15.21,1.92
9068,2,1819,2026-07-11 18:00:00+00:00,3,97.04,0.41,3.92,111.03,3.1,6.45,13.38,0.79
9069,3,1819,2026-07-11 18:00:00+00:00,1,106.51,0.01,3.02,17.4,0.47,3.86,3.95,0.2
9070,4,1819,2026-07-11 18:00:00+00:00,3,91.92,0.04,0.81,101.84,0.27,3.14,3.51,2.42
9071,5,1819,2026-07-11 18:00:00+00:00,2,142.63,0.15,0.98,93.54,0.48,4.66,4.81,0.04
9072,1,1820,2026-07-11 19:00:00+00:00,2,271.74,0.0,2.73,27.7,0.52,12.84,17.2,1.96
9073,2,1820,2026-07-11 19:00:00+00:00,3,95.84,0.23,4.64,105.59,3.08,6.05,13.12,0.71
9074,3,1820,2026-07-11 19:00:00+00:00,1,105.39,0.01,2.93,13.86,0.42,3.94,4.02,0.23
9075,4,1820,2026-07-11 19:00:00+00:00,2,92.21,0.02,1.09,99.32,0.32,3.28,3.71,2.68
9076,5,1820,2026-07-11 19:00:00+00:00,2,143.55,0.15,1.08,95.06,0.43,4.63,4.77,0.09
9077,1,1821,2026-07-11 20:00:00+00:00,2,289.4,0.0,2.87,25.46,0.5,13.95,18.33,1.89
9078,2,1821,2026-07-11 20:00:00+00:00,2,94.59,0.04,5.21,98.72,3.04,5.43,12.19,0.7
9079,3,1821,2026-07-11 20:00:00+00:00,1,104.53,0.01,2.72,11.29,0.36,3.97,4.04,0.22
9080,4,1821,2026-07-11 20:00:00+00:00,2,93.44,0.0,1.48,95.56,0.4,3.53,4.07,3.12
9081,5,1821,2026-07-11 20:00:00+00:00,2,144.96,0.17,1.42,91.63,0.4,4.59,4.74,0.19
9082,1,1822,2026-07-11 21:00:00+00:00,2,290.42,0.0,2.8,23.73,0.41,14.06,18.04,1.63
9083,2,1822,2026-07-11 21:00:00+00:00,2,93.52,0.0,5.25,91.92,2.92,4.77,11.06,0.73
9084,3,1822,2026-07-11 21:00:00+00:00,1,102.86,0.01,2.39,9.56,0.32,3.96,4.02,0.21
9085,4,1822,2026-07-11 21:00:00+00:00,2,95.1,0.0,1.77,93.53,0.5,3.76,4.46,3.53
9086,5,1822,2026-07-11 21:00:00+00:00,2,147.05,0.18,2.02,88.07,0.38,4.38,4.54,0.32
9087,1,1823,2026-07-11 22:00:00+00:00,2,286.98,0.0,2.68,22.53,0.36,13.93,17.49,1.59
9088,2,1823,2026-07-11 22:00:00+00:00,2,92.48,0.0,4.94,87.3,2.67,4.17,9.92,0.74
9089,3,1823,2026-07-11 22:00:00+00:00,1,100.94,0.01,2.1,8.83,0.3,3.92,3.98,0.18
9090,4,1823,2026-07-11 22:00:00+00:00,2,95.08,0.0,1.89,91.49,0.58,3.85,4.7,3.86
9091,5,1823,2026-07-11 22:00:00+00:00,2,152.84,0.21,3.31,79.64,0.37,4.09,4.25,0.49
9092,1,1824,2026-07-11 23:00:00+00:00,2,284.9,0.0,2.58,22.13,0.37,13.9,17.2,1.72
9093,2,1824,2026-07-11 23:00:00+00:00,2,92.56,0.0,4.84,84.41,2.6,3.84,9.28,0.7
9094,3,1824,2026-07-11 23:00:00+00:00,1,99.23,0.01,1.85,8.7,0.28,3.86,3.92,0.15
9095,4,1824,2026-07-11 23:00:00+00:00,2,95.7,0.0,1.85,91.09,0.64,3.9,4.88,4.21
9096,5,1824,2026-07-11 23:00:00+00:00,2,158.55,0.16,4.58,66.46,0.35,3.79,3.96,0.63
9097,1,1825,2026-07-12 00:00:00+00:00,2,281.78,0.0,2.5,22.28,0.38,13.8,16.94,1.89
9098,2,1825,2026-07-12 00:00:00+00:00,2,93.19,0.0,4.77,82.38,2.57,3.65,8.81,0.67
9099,3,1825,2026-07-12 00:00:00+00:00,1,97.7,0.01,1.63,8.61,0.25,3.77,3.81,0.13
9100,4,1825,2026-07-12 00:00:00+00:00,2,95.88,0.0,1.75,90.84,0.68,3.92,4.99,4.55
9101,5,1825,2026-07-12 00:00:00+00:00,1,161.18,0.04,5.18,55.22,0.32,3.53,3.7,0.62
9102,1,1826,2026-07-12 01:00:00+00:00,2,276.45,0.0,2.42,22.79,0.41,13.54,16.59,2.08
9103,2,1826,2026-07-12 01:00:00+00:00,2,93.76,0.0,4.78,79.66,2.58,3.6,8.59,0.68
9104,3,1826,2026-07-12 01:00:00+00:00,1,96.39,0.01,1.43,8.79,0.21,3.71,3.76,0.12
9105,4,1826,2026-07-12 01:00:00+00:00,2,94.81,0.0,1.63,88.97,0.7,3.88,4.99,4.87
9106,5,1826,2026-07-12 01:00:00+00:00,1,159.83,0.0,5.13,45.69,0.31,3.33,3.51,0.5
9107,1,1827,2026-07-12 02:00:00+00:00,2,270.29,0.0,2.31,22.7,0.41,13.32,16.39,2.19
9108,2,1827,2026-07-12 02:00:00+00:00,2,94.66,0.0,4.85,77.3,2.62,3.77,8.92,0.7
9109,3,1827,2026-07-12 02:00:00+00:00,1,94.93,0.02,1.33,8.07,0.19,3.68,3.72,0.13
9110,4,1827,2026-07-12 02:00:00+00:00,2,94.31,0.0,1.58,86.17,0.71,3.87,5.01,5.34
9111,5,1827,2026-07-12 02:00:00+00:00,1,160.25,0.0,5.01,37.92,0.31,3.26,3.44,0.45
9112,1,1828,2026-07-12 03:00:00+00:00,2,266.5,0.0,2.23,22.12,0.38,13.21,16.32,2.05
9113,2,1828,2026-07-12 03:00:00+00:00,2,95.1,0.0,4.76,75.63,2.61,4.16,9.82,0.73
9114,3,1828,2026-07-12 03:00:00+00:00,1,94.72,0.06,1.43,7.54,0.22,3.61,3.67,0.14
9115,4,1828,2026-07-12 03:00:00+00:00,2,93.98,0.0,1.57,82.67,0.71,3.86,4.99,5.82
9116,5,1828,2026-07-12 03:00:00+00:00,1,161.2,0.0,5.05,32.12,0.32,3.22,3.4,0.46
9117,1,1829,2026-07-12 04:00:00+00:00,2,269.53,0.01,2.27,21.16,0.35,13.23,16.62,1.71
9118,2,1829,2026-07-12 04:00:00+00:00,2,94.86,0.0,4.64,74.25,2.6,4.67,11.0,0.77
9119,3,1829,2026-07-12 04:00:00+00:00,1,96.38,0.17,1.68,7.95,0.28,3.47,3.53,0.14
9120,4,1829,2026-07-12 04:00:00+00:00,2,92.64,0.0,1.63,78.27,0.71,3.8,4.91,6.19
9121,5,1829,2026-07-12 04:00:00+00:00,1,157.97,0.0,4.67,28.27,0.31,3.15,3.33,0.44
9122,1,1830,2026-07-12 05:00:00+00:00,2,274.04,0.3,1.86,22.69,0.38,13.24,17.0,1.76
9123,2,1830,2026-07-12 05:00:00+00:00,2,94.77,0.0,4.67,73.46,2.66,5.19,12.2,0.83
9124,3,1830,2026-07-12 05:00:00+00:00,1,97.59,0.32,1.66,8.21,0.31,3.26,3.32,0.13
9125,4,1830,2026-07-12 05:00:00+00:00,2,92.3,0.0,2.0,74.89,0.75,3.77,4.87,6.51
9126,5,1830,2026-07-12 05:00:00+00:00,1,154.26,0.0,3.79,27.31,0.3,3.13,3.29,0.34
9127,1,1831,2026-07-12 06:00:00+00:00,2,272.4,0.35,1.22,30.61,0.42,14.15,18.0,1.89
9128,2,1831,2026-07-12 06:00:00+00:00,2,94.67,0.15,4.71,73.3,2.72,5.63,13.19,0.95
9129,3,1831,2026-07-12 06:00:00+00:00,1,97.1,0.43,1.45,9.21,0.31,3.04,3.1,0.12
9130,4,1831,2026-07-12 06:00:00+00:00,2,92.75,0.08,2.53,72.26,0.82,3.75,4.85,6.77
9131,5,1831,2026-07-12 06:00:00+00:00,1,151.78,0.0,3.0,29.4,0.34,3.15,3.3,0.26
9132,1,1832,2026-07-12 07:00:00+00:00,1,125.46,0.06,0.24,54.36,0.23,5.86,7.71,0.76
9133,2,1832,2026-07-12 07:00:00+00:00,2,94.96,0.49,4.53,74.57,2.76,5.99,13.89,1.15
9134,3,1832,2026-07-12 07:00:00+00:00,1,98.26,0.36,1.59,18.16,0.35,3.0,3.05,0.07
9135,4,1832,2026-07-12 07:00:00+00:00,2,92.65,0.32,2.42,72.04,0.92,3.73,4.82,7.02
9136,5,1832,2026-07-12 07:00:00+00:00,1,151.04,0.0,2.61,32.6,0.4,3.25,3.39,0.21
9137,1,1833,2026-07-12 08:00:00+00:00,1,110.25,0.03,0.13,56.73,0.2,5.2,6.83,0.65
9138,2,1833,2026-07-12 08:00:00+00:00,2,95.54,0.79,4.37,76.64,2.83,6.31,14.47,1.41
9139,3,1833,2026-07-12 08:00:00+00:00,1,96.44,0.35,1.4,19.77,0.35,2.8,2.85,0.07
9140,4,1833,2026-07-12 08:00:00+00:00,2,92.16,0.43,2.13,73.09,1.0,3.82,4.91,7.16
9141,5,1833,2026-07-12 08:00:00+00:00,1,152.58,0.0,2.62,30.44,0.43,3.49,3.62,0.2
9142,1,1834,2026-07-12 09:00:00+00:00,1,105.8,0.03,0.1,56.34,0.19,5.15,6.71,0.62
9143,2,1834,2026-07-12 09:00:00+00:00,2,96.2,0.93,4.09,80.43,2.94,6.73,15.27,1.71
9144,3,1834,2026-07-12 09:00:00+00:00,1,94.18,0.34,1.2,19.36,0.33,2.64,2.69,0.07
9145,4,1834,2026-07-12 09:00:00+00:00,2,91.93,0.39,1.73,77.39,1.05,4.19,5.29,7.15
9146,5,1834,2026-07-12 09:00:00+00:00,1,157.68,0.0,2.94,28.63,0.5,4.05,4.19,0.19
9147,1,1835,2026-07-12 10:00:00+00:00,1,94.85,0.02,0.08,59.49,0.14,4.37,5.75,0.48
9148,2,1835,2026-07-12 10:00:00+00:00,2,97.21,0.84,3.5,88.47,3.09,7.58,16.74,2.01
9149,3,1835,2026-07-12 10:00:00+00:00,1,93.03,0.26,1.24,20.47,0.33,2.58,2.62,0.07
9150,4,1835,2026-07-12 10:00:00+00:00,2,92.44,0.21,1.08,90.38,0.94,4.72,5.77,6.48
9151,5,1835,2026-07-12 10:00:00+00:00,1,169.49,0.0,3.47,30.76,0.72,5.4,5.53,0.17
9152,1,1836,2026-07-12 11:00:00+00:00,2,86.91,0.02,0.07,61.25,0.11,3.75,4.99,0.39
9153,2,1836,2026-07-12 11:00:00+00:00,3,97.28,0.59,2.72,100.28,3.21,8.75,18.33,2.25
9154,3,1836,2026-07-12 11:00:00+00:00,1,92.19,0.21,1.33,22.61,0.34,2.49,2.53,0.07
9155,4,1836,2026-07-12 11:00:00+00:00,2,92.21,0.13,0.8,96.37,0.83,5.12,6.09,5.98
9156,5,1836,2026-07-12 11:00:00+00:00,1,185.68,0.0,4.21,31.96,0.76,7.35,7.46,0.17
9157,1,1837,2026-07-12 12:00:00+00:00,2,84.4,0.01,0.08,61.4,0.11,3.56,4.78,0.37
9158,2,1837,2026-07-12 12:00:00+00:00,3,97.27,0.41,2.13,111.5,3.25,9.58,19.17,2.3
9159,3,1837,2026-07-12 12:00:00+00:00,1,91.36,0.17,1.4,24.02,0.35,2.38,2.43,0.06
9160,4,1837,2026-07-12 12:00:00+00:00,2,93.34,0.1,0.73,99.73,0.71,5.49,6.4,5.61
9161,5,1837,2026-07-12 12:00:00+00:00,1,203.48,0.02,5.08,32.3,0.73,9.69,9.8,0.18
9162,1,1838,2026-07-12 13:00:00+00:00,1,87.1,0.02,0.14,59.43,0.12,3.59,4.89,0.45
9163,2,1838,2026-07-12 13:00:00+00:00,3,97.41,0.34,1.92,118.72,3.26,9.71,19.1,2.17
9164,3,1838,2026-07-12 13:00:00+00:00,1,91.42,0.18,1.42,25.35,0.34,2.31,2.36,0.07
9165,4,1838,2026-07-12 13:00:00+00:00,3,97.0,0.07,0.59,107.89,0.48,5.54,6.37,4.17
9166,5,1838,2026-07-12 13:00:00+00:00,2,217.49,0.08,5.43,34.6,0.69,12.21,12.35,0.19
9167,1,1839,2026-07-12 14:00:00+00:00,1,93.35,0.02,0.29,55.59,0.16,3.77,5.23,0.61
9168,2,1839,2026-07-12 14:00:00+00:00,3,96.27,0.32,1.86,120.21,3.14,9.04,17.67,1.89
9169,3,1839,2026-07-12 14:00:00+00:00,1,91.65,0.16,1.51,26.64,0.35,2.25,2.29,0.07
9170,4,1839,2026-07-12 14:00:00+00:00,3,98.43,0.06,0.57,110.17,0.36,5.69,6.48,3.37
9171,5,1839,2026-07-12 14:00:00+00:00,2,223.27,0.14,5.28,36.02,0.65,14.05,14.23,0.2
9172,1,1840,2026-07-12 15:00:00+00:00,1,99.96,0.0,0.47,52.23,0.18,3.93,5.56,0.72
9173,2,1840,2026-07-12 15:00:00+00:00,3,95.13,0.31,1.88,119.52,2.95,8.27,16.23,1.67
9174,3,1840,2026-07-12 15:00:00+00:00,1,91.62,0.11,1.64,28.02,0.39,2.18,2.22,0.07
9175,4,1840,2026-07-12 15:00:00+00:00,3,100.7,0.06,0.62,110.84,0.33,6.22,7.01,3.23
9176,5,1840,2026-07-12 15:00:00+00:00,2,223.52,0.19,4.88,37.33,0.6,15.02,15.23,0.21
9177,1,1841,2026-07-12 16:00:00+00:00,1,113.27,0.0,0.72,47.31,0.24,4.47,6.48,0.92
9178,2,1841,2026-07-12 16:00:00+00:00,3,94.63,0.31,2.03,118.38,2.78,7.78,15.66,1.61
9179,3,1841,2026-07-12 16:00:00+00:00,1,92.68,0.05,1.87,28.0,0.47,2.14,2.18,0.07
9180,4,1841,2026-07-12 16:00:00+00:00,3,105.38,0.06,0.73,112.22,0.34,7.19,8.0,3.27
9181,5,1841,2026-07-12 16:00:00+00:00,2,220.1,0.13,4.53,40.12,0.56,15.17,15.38,0.22
9182,1,1842,2026-07-12 17:00:00+00:00,1,138.29,0.0,1.07,43.17,0.34,5.67,8.36,1.27
9183,2,1842,2026-07-12 17:00:00+00:00,3,93.79,0.31,2.3,114.7,2.61,7.27,15.54,1.56
9184,3,1842,2026-07-12 17:00:00+00:00,1,92.88,0.02,1.95,24.54,0.55,2.11,2.15,0.07
9185,4,1842,2026-07-12 17:00:00+00:00,3,111.22,0.04,0.92,112.59,0.37,8.28,9.12,3.38
9186,5,1842,2026-07-12 17:00:00+00:00,2,214.45,0.08,4.18,45.27,0.53,14.73,14.94,0.22
9187,1,1843,2026-07-12 18:00:00+00:00,1,161.39,0.0,1.36,40.43,0.41,6.88,10.1,1.63
9188,2,1843,2026-07-12 18:00:00+00:00,3,92.86,0.27,2.67,108.39,2.48,6.63,16.03,1.32
9189,3,1843,2026-07-12 18:00:00+00:00,1,93.09,0.0,1.9,21.56,0.56,2.08,2.12,0.08
9190,4,1843,2026-07-12 18:00:00+00:00,3,110.96,0.02,1.08,111.66,0.4,8.23,9.1,3.4
9191,5,1843,2026-07-12 18:00:00+00:00,2,207.05,0.05,3.75,52.65,0.5,13.77,13.97,0.22
9192,1,1844,2026-07-12 19:00:00+00:00,1,183.77,0.0,1.62,37.83,0.48,8.13,11.56,2.03
9193,2,1844,2026-07-12 19:00:00+00:00,3,93.06,0.15,3.05,101.7,2.31,5.7,15.42,1.03
9194,3,1844,2026-07-12 19:00:00+00:00,1,92.86,0.0,1.8,19.41,0.47,2.01,2.04,0.07
9195,4,1844,2026-07-12 19:00:00+00:00,3,104.97,0.01,1.21,109.41,0.43,7.13,8.01,3.38
9196,5,1844,2026-07-12 19:00:00+00:00,2,198.76,0.03,3.34,59.8,0.44,12.37,12.56,0.2
9197,1,1845,2026-07-12 20:00:00+00:00,1,204.44,0.0,1.87,35.32,0.51,9.33,12.97,2.26
9198,2,1845,2026-07-12 20:00:00+00:00,2,93.94,0.03,3.46,95.99,2.25,4.73,14.01,0.79
9199,3,1845,2026-07-12 20:00:00+00:00,1,92.98,0.0,1.69,17.97,0.4,1.92,1.94,0.08
9200,4,1845,2026-07-12 20:00:00+00:00,3,96.49,0.0,1.25,106.55,0.45,5.4,6.26,3.41
9201,5,1845,2026-07-12 20:00:00+00:00,2,190.79,0.04,3.1,60.3,0.37,11.04,11.2,0.19
9202,1,1846,2026-07-12 21:00:00+00:00,1,210.14,0.0,1.93,33.32,0.46,9.74,13.28,2.19
9203,2,1846,2026-07-12 21:00:00+00:00,2,95.02,0.0,3.56,91.89,2.26,4.09,13.08,0.62
9204,3,1846,2026-07-12 21:00:00+00:00,1,92.93,0.0,1.58,17.0,0.4,1.77,1.8,0.08
9205,4,1846,2026-07-12 21:00:00+00:00,3,89.65,0.0,1.2,103.44,0.47,3.89,4.67,3.46
9206,5,1846,2026-07-12 21:00:00+00:00,1,181.54,0.07,3.02,59.53,0.31,9.58,9.71,0.18
9207,1,1847,2026-07-12 22:00:00+00:00,1,211.8,0.0,1.92,31.36,0.4,9.85,13.25,1.86
9208,2,1847,2026-07-12 22:00:00+00:00,2,94.29,0.0,3.52,86.84,2.25,3.75,12.6,0.53
9209,3,1847,2026-07-12 22:00:00+00:00,1,93.11,0.0,1.76,16.56,0.44,1.57,1.6,0.08
9210,4,1847,2026-07-12 22:00:00+00:00,2,84.66,0.0,1.12,98.0,0.48,3.08,3.77,3.55
9211,5,1847,2026-07-12 22:00:00+00:00,1,169.43,0.09,2.97,58.75,0.28,7.99,8.14,0.18
9212,1,1848,2026-07-12 23:00:00+00:00,1,215.26,0.0,1.91,29.69,0.33,9.98,13.23,1.59
9213,2,1848,2026-07-12 23:00:00+00:00,2,93.5,0.0,3.49,81.78,2.23,3.63,12.5,0.49
9214,3,1848,2026-07-12 23:00:00+00:00,1,94.23,0.0,2.57,14.64,0.53,1.52,1.56,0.09
9215,4,1848,2026-07-12 23:00:00+00:00,2,82.57,0.0,1.04,93.93,0.49,2.84,3.49,3.82
9216,5,1848,2026-07-12 23:00:00+00:00,1,156.45,0.04,2.93,57.81,0.29,6.54,6.92,0.18
9217,1,1849,2026-07-13 00:00:00+00:00,2,216.89,0.0,1.89,28.39,0.26,10.05,13.0,1.28
9218,2,1849,2026-07-13 00:00:00+00:00,2,93.07,0.0,3.45,77.42,2.21,3.58,12.39,0.5
9219,3,1849,2026-07-13 00:00:00+00:00,1,96.32,0.01,3.88,12.13,0.68,1.68,1.75,0.09
9220,4,1849,2026-07-13 00:00:00+00:00,2,82.04,0.0,0.98,90.42,0.51,2.8,3.45,4.25
9221,5,1849,2026-07-13 00:00:00+00:00,1,143.1,0.01,2.77,57.28,0.32,5.28,6.06,0.17
9222,1,1850,2026-07-13 01:00:00+00:00,1,214.09,0.0,1.81,27.62,0.2,9.92,12.64,0.97
9223,2,1850,2026-07-13 01:00:00+00:00,2,92.53,0.0,3.4,74.37,2.18,3.59,12.32,0.5
9224,3,1850,2026-07-13 01:00:00+00:00,1,99.54,0.01,5.46,10.22,0.81,2.05,2.14,0.08
9225,4,1850,2026-07-13 01:00:00+00:00,2,81.63,0.0,0.96,86.1,0.53,2.8,3.43,4.74
9226,5,1850,2026-07-13 01:00:00+00:00,1,131.5,0.0,2.7,53.38,0.32,4.41,5.82,0.19
9227,1,1851,2026-07-13 02:00:00+00:00,1,210.76,0.0,1.71,27.28,0.17,9.73,12.27,0.71
9228,2,1851,2026-07-13 02:00:00+00:00,2,92.89,0.0,3.36,72.88,2.2,3.7,12.52,0.5
9229,3,1851,2026-07-13 02:00:00+00:00,1,104.42,0.01,7.1,8.98,0.9,2.49,2.6,0.06
9230,4,1851,2026-07-13 02:00:00+00:00,2,82.39,0.0,0.98,82.69,0.55,2.84,3.44,5.25
9231,5,1851,2026-07-13 02:00:00+00:00,1,124.3,0.0,2.84,45.99,0.31,4.01,6.26,0.22
9232,1,1852,2026-07-13 03:00:00+00:00,1,208.48,0.0,1.65,27.81,0.16,9.59,12.05,0.56
9233,2,1852,2026-07-13 03:00:00+00:00,2,93.25,0.0,3.33,71.69,2.23,3.91,13.13,0.47
9234,3,1852,2026-07-13 03:00:00+00:00,1,110.71,0.12,9.0,8.41,1.07,2.89,3.0,0.05
9235,4,1852,2026-07-13 03:00:00+00:00,2,83.41,0.0,1.05,79.48,0.59,2.88,3.45,5.73
9236,5,1852,2026-07-13 03:00:00+00:00,1,119.93,0.0,3.09,40.68,0.3,3.83,6.96,0.26
9237,1,1853,2026-07-13 04:00:00+00:00,1,215.81,0.01,1.77,28.73,0.23,9.83,12.76,0.7
9238,2,1853,2026-07-13 04:00:00+00:00,2,92.95,0.0,3.34,70.32,2.28,4.2,13.98,0.42
9239,3,1853,2026-07-13 04:00:00+00:00,1,116.21,0.61,10.43,15.36,1.48,3.08,3.19,0.0
9240,4,1853,2026-07-13 04:00:00+00:00,2,84.23,0.0,1.18,76.16,0.63,2.88,3.43,6.07
9241,5,1853,2026-07-13 04:00:00+00:00,1,115.54,0.0,3.17,35.82,0.28,3.75,7.65,0.29
9242,1,1854,2026-07-13 05:00:00+00:00,2,230.9,0.21,1.65,29.94,0.32,10.43,14.09,1.09
9243,2,1854,2026-07-13 05:00:00+00:00,2,92.71,0.0,3.45,68.62,2.35,4.46,14.75,0.37
9244,3,1854,2026-07-13 05:00:00+00:00,1,114.82,1.24,8.81,21.35,1.56,2.97,3.1,0.0
9245,4,1854,2026-07-13 05:00:00+00:00,2,85.53,0.0,1.58,73.53,0.68,2.89,3.42,6.38
9246,5,1854,2026-07-13 05:00:00+00:00,1,111.59,0.0,3.0,31.05,0.25,3.73,8.27,0.31
9247,1,1855,2026-07-13 06:00:00+00:00,2,236.27,0.31,1.13,35.88,0.4,11.27,15.32,1.51
9248,2,1855,2026-07-13 06:00:00+00:00,2,92.66,0.12,3.54,67.24,2.39,4.54,14.88,0.35
9249,3,1855,2026-07-13 06:00:00+00:00,1,110.87,1.57,6.97,24.82,1.56,2.76,2.9,0.01
9250,4,1855,2026-07-13 06:00:00+00:00,2,87.18,0.05,2.18,71.06,0.71,2.89,3.41,6.68
9251,5,1855,2026-07-13 06:00:00+00:00,1,107.45,0.0,2.65,27.34,0.23,3.72,8.61,0.33
9252,1,1856,2026-07-13 07:00:00+00:00,1,120.31,0.08,0.26,52.67,0.21,4.71,6.54,0.68
9253,2,1856,2026-07-13 07:00:00+00:00,2,92.22,0.38,3.45,66.4,2.4,4.4,14.19,0.36
9254,3,1856,2026-07-13 07:00:00+00:00,1,106.1,1.37,6.08,30.49,1.56,2.39,2.54,0.01
9255,4,1856,2026-07-13 07:00:00+00:00,2,87.88,0.19,2.46,69.27,0.73,2.88,3.38,6.93
9256,5,1856,2026-07-13 07:00:00+00:00,1,104.12,0.0,2.33,25.07,0.21,3.68,8.67,0.33
9257,1,1857,2026-07-13 08:00:00+00:00,1,107.19,0.04,0.15,55.46,0.19,4.33,5.92,0.61
9258,2,1857,2026-07-13 08:00:00+00:00,2,91.95,0.64,3.25,66.89,2.4,4.21,13.26,0.39
9259,3,1857,2026-07-13 08:00:00+00:00,1,102.1,1.35,5.18,37.01,1.55,2.06,2.21,0.02
9260,4,1857,2026-07-13 08:00:00+00:00,2,87.78,0.31,2.32,69.59,0.7,2.93,3.42,7.02
9261,5,1857,2026-07-13 08:00:00+00:00,1,102.22,0.0,2.09,25.51,0.22,3.62,8.67,0.29
9262,1,1858,2026-07-13 09:00:00+00:00,1,100.49,0.03,0.11,55.88,0.18,4.14,5.61,0.57
9263,2,1858,2026-07-13 09:00:00+00:00,2,91.58,0.74,2.85,70.44,2.37,4.13,12.43,0.4
9264,3,1858,2026-07-13 09:00:00+00:00,1,100.21,1.27,4.62,43.81,1.6,2.05,2.2,0.03
9265,4,1858,2026-07-13 09:00:00+00:00,2,87.34,0.33,1.94,73.16,0.65,3.17,3.69,6.95
9266,5,1858,2026-07-13 09:00:00+00:00,1,101.85,0.0,1.97,27.62,0.25,3.51,8.71,0.26
9267,1,1859,2026-07-13 10:00:00+00:00,1,88.3,0.02,0.08,58.66,0.16,3.37,4.63,0.46
9268,2,1859,2026-07-13 10:00:00+00:00,2,91.68,0.61,2.31,78.04,2.28,4.2,11.81,0.39
9269,3,1859,2026-07-13 10:00:00+00:00,1,99.56,1.12,3.93,53.73,1.52,2.3,2.44,0.03
9270,4,1859,2026-07-13 10:00:00+00:00,2,88.49,0.24,1.36,83.29,0.58,3.93,4.78,6.53
9271,5,1859,2026-07-13 10:00:00+00:00,1,102.55,0.0,2.09,29.31,0.28,3.39,8.75,0.24
9272,1,1860,2026-07-13 11:00:00+00:00,1,85.9,0.02,0.09,59.56,0.16,3.36,4.57,0.45
9273,2,1860,2026-07-13 11:00:00+00:00,2,91.15,0.44,1.82,86.24,2.19,4.37,11.53,0.36
9274,3,1860,2026-07-13 11:00:00+00:00,2,98.89,0.92,3.35,62.32,1.44,2.57,2.69,0.04
9275,4,1860,2026-07-13 11:00:00+00:00,2,88.46,0.18,0.94,89.91,0.5,4.84,6.09,6.03
9276,5,1860,2026-07-13 11:00:00+00:00,1,108.38,0.02,3.06,30.05,0.32,3.31,8.92,0.26
9277,1,1861,2026-07-13 12:00:00+00:00,1,85.4,0.02,0.1,59.41,0.17,3.44,4.63,0.46
9278,2,1861,2026-07-13 12:00:00+00:00,2,90.72,0.35,1.54,92.01,2.15,4.52,11.59,0.36
9279,3,1861,2026-07-13 12:00:00+00:00,2,98.83,0.82,3.08,68.52,1.39,2.6,2.72,0.04
9280,4,1861,2026-07-13 12:00:00+00:00,2,88.44,0.14,0.74,94.43,0.44,5.68,7.16,5.85
9281,5,1861,2026-07-13 12:00:00+00:00,1,118.32,0.23,4.38,33.95,0.4,3.22,9.31,0.31
9282,1,1862,2026-07-13 13:00:00+00:00,1,93.74,0.03,0.24,56.56,0.22,3.89,5.28,0.66
9283,2,1862,2026-07-13 13:00:00+00:00,2,90.85,0.32,1.49,94.82,2.16,4.57,11.59,0.38
9284,3,1862,2026-07-13 13:00:00+00:00,2,100.35,0.74,3.34,73.04,1.42,2.44,2.56,0.05
9285,4,1862,2026-07-13 13:00:00+00:00,2,90.58,0.13,0.75,97.96,0.37,6.38,7.97,5.61
9286,5,1862,2026-07-13 13:00:00+00:00,1,123.84,0.4,4.53,41.97,0.52,3.05,9.63,0.35
9287,1,1863,2026-07-13 14:00:00+00:00,1,109.91,0.03,0.59,51.56,0.3,4.68,6.44,0.98
9288,2,1863,2026-07-13 14:00:00+00:00,2,90.74,0.31,1.55,95.24,2.16,4.51,11.31,0.43
9289,3,1863,2026-07-13 14:00:00+00:00,2,101.96,0.63,4.36,73.01,1.54,2.09,2.21,0.07
9290,4,1863,2026-07-13 14:00:00+00:00,2,92.43,0.13,0.92,97.32,0.3,6.83,8.49,5.12
9291,5,1863,2026-07-13 14:00:00+00:00,1,124.68,0.5,4.01,48.27,0.59,2.86,9.54,0.4
9292,1,1864,2026-07-13 15:00:00+00:00,1,127.37,0.0,0.99,46.94,0.37,5.46,7.63,1.24
9293,2,1864,2026-07-13 15:00:00+00:00,2,90.44,0.32,1.71,94.19,2.16,4.48,11.11,0.49
9294,3,1864,2026-07-13 15:00:00+00:00,2,103.3,0.41,5.93,70.0,1.67,1.73,1.87,0.1
9295,4,1864,2026-07-13 15:00:00+00:00,2,93.6,0.12,1.27,94.07,0.26,7.04,8.74,4.73
9296,5,1864,2026-07-13 15:00:00+00:00,1,122.31,0.44,3.03,58.25,0.64,2.68,9.42,0.44
9297,1,1865,2026-07-13 16:00:00+00:00,1,144.06,0.0,1.26,42.51,0.41,6.2,8.77,1.42
9298,2,1865,2026-07-13 16:00:00+00:00,2,90.86,0.29,2.13,92.91,2.22,4.67,11.58,0.57
9299,3,1865,2026-07-13 16:00:00+00:00,1,105.6,0.23,6.85,57.34,1.49,1.62,1.78,0.22
9300,4,1865,2026-07-13 16:00:00+00:00,2,92.01,0.1,1.62,89.02,0.23,6.88,8.46,4.31
9301,5,1865,2026-07-13 16:00:00+00:00,2,115.74,0.19,1.7,73.53,0.57,2.41,9.03,0.35
9302,1,1866,2026-07-13 17:00:00+00:00,1,156.92,0.0,1.39,39.96,0.41,6.73,9.55,1.49
9303,2,1866,2026-07-13 17:00:00+00:00,2,91.0,0.25,2.74,90.64,2.31,5.05,12.74,0.66
9304,3,1866,2026-07-13 17:00:00+00:00,1,107.21,0.13,6.61,42.77,1.12,1.68,1.87,0.31
9305,4,1866,2026-07-13 17:00:00+00:00,2,91.35,0.09,1.71,87.46,0.2,6.46,7.87,4.27
9306,5,1866,2026-07-13 17:00:00+00:00,2,112.35,0.14,1.27,76.84,0.52,2.21,8.27,0.31
9307,1,1867,2026-07-13 18:00:00+00:00,1,155.48,0.0,1.29,39.23,0.35,6.5,9.33,1.27
9308,2,1867,2026-07-13 18:00:00+00:00,2,91.14,0.18,3.51,87.43,2.41,5.5,14.17,0.75
9309,3,1867,2026-07-13 18:00:00+00:00,1,106.47,0.02,5.77,33.52,0.8,1.69,1.89,0.28
9310,4,1867,2026-07-13 18:00:00+00:00,2,90.1,0.06,1.54,88.27,0.16,5.46,6.59,3.99
9311,5,1867,2026-07-13 18:00:00+00:00,2,110.82,0.13,1.03,78.47,0.5,2.16,7.92,0.29
9312,1,1868,2026-07-13 19:00:00+00:00,1,152.54,0.0,1.2,37.58,0.32,6.12,8.94,0.93
9313,2,1868,2026-07-13 19:00:00+00:00,2,91.04,0.07,4.2,84.71,2.45,5.87,15.23,0.83
9314,3,1868,2026-07-13 19:00:00+00:00,1,103.65,0.0,4.68,26.74,0.57,1.63,1.82,0.22
9315,4,1868,2026-07-13 19:00:00+00:00,2,90.81,0.02,1.39,91.46,0.14,4.28,5.14,3.63
9316,5,1868,2026-07-13 19:00:00+00:00,2,110.24,0.12,0.92,81.76,0.47,2.15,7.33,0.28
9317,1,1869,2026-07-13 20:00:00+00:00,1,163.27,0.0,1.32,34.7,0.29,6.47,9.35,0.63
9318,2,1869,2026-07-13 20:00:00+00:00,2,91.15,0.01,4.48,83.34,2.43,6.12,15.77,0.89
9319,3,1869,2026-07-13 20:00:00+00:00,1,100.67,0.0,3.67,22.16,0.42,1.51,1.68,0.15
9320,4,1869,2026-07-13 20:00:00+00:00,2,91.77,0.0,1.52,88.78,0.14,3.58,4.28,3.69
9321,5,1869,2026-07-13 20:00:00+00:00,2,108.74,0.1,1.01,84.7,0.45,2.12,6.42,0.27
9322,1,1870,2026-07-13 21:00:00+00:00,1,161.31,0.0,1.29,32.74,0.21,6.15,8.84,0.4
9323,2,1870,2026-07-13 21:00:00+00:00,2,91.26,0.0,4.44,82.04,2.41,6.22,15.83,0.88
9324,3,1870,2026-07-13 21:00:00+00:00,1,97.13,0.0,2.87,20.04,0.41,1.34,1.49,0.12
9325,4,1870,2026-07-13 21:00:00+00:00,2,92.73,0.0,1.59,86.16,0.13,3.08,3.68,3.86
9326,5,1870,2026-07-13 21:00:00+00:00,2,108.38,0.11,1.26,85.68,0.45,2.07,5.93,0.27
9327,1,1871,2026-07-13 22:00:00+00:00,1,158.62,0.0,1.24,30.34,0.15,5.82,8.01,0.33
9328,2,1871,2026-07-13 22:00:00+00:00,2,90.63,0.0,4.32,79.47,2.34,6.07,14.92,0.82
9329,3,1871,2026-07-13 22:00:00+00:00,1,93.55,0.0,2.56,19.8,0.56,1.16,1.31,0.11
9330,4,1871,2026-07-13 22:00:00+00:00,2,92.42,0.0,1.74,79.96,0.13,2.81,3.38,4.22
9331,5,1871,2026-07-13 22:00:00+00:00,2,111.87,0.13,2.05,82.11,0.49,2.08,5.87,0.35
9332,1,1872,2026-07-13 23:00:00+00:00,1,161.31,0.0,1.26,27.58,0.13,5.83,7.74,0.36
9333,2,1872,2026-07-13 23:00:00+00:00,2,90.61,0.0,4.34,76.89,2.33,5.78,13.72,0.74
9334,3,1872,2026-07-13 23:00:00+00:00,1,91.46,0.0,2.32,15.59,0.52,1.12,1.27,0.1
9335,4,1872,2026-07-13 23:00:00+00:00,2,93.8,0.0,1.91,72.71,0.13,2.88,3.51,4.83
9336,5,1872,2026-07-13 23:00:00+00:00,2,116.93,0.1,3.16,74.09,0.57,2.12,5.99,0.47
9337,1,1873,2026-07-14 00:00:00+00:00,1,162.7,0.0,1.26,25.62,0.13,5.77,7.65,0.45
9338,2,1873,2026-07-14 00:00:00+00:00,2,90.59,0.0,4.45,74.29,2.36,5.55,12.65,0.68
9339,3,1873,2026-07-14 00:00:00+00:00,1,90.42,0.01,2.35,12.29,0.53,1.2,1.37,0.1
9340,4,1873,2026-07-14 00:00:00+00:00,2,95.88,0.0,2.0,66.69,0.16,3.12,3.89,5.4
9341,5,1873,2026-07-14 00:00:00+00:00,2,119.64,0.03,3.83,67.46,0.65,2.14,6.08,0.56
9342,1,1874,2026-07-14 01:00:00+00:00,1,163.09,0.0,1.25,24.3,0.14,5.68,7.71,0.54
9343,2,1874,2026-07-14 01:00:00+00:00,2,90.88,0.0,4.62,72.2,2.49,5.59,12.95,0.64
9344,3,1874,2026-07-14 01:00:00+00:00,1,89.92,0.01,2.63,9.56,0.61,1.39,1.62,0.09
9345,4,1874,2026-07-14 01:00:00+00:00,1,96.93,0.0,2.07,59.97,0.18,3.4,4.32,5.91
9346,5,1874,2026-07-14 01:00:00+00:00,1,121.03,0.0,4.26,58.83,0.66,2.16,6.06,0.64
9347,1,1875,2026-07-14 02:00:00+00:00,1,163.42,0.0,1.25,23.64,0.15,5.59,7.89,0.58
9348,2,1875,2026-07-14 02:00:00+00:00,2,91.3,0.0,4.73,71.21,2.6,5.84,13.75,0.6
9349,3,1875,2026-07-14 02:00:00+00:00,1,90.66,0.03,3.03,6.98,0.69,1.68,2.0,0.09
9350,4,1875,2026-07-14 02:00:00+00:00,1,98.18,0.0,2.26,53.1,0.21,3.66,4.71,6.18
9351,5,1875,2026-07-14 02:00:00+00:00,1,123.59,0.0,4.73,49.3,0.62,2.23,6.11,0.65
9352,1,1876,2026-07-14 03:00:00+00:00,1,165.79,0.0,1.29,23.71,0.18,5.65,8.17,0.68
9353,2,1876,2026-07-14 03:00:00+00:00,2,91.9,0.0,4.74,70.54,2.64,6.11,14.57,0.56
9354,3,1876,2026-07-14 03:00:00+00:00,1,93.72,0.8,2.88,5.83,0.84,2.12,2.59,0.1
9355,4,1876,2026-07-14 03:00:00+00:00,1,99.69,0.0,2.65,47.71,0.26,3.89,5.05,5.93
9356,5,1876,2026-07-14 03:00:00+00:00,1,125.81,0.0,5.09,42.01,0.56,2.33,6.24,0.51
9357,1,1877,2026-07-14 04:00:00+00:00,1,175.39,0.01,1.47,25.26,0.28,6.03,9.13,0.9
9358,2,1877,2026-07-14 04:00:00+00:00,2,92.11,0.0,4.76,69.77,2.69,6.33,15.07,0.53
9359,3,1877,2026-07-14 04:00:00+00:00,1,99.34,2.6,2.32,6.79,1.13,2.69,3.4,0.11
9360,4,1877,2026-07-14 04:00:00+00:00,1,99.58,0.0,3.21,44.61,0.4,3.99,5.28,5.55
9361,5,1877,2026-07-14 04:00:00+00:00,1,126.03,0.0,5.37,32.09,0.44,2.42,6.25,0.39
9362,1,1878,2026-07-14 05:00:00+00:00,1,186.15,0.17,1.41,27.42,0.34,6.46,10.13,0.9
9363,2,1878,2026-07-14 05:00:00+00:00,2,92.84,0.0,4.94,69.6,2.8,6.64,15.76,0.54
9364,3,1878,2026-07-14 05:00:00+00:00,1,104.28,3.99,2.65,9.47,1.67,3.25,4.23,0.13
9365,4,1878,2026-07-14 05:00:00+00:00,1,99.87,0.01,4.12,41.29,0.48,4.05,5.42,5.54
9366,5,1878,2026-07-14 05:00:00+00:00,1,124.15,0.01,5.12,22.32,0.32,2.53,6.26,0.38
9367,1,1879,2026-07-14 06:00:00+00:00,1,182.88,0.25,0.95,33.14,0.35,6.7,10.43,1.07
9368,2,1879,2026-07-14 06:00:00+00:00,2,93.76,0.17,5.12,70.14,2.93,6.99,16.54,0.59
9369,3,1879,2026-07-14 06:00:00+00:00,1,105.99,4.62,3.82,15.99,2.7,3.91,5.14,0.13
9370,4,1879,2026-07-14 06:00:00+00:00,1,100.6,0.27,5.37,38.69,0.54,4.14,5.6,5.74
9371,5,1879,2026-07-14 06:00:00+00:00,1,120.02,0.01,4.45,16.57,0.27,2.63,6.33,0.42
9372,1,1880,2026-07-14 07:00:00+00:00,1,102.23,0.06,0.21,49.59,0.22,2.97,4.93,0.64
9373,2,1880,2026-07-14 07:00:00+00:00,2,94.47,0.59,5.01,71.54,3.07,7.4,17.3,0.67
9374,3,1880,2026-07-14 07:00:00+00:00,1,106.12,4.45,8.93,49.51,4.68,3.83,4.48,0.0
9375,4,1880,2026-07-14 07:00:00+00:00,1,102.97,0.65,4.92,48.81,0.63,4.23,5.84,5.88
9376,5,1880,2026-07-14 07:00:00+00:00,1,115.8,0.02,4.09,14.02,0.29,2.72,6.46,0.62
9377,1,1881,2026-07-14 08:00:00+00:00,1,95.55,0.03,0.12,51.54,0.22,3.07,4.92,0.66
9378,2,1881,2026-07-14 08:00:00+00:00,2,95.15,1.0,4.95,74.02,3.22,7.89,18.05,0.8
9379,3,1881,2026-07-14 08:00:00+00:00,2,100.59,2.45,6.34,61.02,2.99,2.94,3.27,0.0
9380,4,1881,2026-07-14 08:00:00+00:00,1,103.55,1.03,4.36,53.04,0.7,4.4,6.17,5.97
9381,5,1881,2026-07-14 08:00:00+00:00,1,113.85,0.02,4.25,13.86,0.39,2.82,6.64,0.96
9382,1,1882,2026-07-14 09:00:00+00:00,1,95.03,0.02,0.09,51.1,0.23,3.35,5.22,0.69
9383,2,1882,2026-07-14 09:00:00+00:00,2,96.11,1.22,4.85,77.6,3.36,8.3,18.44,0.99
9384,3,1882,2026-07-14 09:00:00+00:00,2,97.44,1.38,4.3,66.44,2.19,2.78,3.01,0.0
9385,4,1882,2026-07-14 09:00:00+00:00,1,104.11,1.07,3.75,59.24,0.75,4.92,6.88,6.12
9386,5,1882,2026-07-14 09:00:00+00:00,1,114.32,0.02,4.76,14.27,0.51,2.93,6.74,1.33
9387,1,1883,2026-07-14 10:00:00+00:00,1,95.46,0.02,0.08,54.16,0.23,3.77,5.55,0.67
9388,2,1883,2026-07-14 10:00:00+00:00,2,97.39,1.28,4.76,83.56,3.61,8.62,18.49,1.13
9389,3,1883,2026-07-14 10:00:00+00:00,2,95.67,0.69,2.62,71.32,1.63,2.82,2.98,0.0
9390,4,1883,2026-07-14 10:00:00+00:00,2,101.13,0.3,1.9,91.21,0.62,5.03,7.03,4.33
9391,5,1883,2026-07-14 10:00:00+00:00,1,116.83,0.04,5.64,14.3,0.61,3.02,6.75,1.6
9392,1,1884,2026-07-14 11:00:00+00:00,1,94.19,0.02,0.09,55.58,0.21,3.94,5.54,0.64
9393,2,1884,2026-07-14 11:00:00+00:00,2,98.0,1.16,4.46,91.18,3.79,8.82,18.2,1.19
9394,3,1884,2026-07-14 11:00:00+00:00,2,93.46,0.33,1.44,74.21,1.21,2.85,2.97,0.0
9395,4,1884,2026-07-14 11:00:00+00:00,3,97.14,0.13,1.1,102.29,0.53,5.29,7.1,3.5
9396,5,1884,2026-07-14 11:00:00+00:00,1,127.04,0.42,7.44,12.7,0.67,3.17,7.24,1.66
9397,1,1885,2026-07-14 12:00:00+00:00,1,93.58,0.02,0.1,55.27,0.21,3.95,5.45,0.62
9398,2,1885,2026-07-14 12:00:00+00:00,2,98.25,0.95,3.95,99.64,3.83,9.09,18.02,1.22
9399,3,1885,2026-07-14 12:00:00+00:00,2,91.77,0.18,0.89,74.11,0.94,2.69,2.78,0.0
9400,4,1885,2026-07-14 12:00:00+00:00,3,95.5,0.08,0.86,107.67,0.48,5.78,7.51,3.27
9401,5,1885,2026-07-14 12:00:00+00:00,1,145.66,2.94,6.91,13.8,0.6,3.4,8.06,1.25
9402,1,1886,2026-07-14 13:00:00+00:00,1,101.55,0.03,0.23,52.88,0.25,4.41,6.04,0.79
9403,2,1886,2026-07-14 13:00:00+00:00,3,98.9,0.82,3.72,107.64,3.83,9.27,17.63,1.17
9404,3,1886,2026-07-14 13:00:00+00:00,2,91.01,0.14,0.71,72.42,0.75,2.41,2.49,0.02
9405,4,1886,2026-07-14 13:00:00+00:00,3,92.23,0.03,0.69,106.78,0.29,4.7,6.18,2.64
9406,5,1886,2026-07-14 13:00:00+00:00,1,148.57,2.67,6.02,32.24,0.89,3.63,9.6,0.54
9407,1,1887,2026-07-14 14:00:00+00:00,1,117.03,0.04,0.53,48.66,0.31,5.36,7.33,1.08
9408,2,1887,2026-07-14 14:00:00+00:00,3,98.33,0.78,3.82,112.17,3.76,9.0,16.71,1.03
9409,3,1887,2026-07-14 14:00:00+00:00,2,90.14,0.12,0.65,69.14,0.63,2.12,2.18,0.05
9410,4,1887,2026-07-14 14:00:00+00:00,3,88.02,0.02,0.62,104.29,0.18,3.57,4.82,2.14
9411,5,1887,2026-07-14 14:00:00+00:00,1,149.57,2.38,5.32,42.85,0.91,3.91,10.27,0.51
9412,1,1888,2026-07-14 15:00:00+00:00,1,133.67,0.0,0.91,44.86,0.35,6.34,8.69,1.28
9413,2,1888,2026-07-14 15:00:00+00:00,3,97.58,0.78,4.15,113.98,3.76,8.58,15.71,0.92
9414,3,1888,2026-07-14 15:00:00+00:00,2,89.36,0.11,0.64,65.23,0.55,1.86,1.92,0.07
9415,4,1888,2026-07-14 15:00:00+00:00,3,85.62,0.03,0.64,103.63,0.14,3.02,4.12,1.93
9416,5,1888,2026-07-14 15:00:00+00:00,2,147.8,1.22,4.06,65.32,1.0,4.9,11.61,0.53
9417,1,1889,2026-07-14 16:00:00+00:00,1,161.02,0.0,1.36,39.93,0.42,7.8,10.82,1.5
9418,2,1889,2026-07-14 16:00:00+00:00,3,97.16,0.79,4.85,114.53,3.87,8.21,14.97,0.87
9419,3,1889,2026-07-14 16:00:00+00:00,1,89.53,0.1,0.8,58.22,0.52,1.73,1.8,0.13
9420,4,1889,2026-07-14 16:00:00+00:00,3,85.04,0.04,0.68,104.07,0.12,2.74,3.73,1.83
9421,5,1889,2026-07-14 16:00:00+00:00,2,118.96,0.3,1.5,96.83,0.91,4.35,9.8,0.22
9422,1,1890,2026-07-14 17:00:00+00:00,2,203.98,0.0,1.93,35.44,0.52,10.08,14.11,1.92
9423,2,1890,2026-07-14 17:00:00+00:00,3,96.98,0.72,5.72,113.45,3.95,7.85,14.4,0.88
9424,3,1890,2026-07-14 17:00:00+00:00,1,90.29,0.06,1.11,48.73,0.51,1.68,1.76,0.19
9425,4,1890,2026-07-14 17:00:00+00:00,3,85.01,0.03,0.8,103.19,0.12,2.65,3.6,1.87
9426,5,1890,2026-07-14 17:00:00+00:00,3,111.16,0.19,1.05,104.67,0.74,4.22,8.65,0.2
9427,1,1891,2026-07-14 18:00:00+00:00,2,242.74,0.0,2.37,32.25,0.59,12.3,17.19,2.35
9428,2,1891,2026-07-14 18:00:00+00:00,3,97.25,0.52,6.75,111.51,4.01,7.61,14.19,0.92
9429,3,1891,2026-07-14 18:00:00+00:00,1,90.79,0.01,1.43,40.11,0.5,1.62,1.71,0.19
9430,4,1891,2026-07-14 18:00:00+00:00,3,85.41,0.01,0.89,102.3,0.13,2.64,3.58,1.96
9431,5,1891,2026-07-14 18:00:00+00:00,3,110.23,0.18,1.02,109.14,0.7,4.62,8.7,0.22
9432,1,1892,2026-07-14 19:00:00+00:00,2,274.84,0.0,2.73,29.52,0.63,14.22,19.72,2.65
9433,2,1892,2026-07-14 19:00:00+00:00,3,98.24,0.2,7.6,110.18,4.03,7.51,14.26,1.04
9434,3,1892,2026-07-14 19:00:00+00:00,1,90.48,0.0,1.7,32.78,0.51,1.61,1.71,0.16
9435,4,1892,2026-07-14 19:00:00+00:00,2,86.89,0.01,1.79,90.2,0.16,2.74,3.71,3.05
9436,5,1892,2026-07-14 19:00:00+00:00,3,109.27,0.18,1.03,110.88,0.62,4.6,8.23,0.26
9437,1,1893,2026-07-14 20:00:00+00:00,2,297.14,0.0,2.96,26.88,0.53,15.65,20.97,2.27
9438,2,1893,2026-07-14 20:00:00+00:00,3,99.3,0.02,7.61,109.3,3.95,7.21,13.86,1.24
9439,3,1893,2026-07-14 20:00:00+00:00,1,91.31,0.0,1.93,27.23,0.57,1.68,1.79,0.13
9440,4,1893,2026-07-14 20:00:00+00:00,2,89.99,0.0,3.06,73.96,0.22,2.97,4.01,4.54
9441,5,1893,2026-07-14 20:00:00+00:00,3,108.37,0.19,1.17,109.33,0.56,4.51,7.8,0.32
9442,1,1894,2026-07-14 21:00:00+00:00,2,298.91,0.0,2.93,24.63,0.34,15.79,20.29,1.53
9443,2,1894,2026-07-14 21:00:00+00:00,3,99.19,0.0,6.96,107.57,3.77,6.57,12.91,1.48
9444,3,1894,2026-07-14 21:00:00+00:00,1,92.05,0.0,2.08,23.14,0.69,1.79,1.93,0.11
9445,4,1894,2026-07-14 21:00:00+00:00,2,93.11,0.0,4.09,62.26,0.26,3.28,4.4,5.57
9446,5,1894,2026-07-14 21:00:00+00:00,3,110.41,0.24,1.54,109.94,0.57,4.61,7.77,0.4
9447,1,1895,2026-07-14 22:00:00+00:00,2,290.95,0.0,2.76,22.81,0.23,15.31,18.85,1.01
9448,2,1895,2026-07-14 22:00:00+00:00,3,97.81,0.0,6.01,104.54,3.33,5.82,12.01,1.63
9449,3,1895,2026-07-14 22:00:00+00:00,1,91.28,0.0,2.11,20.34,0.78,1.86,2.01,0.1
9450,4,1895,2026-07-14 22:00:00+00:00,1,94.2,0.0,4.6,53.63,0.27,3.59,4.77,6.14
9451,5,1895,2026-07-14 22:00:00+00:00,3,120.89,0.42,3.1,104.29,0.6,4.92,8.12,0.58
9452,1,1896,2026-07-14 23:00:00+00:00,2,287.9,0.0,2.64,21.74,0.19,15.09,18.15,0.79
9453,2,1896,2026-07-14 23:00:00+00:00,2,96.06,0.0,5.95,97.48,3.26,5.42,11.98,1.39
9454,3,1896,2026-07-14 23:00:00+00:00,1,90.51,0.0,1.97,18.71,0.73,1.85,1.99,0.09
9455,4,1896,2026-07-14 23:00:00+00:00,1,95.95,0.0,4.43,48.8,0.28,3.99,5.24,6.41
9456,5,1896,2026-07-14 23:00:00+00:00,2,133.45,0.5,5.06,92.53,0.65,5.29,8.58,0.78
9457,1,1897,2026-07-15 00:00:00+00:00,2,285.63,0.0,2.55,21.28,0.18,14.94,17.8,0.73
9458,2,1897,2026-07-15 00:00:00+00:00,2,94.22,0.0,5.95,90.09,3.23,5.06,11.83,1.16
9459,3,1897,2026-07-15 00:00:00+00:00,1,88.66,0.0,1.75,17.74,0.64,1.76,1.88,0.09
9460,4,1897,2026-07-15 00:00:00+00:00,1,98.75,0.0,4.03,46.32,0.32,4.53,5.85,6.56
9461,5,1897,2026-07-15 00:00:00+00:00,2,140.93,0.22,6.79,81.68,0.71,5.55,8.89,0.93
9462,1,1898,2026-07-15 01:00:00+00:00,2,279.0,0.0,2.42,21.6,0.19,14.52,17.29,0.77
9463,2,1898,2026-07-15 01:00:00+00:00,2,92.69,0.0,5.84,83.19,3.16,4.65,11.42,1.08
9464,3,1898,2026-07-15 01:00:00+00:00,1,86.04,0.0,1.51,16.91,0.56,1.59,1.69,0.09
9465,4,1898,2026-07-15 01:00:00+00:00,1,103.02,0.0,3.48,48.42,0.44,5.36,6.79,6.32
9466,5,1898,2026-07-15 01:00:00+00:00,2,142.92,0.0,7.45,73.26,0.81,5.7,9.03,1.03
9467,1,1899,2026-07-15 02:00:00+00:00,2,271.35,0.0,2.3,21.72,0.19,14.1,16.84,0.77
9468,2,1899,2026-07-15 02:00:00+00:00,2,92.59,0.0,5.95,77.33,3.19,4.37,11.28,1.11
9469,3,1899,2026-07-15 02:00:00+00:00,1,83.35,0.01,1.33,15.93,0.53,1.4,1.5,0.09
9470,4,1899,2026-07-15 02:00:00+00:00,1,107.97,0.0,3.19,49.74,0.51,6.16,7.64,6.31
9471,5,1899,2026-07-15 02:00:00+00:00,2,143.58,0.0,7.25,68.43,0.96,5.9,9.3,1.1
9472,1,1900,2026-07-15 03:00:00+00:00,2,269.94,0.0,2.27,21.61,0.21,14.0,16.85,0.82
9473,2,1900,2026-07-15 03:00:00+00:00,2,92.75,0.0,5.98,72.56,3.17,4.22,11.31,1.16
9474,3,1900,2026-07-15 03:00:00+00:00,1,81.64,0.14,1.16,14.82,0.54,1.26,1.37,0.09
9475,4,1900,2026-07-15 03:00:00+00:00,1,112.44,0.0,3.01,53.47,0.56,6.82,8.33,6.37
9476,5,1900,2026-07-15 03:00:00+00:00,2,143.36,0.0,7.01,64.62,1.08,6.06,9.55,1.13
9477,1,1901,2026-07-15 04:00:00+00:00,2,284.18,0.01,2.49,21.33,0.32,14.64,18.23,1.03
9478,2,1901,2026-07-15 04:00:00+00:00,2,93.37,0.0,6.0,68.39,3.14,4.23,11.38,1.16
9479,3,1901,2026-07-15 04:00:00+00:00,1,81.13,0.44,1.0,14.48,0.61,1.19,1.32,0.1
9480,4,1901,2026-07-15 04:00:00+00:00,2,119.27,0.0,2.67,67.19,0.7,7.62,9.17,6.06
9481,5,1901,2026-07-15 04:00:00+00:00,2,138.91,0.0,6.45,60.33,1.13,6.06,9.52,1.1
9482,1,1902,2026-07-15 05:00:00+00:00,2,302.99,0.32,2.26,22.55,0.41,15.5,19.98,1.38
9483,2,1902,2026-07-15 05:00:00+00:00,2,94.34,0.0,6.07,65.78,3.13,4.48,11.67,1.13
9484,3,1902,2026-07-15 05:00:00+00:00,1,80.29,0.63,0.95,15.36,0.69,1.18,1.35,0.11
9485,4,1902,2026-07-15 05:00:00+00:00,2,119.52,0.0,3.02,69.61,0.77,7.67,9.19,6.23
9486,5,1902,2026-07-15 05:00:00+00:00,1,133.92,0.0,5.52,56.94,1.09,5.99,9.39,1.04
9487,1,1903,2026-07-15 06:00:00+00:00,2,311.82,0.42,1.57,30.41,0.48,17.17,22.13,1.9
9488,2,1903,2026-07-15 06:00:00+00:00,2,95.4,0.14,6.15,64.81,3.11,5.0,12.21,1.11
9489,3,1903,2026-07-15 06:00:00+00:00,1,79.19,0.61,0.99,18.35,0.76,1.27,1.47,0.11
9490,4,1903,2026-07-15 06:00:00+00:00,2,116.77,0.09,3.85,69.45,0.82,7.27,8.75,6.5
9491,5,1903,2026-07-15 06:00:00+00:00,1,127.06,0.0,4.44,54.11,0.95,5.76,9.05,0.94
9492,1,1904,2026-07-15 07:00:00+00:00,1,142.12,0.09,0.32,47.63,0.35,7.3,10.07,0.96
9493,2,1904,2026-07-15 07:00:00+00:00,2,96.05,0.68,5.59,66.3,3.07,5.75,13.07,1.12
9494,3,1904,2026-07-15 07:00:00+00:00,1,80.19,0.24,0.74,39.83,0.75,1.28,1.44,0.01
9495,4,1904,2026-07-15 07:00:00+00:00,2,113.16,0.37,4.1,70.07,0.9,6.71,8.15,6.64
9496,5,1904,2026-07-15 07:00:00+00:00,1,118.78,0.0,3.37,53.12,0.88,5.33,8.5,0.79
9497,1,1905,2026-07-15 08:00:00+00:00,1,127.68,0.05,0.18,49.92,0.32,6.99,9.54,0.87
9498,2,1905,2026-07-15 08:00:00+00:00,2,96.72,1.04,5.11,70.01,3.05,6.7,14.3,1.16
9499,3,1905,2026-07-15 08:00:00+00:00,1,79.26,0.11,0.41,48.49,0.47,0.95,1.07,0.01
9500,4,1905,2026-07-15 08:00:00+00:00,2,110.56,0.62,3.83,72.57,1.01,6.32,7.72,6.64
9501,5,1905,2026-07-15 08:00:00+00:00,1,112.11,0.0,2.62,51.02,0.94,4.91,7.97,0.69
9502,1,1906,2026-07-15 09:00:00+00:00,1,122.97,0.04,0.13,50.5,0.32,7.11,9.62,0.85
9503,2,1906,2026-07-15 09:00:00+00:00,2,97.39,1.13,4.55,76.22,3.05,7.73,15.85,1.23
9504,3,1906,2026-07-15 09:00:00+00:00,1,78.76,0.08,0.29,51.96,0.35,0.84,0.95,0.03
9505,4,1906,2026-07-15 09:00:00+00:00,2,108.94,0.63,3.18,80.04,1.12,6.38,7.75,6.55
9506,5,1906,2026-07-15 09:00:00+00:00,1,107.22,0.0,2.23,49.24,1.15,4.58,7.61,0.64
9507,1,1907,2026-07-15 10:00:00+00:00,1,110.85,0.02,0.09,52.89,0.28,6.56,8.9,0.72
9508,2,1907,2026-07-15 10:00:00+00:00,2,97.75,1.0,3.92,85.12,3.12,8.71,17.41,1.26
9509,3,1907,2026-07-15 10:00:00+00:00,1,78.92,0.07,0.24,54.29,0.29,0.79,0.9,0.05
9510,4,1907,2026-07-15 10:00:00+00:00,3,103.37,0.12,1.39,105.14,0.62,5.16,6.2,4.27
9511,5,1907,2026-07-15 10:00:00+00:00,1,104.07,0.0,2.16,48.23,1.44,4.37,7.41,0.6
9512,1,1908,2026-07-15 11:00:00+00:00,1,105.79,0.02,0.1,52.97,0.25,6.38,8.66,0.66
9513,2,1908,2026-07-15 11:00:00+00:00,2,97.08,0.76,3.19,95.99,3.13,9.08,17.78,1.25
9514,3,1908,2026-07-15 11:00:00+00:00,1,78.95,0.06,0.22,55.57,0.24,0.74,0.84,0.06
9515,4,1908,2026-07-15 11:00:00+00:00,3,101.83,0.07,0.91,109.0,0.46,4.59,5.48,3.61
9516,5,1908,2026-07-15 11:00:00+00:00,1,105.71,0.03,2.82,42.82,1.37,4.34,7.33,0.63
9517,1,1909,2026-07-15 12:00:00+00:00,1,102.56,0.02,0.11,52.34,0.24,6.21,8.55,0.63
9518,2,1909,2026-07-15 12:00:00+00:00,3,96.23,0.57,2.63,105.36,3.07,9.02,17.52,1.22
9519,3,1909,2026-07-15 12:00:00+00:00,1,79.33,0.06,0.23,56.5,0.21,0.67,0.76,0.07
9520,4,1909,2026-07-15 12:00:00+00:00,3,101.16,0.07,0.82,110.76,0.45,4.5,5.33,3.5
9521,5,1909,2026-07-15 12:00:00+00:00,1,113.29,0.51,3.7,37.62,1.21,4.4,7.35,0.72
9522,1,1910,2026-07-15 13:00:00+00:00,1,107.47,0.04,0.23,50.43,0.26,6.36,8.95,0.77
9523,2,1910,2026-07-15 13:00:00+00:00,3,96.5,0.5,2.54,111.24,3.13,8.8,17.25,1.15
9524,3,1910,2026-07-15 13:00:00+00:00,1,79.85,0.07,0.27,57.06,0.21,0.64,0.73,0.08
9525,4,1910,2026-07-15 13:00:00+00:00,3,103.33,0.09,1.2,110.05,0.53,4.94,5.7,3.75
9526,5,1910,2026-07-15 13:00:00+00:00,1,120.9,1.25,3.77,37.53,1.07,4.52,7.46,0.82
9527,1,1911,2026-07-15 14:00:00+00:00,1,119.43,0.04,0.51,47.49,0.31,6.84,9.85,1.05
9528,2,1911,2026-07-15 14:00:00+00:00,3,96.43,0.49,2.69,113.03,3.19,8.16,16.32,1.0
9529,3,1911,2026-07-15 14:00:00+00:00,1,80.42,0.08,0.33,56.19,0.23,0.66,0.75,0.1
9530,4,1911,2026-07-15 14:00:00+00:00,3,105.61,0.11,1.99,104.35,0.61,5.44,6.11,4.01
9531,5,1911,2026-07-15 14:00:00+00:00,1,124.16,1.21,3.44,45.76,0.99,4.75,7.65,0.86
9532,1,1912,2026-07-15 15:00:00+00:00,1,132.48,0.0,0.88,44.73,0.34,7.29,10.74,1.29
9533,2,1912,2026-07-15 15:00:00+00:00,3,96.45,0.51,2.89,113.26,3.25,7.4,15.09,0.88
9534,3,1912,2026-07-15 15:00:00+00:00,1,80.46,0.08,0.37,54.39,0.25,0.67,0.75,0.11
9535,4,1912,2026-07-15 15:00:00+00:00,2,108.43,0.1,3.16,98.73,0.65,5.74,6.32,4.14
9536,5,1912,2026-07-15 15:00:00+00:00,2,125.69,0.65,2.58,64.31,0.99,5.51,8.38,0.84
9537,1,1913,2026-07-15 16:00:00+00:00,1,155.35,0.0,1.3,40.74,0.43,8.29,12.36,1.73
9538,2,1913,2026-07-15 16:00:00+00:00,3,96.95,0.51,3.28,113.21,3.36,6.89,14.27,0.88
9539,3,1913,2026-07-15 16:00:00+00:00,1,80.54,0.07,0.48,51.34,0.29,0.65,0.72,0.13
9540,4,1913,2026-07-15 16:00:00+00:00,2,109.68,0.09,4.83,88.8,0.69,5.86,6.38,4.14
9541,5,1913,2026-07-15 16:00:00+00:00,3,119.27,0.22,1.38,108.46,1.94,7.63,10.05,0.36
9542,1,1914,2026-07-15 17:00:00+00:00,2,192.89,0.0,1.81,37.32,0.59,10.16,15.16,2.44
9543,2,1914,2026-07-15 17:00:00+00:00,3,97.19,0.45,3.84,111.85,3.41,6.41,13.47,0.94
9544,3,1914,2026-07-15 17:00:00+00:00,1,80.99,0.04,0.65,47.34,0.31,0.6,0.66,0.16
9545,4,1914,2026-07-15 17:00:00+00:00,2,111.43,0.1,6.07,80.95,0.74,6.04,6.55,4.62
9546,5,1914,2026-07-15 17:00:00+00:00,3,119.05,0.17,1.14,119.82,2.19,9.24,11.23,0.18
9547,1,1915,2026-07-15 18:00:00+00:00,2,223.95,0.0,2.16,35.15,0.71,11.84,17.61,3.05
9548,2,1915,2026-07-15 18:00:00+00:00,3,96.98,0.32,4.46,109.1,3.41,5.87,12.49,1.01
9549,3,1915,2026-07-15 18:00:00+00:00,1,81.45,0.0,0.86,43.46,0.34,0.53,0.58,0.17
9550,4,1915,2026-07-15 18:00:00+00:00,2,112.49,0.09,6.58,78.6,0.8,6.18,6.68,5.63
9551,5,1915,2026-07-15 18:00:00+00:00,3,119.51,0.16,1.13,123.51,2.1,10.11,11.92,0.14
9552,1,1916,2026-07-15 19:00:00+00:00,2,247.25,0.0,2.41,33.53,0.78,13.06,19.29,3.35
9553,2,1916,2026-07-15 19:00:00+00:00,3,96.45,0.16,4.92,104.93,3.32,5.21,11.17,1.05
9554,3,1916,2026-07-15 19:00:00+00:00,1,80.8,0.0,1.06,39.56,0.38,0.5,0.52,0.17
9555,4,1916,2026-07-15 19:00:00+00:00,2,112.95,0.07,6.81,78.95,0.79,6.3,6.84,7.14
9556,5,1916,2026-07-15 19:00:00+00:00,3,120.57,0.16,1.13,125.88,1.93,10.68,12.33,0.14
9557,1,1917,2026-07-15 20:00:00+00:00,2,259.42,0.0,2.5,32.16,0.68,13.57,19.74,2.88
9558,2,1917,2026-07-15 20:00:00+00:00,3,96.14,0.03,5.14,100.33,3.19,4.55,9.72,1.1
9559,3,1917,2026-07-15 20:00:00+00:00,1,80.9,0.0,1.2,36.19,0.41,0.5,0.5,0.16
9560,4,1917,2026-07-15 20:00:00+00:00,2,112.97,0.01,6.78,74.94,0.7,6.47,7.07,8.15
9561,5,1917,2026-07-15 20:00:00+00:00,3,119.84,0.16,1.19,124.2,1.75,10.73,12.23,0.17
9562,1,1918,2026-07-15 21:00:00+00:00,2,248.37,0.0,2.32,31.27,0.48,12.75,18.24,2.0
9563,2,1918,2026-07-15 21:00:00+00:00,2,96.73,0.0,5.15,97.27,3.07,4.28,9.2,1.21
9564,3,1918,2026-07-15 21:00:00+00:00,1,80.73,0.0,1.23,33.46,0.43,0.5,0.5,0.14
9565,4,1918,2026-07-15 21:00:00+00:00,2,112.11,0.0,6.36,67.58,0.58,6.56,7.21,8.09
9566,5,1918,2026-07-15 21:00:00+00:00,3,119.96,0.18,1.45,123.24,1.63,10.53,11.97,0.23
9567,1,1919,2026-07-15 22:00:00+00:00,2,231.5,0.0,2.06,30.58,0.35,11.68,16.55,1.46
9568,2,1919,2026-07-15 22:00:00+00:00,2,98.11,0.0,5.21,96.91,2.96,4.64,10.18,1.36
9569,3,1919,2026-07-15 22:00:00+00:00,1,79.82,0.0,1.18,31.19,0.42,0.5,0.5,0.12
9570,4,1919,2026-07-15 22:00:00+00:00,1,109.28,0.0,5.73,58.74,0.42,6.51,7.2,7.11
9571,5,1919,2026-07-15 22:00:00+00:00,3,127.64,0.33,2.81,114.88,1.48,10.37,11.83,0.43
9572,1,1920,2026-07-15 23:00:00+00:00,2,226.03,0.0,1.95,29.62,0.31,11.38,16.04,1.33
9573,2,1920,2026-07-15 23:00:00+00:00,2,99.91,0.0,5.55,96.3,3.08,5.38,12.01,1.43
9574,3,1920,2026-07-15 23:00:00+00:00,1,79.6,0.0,1.07,29.37,0.39,0.51,0.53,0.1
9575,4,1920,2026-07-15 23:00:00+00:00,1,107.48,0.0,5.07,52.43,0.34,6.5,7.25,6.63
9576,5,1920,2026-07-15 23:00:00+00:00,3,137.39,0.39,4.56,100.26,1.34,10.08,11.62,0.71
9577,1,1921,2026-07-16 00:00:00+00:00,2,222.95,0.0,1.88,28.9,0.3,11.23,15.84,1.35
9578,2,1921,2026-07-16 00:00:00+00:00,2,101.54,0.0,5.82,94.52,3.23,6.0,13.44,1.41
9579,3,1921,2026-07-16 00:00:00+00:00,1,79.37,0.0,0.95,27.79,0.35,0.55,0.6,0.09
9580,4,1921,2026-07-16 00:00:00+00:00,1,106.64,0.0,4.49,47.68,0.3,6.53,7.35,6.43
9581,5,1921,2026-07-16 00:00:00+00:00,2,140.86,0.16,5.91,86.13,1.26,9.44,11.07,0.94
9582,1,1922,2026-07-16 01:00:00+00:00,2,218.76,0.0,1.82,28.64,0.3,10.99,15.58,1.41
9583,2,1922,2026-07-16 01:00:00+00:00,2,102.85,0.0,6.13,91.05,3.43,6.41,14.36,1.39
9584,3,1922,2026-07-16 01:00:00+00:00,1,78.45,0.0,0.85,26.43,0.35,0.6,0.68,0.09
9585,4,1922,2026-07-16 01:00:00+00:00,1,105.33,0.0,4.05,43.01,0.27,6.55,7.45,6.12
9586,5,1922,2026-07-16 01:00:00+00:00,2,139.46,0.0,6.28,72.85,1.21,8.66,10.33,1.12
9587,1,1923,2026-07-16 02:00:00+00:00,2,213.68,0.0,1.75,29.04,0.3,10.69,15.26,1.42
9588,2,1923,2026-07-16 02:00:00+00:00,2,104.3,0.0,6.56,87.6,3.69,6.79,15.33,1.37
9589,3,1923,2026-07-16 02:00:00+00:00,1,78.28,0.0,0.82,26.38,0.39,0.76,0.84,0.08
9590,4,1923,2026-07-16 02:00:00+00:00,1,104.9,0.0,3.74,37.81,0.25,6.63,7.59,5.47
9591,5,1923,2026-07-16 02:00:00+00:00,2,137.78,0.0,5.88,60.95,1.06,8.14,9.85,1.23
9592,1,1924,2026-07-16 03:00:00+00:00,2,212.84,0.0,1.76,29.72,0.32,10.6,15.23,1.46
9593,2,1924,2026-07-16 03:00:00+00:00,2,105.75,0.0,6.89,83.84,3.88,7.1,16.27,1.29
9594,3,1924,2026-07-16 03:00:00+00:00,1,79.62,0.02,0.9,28.18,0.47,1.09,1.18,0.08
9595,4,1924,2026-07-16 03:00:00+00:00,1,104.45,0.0,3.59,32.69,0.22,6.71,7.73,4.83
9596,5,1924,2026-07-16 03:00:00+00:00,1,135.45,0.0,5.39,50.22,0.83,7.82,9.53,1.01
9597,1,1925,2026-07-16 04:00:00+00:00,2,228.22,0.01,2.02,29.76,0.42,11.32,16.53,1.67
9598,2,1925,2026-07-16 04:00:00+00:00,2,106.55,0.0,7.13,79.35,4.01,7.24,16.87,1.15
9599,3,1925,2026-07-16 04:00:00+00:00,1,82.57,0.04,1.12,31.37,0.57,1.63,1.75,0.07
9600,4,1925,2026-07-16 04:00:00+00:00,1,102.9,0.0,3.68,27.98,0.21,6.68,7.74,4.4
9601,5,1925,2026-07-16 04:00:00+00:00,1,128.74,0.0,4.61,41.06,0.62,7.45,9.1,0.65
9602,1,1926,2026-07-16 05:00:00+00:00,2,248.47,0.28,1.88,30.94,0.5,12.27,18.15,2.08
9603,2,1926,2026-07-16 05:00:00+00:00,2,107.41,0.01,7.45,75.08,4.12,7.27,17.16,1.03
9604,3,1926,2026-07-16 05:00:00+00:00,1,85.41,0.1,1.17,33.59,0.6,2.24,2.36,0.07
9605,4,1926,2026-07-16 05:00:00+00:00,1,103.63,0.03,4.67,24.41,0.25,6.74,7.88,4.32
9606,5,1926,2026-07-16 05:00:00+00:00,1,123.04,0.0,3.77,36.0,0.53,7.37,8.99,0.49
9607,1,1927,2026-07-16 06:00:00+00:00,2,252.74,0.33,1.27,38.73,0.55,13.23,19.29,2.37
9608,2,1927,2026-07-16 06:00:00+00:00,2,108.18,0.26,7.74,71.66,4.21,7.14,17.05,0.99
9609,3,1927,2026-07-16 06:00:00+00:00,1,87.88,0.15,1.07,35.57,0.61,2.77,2.9,0.07
9610,4,1927,2026-07-16 06:00:00+00:00,1,106.15,0.3,6.45,22.31,0.31,6.87,8.11,4.26
9611,5,1927,2026-07-16 06:00:00+00:00,1,118.11,0.0,3.04,32.67,0.48,7.43,9.02,0.4
9612,1,1928,2026-07-16 07:00:00+00:00,2,112.14,0.05,0.22,61.9,0.37,5.08,8.0,0.65
9613,2,1928,2026-07-16 07:00:00+00:00,2,108.59,0.9,7.49,70.06,4.25,6.96,16.63,1.02
9614,3,1928,2026-07-16 07:00:00+00:00,1,92.15,0.16,0.87,40.56,0.67,3.27,3.39,0.06
9615,4,1928,2026-07-16 07:00:00+00:00,1,109.01,1.03,7.05,24.39,0.4,6.93,8.28,4.14
9616,5,1928,2026-07-16 07:00:00+00:00,1,113.14,0.0,2.53,27.1,0.39,7.53,9.08,0.35
9617,1,1929,2026-07-16 08:00:00+00:00,2,100.91,0.03,0.12,62.99,0.32,4.59,7.05,0.53
9618,2,1929,2026-07-16 08:00:00+00:00,2,108.91,1.48,7.28,70.29,4.28,6.84,16.36,1.07
9619,3,1929,2026-07-16 08:00:00+00:00,1,96.36,0.18,0.69,42.97,0.59,3.2,3.29,0.06
9620,4,1929,2026-07-16 08:00:00+00:00,1,111.53,1.95,6.34,28.06,0.45,6.89,8.32,4.57
9621,5,1929,2026-07-16 08:00:00+00:00,1,109.11,0.0,2.27,20.01,0.29,7.67,9.19,0.35
9622,1,1930,2026-07-16 09:00:00+00:00,2,98.04,0.02,0.09,63.06,0.31,4.54,6.8,0.5
9623,2,1930,2026-07-16 09:00:00+00:00,2,109.04,1.77,6.82,73.79,4.28,6.92,16.48,1.13
9624,3,1930,2026-07-16 09:00:00+00:00,1,101.46,0.2,0.61,43.94,0.54,2.61,2.68,0.06
9625,4,1930,2026-07-16 09:00:00+00:00,1,113.29,2.32,5.55,36.23,0.54,7.03,8.54,5.01
9626,5,1930,2026-07-16 09:00:00+00:00,1,106.04,0.01,2.2,14.8,0.23,7.79,9.3,0.37
9627,1,1931,2026-07-16 10:00:00+00:00,2,94.05,0.02,0.09,64.82,0.28,4.31,6.22,0.43
9628,2,1931,2026-07-16 10:00:00+00:00,2,109.26,1.68,5.99,81.8,4.19,7.29,17.08,1.19
9629,3,1931,2026-07-16 10:00:00+00:00,1,105.04,0.21,0.61,45.78,0.59,1.74,1.8,0.07
9630,4,1931,2026-07-16 10:00:00+00:00,2,111.01,0.49,2.89,91.19,0.83,5.8,7.02,4.1
9631,5,1931,2026-07-16 10:00:00+00:00,1,105.11,0.05,2.43,11.23,0.2,7.92,9.41,0.39
9632,1,1932,2026-07-16 11:00:00+00:00,2,90.51,0.02,0.1,65.98,0.26,4.07,5.7,0.39
9633,2,1932,2026-07-16 11:00:00+00:00,2,108.09,1.29,4.95,94.6,4.04,7.8,17.46,1.23
9634,3,1932,2026-07-16 11:00:00+00:00,1,105.43,0.19,0.61,49.05,0.68,1.05,1.11,0.09
9635,4,1932,2026-07-16 11:00:00+00:00,2,106.12,0.19,2.01,96.99,0.68,5.69,6.7,3.69
9636,5,1932,2026-07-16 11:00:00+00:00,1,112.48,0.26,3.69,9.02,0.2,8.16,9.66,0.44
9637,1,1933,2026-07-16 12:00:00+00:00,2,89.96,0.03,0.12,66.79,0.26,4.06,5.59,0.39
9638,2,1933,2026-07-16 12:00:00+00:00,3,106.57,0.91,3.98,108.29,3.86,8.32,17.45,1.23
9639,3,1933,2026-07-16 12:00:00+00:00,1,104.75,0.17,0.61,53.97,0.74,0.75,0.8,0.1
9640,4,1933,2026-07-16 12:00:00+00:00,2,103.34,0.1,2.03,95.33,0.6,5.65,6.54,3.66
9641,5,1933,2026-07-16 12:00:00+00:00,1,130.56,1.77,4.82,9.29,0.24,8.57,10.11,0.58
9642,1,1934,2026-07-16 13:00:00+00:00,2,98.04,0.04,0.26,65.7,0.3,4.42,6.12,0.6
9643,2,1934,2026-07-16 13:00:00+00:00,3,106.06,0.69,3.49,117.77,3.78,8.76,17.8,1.17
9644,3,1934,2026-07-16 13:00:00+00:00,2,105.98,0.16,0.63,61.04,0.82,0.75,0.82,0.12
9645,4,1934,2026-07-16 13:00:00+00:00,2,102.69,0.1,2.17,93.29,0.52,5.57,6.3,3.66
9646,5,1934,2026-07-16 13:00:00+00:00,1,147.19,3.27,5.34,15.8,0.35,9.38,10.92,0.72
9647,1,1935,2026-07-16 14:00:00+00:00,2,112.32,0.04,0.57,62.63,0.36,5.02,7.08,0.92
9648,2,1935,2026-07-16 14:00:00+00:00,3,105.66,0.58,3.2,122.2,3.64,8.94,18.33,1.09
9649,3,1935,2026-07-16 14:00:00+00:00,2,107.36,0.17,0.77,67.1,1.07,1.0,1.1,0.13
9650,4,1935,2026-07-16 14:00:00+00:00,2,102.68,0.16,2.01,92.19,0.43,5.69,6.3,3.53
9651,5,1935,2026-07-16 14:00:00+00:00,2,153.74,2.72,5.78,31.43,0.52,10.74,12.23,0.8
9652,1,1936,2026-07-16 15:00:00+00:00,1,127.01,0.0,0.98,59.43,0.41,5.59,8.05,1.21
9653,2,1936,2026-07-16 15:00:00+00:00,3,105.07,0.52,3.03,121.73,3.41,8.43,17.57,0.99
9654,3,1936,2026-07-16 15:00:00+00:00,2,109.02,0.26,1.33,70.92,1.51,1.34,1.51,0.15
9655,4,1936,2026-07-16 15:00:00+00:00,2,103.81,0.18,1.71,94.52,0.32,5.92,6.42,3.05
9656,5,1936,2026-07-16 15:00:00+00:00,2,152.58,1.14,4.51,64.43,0.83,13.33,14.73,0.75
9657,1,1937,2026-07-16 16:00:00+00:00,1,150.89,0.0,1.39,55.04,0.53,6.68,9.81,1.82
9658,2,1937,2026-07-16 16:00:00+00:00,3,104.93,0.47,3.18,118.58,3.23,7.47,15.77,0.86
9659,3,1937,2026-07-16 16:00:00+00:00,2,111.04,0.42,2.98,69.59,2.2,1.64,1.91,0.18
9660,4,1937,2026-07-16 16:00:00+00:00,2,102.98,0.16,1.5,95.62,0.23,5.85,6.27,2.45
9661,5,1937,2026-07-16 16:00:00+00:00,3,123.64,0.15,1.85,108.19,1.9,17.0,17.94,0.04
9662,1,1938,2026-07-16 17:00:00+00:00,1,189.77,0.0,1.93,51.24,0.73,8.68,12.82,2.76
9663,2,1938,2026-07-16 17:00:00+00:00,3,104.61,0.35,3.75,112.66,3.16,6.52,13.9,0.72
9664,3,1938,2026-07-16 17:00:00+00:00,2,114.7,0.37,6.35,65.0,3.04,1.84,2.21,0.22
9665,4,1938,2026-07-16 17:00:00+00:00,2,102.65,0.14,1.87,91.43,0.21,5.8,6.24,2.64
9666,5,1938,2026-07-16 17:00:00+00:00,3,114.02,0.12,1.52,112.01,1.74,16.3,17.06,0.0
9667,1,1939,2026-07-16 18:00:00+00:00,2,225.25,0.0,2.34,48.67,0.89,10.67,15.68,3.54
9668,2,1939,2026-07-16 18:00:00+00:00,3,104.29,0.17,4.44,105.81,3.15,5.77,12.4,0.61
9669,3,1939,2026-07-16 18:00:00+00:00,1,117.93,0.05,10.47,59.29,3.82,1.91,2.39,0.26
9670,4,1939,2026-07-16 18:00:00+00:00,2,101.71,0.1,2.19,86.73,0.2,5.55,5.99,3.05
9671,5,1939,2026-07-16 18:00:00+00:00,3,111.99,0.12,1.48,112.65,1.58,16.05,16.76,0.0
9672,1,1940,2026-07-16 19:00:00+00:00,2,255.42,0.0,2.67,46.6,1.02,12.53,18.24,4.24
9673,2,1940,2026-07-16 19:00:00+00:00,2,102.69,0.06,4.87,99.41,3.12,5.04,10.84,0.55
9674,3,1940,2026-07-16 19:00:00+00:00,1,118.74,0.0,12.8,51.2,3.98,1.87,2.42,0.32
9675,4,1940,2026-07-16 19:00:00+00:00,2,102.34,0.05,2.69,79.64,0.18,5.36,5.81,3.8
9676,5,1940,2026-07-16 19:00:00+00:00,3,112.78,0.12,1.6,112.05,1.47,16.17,16.88,0.0
9677,1,1941,2026-07-16 20:00:00+00:00,2,278.81,0.0,2.89,44.59,1.06,14.11,20.16,4.63
9678,2,1941,2026-07-16 20:00:00+00:00,2,100.63,0.01,5.21,94.0,3.14,4.32,9.13,0.56
9679,3,1941,2026-07-16 20:00:00+00:00,1,120.08,0.0,14.0,42.96,3.64,1.88,2.5,0.36
9680,4,1941,2026-07-16 20:00:00+00:00,2,103.33,0.0,3.2,68.89,0.16,5.3,5.77,4.46
9681,5,1941,2026-07-16 20:00:00+00:00,3,113.82,0.11,1.93,108.23,1.39,16.03,16.76,0.06
9682,1,1942,2026-07-16 21:00:00+00:00,2,281.46,0.0,2.85,42.39,0.94,14.48,20.27,4.18
9683,2,1942,2026-07-16 21:00:00+00:00,2,98.84,0.0,5.67,89.84,3.23,3.9,7.99,0.64
9684,3,1942,2026-07-16 21:00:00+00:00,1,120.8,0.0,14.38,36.63,3.23,1.96,2.67,0.34
9685,4,1942,2026-07-16 21:00:00+00:00,1,104.33,0.0,3.53,59.91,0.13,5.26,5.75,4.05
9686,5,1942,2026-07-16 21:00:00+00:00,3,116.47,0.11,2.54,104.58,1.38,15.68,16.42,0.12
9687,1,1943,2026-07-16 22:00:00+00:00,2,273.55,0.0,2.64,39.53,0.6,14.03,19.19,2.44
9688,2,1943,2026-07-16 22:00:00+00:00,2,98.27,0.0,6.23,86.94,3.33,3.85,7.59,0.78
9689,3,1943,2026-07-16 22:00:00+00:00,1,119.43,0.0,13.41,32.38,2.86,2.09,2.86,0.31
9690,4,1943,2026-07-16 22:00:00+00:00,1,103.34,0.0,3.62,52.2,0.1,5.2,5.68,2.97
9691,5,1943,2026-07-16 22:00:00+00:00,2,126.97,0.2,4.46,93.7,1.35,15.7,16.48,0.28
9692,1,1944,2026-07-16 23:00:00+00:00,2,268.3,0.0,2.45,37.83,0.44,13.68,18.42,1.86
9693,2,1944,2026-07-16 23:00:00+00:00,2,99.18,0.0,7.11,84.24,3.56,4.07,7.84,0.94
9694,3,1944,2026-07-16 23:00:00+00:00,1,117.98,0.0,11.72,31.61,2.72,2.19,2.99,0.29
9695,4,1944,2026-07-16 23:00:00+00:00,1,103.1,0.0,3.37,46.69,0.07,5.18,5.66,2.21
9696,5,1944,2026-07-16 23:00:00+00:00,2,139.51,0.29,6.46,80.35,1.25,15.88,16.7,0.57
9697,1,1945,2026-07-17 00:00:00+00:00,2,264.2,0.0,2.29,36.81,0.37,13.46,17.97,1.61
9698,2,1945,2026-07-17 00:00:00+00:00,2,100.27,0.0,8.14,81.44,3.89,4.36,8.27,1.11
9699,3,1945,2026-07-17 00:00:00+00:00,1,115.62,0.0,9.59,33.39,2.68,2.2,2.97,0.3
9700,4,1945,2026-07-17 00:00:00+00:00,1,102.75,0.0,2.97,42.71,0.06,5.15,5.63,1.74
9701,5,1945,2026-07-17 00:00:00+00:00,2,146.62,0.12,7.65,70.74,1.18,15.9,16.78,0.78
9702,1,1946,2026-07-17 01:00:00+00:00,2,259.55,0.0,2.14,35.76,0.28,13.08,17.35,1.19
9703,2,1946,2026-07-17 01:00:00+00:00,2,101.68,0.0,9.32,77.97,4.36,4.62,8.68,1.25
9704,3,1946,2026-07-17 01:00:00+00:00,1,111.19,0.0,7.51,35.98,2.71,2.06,2.76,0.32
9705,4,1946,2026-07-17 01:00:00+00:00,1,101.28,0.0,2.56,39.33,0.06,5.01,5.48,1.57
9706,5,1946,2026-07-17 01:00:00+00:00,2,148.81,0.0,7.83,62.41,1.11,15.7,16.63,0.89
9707,1,1947,2026-07-17 02:00:00+00:00,2,256.58,0.0,2.04,34.79,0.24,12.74,16.87,0.96
9708,2,1947,2026-07-17 02:00:00+00:00,2,104.11,0.0,10.6,75.21,4.94,4.89,9.17,1.35
9709,3,1947,2026-07-17 02:00:00+00:00,1,107.91,0.0,6.55,36.72,2.68,1.85,2.5,0.34
9710,4,1947,2026-07-17 02:00:00+00:00,1,100.29,0.0,2.38,33.97,0.06,4.94,5.44,1.65
9711,5,1947,2026-07-17 02:00:00+00:00,2,149.83,0.0,7.35,54.83,1.0,15.53,16.5,0.88
9712,1,1948,2026-07-17 03:00:00+00:00,2,257.66,0.0,2.01,34.32,0.24,12.71,16.76,0.91
9713,2,1948,2026-07-17 03:00:00+00:00,2,106.83,0.0,11.74,72.6,5.56,5.19,9.71,1.44
9714,3,1948,2026-07-17 03:00:00+00:00,1,105.81,0.43,6.88,38.08,2.76,1.59,2.19,0.34
9715,4,1948,2026-07-17 03:00:00+00:00,1,99.55,0.0,2.38,29.4,0.07,4.94,5.45,1.93
9716,5,1948,2026-07-17 03:00:00+00:00,2,149.54,0.0,6.79,47.0,0.8,15.14,16.14,0.75
9717,1,1949,2026-07-17 04:00:00+00:00,2,270.62,0.01,2.22,34.08,0.34,13.27,17.79,1.13
9718,2,1949,2026-07-17 04:00:00+00:00,2,109.13,0.0,13.14,68.18,6.17,5.47,10.25,1.49
9719,3,1949,2026-07-17 04:00:00+00:00,1,103.02,1.44,6.9,43.25,2.92,1.09,1.64,0.29
9720,4,1949,2026-07-17 04:00:00+00:00,1,99.72,0.0,2.68,25.44,0.09,5.0,5.56,2.16
9721,5,1949,2026-07-17 04:00:00+00:00,2,144.55,0.0,5.98,39.04,0.59,14.43,15.43,0.59
9722,1,1950,2026-07-17 05:00:00+00:00,2,287.11,0.21,2.17,35.03,0.45,13.93,19.16,1.42
9723,2,1950,2026-07-17 05:00:00+00:00,2,111.36,0.01,15.45,61.37,6.91,5.82,10.92,1.42
9724,3,1950,2026-07-17 05:00:00+00:00,1,102.1,2.38,6.2,45.28,3.11,0.93,1.51,0.31
9725,4,1950,2026-07-17 05:00:00+00:00,1,102.04,0.02,3.75,21.85,0.12,5.13,5.8,1.95
9726,5,1950,2026-07-17 05:00:00+00:00,2,139.18,0.0,5.0,32.48,0.44,14.09,15.08,0.49
9727,1,1951,2026-07-17 06:00:00+00:00,2,290.87,0.31,1.59,41.15,0.5,14.74,20.25,1.81
9728,2,1951,2026-07-17 06:00:00+00:00,1,113.23,0.63,17.31,56.0,7.65,6.19,11.37,1.34
9729,3,1951,2026-07-17 06:00:00+00:00,1,102.37,2.81,5.52,46.91,3.24,0.93,1.53,0.32
9730,4,1951,2026-07-17 06:00:00+00:00,1,105.78,0.33,5.3,19.55,0.14,5.28,6.07,1.8
9731,5,1951,2026-07-17 06:00:00+00:00,2,132.83,0.0,4.12,26.1,0.32,13.97,14.92,0.46
9732,1,1952,2026-07-17 07:00:00+00:00,1,150.95,0.08,0.39,59.01,0.4,7.16,10.16,1.15
9733,2,1952,2026-07-17 07:00:00+00:00,1,114.89,2.88,16.47,54.24,8.49,6.61,11.92,1.29
9734,3,1952,2026-07-17 07:00:00+00:00,1,103.05,2.5,4.58,52.12,3.07,1.01,1.59,0.29
9735,4,1952,2026-07-17 07:00:00+00:00,1,109.8,0.61,5.19,29.73,0.17,5.35,6.17,2.04
9736,5,1952,2026-07-17 07:00:00+00:00,2,123.29,0.0,3.47,22.5,0.28,13.4,14.26,0.46
9737,1,1953,2026-07-17 08:00:00+00:00,2,136.08,0.04,0.2,60.11,0.38,6.63,9.25,1.08
9738,2,1953,2026-07-17 08:00:00+00:00,1,116.96,5.17,16.32,52.78,9.44,7.15,12.57,1.28
9739,3,1953,2026-07-17 08:00:00+00:00,1,101.81,1.92,3.63,57.92,2.84,1.23,1.8,0.25
9740,4,1953,2026-07-17 08:00:00+00:00,1,111.11,1.07,4.71,33.74,0.19,5.48,6.36,2.77
9741,5,1953,2026-07-17 08:00:00+00:00,2,117.84,0.0,3.21,23.48,0.37,12.58,13.35,0.54
9742,1,1954,2026-07-17 09:00:00+00:00,1,129.25,0.03,0.14,59.49,0.37,6.49,8.93,0.97
9743,2,1954,2026-07-17 09:00:00+00:00,1,119.22,7.38,16.86,51.52,10.54,7.85,13.29,1.32
9744,3,1954,2026-07-17 09:00:00+00:00,2,100.57,1.22,2.6,63.67,2.58,1.7,2.26,0.2
9745,4,1954,2026-07-17 09:00:00+00:00,1,111.44,1.29,4.06,39.03,0.21,5.78,6.7,3.58
9746,5,1954,2026-07-17 09:00:00+00:00,2,129.59,0.0,3.34,28.58,0.58,12.14,12.81,0.74
9747,1,1955,2026-07-17 10:00:00+00:00,2,114.77,0.03,0.1,60.89,0.31,5.69,7.73,0.72
9748,2,1955,2026-07-17 10:00:00+00:00,1,121.19,8.98,17.96,51.74,11.91,8.73,14.02,1.35
9749,3,1955,2026-07-17 10:00:00+00:00,2,99.68,0.54,1.43,70.96,2.16,2.35,2.88,0.16
9750,4,1955,2026-07-17 10:00:00+00:00,2,108.58,0.34,2.06,80.81,0.39,5.72,6.53,3.31
9751,5,1955,2026-07-17 10:00:00+00:00,2,225.49,0.0,3.68,52.2,1.48,16.69,17.33,1.56
9752,1,1956,2026-07-17 11:00:00+00:00,2,108.6,0.02,0.11,61.32,0.3,5.54,7.39,0.65
9753,2,1956,2026-07-17 11:00:00+00:00,2,123.07,10.34,19.38,53.25,13.62,10.19,15.24,1.24
9754,3,1956,2026-07-17 11:00:00+00:00,2,97.87,0.19,0.66,75.41,1.73,2.68,3.15,0.12
9755,4,1956,2026-07-17 11:00:00+00:00,2,104.68,0.15,1.15,93.32,0.34,5.37,5.99,2.98
9756,5,1956,2026-07-17 11:00:00+00:00,3,346.94,0.01,4.48,62.43,1.97,26.93,27.57,2.33
9757,1,1957,2026-07-17 12:00:00+00:00,2,107.68,0.02,0.12,61.07,0.3,5.65,7.48,0.65
9758,2,1957,2026-07-17 12:00:00+00:00,2,125.39,11.7,21.54,54.33,15.58,12.53,17.39,1.03
9759,3,1957,2026-07-17 12:00:00+00:00,2,96.6,0.12,0.44,76.17,1.51,2.63,3.04,0.11
9760,4,1957,2026-07-17 12:00:00+00:00,2,102.1,0.11,0.82,97.38,0.31,5.22,5.75,2.75
9761,5,1957,2026-07-17 12:00:00+00:00,3,441.0,0.18,5.69,65.21,2.15,37.86,38.5,2.78
9762,1,1958,2026-07-17 13:00:00+00:00,1,121.19,0.05,0.33,58.21,0.37,6.43,8.6,0.94
9763,2,1958,2026-07-17 13:00:00+00:00,2,128.16,13.0,24.86,53.32,17.61,15.34,20.11,0.86
9764,3,1958,2026-07-17 13:00:00+00:00,2,97.5,0.11,0.45,77.11,1.41,2.49,2.86,0.12
9765,4,1958,2026-07-17 13:00:00+00:00,3,99.8,0.07,0.59,100.89,0.22,4.26,4.63,2.38
9766,5,1958,2026-07-17 13:00:00+00:00,3,499.02,0.56,5.87,71.14,2.29,47.01,47.65,2.93
9767,1,1959,2026-07-17 14:00:00+00:00,1,146.11,0.06,0.8,53.33,0.46,7.82,10.55,1.38
9768,2,1959,2026-07-17 14:00:00+00:00,2,130.27,13.8,27.89,51.73,18.7,17.6,22.56,0.71
9769,3,1959,2026-07-17 14:00:00+00:00,2,98.0,0.12,0.53,77.24,1.42,2.4,2.75,0.13
9770,4,1959,2026-07-17 14:00:00+00:00,3,97.31,0.06,0.52,101.29,0.15,3.54,3.81,2.05
9771,5,1959,2026-07-17 14:00:00+00:00,4,527.72,0.65,5.1,85.54,2.43,53.79,54.45,2.88
9772,1,1960,2026-07-17 15:00:00+00:00,1,172.03,0.0,1.4,48.9,0.51,9.17,12.48,1.76
9773,2,1960,2026-07-17 15:00:00+00:00,2,130.56,12.78,28.42,55.21,17.72,18.83,24.42,0.64
9774,3,1960,2026-07-17 15:00:00+00:00,2,98.86,0.12,0.66,76.91,1.5,2.38,2.73,0.16
9775,4,1960,2026-07-17 15:00:00+00:00,3,96.22,0.05,0.56,101.68,0.13,3.33,3.56,1.94
9776,5,1960,2026-07-17 15:00:00+00:00,4,537.67,0.49,3.96,106.55,2.54,59.04,59.71,2.75
9777,1,1961,2026-07-17 16:00:00+00:00,2,202.5,0.0,1.9,44.09,0.58,10.81,14.84,2.13
9778,2,1961,2026-07-17 16:00:00+00:00,2,127.73,8.76,26.04,67.79,14.07,19.06,25.55,0.59
9779,3,1961,2026-07-17 16:00:00+00:00,2,100.55,0.12,0.98,72.93,1.56,2.41,2.77,0.21
9780,4,1961,2026-07-17 16:00:00+00:00,3,96.49,0.06,0.91,100.21,0.13,3.28,3.5,2.04
9781,5,1961,2026-07-17 16:00:00+00:00,4,550.11,0.27,2.56,137.08,2.5,67.18,67.67,3.52
9782,1,1962,2026-07-17 17:00:00+00:00,2,241.36,0.0,2.4,39.71,0.64,13.06,17.94,2.32
9783,2,1962,2026-07-17 17:00:00+00:00,2,122.24,4.58,22.2,84.15,10.99,18.04,25.09,0.48
9784,3,1962,2026-07-17 17:00:00+00:00,2,102.72,0.08,1.48,65.85,1.52,2.42,2.79,0.28
9785,4,1962,2026-07-17 17:00:00+00:00,2,96.55,0.07,1.37,96.72,0.14,3.26,3.49,2.3
9786,5,1962,2026-07-17 17:00:00+00:00,4,559.14,0.21,2.06,151.99,2.24,70.65,71.04,4.04
9787,1,1963,2026-07-17 18:00:00+00:00,2,276.22,0.0,2.77,35.92,0.64,15.26,20.77,2.41
9788,2,1963,2026-07-17 18:00:00+00:00,2,116.77,2.09,18.73,96.43,9.17,15.47,22.54,0.44
9789,3,1963,2026-07-17 18:00:00+00:00,1,104.47,0.01,2.08,59.12,1.45,2.36,2.73,0.33
9790,4,1963,2026-07-17 18:00:00+00:00,2,96.61,0.06,1.63,94.26,0.15,3.17,3.46,2.6
9791,5,1963,2026-07-17 18:00:00+00:00,4,563.26,0.19,2.01,161.77,2.14,72.16,72.54,4.11
9792,1,1964,2026-07-17 19:00:00+00:00,2,297.23,0.0,2.96,32.79,0.61,16.61,22.16,2.4
9793,2,1964,2026-07-17 19:00:00+00:00,3,111.62,0.6,15.14,104.38,7.49,11.85,17.9,0.51
9794,3,1964,2026-07-17 19:00:00+00:00,1,105.46,0.0,2.84,51.55,1.36,2.33,2.73,0.33
9795,4,1964,2026-07-17 19:00:00+00:00,2,95.92,0.03,1.95,90.18,0.16,3.1,3.46,3.15
9796,5,1964,2026-07-17 19:00:00+00:00,4,591.23,0.19,2.07,165.58,1.82,73.38,73.73,4.64
9797,1,1965,2026-07-17 20:00:00+00:00,2,314.19,0.0,3.1,30.3,0.53,17.68,23.34,2.2
9798,2,1965,2026-07-17 20:00:00+00:00,3,109.53,0.06,14.2,104.6,6.85,10.15,15.52,0.55
9799,3,1965,2026-07-17 20:00:00+00:00,1,108.83,0.0,4.19,43.55,1.34,2.44,2.92,0.29
9800,4,1965,2026-07-17 20:00:00+00:00,2,96.41,0.0,2.34,83.54,0.18,3.14,3.61,3.76
9801,5,1965,2026-07-17 20:00:00+00:00,4,601.1,0.2,2.41,160.86,1.48,71.71,72.04,4.81
9802,1,1966,2026-07-17 21:00:00+00:00,2,312.79,0.0,3.02,28.42,0.39,17.65,23.07,1.79
9803,2,1966,2026-07-17 21:00:00+00:00,3,108.34,0.0,13.23,102.96,6.62,9.38,14.3,0.58
9804,3,1966,2026-07-17 21:00:00+00:00,1,112.77,0.0,6.14,35.94,1.46,2.64,3.26,0.24
9805,4,1966,2026-07-17 21:00:00+00:00,2,96.91,0.0,2.69,77.17,0.2,3.24,3.84,4.08
9806,5,1966,2026-07-17 21:00:00+00:00,4,597.22,0.22,3.21,158.5,1.36,70.37,70.7,4.74
9807,1,1967,2026-07-17 22:00:00+00:00,2,301.69,0.0,2.78,27.37,0.29,16.76,21.71,1.48
9808,2,1967,2026-07-17 22:00:00+00:00,2,107.24,0.0,13.5,99.92,6.64,8.9,13.49,0.6
9809,3,1967,2026-07-17 22:00:00+00:00,1,114.59,0.0,7.59,27.64,1.3,2.86,3.6,0.18
9810,4,1967,2026-07-17 22:00:00+00:00,2,96.7,0.0,2.88,71.51,0.23,3.36,4.12,3.91
9811,5,1967,2026-07-17 22:00:00+00:00,4,601.14,0.28,5.36,147.18,1.28,70.76,71.12,4.34
9812,1,1968,2026-07-17 23:00:00+00:00,2,295.48,0.0,2.6,27.1,0.29,16.2,20.89,1.42
9813,2,1968,2026-07-17 23:00:00+00:00,2,106.87,0.0,14.72,94.64,6.87,8.45,12.77,0.64
9814,3,1968,2026-07-17 23:00:00+00:00,1,115.02,0.0,8.02,20.33,0.98,3.08,3.92,0.17
9815,4,1968,2026-07-17 23:00:00+00:00,2,97.65,0.0,2.6,70.0,0.28,3.53,4.48,3.78
9816,5,1968,2026-07-17 23:00:00+00:00,4,600.53,0.23,7.59,123.75,1.17,71.81,72.21,3.63
9817,1,1969,2026-07-18 00:00:00+00:00,2,291.52,0.0,2.47,27.67,0.32,15.84,20.36,1.58
9818,2,1969,2026-07-18 00:00:00+00:00,2,107.05,0.0,16.16,87.25,7.03,7.78,11.67,0.82
9819,3,1969,2026-07-18 00:00:00+00:00,1,114.99,0.0,8.03,15.34,0.8,3.32,4.25,0.18
9820,4,1969,2026-07-18 00:00:00+00:00,2,98.86,0.0,2.2,71.3,0.35,3.72,4.91,3.71
9821,5,1969,2026-07-18 00:00:00+00:00,4,594.38,0.06,8.68,102.88,1.07,72.17,72.61,3.13
9822,1,1970,2026-07-18 01:00:00+00:00,2,284.65,0.0,2.36,29.16,0.37,15.41,19.84,1.87
9823,2,1970,2026-07-18 01:00:00+00:00,2,108.03,0.0,17.75,78.91,7.22,7.15,10.58,1.06
9824,3,1970,2026-07-18 01:00:00+00:00,1,113.38,0.01,7.64,12.04,0.74,3.52,4.52,0.18
9825,4,1970,2026-07-18 01:00:00+00:00,2,98.47,0.0,1.97,66.94,0.36,3.91,5.3,3.46
9826,5,1970,2026-07-18 01:00:00+00:00,4,581.8,0.0,8.3,88.41,0.99,71.82,72.31,2.74
9827,1,1971,2026-07-18 02:00:00+00:00,2,281.79,0.0,2.27,29.89,0.39,15.2,19.53,2.04
9828,2,1971,2026-07-18 02:00:00+00:00,2,109.54,0.0,19.96,69.99,7.67,7.26,10.66,1.16
9829,3,1971,2026-07-18 02:00:00+00:00,1,113.63,0.03,7.26,10.31,0.8,3.71,4.79,0.17
9830,4,1971,2026-07-18 02:00:00+00:00,1,97.98,0.0,1.92,56.4,0.28,4.1,5.58,2.95
9831,5,1971,2026-07-18 02:00:00+00:00,4,577.3,0.0,7.61,80.75,0.97,72.26,72.88,2.51
9832,1,1972,2026-07-18 03:00:00+00:00,2,280.03,0.0,2.21,30.31,0.4,15.06,19.33,2.01
9833,2,1972,2026-07-18 03:00:00+00:00,2,110.96,0.0,22.06,61.43,8.13,8.36,12.26,1.0
9834,3,1972,2026-07-18 03:00:00+00:00,1,115.34,1.0,5.89,10.56,0.92,3.88,5.03,0.15
9835,4,1972,2026-07-18 03:00:00+00:00,1,97.22,0.0,1.93,46.71,0.21,4.24,5.79,2.5
9836,5,1972,2026-07-18 03:00:00+00:00,4,572.02,0.0,7.07,76.84,0.99,72.13,73.05,2.21
9837,1,1973,2026-07-18 04:00:00+00:00,2,281.09,0.0,2.24,31.8,0.43,14.85,19.38,1.83
9838,2,1973,2026-07-18 04:00:00+00:00,1,111.09,0.0,21.56,56.23,8.05,9.93,14.42,0.7
9839,3,1973,2026-07-18 04:00:00+00:00,1,118.32,2.72,4.0,11.57,0.97,4.03,5.23,0.16
9840,4,1973,2026-07-18 04:00:00+00:00,1,96.53,0.0,2.09,38.21,0.18,4.31,5.9,2.37
9841,5,1973,2026-07-18 04:00:00+00:00,4,544.54,0.0,5.76,81.94,1.18,67.69,69.26,1.92
9842,1,1974,2026-07-18 05:00:00+00:00,2,286.01,0.09,2.22,32.36,0.46,14.73,19.61,1.83
9843,2,1974,2026-07-18 05:00:00+00:00,2,111.01,0.01,19.07,55.23,7.62,11.08,16.36,0.46
9844,3,1974,2026-07-18 05:00:00+00:00,1,120.26,3.69,3.18,12.88,1.08,4.2,5.48,0.23
9845,4,1974,2026-07-18 05:00:00+00:00,1,98.91,0.01,2.87,31.94,0.21,4.48,6.17,2.21
9846,5,1974,2026-07-18 05:00:00+00:00,4,501.82,0.0,4.76,79.59,1.22,61.48,63.93,1.42
9847,1,1975,2026-07-18 06:00:00+00:00,2,281.26,0.2,1.75,35.15,0.43,14.46,19.24,1.7
9848,2,1975,2026-07-18 06:00:00+00:00,2,110.21,0.49,15.72,57.71,7.0,11.27,17.28,0.39
9849,3,1975,2026-07-18 06:00:00+00:00,1,120.73,3.67,3.39,18.37,1.57,4.62,6.05,0.3
9850,4,1975,2026-07-18 06:00:00+00:00,1,103.89,0.42,3.9,28.56,0.29,4.76,6.63,2.27
9851,5,1975,2026-07-18 06:00:00+00:00,4,440.94,0.0,4.01,74.97,1.21,53.58,56.83,0.95
9852,1,1976,2026-07-18 07:00:00+00:00,1,156.6,0.06,0.43,51.98,0.37,7.63,10.21,0.94
9853,2,1976,2026-07-18 07:00:00+00:00,2,108.91,1.19,10.78,65.18,5.94,10.47,16.98,0.45
9854,3,1976,2026-07-18 07:00:00+00:00,1,117.9,2.99,6.79,58.36,5.81,5.48,6.73,0.01
9855,4,1976,2026-07-18 07:00:00+00:00,1,111.85,1.04,3.98,35.88,0.46,5.11,7.19,2.81
9856,5,1976,2026-07-18 07:00:00+00:00,3,370.74,0.0,3.52,67.93,1.12,45.53,49.14,0.58
9857,1,1977,2026-07-18 08:00:00+00:00,1,139.73,0.04,0.22,54.89,0.36,6.96,9.25,0.88
9858,2,1977,2026-07-18 08:00:00+00:00,2,109.06,1.56,8.09,71.71,5.21,9.79,16.81,0.54
9859,3,1977,2026-07-18 08:00:00+00:00,2,113.58,2.38,5.72,67.59,4.8,5.14,6.15,0.0
9860,4,1977,2026-07-18 08:00:00+00:00,1,116.09,1.35,3.73,41.55,0.56,5.47,7.63,3.4
9861,5,1977,2026-07-18 08:00:00+00:00,3,311.49,0.0,3.19,58.64,0.96,39.6,43.15,0.38
9862,1,1978,2026-07-18 09:00:00+00:00,1,136.36,0.03,0.16,55.53,0.36,6.97,9.16,0.88
9863,2,1978,2026-07-18 09:00:00+00:00,2,110.11,1.57,6.38,78.01,4.64,9.27,16.86,0.63
9864,3,1978,2026-07-18 09:00:00+00:00,2,113.62,2.05,5.25,74.79,4.65,5.78,6.79,0.0
9865,4,1978,2026-07-18 09:00:00+00:00,1,117.26,1.12,3.26,52.76,0.65,6.28,8.44,3.76
9866,5,1978,2026-07-18 09:00:00+00:00,3,262.27,0.0,3.04,50.06,0.81,34.9,38.2,0.3
9867,1,1979,2026-07-18 10:00:00+00:00,1,124.72,0.03,0.12,58.6,0.31,6.52,8.41,0.74
9868,2,1979,2026-07-18 10:00:00+00:00,2,111.58,1.52,5.57,83.89,4.45,8.86,16.97,0.66
9869,3,1979,2026-07-18 10:00:00+00:00,2,114.61,1.5,4.33,85.01,4.22,6.25,7.23,0.0
9870,4,1979,2026-07-18 10:00:00+00:00,3,106.48,0.19,1.05,103.41,0.63,5.11,6.76,2.83
9871,5,1979,2026-07-18 10:00:00+00:00,3,223.17,0.0,3.1,42.56,0.71,31.04,34.0,0.28
9872,1,1980,2026-07-18 11:00:00+00:00,1,116.57,0.03,0.11,59.19,0.27,6.18,7.86,0.65
9873,2,1980,2026-07-18 11:00:00+00:00,2,112.81,1.5,5.37,90.27,4.7,8.75,17.15,0.66
9874,3,1980,2026-07-18 11:00:00+00:00,2,113.11,0.87,3.03,95.37,3.53,6.35,7.25,0.0
9875,4,1980,2026-07-18 11:00:00+00:00,3,98.86,0.08,0.5,109.93,0.44,4.13,5.37,2.13
9876,5,1980,2026-07-18 11:00:00+00:00,3,194.85,0.01,3.77,37.09,0.7,27.45,30.04,0.31
9877,1,1981,2026-07-18 12:00:00+00:00,1,114.18,0.02,0.13,58.55,0.26,6.16,7.78,0.63
9878,2,1981,2026-07-18 12:00:00+00:00,2,113.77,1.42,5.27,97.28,5.18,8.88,17.2,0.67
9879,3,1981,2026-07-18 12:00:00+00:00,3,113.2,0.53,2.29,104.11,3.3,6.87,7.78,0.0
9880,4,1981,2026-07-18 12:00:00+00:00,3,96.63,0.06,0.44,109.73,0.38,3.93,5.01,1.92
9881,5,1981,2026-07-18 12:00:00+00:00,2,175.97,0.18,4.73,34.94,0.78,23.83,26.04,0.4
9882,1,1982,2026-07-18 13:00:00+00:00,1,121.19,0.03,0.29,55.64,0.29,6.55,8.35,0.8
9883,2,1982,2026-07-18 13:00:00+00:00,3,114.85,1.42,5.59,104.31,6.21,9.39,17.49,0.67
9884,3,1982,2026-07-18 13:00:00+00:00,3,115.77,0.38,1.99,110.96,3.3,7.55,8.49,0.0
9885,4,1982,2026-07-18 13:00:00+00:00,3,96.14,0.06,0.44,110.38,0.34,3.89,4.89,1.83
9886,5,1982,2026-07-18 13:00:00+00:00,2,161.59,0.48,4.67,37.97,0.94,20.25,22.13,0.59
9887,1,1983,2026-07-18 14:00:00+00:00,1,134.44,0.02,0.61,51.01,0.33,7.25,9.39,1.07
9888,2,1983,2026-07-18 14:00:00+00:00,3,115.87,1.5,6.37,110.51,7.51,10.39,18.3,0.58
9889,3,1983,2026-07-18 14:00:00+00:00,3,117.83,0.3,1.91,114.08,3.31,8.14,9.12,0.0
9890,4,1983,2026-07-18 14:00:00+00:00,3,95.04,0.06,0.44,110.66,0.32,3.8,4.73,1.75
9891,5,1983,2026-07-18 14:00:00+00:00,2,153.12,0.57,4.3,40.09,1.0,18.0,19.66,0.83
9892,1,1984,2026-07-18 15:00:00+00:00,1,147.92,0.0,0.94,47.24,0.36,7.88,10.39,1.31
9893,2,1984,2026-07-18 15:00:00+00:00,3,116.98,1.65,7.77,114.52,8.94,11.49,19.21,0.47
9894,3,1984,2026-07-18 15:00:00+00:00,3,119.37,0.23,1.91,115.24,3.26,8.53,9.53,0.0
9895,4,1984,2026-07-18 15:00:00+00:00,3,94.12,0.07,0.47,111.54,0.3,3.7,4.58,1.69
9896,5,1984,2026-07-18 15:00:00+00:00,2,147.51,0.51,3.62,46.49,1.02,16.59,18.09,1.05
9897,1,1985,2026-07-18 16:00:00+00:00,1,167.29,0.0,1.29,42.93,0.44,8.81,11.85,1.72
9898,2,1985,2026-07-18 16:00:00+00:00,3,118.61,1.51,10.91,113.88,10.66,12.43,20.0,0.4
9899,3,1985,2026-07-18 16:00:00+00:00,2,121.05,0.19,2.28,96.08,2.58,8.92,9.92,0.13
9900,4,1985,2026-07-18 16:00:00+00:00,3,94.0,0.07,0.53,113.74,0.3,3.64,4.5,1.68
9901,5,1985,2026-07-18 16:00:00+00:00,2,133.67,0.12,1.84,84.68,1.22,12.51,13.49,0.98
9902,1,1986,2026-07-18 17:00:00+00:00,2,196.97,0.0,1.69,39.0,0.56,10.36,14.08,2.3
9903,2,1986,2026-07-18 17:00:00+00:00,3,120.39,1.67,13.85,111.09,12.04,12.93,20.38,0.39
9904,3,1986,2026-07-18 17:00:00+00:00,2,122.34,0.11,2.9,76.25,2.0,9.22,10.22,0.43
9905,4,1986,2026-07-18 17:00:00+00:00,3,93.89,0.06,0.57,115.61,0.31,3.61,4.46,1.71
9906,5,1986,2026-07-18 17:00:00+00:00,2,127.64,0.06,1.22,94.55,0.96,8.99,9.65,0.79
9907,1,1987,2026-07-18 18:00:00+00:00,2,223.87,0.0,2.01,36.04,0.66,11.9,16.21,2.82
9908,2,1987,2026-07-18 18:00:00+00:00,3,122.17,1.61,16.45,108.0,12.8,13.04,20.37,0.43
9909,3,1987,2026-07-18 18:00:00+00:00,2,123.55,0.01,3.48,70.68,1.96,9.43,10.42,0.77
9910,4,1987,2026-07-18 18:00:00+00:00,3,93.78,0.04,0.63,117.03,0.33,3.6,4.44,1.75
9911,5,1987,2026-07-18 18:00:00+00:00,2,126.26,0.06,1.11,96.36,0.9,7.38,7.91,0.66
9912,1,1988,2026-07-18 19:00:00+00:00,2,247.13,0.0,2.26,33.48,0.73,13.36,18.02,3.24
9913,2,1988,2026-07-18 19:00:00+00:00,3,123.18,0.84,18.91,103.94,12.64,12.63,20.15,0.47
9914,3,1988,2026-07-18 19:00:00+00:00,2,124.07,0.0,3.72,67.96,1.95,9.46,10.42,1.09
9915,4,1988,2026-07-18 19:00:00+00:00,3,94.21,0.02,0.94,113.16,0.37,3.72,4.55,2.12
9916,5,1988,2026-07-18 19:00:00+00:00,2,128.32,0.06,1.2,98.42,1.02,6.77,7.17,0.54
9917,1,1989,2026-07-18 20:00:00+00:00,2,262.85,0.0,2.42,31.55,0.73,14.46,19.12,3.31
9918,2,1989,2026-07-18 20:00:00+00:00,2,121.98,0.09,18.99,98.37,11.15,11.38,19.08,0.51
9919,3,1989,2026-07-18 20:00:00+00:00,1,122.75,0.0,3.48,58.29,1.59,9.53,10.46,1.12
9920,4,1989,2026-07-18 20:00:00+00:00,3,95.45,0.0,1.34,106.03,0.41,3.99,4.82,2.72
9921,5,1989,2026-07-18 20:00:00+00:00,2,130.05,0.05,1.49,97.89,1.05,6.39,6.66,0.44
9922,1,1990,2026-07-18 21:00:00+00:00,2,262.65,0.0,2.38,30.34,0.6,14.64,18.81,2.81
9923,2,1990,2026-07-18 21:00:00+00:00,2,118.49,0.0,15.55,93.34,9.01,9.29,16.27,0.54
9924,3,1990,2026-07-18 21:00:00+00:00,1,119.53,0.0,2.89,44.45,1.01,9.47,10.36,0.8
9925,4,1990,2026-07-18 21:00:00+00:00,3,97.22,0.0,1.63,101.09,0.46,4.3,5.15,3.24
9926,5,1990,2026-07-18 21:00:00+00:00,2,131.52,0.04,1.94,96.25,0.97,5.55,5.72,0.37
9927,1,1991,2026-07-18 22:00:00+00:00,2,254.29,0.0,2.24,29.66,0.48,14.33,17.98,2.32
9928,2,1991,2026-07-18 22:00:00+00:00,2,112.55,0.0,8.32,93.02,5.24,5.96,11.34,0.65
9929,3,1991,2026-07-18 22:00:00+00:00,1,114.26,0.0,2.33,32.8,0.54,9.26,10.09,0.42
9930,4,1991,2026-07-18 22:00:00+00:00,2,98.44,0.0,1.82,96.44,0.52,4.55,5.48,3.6
9931,5,1991,2026-07-18 22:00:00+00:00,2,132.35,0.04,2.45,91.67,0.79,4.78,4.9,0.37
9932,1,1992,2026-07-18 23:00:00+00:00,2,253.3,0.0,2.18,28.66,0.4,14.47,17.86,2.05
9933,2,1992,2026-07-18 23:00:00+00:00,2,109.44,0.0,5.88,87.06,3.76,3.93,8.16,0.67
9934,3,1992,2026-07-18 23:00:00+00:00,1,110.79,0.0,2.04,27.23,0.38,9.11,9.82,0.33
9935,4,1992,2026-07-18 23:00:00+00:00,2,102.1,0.0,1.94,93.84,0.61,4.81,5.94,3.85
9936,5,1992,2026-07-18 23:00:00+00:00,2,134.08,0.03,2.88,85.75,0.73,4.41,4.52,0.41
9937,1,1993,2026-07-19 00:00:00+00:00,2,253.99,0.0,2.12,27.69,0.33,14.72,17.98,1.79
9938,2,1993,2026-07-19 00:00:00+00:00,2,107.61,0.0,4.87,80.93,3.05,2.65,5.93,0.67
9939,3,1993,2026-07-19 00:00:00+00:00,1,107.84,0.0,1.88,24.05,0.3,8.93,9.5,0.28
9940,4,1993,2026-07-19 00:00:00+00:00,2,107.22,0.0,2.07,92.82,0.76,4.98,6.45,3.99
9941,5,1993,2026-07-19 00:00:00+00:00,2,135.03,0.01,3.07,79.64,0.74,4.35,4.46,0.42
9942,1,1994,2026-07-19 01:00:00+00:00,2,251.67,0.0,2.05,26.77,0.27,14.63,17.79,1.5
9943,2,1994,2026-07-19 01:00:00+00:00,2,106.63,0.0,4.16,76.47,2.48,1.96,4.49,0.73
9944,3,1994,2026-07-19 01:00:00+00:00,1,103.75,0.01,1.75,21.21,0.25,8.61,9.1,0.23
9945,4,1994,2026-07-19 01:00:00+00:00,2,111.76,0.0,2.17,92.96,0.93,4.88,6.8,3.86
9946,5,1994,2026-07-19 01:00:00+00:00,2,134.38,0.0,3.02,73.24,0.75,4.5,4.62,0.37
9947,1,1995,2026-07-19 02:00:00+00:00,2,250.43,0.0,1.99,25.84,0.24,14.48,17.56,1.27
9948,2,1995,2026-07-19 02:00:00+00:00,2,106.98,0.0,4.17,73.28,2.33,1.74,3.96,0.82
9949,3,1995,2026-07-19 02:00:00+00:00,1,101.33,0.01,1.69,18.68,0.24,8.35,8.86,0.2
9950,4,1995,2026-07-19 02:00:00+00:00,2,114.46,0.0,2.18,89.4,0.94,4.47,6.71,3.83
9951,5,1995,2026-07-19 02:00:00+00:00,2,133.86,0.0,2.81,67.23,0.69,4.63,4.75,0.31
9952,1,1996,2026-07-19 03:00:00+00:00,2,251.65,0.0,1.99,25.34,0.25,14.49,17.53,1.27
9953,2,1996,2026-07-19 03:00:00+00:00,2,107.7,0.0,4.46,70.48,2.34,1.72,3.93,0.9
9954,3,1996,2026-07-19 03:00:00+00:00,1,102.16,0.19,1.77,16.96,0.27,8.13,8.65,0.18
9955,4,1996,2026-07-19 03:00:00+00:00,2,114.28,0.0,2.13,84.95,0.88,3.82,6.26,3.71
9956,5,1996,2026-07-19 03:00:00+00:00,2,132.99,0.0,2.59,60.59,0.56,4.55,4.67,0.26
9957,1,1997,2026-07-19 04:00:00+00:00,2,262.57,0.01,2.14,24.83,0.34,14.96,18.36,1.49
9958,2,1997,2026-07-19 04:00:00+00:00,2,107.86,0.0,4.96,67.5,2.52,1.75,4.13,0.95
9959,3,1997,2026-07-19 04:00:00+00:00,1,106.66,0.85,1.71,16.86,0.34,7.92,8.44,0.19
9960,4,1997,2026-07-19 04:00:00+00:00,2,110.63,0.0,2.03,79.54,0.79,3.02,5.47,3.39
9961,5,1997,2026-07-19 04:00:00+00:00,1,130.86,0.0,2.36,53.68,0.47,4.28,4.41,0.24
9962,1,1998,2026-07-19 05:00:00+00:00,2,275.67,0.27,1.87,25.77,0.38,15.53,19.64,1.62
9963,2,1998,2026-07-19 05:00:00+00:00,2,108.19,0.0,5.86,64.43,2.98,1.76,4.41,0.98
9964,3,1998,2026-07-19 05:00:00+00:00,1,109.75,1.32,1.69,19.35,0.41,7.7,8.24,0.27
9965,4,1998,2026-07-19 05:00:00+00:00,2,108.38,0.0,2.2,74.86,0.75,2.43,4.89,3.13
9966,5,1998,2026-07-19 05:00:00+00:00,1,129.58,0.0,2.19,48.75,0.44,4.07,4.22,0.26
9967,1,1999,2026-07-19 06:00:00+00:00,2,281.94,0.35,1.24,33.04,0.41,16.8,21.3,1.78
9968,2,1999,2026-07-19 06:00:00+00:00,2,108.34,0.16,6.38,62.78,3.29,1.7,4.45,0.96
9969,3,1999,2026-07-19 06:00:00+00:00,1,109.58,1.1,1.77,29.45,0.55,7.61,8.17,0.34
9970,4,1999,2026-07-19 06:00:00+00:00,2,107.67,0.13,2.61,70.95,0.76,2.08,4.62,2.94
9971,5,1999,2026-07-19 06:00:00+00:00,1,129.61,0.0,2.05,45.58,0.42,3.88,4.05,0.29
9972,1,2000,2026-07-19 07:00:00+00:00,1,131.54,0.07,0.25,50.99,0.29,6.43,8.82,0.75
9973,2,2000,2026-07-19 07:00:00+00:00,2,107.61,0.56,5.92,62.72,3.35,1.58,4.25,0.93
9974,3,2000,2026-07-19 07:00:00+00:00,2,102.41,0.24,1.19,99.88,2.6,6.37,6.98,0.0
9975,4,2000,2026-07-19 07:00:00+00:00,2,106.64,0.42,2.55,68.15,0.79,1.89,4.54,2.83
9976,5,2000,2026-07-19 07:00:00+00:00,1,130.53,0.0,1.96,42.45,0.37,3.67,3.86,0.32
9977,1,2001,2026-07-19 08:00:00+00:00,1,115.79,0.04,0.14,52.75,0.29,5.66,7.81,0.67
9978,2,2001,2026-07-19 08:00:00+00:00,2,107.49,1.01,5.31,63.91,3.41,1.53,4.17,0.94
9979,3,2001,2026-07-19 08:00:00+00:00,3,99.91,0.15,0.77,104.41,2.27,5.98,6.51,0.0
9980,4,2001,2026-07-19 08:00:00+00:00,2,106.75,0.61,2.33,68.41,0.86,1.89,4.7,2.78
9981,5,2001,2026-07-19 08:00:00+00:00,1,131.04,0.0,1.89,38.45,0.32,3.46,3.67,0.33
9982,1,2002,2026-07-19 09:00:00+00:00,1,113.01,0.03,0.12,52.74,0.31,5.75,7.85,0.68
9983,2,2002,2026-07-19 09:00:00+00:00,2,107.64,1.4,4.9,65.77,3.58,1.63,4.38,0.99
9984,3,2002,2026-07-19 09:00:00+00:00,3,98.48,0.12,0.59,104.63,1.99,5.79,6.28,0.0
9985,4,2002,2026-07-19 09:00:00+00:00,2,107.3,0.61,2.02,72.22,0.91,2.2,5.18,2.71
9986,5,2002,2026-07-19 09:00:00+00:00,1,131.64,0.0,1.86,34.78,0.29,3.21,3.44,0.33
9987,1,2003,2026-07-19 10:00:00+00:00,1,105.21,0.03,0.11,54.8,0.28,5.26,7.14,0.6
9988,2,2003,2026-07-19 10:00:00+00:00,2,107.97,1.6,5.13,68.2,4.02,1.87,4.81,1.03
9989,3,2003,2026-07-19 10:00:00+00:00,3,97.63,0.1,0.5,105.06,1.8,5.65,6.12,0.0
9990,4,2003,2026-07-19 10:00:00+00:00,2,106.13,0.33,1.21,82.52,0.74,2.33,4.79,2.08
9991,5,2003,2026-07-19 10:00:00+00:00,1,131.77,0.0,1.9,31.49,0.26,2.88,3.13,0.33
9992,1,2004,2026-07-19 11:00:00+00:00,1,99.66,0.03,0.11,54.81,0.25,4.9,6.65,0.54
9993,2,2004,2026-07-19 11:00:00+00:00,2,107.92,1.59,5.38,72.78,4.5,2.15,5.12,1.03
9994,3,2004,2026-07-19 11:00:00+00:00,3,96.24,0.09,0.47,104.57,1.67,5.57,6.02,0.0
9995,4,2004,2026-07-19 11:00:00+00:00,2,103.63,0.18,0.71,88.06,0.6,2.41,4.43,1.65
9996,5,2004,2026-07-19 11:00:00+00:00,1,134.31,0.02,2.31,28.78,0.24,2.5,2.75,0.36
9997,1,2005,2026-07-19 12:00:00+00:00,1,97.47,0.03,0.12,53.88,0.23,4.79,6.56,0.52
9998,2,2005,2026-07-19 12:00:00+00:00,2,107.59,1.49,5.41,78.77,4.9,2.6,5.53,1.05
9999,3,2005,2026-07-19 12:00:00+00:00,3,95.2,0.09,0.47,104.25,1.6,5.52,5.95,0.0
10000,4,2005,2026-07-19 12:00:00+00:00,2,102.13,0.13,0.55,90.81,0.57,2.59,4.51,1.51
10001,5,2005,2026-07-19 12:00:00+00:00,1,139.56,0.26,2.88,27.64,0.23,2.18,2.43,0.43
10002,1,2006,2026-07-19 13:00:00+00:00,1,104.74,0.06,0.26,50.69,0.26,5.15,7.24,0.72
10003,2,2006,2026-07-19 13:00:00+00:00,2,108.04,1.42,5.69,85.18,5.39,3.09,5.96,1.08
10004,3,2006,2026-07-19 13:00:00+00:00,3,95.12,0.09,0.53,104.46,1.53,5.48,5.88,0.0
10005,4,2006,2026-07-19 13:00:00+00:00,2,101.54,0.11,0.49,94.25,0.54,2.56,4.35,1.37
10006,5,2006,2026-07-19 13:00:00+00:00,1,143.1,0.52,3.05,30.4,0.25,1.96,2.2,0.5
10007,1,2007,2026-07-19 14:00:00+00:00,1,119.45,0.06,0.56,45.93,0.31,5.9,8.5,1.04
10008,2,2007,2026-07-19 14:00:00+00:00,2,107.7,1.52,6.07,89.24,5.9,3.45,6.24,1.07
10009,3,2007,2026-07-19 14:00:00+00:00,3,95.05,0.1,0.62,103.72,1.5,5.43,5.82,0.0
10010,4,2007,2026-07-19 14:00:00+00:00,2,99.47,0.1,0.48,95.87,0.49,2.34,3.94,1.25
10011,5,2007,2026-07-19 14:00:00+00:00,1,142.41,0.44,2.98,36.97,0.32,1.85,2.08,0.56
10012,1,2008,2026-07-19 15:00:00+00:00,1,135.78,0.0,1.01,41.47,0.35,6.63,9.77,1.31
10013,2,2008,2026-07-19 15:00:00+00:00,2,107.64,1.56,6.43,91.79,6.16,3.68,6.44,0.99
10014,3,2008,2026-07-19 15:00:00+00:00,3,94.79,0.09,0.72,102.38,1.49,5.35,5.73,0.01
10015,4,2008,2026-07-19 15:00:00+00:00,2,98.12,0.1,0.53,96.73,0.49,2.26,3.82,1.25
10016,5,2008,2026-07-19 15:00:00+00:00,1,138.59,0.27,2.75,46.13,0.42,1.89,2.11,0.57
10017,1,2009,2026-07-19 16:00:00+00:00,1,158.31,0.0,1.4,37.07,0.43,7.71,11.52,1.69
10018,2,2009,2026-07-19 16:00:00+00:00,2,107.39,1.37,6.49,93.71,6.06,3.83,6.58,0.9
10019,3,2009,2026-07-19 16:00:00+00:00,2,95.67,0.11,1.2,87.32,1.29,5.37,5.74,0.14
10020,4,2009,2026-07-19 16:00:00+00:00,2,98.24,0.11,0.6,98.49,0.5,2.24,3.8,1.29
10021,5,2009,2026-07-19 16:00:00+00:00,1,137.16,0.2,2.44,57.03,0.57,2.12,2.3,0.47
10022,1,2010,2026-07-19 17:00:00+00:00,1,189.39,0.0,1.81,33.92,0.54,9.36,13.97,2.21
10023,2,2010,2026-07-19 17:00:00+00:00,2,107.23,1.26,7.48,93.17,6.35,4.02,6.79,0.88
10024,3,2010,2026-07-19 17:00:00+00:00,2,97.17,0.08,1.88,67.81,0.97,5.45,5.82,0.34
10025,4,2010,2026-07-19 17:00:00+00:00,2,98.25,0.09,0.69,99.42,0.52,2.21,3.77,1.38
10026,5,2010,2026-07-19 17:00:00+00:00,2,143.66,0.23,2.24,60.04,0.6,2.54,2.7,0.43
10027,1,2011,2026-07-19 18:00:00+00:00,2,216.39,0.0,2.12,31.87,0.63,10.87,16.09,2.64
10028,2,2011,2026-07-19 18:00:00+00:00,2,107.52,1.08,8.58,92.0,6.55,4.28,7.22,0.88
10029,3,2011,2026-07-19 18:00:00+00:00,1,97.88,0.01,2.37,54.88,0.72,5.51,5.88,0.42
10030,4,2011,2026-07-19 18:00:00+00:00,2,98.35,0.07,0.83,99.37,0.55,2.13,3.68,1.47
10031,5,2011,2026-07-19 18:00:00+00:00,2,155.64,0.23,2.03,63.67,0.59,3.24,3.39,0.38
10032,1,2012,2026-07-19 19:00:00+00:00,2,236.52,0.0,2.35,30.1,0.66,12.07,17.69,2.82
10033,2,2012,2026-07-19 19:00:00+00:00,2,108.07,0.53,9.47,90.89,6.37,4.49,7.68,0.86
10034,3,2012,2026-07-19 19:00:00+00:00,1,97.62,0.0,2.63,45.36,0.54,5.53,5.9,0.36
10035,4,2012,2026-07-19 19:00:00+00:00,2,98.96,0.03,1.13,97.13,0.58,2.01,3.55,1.7
10036,5,2012,2026-07-19 19:00:00+00:00,2,169.88,0.27,2.02,63.5,0.53,4.08,4.22,0.35
10037,1,2013,2026-07-19 20:00:00+00:00,2,248.71,0.0,2.47,28.72,0.6,12.83,18.52,2.63
10038,2,2013,2026-07-19 20:00:00+00:00,2,107.94,0.06,9.77,89.21,5.98,4.5,7.87,0.83
10039,3,2013,2026-07-19 20:00:00+00:00,1,97.81,0.0,2.69,37.71,0.4,5.62,5.98,0.29
10040,4,2013,2026-07-19 20:00:00+00:00,2,100.9,0.0,1.54,93.35,0.62,1.9,3.44,2.06
10041,5,2013,2026-07-19 20:00:00+00:00,2,188.36,0.38,2.46,63.2,0.47,4.92,5.06,0.39
10042,1,2014,2026-07-19 21:00:00+00:00,2,244.63,0.0,2.41,27.59,0.49,12.67,17.95,2.35
10043,2,2014,2026-07-19 21:00:00+00:00,2,106.71,0.0,9.28,86.42,5.57,4.27,7.67,0.81
10044,3,2014,2026-07-19 21:00:00+00:00,1,97.2,0.0,2.55,31.21,0.3,5.72,6.08,0.23
10045,4,2014,2026-07-19 21:00:00+00:00,2,102.94,0.0,1.88,88.92,0.67,1.76,3.3,2.39
10046,5,2014,2026-07-19 21:00:00+00:00,2,209.36,0.57,3.38,66.57,0.45,5.77,5.93,0.49
10047,1,2015,2026-07-19 22:00:00+00:00,2,237.58,0.0,2.3,26.47,0.43,12.24,17.2,2.18
10048,2,2015,2026-07-19 22:00:00+00:00,2,104.47,0.0,9.1,82.6,5.26,3.89,7.16,0.8
10049,3,2015,2026-07-19 22:00:00+00:00,1,94.88,0.0,2.31,26.18,0.23,5.74,6.09,0.2
10050,4,2015,2026-07-19 22:00:00+00:00,2,103.06,0.0,2.06,83.42,0.69,1.64,3.14,2.62
10051,5,2015,2026-07-19 22:00:00+00:00,2,236.32,0.65,4.35,72.5,0.46,6.77,6.94,0.57
10052,1,2016,2026-07-19 23:00:00+00:00,2,236.66,0.0,2.25,26.09,0.43,12.11,17.07,2.19
10053,2,2016,2026-07-19 23:00:00+00:00,2,102.4,0.0,9.53,78.46,5.33,3.6,6.76,0.78
10054,3,2016,2026-07-19 23:00:00+00:00,1,93.64,0.01,2.09,23.67,0.21,5.81,6.16,0.19
10055,4,2016,2026-07-19 23:00:00+00:00,2,103.3,0.0,2.06,79.6,0.71,1.63,3.19,2.83
10056,5,2016,2026-07-19 23:00:00+00:00,2,254.78,0.45,4.49,73.12,0.49,7.56,7.74,0.49
10057,1,2017,2026-07-20 00:00:00+00:00,2,237.19,0.0,2.26,26.17,0.46,12.15,17.23,2.34
10058,2,2017,2026-07-20 00:00:00+00:00,2,100.51,0.0,9.54,75.33,5.26,3.28,6.42,0.78
10059,3,2017,2026-07-20 00:00:00+00:00,1,92.65,0.01,1.91,22.56,0.19,5.89,6.23,0.18
10060,4,2017,2026-07-20 00:00:00+00:00,2,102.65,0.0,2.01,76.53,0.74,1.74,3.52,3.08
10061,5,2017,2026-07-20 00:00:00+00:00,2,263.88,0.14,4.48,72.54,0.54,7.95,8.14,0.4
10062,1,2018,2026-07-20 01:00:00+00:00,2,235.81,0.0,2.26,26.71,0.52,12.05,17.24,2.68
10063,2,2018,2026-07-20 01:00:00+00:00,2,97.26,0.0,5.97,76.17,3.56,2.48,5.48,0.82
10064,3,2018,2026-07-20 01:00:00+00:00,1,91.33,0.01,1.78,22.09,0.19,5.9,6.24,0.17
10065,4,2018,2026-07-20 01:00:00+00:00,2,100.27,0.0,1.96,73.37,0.78,1.84,4.03,3.31
10066,5,2018,2026-07-20 01:00:00+00:00,2,267.17,0.0,4.31,66.8,0.57,8.07,8.27,0.35
10067,1,2019,2026-07-20 02:00:00+00:00,2,235.33,0.0,2.28,27.71,0.6,11.86,17.18,3.14
10068,2,2019,2026-07-20 02:00:00+00:00,2,95.3,0.0,5.02,73.94,3.01,2.08,5.08,0.86
10069,3,2019,2026-07-20 02:00:00+00:00,1,91.0,0.02,1.75,21.04,0.19,5.92,6.25,0.16
10070,4,2019,2026-07-20 02:00:00+00:00,2,98.81,0.0,1.99,71.13,0.81,1.91,4.58,3.59
10071,5,2019,2026-07-20 02:00:00+00:00,1,278.38,0.0,4.31,55.49,0.56,8.34,8.56,0.33
10072,1,2020,2026-07-20 03:00:00+00:00,2,238.73,0.0,2.37,28.71,0.71,11.92,17.47,3.66
10073,2,2020,2026-07-20 03:00:00+00:00,2,94.18,0.0,4.99,70.28,2.89,1.94,5.09,0.92
10074,3,2020,2026-07-20 03:00:00+00:00,1,93.19,0.17,1.86,20.03,0.23,5.95,6.28,0.16
10075,4,2020,2026-07-20 03:00:00+00:00,2,98.05,0.0,2.04,69.11,0.84,1.93,5.0,3.87
10076,5,2020,2026-07-20 03:00:00+00:00,1,299.39,0.0,4.3,47.15,0.57,8.69,8.92,0.32
10077,1,2021,2026-07-20 04:00:00+00:00,2,258.23,0.01,2.71,28.88,0.94,12.82,19.14,4.42
10078,2,2021,2026-07-20 04:00:00+00:00,2,92.89,0.0,5.22,66.63,2.91,1.94,5.31,0.95
10079,3,2021,2026-07-20 04:00:00+00:00,1,97.54,0.66,1.85,20.5,0.3,5.93,6.26,0.18
10080,4,2021,2026-07-20 04:00:00+00:00,2,96.7,0.0,2.14,66.75,0.86,1.89,5.2,4.02
10081,5,2021,2026-07-20 04:00:00+00:00,1,327.21,0.0,3.95,41.71,0.52,9.01,9.24,0.29
10082,1,2022,2026-07-20 05:00:00+00:00,2,282.42,0.39,2.42,30.4,1.15,14.08,21.28,5.1
10083,2,2022,2026-07-20 05:00:00+00:00,2,92.26,0.0,5.54,64.01,3.0,2.03,5.65,0.93
10084,3,2022,2026-07-20 05:00:00+00:00,1,100.95,1.08,1.8,22.37,0.37,5.92,6.26,0.26
10085,4,2022,2026-07-20 05:00:00+00:00,2,97.22,0.0,2.54,64.75,0.91,1.87,5.4,4.12
10086,5,2022,2026-07-20 05:00:00+00:00,1,371.34,0.0,3.33,39.33,0.48,9.44,9.67,0.29
10087,1,2023,2026-07-20 06:00:00+00:00,2,299.52,0.45,1.65,38.93,1.22,16.49,24.12,5.24
10088,2,2023,2026-07-20 06:00:00+00:00,2,91.91,0.21,5.72,62.58,3.09,2.12,5.95,0.85
10089,3,2023,2026-07-20 06:00:00+00:00,1,101.74,1.01,1.74,29.21,0.44,6.07,6.43,0.33
10090,4,2023,2026-07-20 06:00:00+00:00,2,98.48,0.17,3.13,63.15,0.99,1.9,5.67,4.09
10091,5,2023,2026-07-20 06:00:00+00:00,1,430.41,0.0,2.73,37.74,0.47,9.88,10.15,0.29
10092,1,2024,2026-07-20 07:00:00+00:00,1,138.84,0.09,0.33,50.72,0.53,6.69,11.03,1.38
10093,2,2024,2026-07-20 07:00:00+00:00,2,91.44,0.76,5.25,62.56,3.21,2.18,6.15,0.73
10094,3,2024,2026-07-20 07:00:00+00:00,2,95.78,0.2,1.0,93.23,1.39,5.96,6.31,0.02
10095,4,2024,2026-07-20 07:00:00+00:00,2,99.34,0.56,3.12,62.33,1.07,2.0,6.09,3.98
10096,5,2024,2026-07-20 07:00:00+00:00,2,484.08,0.0,2.42,35.61,0.47,10.19,10.47,0.31
10097,1,2025,2026-07-20 08:00:00+00:00,1,121.9,0.05,0.19,52.09,0.48,6.05,9.87,1.06
10098,2,2025,2026-07-20 08:00:00+00:00,2,91.7,1.29,5.04,63.16,3.44,2.28,6.43,0.66
10099,3,2025,2026-07-20 08:00:00+00:00,3,93.99,0.13,0.66,100.65,1.36,5.99,6.31,0.0
10100,4,2025,2026-07-20 08:00:00+00:00,2,100.07,0.85,2.88,63.05,1.16,2.18,6.72,3.86
10101,5,2025,2026-07-20 08:00:00+00:00,2,518.89,0.0,2.34,33.25,0.48,10.36,10.68,0.32
10102,1,2026,2026-07-20 09:00:00+00:00,1,117.26,0.04,0.15,52.39,0.47,6.05,9.7,0.99
10103,2,2026,2026-07-20 09:00:00+00:00,2,92.41,1.62,4.94,64.96,3.66,2.44,6.81,0.61
10104,3,2026,2026-07-20 09:00:00+00:00,3,93.16,0.11,0.55,103.39,1.37,6.19,6.5,0.0
10105,4,2026,2026-07-20 09:00:00+00:00,2,100.42,0.89,2.56,66.42,1.22,2.55,7.61,3.75
10106,5,2026,2026-07-20 09:00:00+00:00,2,539.18,0.0,2.41,32.02,0.52,10.46,10.81,0.33
10107,1,2027,2026-07-20 10:00:00+00:00,1,109.38,0.03,0.12,53.61,0.43,5.74,8.98,0.86
10108,2,2027,2026-07-20 10:00:00+00:00,2,92.41,1.6,4.51,69.18,3.7,2.64,7.21,0.54
10109,3,2027,2026-07-20 10:00:00+00:00,3,93.06,0.1,0.52,106.08,1.36,6.27,6.58,0.0
10110,4,2027,2026-07-20 10:00:00+00:00,2,98.77,0.48,1.53,79.34,1.01,2.94,8.2,2.86
10111,5,2027,2026-07-20 10:00:00+00:00,2,543.58,0.0,2.65,32.16,0.62,10.26,10.67,0.37
10112,1,2028,2026-07-20 11:00:00+00:00,1,105.35,0.03,0.12,53.58,0.39,5.72,8.64,0.79
10113,2,2028,2026-07-20 11:00:00+00:00,2,92.08,1.34,3.87,75.66,3.6,2.98,7.76,0.46
10114,3,2028,2026-07-20 11:00:00+00:00,3,91.67,0.09,0.5,107.17,1.32,6.17,6.47,0.0
10115,4,2028,2026-07-20 11:00:00+00:00,2,95.93,0.24,0.88,87.21,0.83,3.31,8.43,2.36
10116,5,2028,2026-07-20 11:00:00+00:00,1,534.94,0.02,3.54,32.15,0.77,9.76,10.26,0.44
10117,1,2029,2026-07-20 12:00:00+00:00,1,103.8,0.03,0.13,53.25,0.37,5.75,8.56,0.77
10118,2,2029,2026-07-20 12:00:00+00:00,2,92.39,1.08,3.38,83.09,3.63,3.62,8.78,0.41
10119,3,2029,2026-07-20 12:00:00+00:00,3,90.54,0.09,0.51,107.82,1.3,6.07,6.36,0.0
10120,4,2029,2026-07-20 12:00:00+00:00,2,94.54,0.17,0.67,91.19,0.76,3.64,8.76,2.23
10121,5,2029,2026-07-20 12:00:00+00:00,1,516.34,0.25,4.83,33.59,0.98,9.15,9.76,0.56
10122,1,2030,2026-07-20 13:00:00+00:00,1,112.35,0.06,0.27,51.2,0.39,6.23,9.22,0.95
10123,2,2030,2026-07-20 13:00:00+00:00,2,93.35,1.21,3.96,88.43,4.48,4.48,10.17,0.38
10124,3,2030,2026-07-20 13:00:00+00:00,3,90.55,0.05,0.7,107.3,1.31,5.94,6.23,0.01
10125,4,2030,2026-07-20 13:00:00+00:00,2,94.43,0.14,0.57,95.02,0.69,3.6,8.37,2.03
10126,5,2030,2026-07-20 13:00:00+00:00,1,484.6,0.6,5.03,39.48,1.25,8.47,9.18,0.67
10127,1,2031,2026-07-20 14:00:00+00:00,1,129.44,0.06,0.59,47.59,0.43,7.12,10.52,1.26
10128,2,2031,2026-07-20 14:00:00+00:00,2,94.47,1.58,5.44,91.3,6.17,5.33,11.64,0.38
10129,3,2031,2026-07-20 14:00:00+00:00,3,90.99,0.05,0.92,105.41,1.34,5.83,6.11,0.05
10130,4,2031,2026-07-20 14:00:00+00:00,2,93.01,0.12,0.54,96.52,0.62,3.33,7.6,1.8
10131,5,2031,2026-07-20 14:00:00+00:00,1,446.66,0.81,4.24,50.47,1.43,8.13,8.91,0.79
10132,1,2032,2026-07-20 15:00:00+00:00,1,147.94,0.0,1.06,43.78,0.46,7.95,11.82,1.57
10133,2,2032,2026-07-20 15:00:00+00:00,2,95.41,1.92,7.16,93.76,7.97,6.03,13.01,0.38
10134,3,2032,2026-07-20 15:00:00+00:00,3,91.61,0.04,1.14,103.21,1.39,5.74,6.02,0.1
10135,4,2032,2026-07-20 15:00:00+00:00,2,91.69,0.13,0.59,97.26,0.59,3.22,7.22,1.71
10136,5,2032,2026-07-20 15:00:00+00:00,2,411.47,0.59,3.07,71.11,1.63,8.55,9.38,0.94
10137,1,2033,2026-07-20 16:00:00+00:00,1,175.71,0.0,1.52,39.6,0.59,9.29,13.85,2.21
10138,2,2033,2026-07-20 16:00:00+00:00,2,96.62,2.25,9.47,94.94,9.96,6.63,14.33,0.39
10139,3,2033,2026-07-20 16:00:00+00:00,2,93.1,0.03,1.68,93.54,1.31,5.73,6.03,0.22
10140,4,2033,2026-07-20 16:00:00+00:00,2,91.77,0.13,0.69,98.3,0.58,3.15,6.85,1.66
10141,5,2033,2026-07-20 16:00:00+00:00,3,405.55,0.25,1.65,103.83,1.76,8.47,9.13,0.95
10142,1,2034,2026-07-20 17:00:00+00:00,2,218.63,0.0,2.1,36.44,0.8,11.56,17.13,3.18
10143,2,2034,2026-07-20 17:00:00+00:00,2,97.27,2.31,11.88,93.59,11.27,7.02,15.15,0.35
10144,3,2034,2026-07-20 17:00:00+00:00,2,95.63,0.01,2.33,79.72,1.13,5.83,6.15,0.36
10145,4,2034,2026-07-20 17:00:00+00:00,2,91.99,0.13,0.82,97.62,0.58,3.1,6.46,1.67
10146,5,2034,2026-07-20 17:00:00+00:00,3,424.43,0.17,1.27,112.26,1.35,8.39,8.92,0.88
10147,1,2035,2026-07-20 18:00:00+00:00,2,256.88,0.0,2.56,34.4,0.97,13.75,20.2,4.01
10148,2,2035,2026-07-20 18:00:00+00:00,2,97.45,1.8,13.78,91.52,11.31,7.12,15.48,0.28
10149,3,2035,2026-07-20 18:00:00+00:00,2,97.47,0.0,2.74,68.97,0.96,5.93,6.28,0.43
10150,4,2035,2026-07-20 18:00:00+00:00,2,92.76,0.11,1.02,95.1,0.58,3.01,6.09,1.75
10151,5,2035,2026-07-20 18:00:00+00:00,3,432.03,0.15,1.27,114.43,1.1,8.4,8.88,0.85
10152,1,2036,2026-07-20 19:00:00+00:00,2,288.45,0.0,2.92,32.71,1.1,15.7,22.83,4.63
10153,2,2036,2026-07-20 19:00:00+00:00,2,97.31,0.77,14.78,90.61,10.4,6.93,15.3,0.22
10154,3,2036,2026-07-20 19:00:00+00:00,2,98.19,0.0,2.91,60.58,0.86,5.97,6.33,0.38
10155,4,2036,2026-07-20 19:00:00+00:00,2,93.56,0.05,1.38,90.42,0.61,2.91,5.77,1.92
10156,5,2036,2026-07-20 19:00:00+00:00,3,448.58,0.16,1.36,116.29,0.94,8.38,8.8,0.81
10157,1,2037,2026-07-20 20:00:00+00:00,2,310.12,0.0,3.16,31.32,1.11,17.18,24.59,4.71
10158,2,2037,2026-07-20 20:00:00+00:00,2,97.31,0.09,15.65,87.05,9.91,6.68,14.83,0.22
10159,3,2037,2026-07-20 20:00:00+00:00,1,99.27,0.0,2.86,54.71,0.76,6.07,6.42,0.3
10160,4,2037,2026-07-20 20:00:00+00:00,2,95.57,0.0,1.84,85.21,0.68,2.87,5.59,2.22
10161,5,2037,2026-07-20 20:00:00+00:00,3,467.09,0.17,1.51,116.72,0.82,8.34,8.72,0.75
10162,1,2038,2026-07-20 21:00:00+00:00,2,310.81,0.0,3.14,30.02,0.95,17.45,24.5,4.1
10163,2,2038,2026-07-20 21:00:00+00:00,2,97.41,0.0,14.25,84.12,9.08,6.27,14.06,0.25
10164,3,2038,2026-07-20 21:00:00+00:00,1,99.37,0.0,2.61,50.24,0.63,6.17,6.5,0.24
10165,4,2038,2026-07-20 21:00:00+00:00,2,97.41,0.0,2.15,80.72,0.76,2.79,5.41,2.53
10166,5,2038,2026-07-20 21:00:00+00:00,3,479.64,0.2,1.85,117.23,0.76,8.32,8.69,0.71
10167,1,2039,2026-07-20 22:00:00+00:00,2,304.8,0.0,3.04,28.95,0.81,17.16,23.76,3.55
10168,2,2039,2026-07-20 22:00:00+00:00,2,96.76,0.0,11.08,83.26,7.14,5.45,12.7,0.31
10169,3,2039,2026-07-20 22:00:00+00:00,1,98.07,0.0,2.26,46.93,0.59,6.18,6.47,0.18
10170,4,2039,2026-07-20 22:00:00+00:00,2,97.47,0.0,2.34,76.13,0.83,2.69,5.21,2.8
10171,5,2039,2026-07-20 22:00:00+00:00,3,489.9,0.22,2.41,117.27,0.74,8.54,8.94,0.69
10172,1,2040,2026-07-20 23:00:00+00:00,2,303.91,0.0,3.01,28.98,0.83,17.14,23.55,3.74
10173,2,2040,2026-07-20 23:00:00+00:00,2,96.49,0.0,9.27,81.04,5.99,4.73,11.48,0.34
10174,3,2040,2026-07-20 23:00:00+00:00,1,97.75,0.0,1.98,44.25,0.52,6.26,6.5,0.13
10175,4,2040,2026-07-20 23:00:00+00:00,2,98.53,0.0,2.43,73.62,0.93,2.69,5.27,3.1
10176,5,2040,2026-07-20 23:00:00+00:00,3,491.65,0.18,3.11,114.31,0.8,9.0,9.47,0.69
10177,1,2041,2026-07-21 00:00:00+00:00,2,305.47,0.0,3.02,29.11,0.87,17.32,23.65,4.02
10178,2,2041,2026-07-21 00:00:00+00:00,2,96.4,0.0,8.2,78.2,5.31,4.13,10.33,0.36
10179,3,2041,2026-07-21 00:00:00+00:00,1,98.04,0.0,1.74,42.32,0.45,6.36,6.59,0.12
10180,4,2041,2026-07-21 00:00:00+00:00,2,99.33,0.0,2.47,72.41,1.04,2.76,5.62,3.37
10181,5,2041,2026-07-21 00:00:00+00:00,3,483.97,0.07,3.92,109.39,0.92,9.37,9.95,0.63
10182,1,2042,2026-07-21 01:00:00+00:00,2,307.37,0.0,3.01,29.34,0.92,17.41,23.68,4.34
10183,2,2042,2026-07-21 01:00:00+00:00,2,96.05,0.0,7.49,75.92,4.8,3.67,9.28,0.38
10184,3,2042,2026-07-21 01:00:00+00:00,1,97.87,0.0,1.55,41.3,0.38,6.46,6.71,0.12
10185,4,2042,2026-07-21 01:00:00+00:00,2,98.66,0.0,2.54,71.1,1.14,2.83,6.16,3.63
10186,5,2042,2026-07-21 01:00:00+00:00,2,463.04,0.0,4.4,99.67,1.01,9.73,10.42,0.52
10187,1,2043,2026-07-21 02:00:00+00:00,2,308.02,0.0,3.0,29.65,0.97,17.42,23.65,4.63
10188,2,2043,2026-07-21 02:00:00+00:00,2,96.37,0.0,7.55,73.19,4.7,3.44,8.65,0.38
10189,3,2043,2026-07-21 02:00:00+00:00,1,97.59,0.0,1.51,38.55,0.34,6.59,6.87,0.13
10190,4,2043,2026-07-21 02:00:00+00:00,2,98.6,0.0,2.68,69.94,1.24,2.9,6.78,3.95
10191,5,2043,2026-07-21 02:00:00+00:00,2,437.11,0.0,4.68,86.73,1.03,10.13,10.92,0.4
10192,1,2044,2026-07-21 03:00:00+00:00,2,310.66,0.0,3.04,29.99,1.04,17.63,23.94,4.95
10193,2,2044,2026-07-21 03:00:00+00:00,2,96.6,0.0,7.97,70.69,4.84,3.38,8.4,0.4
10194,3,2044,2026-07-21 03:00:00+00:00,1,98.28,0.03,1.66,36.61,0.36,6.86,7.16,0.14
10195,4,2044,2026-07-21 03:00:00+00:00,2,98.36,0.0,2.86,67.98,1.31,2.92,7.36,4.25
10196,5,2044,2026-07-21 03:00:00+00:00,2,403.89,0.0,4.88,73.01,0.99,10.21,11.03,0.31
10197,1,2045,2026-07-21 04:00:00+00:00,2,327.09,0.01,3.3,29.81,1.23,18.3,25.24,5.56
10198,2,2045,2026-07-21 04:00:00+00:00,2,96.54,0.0,8.48,68.26,5.07,3.46,8.52,0.44
10199,3,2045,2026-07-21 04:00:00+00:00,1,100.86,0.15,1.9,35.95,0.42,7.34,7.63,0.15
10200,4,2045,2026-07-21 04:00:00+00:00,2,97.77,0.0,3.12,65.18,1.36,2.89,7.86,4.46
10201,5,2045,2026-07-21 04:00:00+00:00,1,352.75,0.0,4.74,59.06,0.93,9.57,10.28,0.27
10202,1,2046,2026-07-21 05:00:00+00:00,2,346.6,0.41,2.89,31.09,1.38,19.05,26.73,5.87
10203,2,2046,2026-07-21 05:00:00+00:00,2,96.29,0.0,8.86,66.53,5.28,3.62,8.89,0.49
10204,3,2046,2026-07-21 05:00:00+00:00,1,103.11,0.29,2.03,34.81,0.47,7.87,8.14,0.17
10205,4,2046,2026-07-21 05:00:00+00:00,2,98.57,0.0,3.74,62.02,1.38,2.89,8.36,4.59
10206,5,2046,2026-07-21 05:00:00+00:00,1,296.94,0.0,4.4,47.74,0.9,8.49,9.07,0.26
10207,1,2047,2026-07-21 06:00:00+00:00,2,358.77,0.49,1.91,40.01,1.39,21.24,29.2,5.82
10208,2,2047,2026-07-21 06:00:00+00:00,2,96.22,0.3,9.13,66.23,5.46,3.86,9.42,0.54
10209,3,2047,2026-07-21 06:00:00+00:00,1,104.72,0.36,1.96,34.67,0.52,8.42,8.68,0.2
10210,4,2047,2026-07-21 06:00:00+00:00,1,100.28,0.25,4.62,59.36,1.38,2.95,8.81,4.69
10211,5,2047,2026-07-21 06:00:00+00:00,1,242.68,0.0,4.04,38.69,0.86,7.26,7.72,0.26
10212,1,2048,2026-07-21 07:00:00+00:00,1,175.46,0.11,0.42,49.5,0.64,9.57,14.22,1.84
10213,2,2048,2026-07-21 07:00:00+00:00,2,96.88,1.22,9.18,65.77,5.9,4.2,10.05,0.59
10214,3,2048,2026-07-21 07:00:00+00:00,2,113.24,0.12,1.34,60.3,0.7,8.03,8.16,0.08
10215,4,2048,2026-07-21 07:00:00+00:00,1,102.04,0.86,4.53,57.72,1.37,3.04,9.11,4.76
10216,5,2048,2026-07-21 07:00:00+00:00,1,196.88,0.0,3.72,32.29,0.81,6.14,6.52,0.26
10217,1,2049,2026-07-21 08:00:00+00:00,1,153.27,0.06,0.23,51.14,0.52,8.71,12.84,1.39
10218,2,2049,2026-07-21 08:00:00+00:00,2,98.55,2.47,9.8,64.5,6.8,4.67,10.73,0.71
10219,3,2049,2026-07-21 08:00:00+00:00,2,113.99,0.07,1.13,61.23,0.56,5.79,5.86,0.08
10220,4,2049,2026-07-21 08:00:00+00:00,1,103.89,1.29,4.15,58.94,1.38,3.22,9.38,4.84
10221,5,2049,2026-07-21 08:00:00+00:00,1,165.57,0.0,3.43,27.78,0.74,5.42,5.74,0.26
10222,1,2050,2026-07-21 09:00:00+00:00,1,141.68,0.05,0.17,51.35,0.48,8.25,12.14,1.23
10223,2,2050,2026-07-21 09:00:00+00:00,2,100.78,3.52,10.21,64.47,7.94,5.23,11.49,0.84
10224,3,2050,2026-07-21 09:00:00+00:00,1,112.11,0.05,1.15,57.9,0.48,4.41,4.47,0.1
10225,4,2050,2026-07-21 09:00:00+00:00,2,105.18,1.28,3.6,64.43,1.39,3.63,9.87,4.85
10226,5,2050,2026-07-21 09:00:00+00:00,1,146.47,0.0,3.26,24.93,0.71,4.96,5.24,0.25
10227,1,2051,2026-07-21 10:00:00+00:00,1,118.22,0.04,0.13,52.38,0.38,6.43,9.87,0.9
10228,2,2051,2026-07-21 10:00:00+00:00,2,102.8,4.19,10.71,65.81,9.22,5.86,12.17,0.9
10229,3,2051,2026-07-21 10:00:00+00:00,1,110.42,0.04,1.17,56.91,0.43,3.2,3.24,0.12
10230,4,2051,2026-07-21 10:00:00+00:00,2,102.79,0.6,2.03,81.88,1.22,4.0,9.26,3.78
10231,5,2051,2026-07-21 10:00:00+00:00,1,134.92,0.0,3.22,23.58,0.72,4.64,4.9,0.25
10232,1,2052,2026-07-21 11:00:00+00:00,1,108.33,0.03,0.12,51.61,0.3,5.81,9.04,0.73
10233,2,2052,2026-07-21 11:00:00+00:00,2,104.52,4.63,11.47,69.07,10.88,6.71,12.83,0.87
10234,3,2052,2026-07-21 11:00:00+00:00,1,108.56,0.05,1.1,57.93,0.38,2.21,2.25,0.14
10235,4,2052,2026-07-21 11:00:00+00:00,2,100.17,0.28,1.13,93.14,1.01,4.28,8.7,3.09
10236,5,2052,2026-07-21 11:00:00+00:00,1,129.08,0.03,3.54,23.57,0.81,4.46,4.75,0.25
10237,1,2053,2026-07-21 12:00:00+00:00,1,104.05,0.03,0.13,50.69,0.26,5.56,8.78,0.65
10238,2,2053,2026-07-21 12:00:00+00:00,2,106.25,5.04,12.67,73.57,12.93,8.18,14.16,0.75
10239,3,2053,2026-07-21 12:00:00+00:00,2,107.13,0.06,1.04,60.22,0.35,1.65,1.69,0.16
10240,4,2053,2026-07-21 12:00:00+00:00,3,98.63,0.18,0.8,100.34,0.9,4.51,8.54,2.84
10241,5,2053,2026-07-21 12:00:00+00:00,1,127.14,0.35,3.75,25.64,1.0,4.48,4.8,0.27
10242,1,2054,2026-07-21 13:00:00+00:00,1,111.36,0.06,0.26,48.22,0.28,5.86,9.3,0.82
10243,2,2054,2026-07-21 13:00:00+00:00,2,108.31,5.37,14.28,78.83,15.22,10.16,16.15,0.56
10244,3,2054,2026-07-21 13:00:00+00:00,1,107.85,0.06,1.42,59.09,0.4,1.48,1.53,0.21
10245,4,2054,2026-07-21 13:00:00+00:00,3,97.98,0.14,0.67,106.43,0.83,4.6,8.47,2.71
10246,5,2054,2026-07-21 13:00:00+00:00,1,124.26,0.59,3.55,32.38,1.41,4.71,5.08,0.32
10247,1,2055,2026-07-21 14:00:00+00:00,1,127.81,0.06,0.58,44.36,0.33,6.65,10.52,1.14
10248,2,2055,2026-07-21 14:00:00+00:00,2,109.7,5.54,16.01,82.8,17.19,12.01,18.09,0.41
10249,3,2055,2026-07-21 14:00:00+00:00,1,110.04,0.05,2.15,55.35,0.47,1.51,1.58,0.28
10250,4,2055,2026-07-21 14:00:00+00:00,3,96.53,0.12,0.64,109.31,0.77,4.63,8.48,2.61
10251,5,2055,2026-07-21 14:00:00+00:00,1,120.88,0.59,3.2,38.91,1.7,4.93,5.37,0.42
10252,1,2056,2026-07-21 15:00:00+00:00,1,145.6,0.01,1.05,40.61,0.37,7.41,11.78,1.44
10253,2,2056,2026-07-21 15:00:00+00:00,2,110.16,5.38,17.87,85.89,18.41,13.43,19.7,0.3
10254,3,2056,2026-07-21 15:00:00+00:00,1,110.66,0.03,2.58,53.46,0.52,1.55,1.64,0.29
10255,4,2056,2026-07-21 15:00:00+00:00,3,95.53,0.12,0.7,111.49,0.74,4.63,8.53,2.51
10256,5,2056,2026-07-21 15:00:00+00:00,1,118.75,0.46,2.63,48.07,1.85,5.26,5.75,0.5
10257,1,2057,2026-07-21 16:00:00+00:00,1,172.9,0.0,1.51,36.28,0.45,8.71,13.71,1.92
10258,2,2057,2026-07-21 16:00:00+00:00,2,109.97,4.45,18.48,92.05,17.82,14.4,21.04,0.22
10259,3,2057,2026-07-21 16:00:00+00:00,1,109.06,0.01,2.68,51.63,0.54,1.56,1.67,0.31
10260,4,2057,2026-07-21 16:00:00+00:00,3,95.54,0.12,0.8,114.13,0.72,4.61,8.68,2.42
10261,5,2057,2026-07-21 16:00:00+00:00,1,119.09,0.17,2.37,59.51,1.78,5.17,5.57,0.49
10262,1,2058,2026-07-21 17:00:00+00:00,2,213.7,0.0,2.03,32.4,0.54,10.82,16.66,2.43
10263,2,2058,2026-07-21 17:00:00+00:00,2,109.51,3.48,19.47,95.68,17.09,15.15,22.16,0.19
10264,3,2058,2026-07-21 17:00:00+00:00,1,106.02,0.0,2.48,50.45,0.5,1.54,1.65,0.3
10265,4,2058,2026-07-21 17:00:00+00:00,3,95.59,0.11,0.92,115.86,0.74,4.72,9.1,2.42
10266,5,2058,2026-07-21 17:00:00+00:00,2,118.18,0.11,2.4,62.92,1.51,4.65,4.91,0.47
10267,1,2059,2026-07-21 18:00:00+00:00,2,249.42,0.0,2.42,29.57,0.56,12.8,19.27,2.43
10268,2,2059,2026-07-21 18:00:00+00:00,2,109.24,2.26,20.28,98.91,15.84,15.55,22.87,0.22
10269,3,2059,2026-07-21 18:00:00+00:00,1,102.0,0.0,2.16,51.07,0.44,1.47,1.56,0.29
10270,4,2059,2026-07-21 18:00:00+00:00,3,95.91,0.08,1.11,116.23,0.78,4.85,9.57,2.44
10271,5,2059,2026-07-21 18:00:00+00:00,2,118.56,0.09,2.56,64.25,1.41,4.46,4.65,0.46
10272,1,2060,2026-07-21 19:00:00+00:00,2,276.08,0.0,2.69,27.33,0.59,14.36,21.02,2.28
10273,2,2060,2026-07-21 19:00:00+00:00,3,109.56,0.91,21.56,100.29,14.56,16.02,23.56,0.24
10274,3,2060,2026-07-21 19:00:00+00:00,1,98.68,0.0,1.98,50.61,0.38,1.4,1.49,0.28
10275,4,2060,2026-07-21 19:00:00+00:00,3,97.13,0.04,1.58,113.26,0.83,5.03,10.1,2.66
10276,5,2060,2026-07-21 19:00:00+00:00,2,122.07,0.11,3.04,62.6,1.45,4.39,4.55,0.44
10277,1,2061,2026-07-21 20:00:00+00:00,2,290.68,0.0,2.86,25.91,0.55,15.26,21.89,2.02
10278,2,2061,2026-07-21 20:00:00+00:00,2,110.03,0.09,22.39,99.19,13.83,16.53,24.16,0.27
10279,3,2061,2026-07-21 20:00:00+00:00,1,97.2,0.0,1.96,47.76,0.33,1.36,1.46,0.27
10280,4,2061,2026-07-21 20:00:00+00:00,3,100.26,0.0,2.25,107.76,0.93,5.34,10.73,3.06
10281,5,2061,2026-07-21 20:00:00+00:00,1,128.15,0.17,3.66,58.23,1.38,4.28,4.43,0.36
10282,1,2062,2026-07-21 21:00:00+00:00,2,285.43,0.0,2.79,24.81,0.45,14.97,21.09,1.67
10283,2,2062,2026-07-21 21:00:00+00:00,2,110.31,0.0,21.01,97.94,13.38,16.73,24.23,0.3
10284,3,2062,2026-07-21 21:00:00+00:00,1,96.08,0.0,1.88,44.63,0.29,1.32,1.41,0.25
10285,4,2062,2026-07-21 21:00:00+00:00,3,104.75,0.0,2.87,102.13,1.05,5.7,11.35,3.47
10286,5,2062,2026-07-21 21:00:00+00:00,1,135.41,0.27,4.4,54.48,1.25,3.96,4.1,0.31
10287,1,2063,2026-07-21 22:00:00+00:00,2,272.91,0.0,2.61,24.0,0.38,14.17,19.69,1.52
10288,2,2063,2026-07-21 22:00:00+00:00,2,110.31,0.0,20.44,96.29,13.05,16.52,23.71,0.32
10289,3,2063,2026-07-21 22:00:00+00:00,1,93.85,0.0,1.82,38.43,0.23,1.27,1.37,0.22
10290,4,2063,2026-07-21 22:00:00+00:00,2,108.76,0.0,3.35,95.54,1.15,6.02,11.76,3.84
10291,5,2063,2026-07-21 22:00:00+00:00,1,138.4,0.22,5.05,51.04,1.04,3.48,3.61,0.3
10292,1,2064,2026-07-21 23:00:00+00:00,2,265.36,0.0,2.47,23.91,0.35,13.65,18.84,1.51
10293,2,2064,2026-07-21 23:00:00+00:00,2,109.85,0.0,20.69,93.05,12.76,16.08,23.03,0.33
10294,3,2064,2026-07-21 23:00:00+00:00,1,91.94,0.0,1.82,30.46,0.18,1.25,1.36,0.21
10295,4,2064,2026-07-21 23:00:00+00:00,2,114.19,0.0,3.65,90.0,1.22,6.41,12.18,4.28
10296,5,2064,2026-07-21 23:00:00+00:00,1,136.21,0.07,5.15,49.34,1.0,2.88,3.01,0.26
10297,1,2065,2026-07-22 00:00:00+00:00,2,260.0,0.0,2.34,24.4,0.33,13.29,18.3,1.54
10298,2,2065,2026-07-22 00:00:00+00:00,2,109.11,0.0,20.69,89.58,12.47,15.47,22.17,0.34
10299,3,2065,2026-07-22 00:00:00+00:00,1,90.02,0.0,1.81,24.04,0.16,1.24,1.36,0.2
10300,4,2065,2026-07-22 00:00:00+00:00,2,119.03,0.0,3.78,85.36,1.25,6.68,12.35,4.7
10301,5,2065,2026-07-22 00:00:00+00:00,1,130.07,0.01,4.97,48.92,1.1,2.18,2.31,0.26
10302,1,2066,2026-07-22 01:00:00+00:00,2,247.44,0.0,2.13,25.33,0.31,12.43,17.21,1.48
10303,2,2066,2026-07-22 01:00:00+00:00,2,108.13,0.0,20.26,86.61,12.15,14.78,21.2,0.35
10304,3,2066,2026-07-22 01:00:00+00:00,1,87.77,0.01,1.82,19.63,0.16,1.23,1.35,0.2
10305,4,2066,2026-07-22 01:00:00+00:00,2,120.3,0.0,3.75,80.41,1.23,6.68,12.04,5.01
10306,5,2066,2026-07-22 01:00:00+00:00,1,120.4,0.0,4.51,46.9,1.18,1.59,1.7,0.24
10307,1,2067,2026-07-22 02:00:00+00:00,2,239.91,0.0,1.98,24.97,0.26,11.83,16.4,1.2
10308,2,2067,2026-07-22 02:00:00+00:00,2,107.17,0.0,19.8,84.45,11.96,14.33,20.4,0.37
10309,3,2067,2026-07-22 02:00:00+00:00,1,87.4,0.01,1.85,17.97,0.17,1.2,1.33,0.2
10310,4,2067,2026-07-22 02:00:00+00:00,2,120.7,0.0,3.7,77.03,1.21,6.53,11.54,5.25
10311,5,2067,2026-07-22 02:00:00+00:00,1,115.42,0.0,4.22,40.81,1.08,1.42,1.51,0.23
10312,1,2068,2026-07-22 03:00:00+00:00,2,239.45,0.0,1.92,24.31,0.22,11.71,16.09,0.85
10313,2,2068,2026-07-22 03:00:00+00:00,2,106.77,0.0,19.54,82.29,12.02,14.17,19.92,0.39
10314,3,2068,2026-07-22 03:00:00+00:00,1,89.53,0.09,2.03,19.19,0.23,1.17,1.31,0.2
10315,4,2068,2026-07-22 03:00:00+00:00,2,119.1,0.0,3.62,74.5,1.2,6.18,10.83,5.31
10316,5,2068,2026-07-22 03:00:00+00:00,1,113.24,0.0,3.96,36.85,0.98,1.34,1.43,0.24
10317,1,2069,2026-07-22 04:00:00+00:00,2,246.61,0.01,2.02,23.82,0.25,11.92,16.46,0.71
10318,2,2069,2026-07-22 04:00:00+00:00,2,104.04,0.0,13.5,90.52,8.89,12.4,17.13,0.69
10319,3,2069,2026-07-22 04:00:00+00:00,1,93.3,0.3,2.14,22.75,0.29,1.12,1.27,0.25
10320,4,2069,2026-07-22 04:00:00+00:00,2,114.79,0.0,3.54,72.01,1.2,5.6,9.85,5.06
10321,5,2069,2026-07-22 04:00:00+00:00,1,111.21,0.0,3.6,34.69,0.96,1.33,1.41,0.24
10322,1,2070,2026-07-22 05:00:00+00:00,2,252.55,0.23,1.75,24.83,0.31,11.9,16.68,0.77
10323,2,2070,2026-07-22 05:00:00+00:00,2,104.22,0.0,12.02,91.7,8.06,11.92,16.21,0.85
10324,3,2070,2026-07-22 05:00:00+00:00,1,96.2,0.53,2.39,21.32,0.34,1.1,1.26,0.35
10325,4,2070,2026-07-22 05:00:00+00:00,2,112.06,0.0,3.93,68.73,1.18,5.09,9.0,4.91
10326,5,2070,2026-07-22 05:00:00+00:00,1,108.83,0.0,3.21,33.97,0.98,1.33,1.39,0.23
10327,1,2071,2026-07-22 06:00:00+00:00,2,239.67,0.29,1.17,30.24,0.33,11.41,16.01,0.95
10328,2,2071,2026-07-22 06:00:00+00:00,2,105.04,0.22,12.69,90.04,8.13,11.94,16.03,0.91
10329,3,2071,2026-07-22 06:00:00+00:00,1,97.31,0.56,2.53,22.02,0.38,1.1,1.25,0.43
10330,4,2071,2026-07-22 06:00:00+00:00,2,110.61,0.23,4.7,65.45,1.15,4.67,8.31,4.78
10331,5,2071,2026-07-22 06:00:00+00:00,1,106.53,0.0,2.93,34.27,0.96,1.3,1.36,0.2
10332,1,2072,2026-07-22 07:00:00+00:00,1,152.41,0.09,0.37,40.77,0.24,6.38,9.26,0.72
10333,2,2072,2026-07-22 07:00:00+00:00,2,105.77,1.05,12.97,88.45,8.46,11.63,15.61,0.98
10334,3,2072,2026-07-22 07:00:00+00:00,2,95.21,0.07,1.13,80.33,0.78,1.28,1.44,0.74
10335,4,2072,2026-07-22 07:00:00+00:00,2,109.91,0.8,4.62,63.42,1.15,4.33,7.78,4.7
10336,5,2072,2026-07-22 07:00:00+00:00,1,104.98,0.0,2.75,36.32,0.84,1.2,1.26,0.18
10337,1,2073,2026-07-22 08:00:00+00:00,1,134.44,0.06,0.21,43.34,0.24,5.44,7.75,0.7
10338,2,2073,2026-07-22 08:00:00+00:00,2,106.39,2.19,13.87,86.3,9.32,11.59,15.61,0.97
10339,3,2073,2026-07-22 08:00:00+00:00,2,94.55,0.07,0.67,87.63,0.7,1.44,1.6,0.73
10340,4,2073,2026-07-22 08:00:00+00:00,2,110.04,1.23,4.33,63.76,1.2,4.16,7.46,4.67
10341,5,2073,2026-07-22 08:00:00+00:00,1,103.73,0.0,2.57,36.83,0.7,1.06,1.12,0.16
10342,1,2074,2026-07-22 09:00:00+00:00,1,128.07,0.04,0.16,44.02,0.26,5.29,7.37,0.69
10343,2,2074,2026-07-22 09:00:00+00:00,2,107.3,3.28,14.4,84.95,10.19,12.1,16.18,0.89
10344,3,2074,2026-07-22 09:00:00+00:00,2,94.06,0.08,0.5,89.29,0.63,1.42,1.56,0.63
10345,4,2074,2026-07-22 09:00:00+00:00,2,111.41,1.31,3.97,68.37,1.27,4.41,7.61,4.61
10346,5,2074,2026-07-22 09:00:00+00:00,1,103.1,0.0,2.44,36.22,0.56,0.93,0.99,0.15
10347,1,2075,2026-07-22 10:00:00+00:00,1,111.54,0.04,0.13,50.37,0.23,4.44,6.04,0.52
10348,2,2075,2026-07-22 10:00:00+00:00,2,108.1,3.96,14.32,85.4,10.87,12.96,17.05,0.77
10349,3,2075,2026-07-22 10:00:00+00:00,2,94.35,0.07,0.44,90.5,0.56,1.34,1.45,0.54
10350,4,2075,2026-07-22 10:00:00+00:00,2,104.92,0.5,1.91,92.69,1.18,4.68,8.05,3.27
10351,5,2075,2026-07-22 10:00:00+00:00,1,102.6,0.0,2.36,34.3,0.46,0.85,0.91,0.15
10352,1,2076,2026-07-22 11:00:00+00:00,1,101.86,0.03,0.13,54.42,0.22,4.06,5.41,0.44
10353,2,2076,2026-07-22 11:00:00+00:00,2,108.43,4.06,13.86,87.82,11.3,14.08,18.2,0.64
10354,3,2076,2026-07-22 11:00:00+00:00,2,93.95,0.05,0.46,90.07,0.51,1.14,1.23,0.46
10355,4,2076,2026-07-22 11:00:00+00:00,3,101.08,0.22,1.01,101.98,1.03,5.08,8.18,2.68
10356,5,2076,2026-07-22 11:00:00+00:00,1,104.33,0.01,2.56,31.53,0.41,0.8,0.87,0.16
10357,1,2077,2026-07-22 12:00:00+00:00,1,100.08,0.04,0.15,55.23,0.23,4.16,5.47,0.44
10358,2,2077,2026-07-22 12:00:00+00:00,2,108.95,3.83,13.21,92.28,11.54,15.31,19.52,0.55
10359,3,2077,2026-07-22 12:00:00+00:00,2,93.54,0.04,0.5,88.68,0.46,0.9,0.97,0.4
10360,4,2077,2026-07-22 12:00:00+00:00,3,100.01,0.16,0.77,105.71,0.97,5.57,8.36,2.5
10361,5,2077,2026-07-22 12:00:00+00:00,1,107.82,0.16,2.85,29.07,0.36,0.79,0.87,0.18
10362,1,2078,2026-07-22 13:00:00+00:00,1,108.51,0.06,0.28,53.48,0.28,4.66,6.16,0.64
10363,2,2078,2026-07-22 13:00:00+00:00,2,109.27,2.74,13.6,96.81,11.57,16.52,20.84,0.49
10364,3,2078,2026-07-22 13:00:00+00:00,2,93.98,0.05,0.59,86.89,0.45,0.74,0.79,0.37
10365,4,2078,2026-07-22 13:00:00+00:00,3,100.37,0.13,0.68,108.3,0.91,5.71,8.13,2.29
10366,5,2078,2026-07-22 13:00:00+00:00,1,110.24,0.32,2.83,29.03,0.33,0.79,0.88,0.19
10367,1,2079,2026-07-22 14:00:00+00:00,1,125.76,0.06,0.61,49.26,0.35,5.53,7.42,0.97
10368,2,2079,2026-07-22 14:00:00+00:00,3,109.21,1.69,14.08,101.32,11.21,17.19,21.63,0.47
10369,3,2079,2026-07-22 14:00:00+00:00,2,94.74,0.07,0.71,84.05,0.47,0.73,0.78,0.34
10370,4,2079,2026-07-22 14:00:00+00:00,3,98.87,0.12,0.66,107.56,0.82,5.43,7.41,2.05
10371,5,2079,2026-07-22 14:00:00+00:00,1,110.61,0.31,2.66,31.4,0.33,0.79,0.89,0.21
10372,1,2080,2026-07-22 15:00:00+00:00,1,144.75,0.01,1.08,44.83,0.4,6.34,8.65,1.22
10373,2,2080,2026-07-22 15:00:00+00:00,3,108.87,0.91,14.19,105.75,10.68,17.25,21.71,0.49
10374,3,2080,2026-07-22 15:00:00+00:00,2,95.15,0.09,0.82,81.11,0.5,0.77,0.82,0.32
10375,4,2080,2026-07-22 15:00:00+00:00,3,97.64,0.13,0.73,107.42,0.78,5.24,6.98,1.93
10376,5,2080,2026-07-22 15:00:00+00:00,1,110.89,0.24,2.45,35.71,0.35,0.82,0.92,0.24
10377,1,2081,2026-07-22 16:00:00+00:00,1,163.27,0.0,1.37,40.53,0.43,7.1,9.81,1.39
10378,2,2081,2026-07-22 16:00:00+00:00,3,108.53,0.6,13.36,109.22,9.89,16.61,20.92,0.57
10379,3,2081,2026-07-22 16:00:00+00:00,2,95.82,0.09,1.1,75.29,0.56,0.87,0.94,0.31
10380,4,2081,2026-07-22 16:00:00+00:00,3,97.64,0.13,0.84,108.3,0.79,5.11,6.73,1.88
10381,5,2081,2026-07-22 16:00:00+00:00,1,114.27,0.17,2.06,44.84,0.35,0.86,0.95,0.24
10382,1,2082,2026-07-22 17:00:00+00:00,1,179.54,0.0,1.53,38.04,0.44,7.7,10.68,1.49
10383,2,2082,2026-07-22 17:00:00+00:00,3,108.55,0.72,13.35,109.7,9.55,16.24,20.53,0.62
10384,3,2082,2026-07-22 17:00:00+00:00,2,97.56,0.05,1.55,67.91,0.61,1.04,1.13,0.29
10385,4,2082,2026-07-22 17:00:00+00:00,3,97.1,0.12,0.97,108.68,0.83,4.99,6.57,1.89
10386,5,2082,2026-07-22 17:00:00+00:00,1,116.65,0.16,1.78,51.33,0.34,0.91,0.99,0.25
10387,1,2083,2026-07-22 18:00:00+00:00,1,189.07,0.0,1.57,36.39,0.4,7.94,10.95,1.48
10388,2,2083,2026-07-22 18:00:00+00:00,3,108.3,0.68,14.04,108.77,9.45,15.86,19.96,0.63
10389,3,2083,2026-07-22 18:00:00+00:00,2,98.68,0.0,1.86,60.5,0.6,1.2,1.3,0.23
10390,4,2083,2026-07-22 18:00:00+00:00,3,96.55,0.09,1.17,108.24,0.88,4.78,6.38,1.95
10391,5,2083,2026-07-22 18:00:00+00:00,1,118.07,0.14,1.62,55.98,0.33,0.98,1.05,0.26
10392,1,2084,2026-07-22 19:00:00+00:00,1,192.36,0.0,1.56,34.63,0.36,7.9,10.89,1.17
10393,2,2084,2026-07-22 19:00:00+00:00,3,108.44,0.34,15.42,106.77,9.46,15.55,19.4,0.63
10394,3,2084,2026-07-22 19:00:00+00:00,1,97.86,0.0,1.89,53.55,0.54,1.3,1.4,0.17
10395,4,2084,2026-07-22 19:00:00+00:00,3,96.19,0.04,1.59,104.59,0.92,4.43,6.06,2.17
10396,5,2084,2026-07-22 19:00:00+00:00,1,121.12,0.15,1.77,57.74,0.4,1.18,1.25,0.3
10397,1,2085,2026-07-22 20:00:00+00:00,1,192.3,0.0,1.51,33.36,0.3,7.66,10.61,0.71
10398,2,2085,2026-07-22 20:00:00+00:00,3,108.44,0.03,16.14,103.23,9.5,15.13,18.78,0.63
10399,3,2085,2026-07-22 20:00:00+00:00,1,97.56,0.0,1.78,48.45,0.5,1.38,1.48,0.14
10400,4,2085,2026-07-22 20:00:00+00:00,2,96.53,0.0,2.09,98.23,0.94,4.01,5.66,2.54
10401,5,2085,2026-07-22 20:00:00+00:00,1,124.03,0.2,2.04,56.29,0.46,1.53,1.61,0.33
10402,1,2086,2026-07-22 21:00:00+00:00,1,180.92,0.0,1.32,32.98,0.21,6.77,9.3,0.38
10403,2,2086,2026-07-22 21:00:00+00:00,2,108.44,0.0,15.55,99.7,9.41,14.85,18.3,0.61
10404,3,2086,2026-07-22 21:00:00+00:00,1,96.9,0.0,1.59,43.78,0.45,1.46,1.56,0.12
10405,4,2086,2026-07-22 21:00:00+00:00,2,97.14,0.0,2.39,91.65,0.92,3.55,5.19,2.89
10406,5,2086,2026-07-22 21:00:00+00:00,1,128.09,0.25,2.35,55.57,0.5,1.98,2.07,0.31
10407,1,2087,2026-07-22 22:00:00+00:00,1,164.22,0.0,1.07,33.39,0.15,5.61,7.16,0.26
10408,2,2087,2026-07-22 22:00:00+00:00,2,108.16,0.0,15.12,97.19,9.29,14.62,17.91,0.58
10409,3,2087,2026-07-22 22:00:00+00:00,1,96.36,0.0,1.38,39.69,0.38,1.53,1.6,0.11
10410,4,2087,2026-07-22 22:00:00+00:00,2,95.73,0.0,2.41,85.11,0.85,3.13,4.73,3.15
10411,5,2087,2026-07-22 22:00:00+00:00,1,133.99,0.43,3.16,49.17,0.44,2.4,2.5,0.28
10412,1,2088,2026-07-22 23:00:00+00:00,1,153.03,0.0,0.91,33.61,0.12,4.81,5.86,0.22
10413,2,2088,2026-07-22 23:00:00+00:00,2,108.07,0.0,14.92,95.23,9.33,14.57,17.81,0.54
10414,3,2088,2026-07-22 23:00:00+00:00,1,97.29,0.0,1.27,35.94,0.32,1.51,1.58,0.1
10415,4,2088,2026-07-22 23:00:00+00:00,2,95.41,0.0,2.16,82.09,0.78,2.87,4.47,3.44
10416,5,2088,2026-07-22 23:00:00+00:00,1,141.9,0.59,4.13,41.86,0.4,2.75,2.88,0.29
10417,1,2089,2026-07-23 00:00:00+00:00,1,142.73,0.0,0.78,34.24,0.1,4.09,4.95,0.21
10418,2,2089,2026-07-23 00:00:00+00:00,2,108.08,0.0,14.5,94.36,9.39,14.73,18.01,0.5
10419,3,2089,2026-07-23 00:00:00+00:00,1,98.21,0.0,1.22,32.57,0.28,1.46,1.51,0.1
10420,4,2089,2026-07-23 00:00:00+00:00,2,94.91,0.0,1.86,80.89,0.72,2.69,4.3,3.74
10421,5,2089,2026-07-23 00:00:00+00:00,1,144.99,0.31,5.12,35.93,0.4,2.98,3.16,0.33
10422,1,2090,2026-07-23 01:00:00+00:00,1,134.49,0.0,0.68,34.58,0.09,3.53,4.35,0.21
10423,2,2090,2026-07-23 01:00:00+00:00,2,107.64,0.0,13.71,93.99,9.24,14.7,18.06,0.46
10424,3,2090,2026-07-23 01:00:00+00:00,1,98.28,0.0,1.22,29.32,0.27,1.38,1.43,0.09
10425,4,2090,2026-07-23 01:00:00+00:00,2,93.22,0.0,1.64,79.13,0.68,2.49,4.14,4.0
10426,5,2090,2026-07-23 01:00:00+00:00,1,145.17,0.01,5.65,31.41,0.43,3.14,3.37,0.34
10427,1,2091,2026-07-23 02:00:00+00:00,1,129.87,0.0,0.63,34.29,0.09,3.21,4.11,0.22
10428,2,2091,2026-07-23 02:00:00+00:00,2,106.38,0.0,12.27,93.46,8.65,14.09,17.51,0.43
10429,3,2091,2026-07-23 02:00:00+00:00,1,98.1,0.0,1.28,26.0,0.27,1.27,1.33,0.09
10430,4,2091,2026-07-23 02:00:00+00:00,2,92.78,0.0,1.57,77.59,0.67,2.31,3.97,4.2
10431,5,2091,2026-07-23 02:00:00+00:00,1,143.11,0.0,5.12,29.48,0.44,3.25,3.49,0.31
10432,1,2092,2026-07-23 03:00:00+00:00,1,128.46,0.0,0.64,34.02,0.1,3.07,4.09,0.26
10433,2,2092,2026-07-23 03:00:00+00:00,2,104.21,0.0,10.23,92.46,7.52,12.54,16.04,0.45
10434,3,2092,2026-07-23 03:00:00+00:00,1,98.55,0.01,1.44,23.08,0.3,1.2,1.26,0.1
10435,4,2092,2026-07-23 03:00:00+00:00,2,93.34,0.0,1.69,75.5,0.68,2.18,3.8,4.31
10436,5,2092,2026-07-23 03:00:00+00:00,1,139.53,0.0,4.38,29.84,0.43,3.2,3.45,0.32
10437,1,2093,2026-07-23 04:00:00+00:00,1,127.91,0.0,0.67,35.42,0.16,2.88,4.36,0.38
10438,2,2093,2026-07-23 04:00:00+00:00,2,101.75,0.0,8.25,89.96,6.23,10.54,14.08,0.52
10439,3,2093,2026-07-23 04:00:00+00:00,1,99.31,0.08,1.66,20.74,0.34,1.12,1.19,0.11
10440,4,2093,2026-07-23 04:00:00+00:00,2,93.85,0.0,1.99,71.88,0.72,2.07,3.69,4.32
10441,5,2093,2026-07-23 04:00:00+00:00,1,134.63,0.0,3.55,31.81,0.45,3.03,3.27,0.39
10442,1,2094,2026-07-23 05:00:00+00:00,1,134.65,0.06,0.71,36.67,0.22,3.0,4.95,0.54
10443,2,2094,2026-07-23 05:00:00+00:00,2,100.55,0.0,7.94,85.4,5.81,8.87,12.48,0.58
10444,3,2094,2026-07-23 05:00:00+00:00,1,100.12,0.27,1.65,19.6,0.38,1.05,1.13,0.12
10445,4,2094,2026-07-23 05:00:00+00:00,2,96.05,0.0,2.61,68.7,0.8,2.04,3.77,4.37
10446,5,2094,2026-07-23 05:00:00+00:00,1,136.58,0.0,3.3,31.74,0.45,3.08,3.32,0.45
10447,1,2095,2026-07-23 06:00:00+00:00,1,140.74,0.14,0.57,39.45,0.27,3.33,5.59,0.82
10448,2,2095,2026-07-23 06:00:00+00:00,2,99.82,0.08,8.4,81.24,5.74,7.62,11.22,0.64
10449,3,2095,2026-07-23 06:00:00+00:00,1,100.84,0.47,1.48,20.21,0.42,1.05,1.12,0.13
10450,4,2095,2026-07-23 06:00:00+00:00,2,98.52,0.16,3.31,66.29,0.88,2.04,3.95,4.35
10451,5,2095,2026-07-23 06:00:00+00:00,1,141.36,0.0,3.18,35.77,0.62,3.47,3.71,0.45
10452,1,2096,2026-07-23 07:00:00+00:00,1,113.26,0.06,0.23,51.88,0.21,2.33,3.73,0.56
10453,2,2096,2026-07-23 07:00:00+00:00,2,99.63,0.39,8.99,77.78,5.87,6.69,10.2,0.69
10454,3,2096,2026-07-23 07:00:00+00:00,1,103.37,0.36,1.35,33.84,0.42,1.08,1.13,0.13
10455,4,2096,2026-07-23 07:00:00+00:00,2,99.75,0.48,3.01,67.08,0.9,1.99,3.97,3.87
10456,5,2096,2026-07-23 07:00:00+00:00,1,145.39,0.0,3.1,44.73,1.04,4.11,4.38,0.39
10457,1,2097,2026-07-23 08:00:00+00:00,1,106.28,0.04,0.14,55.61,0.21,2.43,3.67,0.53
10458,2,2097,2026-07-23 08:00:00+00:00,2,99.89,0.88,9.86,74.63,6.55,6.19,9.6,0.74
10459,3,2097,2026-07-23 08:00:00+00:00,1,103.45,0.29,1.14,40.81,0.43,1.27,1.31,0.14
10460,4,2097,2026-07-23 08:00:00+00:00,2,100.29,0.65,2.53,68.71,0.9,2.02,4.01,3.56
10461,5,2097,2026-07-23 08:00:00+00:00,1,145.8,0.0,3.03,53.08,1.47,4.52,4.85,0.36
10462,1,2098,2026-07-23 09:00:00+00:00,1,103.29,0.04,0.13,57.02,0.22,2.69,3.86,0.53
10463,2,2098,2026-07-23 09:00:00+00:00,2,100.25,1.47,10.76,72.89,7.66,6.12,9.4,0.8
10464,3,2098,2026-07-23 09:00:00+00:00,1,103.18,0.23,0.96,44.86,0.41,1.57,1.61,0.14
10465,4,2098,2026-07-23 09:00:00+00:00,2,100.91,0.66,2.15,72.09,0.92,2.28,4.37,3.4
10466,5,2098,2026-07-23 09:00:00+00:00,1,141.74,0.0,3.03,57.53,1.72,4.42,4.79,0.38
10467,1,2099,2026-07-23 10:00:00+00:00,2,100.44,0.04,0.15,60.87,0.23,3.18,4.27,0.49
10468,2,2099,2026-07-23 10:00:00+00:00,2,100.98,2.23,12.17,72.1,9.39,6.39,9.57,0.88
10469,3,2099,2026-07-23 10:00:00+00:00,1,103.71,0.16,0.73,51.27,0.36,1.85,1.88,0.13
10470,4,2099,2026-07-23 10:00:00+00:00,2,100.27,0.39,1.34,80.27,0.7,2.25,3.95,2.46
10471,5,2099,2026-07-23 10:00:00+00:00,1,133.98,0.0,3.17,57.11,1.76,3.89,4.26,0.43
10472,1,2100,2026-07-23 11:00:00+00:00,2,97.6,0.04,0.17,63.02,0.23,3.62,4.66,0.47
10473,2,2100,2026-07-23 11:00:00+00:00,2,101.99,3.08,13.82,70.84,11.4,7.06,10.18,0.95
10474,3,2100,2026-07-23 11:00:00+00:00,1,102.93,0.13,0.58,56.15,0.33,2.06,2.1,0.12
10475,4,2100,2026-07-23 11:00:00+00:00,2,100.25,0.21,0.81,85.17,0.54,2.33,3.73,1.85
10476,5,2100,2026-07-23 11:00:00+00:00,1,128.6,0.01,3.76,53.77,1.65,3.25,3.62,0.5
10477,1,2101,2026-07-23 12:00:00+00:00,2,97.16,0.05,0.21,63.65,0.23,3.96,4.99,0.48
10478,2,2101,2026-07-23 12:00:00+00:00,2,103.08,3.84,15.03,70.61,13.18,8.21,11.25,0.9
10479,3,2101,2026-07-23 12:00:00+00:00,1,102.41,0.12,0.55,58.77,0.34,2.25,2.29,0.12
10480,4,2101,2026-07-23 12:00:00+00:00,2,102.0,0.15,0.64,88.34,0.54,2.73,4.14,1.66
10481,5,2101,2026-07-23 12:00:00+00:00,1,126.54,0.28,4.37,50.76,1.53,2.69,3.06,0.58
10482,1,2102,2026-07-23 13:00:00+00:00,2,107.86,0.07,0.38,61.62,0.28,4.64,5.92,0.71
10483,2,2102,2026-07-23 13:00:00+00:00,2,104.24,3.35,18.1,68.39,14.79,9.3,12.25,0.84
10484,3,2102,2026-07-23 13:00:00+00:00,2,102.77,0.11,0.59,61.06,0.36,2.29,2.33,0.12
10485,4,2102,2026-07-23 13:00:00+00:00,2,106.41,0.13,0.58,93.02,0.55,3.08,4.55,1.5
10486,5,2102,2026-07-23 13:00:00+00:00,1,124.13,0.78,4.17,51.12,1.47,2.27,2.63,0.63
10487,1,2103,2026-07-23 14:00:00+00:00,1,128.09,0.07,0.76,56.92,0.35,5.69,7.44,1.09
10488,2,2103,2026-07-23 14:00:00+00:00,2,104.91,3.31,19.51,68.11,15.58,9.85,12.68,0.8
10489,3,2103,2026-07-23 14:00:00+00:00,2,102.44,0.1,0.64,63.1,0.37,2.14,2.18,0.12
10490,4,2103,2026-07-23 14:00:00+00:00,2,109.59,0.12,0.58,95.29,0.56,3.26,4.76,1.41
10491,5,2103,2026-07-23 14:00:00+00:00,1,121.29,0.91,3.78,55.67,1.54,2.07,2.44,0.65
10492,1,2104,2026-07-23 15:00:00+00:00,1,150.31,0.01,1.3,51.71,0.4,6.71,8.95,1.37
10493,2,2104,2026-07-23 15:00:00+00:00,2,103.94,2.68,18.15,73.01,13.99,9.52,12.16,0.79
10494,3,2104,2026-07-23 15:00:00+00:00,2,102.03,0.08,0.69,64.24,0.4,2.01,2.05,0.12
10495,4,2104,2026-07-23 15:00:00+00:00,2,112.4,0.13,0.67,96.65,0.59,3.39,4.96,1.4
10496,5,2104,2026-07-23 15:00:00+00:00,2,119.63,0.73,3.19,64.91,1.67,2.27,2.65,0.64
10497,1,2105,2026-07-23 16:00:00+00:00,1,175.09,0.0,1.69,46.35,0.46,7.84,10.67,1.66
10498,2,2105,2026-07-23 16:00:00+00:00,2,101.48,1.55,13.59,83.62,9.94,8.35,10.66,0.83
10499,3,2105,2026-07-23 16:00:00+00:00,1,103.78,0.12,1.37,53.17,0.42,2.04,2.09,0.27
10500,4,2105,2026-07-23 16:00:00+00:00,2,116.45,0.14,0.79,98.61,0.62,3.45,5.08,1.41
10501,5,2105,2026-07-23 16:00:00+00:00,2,118.55,0.38,2.07,80.3,1.57,2.85,3.18,0.52
10502,1,2106,2026-07-23 17:00:00+00:00,1,206.4,0.0,2.04,42.37,0.52,9.38,12.97,1.97
10503,2,2106,2026-07-23 17:00:00+00:00,2,101.58,1.28,15.08,84.01,9.89,8.49,10.66,0.78
10504,3,2106,2026-07-23 17:00:00+00:00,1,106.14,0.1,2.27,38.69,0.41,2.18,2.27,0.44
10505,4,2106,2026-07-23 17:00:00+00:00,2,119.47,0.13,0.91,99.01,0.66,3.36,5.05,1.46
10506,5,2106,2026-07-23 17:00:00+00:00,2,118.86,0.22,1.38,90.84,1.4,3.57,3.87,0.42
10507,1,2107,2026-07-23 18:00:00+00:00,2,234.89,0.0,2.31,39.23,0.57,10.96,15.25,2.21
10508,2,2107,2026-07-23 18:00:00+00:00,2,101.85,0.93,17.3,82.84,10.08,8.64,10.73,0.75
10509,3,2107,2026-07-23 18:00:00+00:00,1,107.01,0.01,2.9,29.44,0.39,2.28,2.4,0.51
10510,4,2107,2026-07-23 18:00:00+00:00,2,122.31,0.1,1.09,97.75,0.69,3.13,4.86,1.53
10511,5,2107,2026-07-23 18:00:00+00:00,2,119.61,0.18,1.17,97.13,1.33,4.24,4.53,0.38
10512,1,2108,2026-07-23 19:00:00+00:00,2,254.69,0.0,2.45,36.78,0.59,12.13,16.94,2.25
10513,2,2108,2026-07-23 19:00:00+00:00,2,102.43,0.48,19.7,80.84,10.36,8.79,10.82,0.72
10514,3,2108,2026-07-23 19:00:00+00:00,1,106.62,0.0,3.29,23.61,0.41,2.35,2.49,0.57
10515,4,2108,2026-07-23 19:00:00+00:00,2,124.76,0.05,1.48,93.48,0.71,2.84,4.56,1.75
10516,5,2108,2026-07-23 19:00:00+00:00,3,121.13,0.17,1.13,102.39,1.26,4.78,5.06,0.37
10517,1,2109,2026-07-23 20:00:00+00:00,2,264.95,0.0,2.49,35.04,0.51,12.68,17.84,1.75
10518,2,2109,2026-07-23 20:00:00+00:00,2,103.03,0.05,21.72,76.9,10.81,8.92,10.9,0.68
10519,3,2109,2026-07-23 20:00:00+00:00,1,106.13,0.01,3.42,19.24,0.39,2.41,2.56,0.6
10520,4,2109,2026-07-23 20:00:00+00:00,2,127.63,0.0,1.97,87.29,0.72,2.59,4.28,2.14
10521,5,2109,2026-07-23 20:00:00+00:00,3,121.94,0.18,1.21,105.27,1.2,5.2,5.49,0.36
10522,1,2110,2026-07-23 21:00:00+00:00,2,255.66,0.0,2.29,33.82,0.35,12.0,16.99,1.05
10523,2,2110,2026-07-23 21:00:00+00:00,2,103.72,0.0,22.76,72.5,11.41,9.06,10.99,0.65
10524,3,2110,2026-07-23 21:00:00+00:00,1,104.11,0.01,3.27,15.69,0.36,2.43,2.59,0.62
10525,4,2110,2026-07-23 21:00:00+00:00,2,129.8,0.0,2.25,81.57,0.72,2.39,4.05,2.52
10526,5,2110,2026-07-23 21:00:00+00:00,3,123.44,0.21,1.48,107.84,1.19,5.57,5.86,0.37
10527,1,2111,2026-07-23 22:00:00+00:00,2,234.19,0.0,1.96,33.52,0.25,10.49,15.04,0.71
10528,2,2111,2026-07-23 22:00:00+00:00,2,104.44,0.0,24.18,68.11,12.08,9.21,11.12,0.61
10529,3,2111,2026-07-23 22:00:00+00:00,1,100.25,0.01,2.99,12.61,0.34,2.41,2.58,0.64
10530,4,2111,2026-07-23 22:00:00+00:00,2,129.22,0.0,2.33,75.76,0.68,2.23,3.82,2.9
10531,5,2111,2026-07-23 22:00:00+00:00,2,136.01,0.5,3.45,95.71,1.08,6.07,6.4,0.6
10532,1,2112,2026-07-23 23:00:00+00:00,1,215.94,0.0,1.68,33.31,0.21,9.12,13.35,0.64
10533,2,2112,2026-07-23 23:00:00+00:00,2,104.99,0.0,25.62,64.13,12.8,9.35,11.24,0.59
10534,3,2112,2026-07-23 23:00:00+00:00,1,97.85,0.02,2.8,10.19,0.32,2.42,2.59,0.66
10535,4,2112,2026-07-23 23:00:00+00:00,2,130.17,0.0,2.27,71.85,0.63,2.16,3.72,3.38
10536,5,2112,2026-07-23 23:00:00+00:00,2,152.07,0.68,5.99,77.07,0.92,6.58,6.96,0.9
10537,1,2113,2026-07-24 00:00:00+00:00,1,202.84,0.0,1.48,33.01,0.19,8.09,12.15,0.65
10538,2,2113,2026-07-24 00:00:00+00:00,2,105.36,0.0,26.41,61.4,13.32,9.43,11.31,0.59
10539,3,2113,2026-07-24 00:00:00+00:00,1,95.8,0.03,2.67,8.44,0.31,2.43,2.61,0.68
10540,4,2113,2026-07-24 00:00:00+00:00,2,131.13,0.0,2.18,69.15,0.61,2.13,3.68,3.84
10541,5,2113,2026-07-24 00:00:00+00:00,2,161.04,0.31,8.07,61.83,0.82,6.89,7.35,1.11
10542,1,2114,2026-07-24 01:00:00+00:00,1,226.56,0.0,1.69,29.79,0.17,9.27,13.64,0.42
10543,2,2114,2026-07-24 01:00:00+00:00,1,105.75,0.0,26.98,59.39,13.73,9.66,11.54,0.58
10544,3,2114,2026-07-24 01:00:00+00:00,1,93.96,0.04,2.52,7.08,0.28,2.41,2.6,0.57
10545,4,2114,2026-07-24 01:00:00+00:00,2,136.01,0.0,3.06,62.56,0.72,2.19,3.88,4.79
10546,5,2114,2026-07-24 01:00:00+00:00,1,156.85,0.01,8.04,39.64,0.42,5.93,6.48,1.54
10547,1,2115,2026-07-24 02:00:00+00:00,1,220.83,0.0,1.6,28.95,0.15,8.76,12.88,0.39
10548,2,2115,2026-07-24 02:00:00+00:00,2,106.53,0.0,29.15,55.43,14.35,10.3,12.24,0.53
10549,3,2115,2026-07-24 02:00:00+00:00,1,93.12,0.07,2.42,6.16,0.23,2.38,2.57,0.34
10550,4,2115,2026-07-24 02:00:00+00:00,1,137.01,0.0,3.21,59.92,0.74,2.22,3.98,5.12
10551,5,2115,2026-07-24 02:00:00+00:00,1,160.83,0.0,8.29,28.29,0.32,6.31,6.93,1.48
10552,1,2116,2026-07-24 03:00:00+00:00,1,220.15,0.0,1.59,28.27,0.16,8.55,12.56,0.44
10553,2,2116,2026-07-24 03:00:00+00:00,2,107.31,0.0,31.15,51.7,14.74,11.13,13.1,0.49
10554,3,2116,2026-07-24 03:00:00+00:00,1,95.43,0.23,2.58,6.12,0.24,2.36,2.56,0.22
10555,4,2116,2026-07-24 03:00:00+00:00,1,137.93,0.0,3.52,57.82,0.79,2.26,4.12,5.23
10556,5,2116,2026-07-24 03:00:00+00:00,1,163.95,0.02,8.46,19.14,0.24,6.62,7.31,1.3
10557,1,2117,2026-07-24 04:00:00+00:00,1,228.35,0.01,1.76,27.89,0.24,8.72,12.97,0.62
10558,2,2117,2026-07-24 04:00:00+00:00,2,108.06,0.0,32.88,47.96,14.99,12.12,14.11,0.45
10559,3,2117,2026-07-24 04:00:00+00:00,1,101.37,0.45,3.19,6.93,0.31,2.29,2.51,0.17
10560,4,2117,2026-07-24 04:00:00+00:00,1,137.37,0.0,3.94,55.22,0.85,2.29,4.2,5.06
10561,5,2117,2026-07-24 04:00:00+00:00,1,160.88,0.05,7.94,12.53,0.19,6.75,7.5,1.12
10562,1,2118,2026-07-24 05:00:00+00:00,1,238.08,0.22,1.62,28.92,0.33,8.99,13.53,0.91
10563,2,2118,2026-07-24 05:00:00+00:00,2,108.97,0.0,34.47,45.02,15.48,13.01,15.01,0.41
10564,3,2118,2026-07-24 05:00:00+00:00,1,107.82,0.75,3.7,7.54,0.39,2.2,2.44,0.24
10565,4,2118,2026-07-24 05:00:00+00:00,1,137.87,0.0,4.68,53.03,0.88,2.32,4.26,4.96
10566,5,2118,2026-07-24 05:00:00+00:00,1,155.73,0.06,6.91,9.13,0.17,6.93,7.73,1.06
10567,1,2119,2026-07-24 06:00:00+00:00,2,244.27,0.3,1.11,35.21,0.4,10.07,14.55,1.4
10568,2,2119,2026-07-24 06:00:00+00:00,2,109.6,0.21,35.9,43.96,15.94,13.55,15.55,0.36
10569,3,2119,2026-07-24 06:00:00+00:00,1,111.35,0.99,3.76,9.79,0.49,2.16,2.46,0.36
10570,4,2119,2026-07-24 06:00:00+00:00,1,138.28,0.17,5.58,52.27,0.94,2.36,4.28,4.78
10571,5,2119,2026-07-24 06:00:00+00:00,1,148.95,0.05,5.86,7.7,0.16,7.11,7.94,1.11
10572,1,2120,2026-07-24 07:00:00+00:00,1,132.85,0.07,0.29,56.5,0.37,5.31,7.39,0.74
10573,2,2120,2026-07-24 07:00:00+00:00,2,109.84,1.24,35.24,45.12,15.98,13.76,15.74,0.31
10574,3,2120,2026-07-24 07:00:00+00:00,1,102.88,0.2,3.08,53.18,1.63,2.38,2.66,0.02
10575,4,2120,2026-07-24 07:00:00+00:00,1,137.22,0.81,5.1,55.29,1.04,2.35,4.24,4.54
10576,5,2120,2026-07-24 07:00:00+00:00,1,141.92,0.05,4.92,7.14,0.16,7.19,8.03,1.11
10577,1,2121,2026-07-24 08:00:00+00:00,1,123.88,0.04,0.17,58.84,0.36,5.63,7.58,0.7
10578,2,2121,2026-07-24 08:00:00+00:00,2,110.44,3.32,33.65,45.69,16.36,13.79,15.76,0.33
10579,3,2121,2026-07-24 08:00:00+00:00,1,102.7,0.23,2.77,58.64,1.44,1.95,2.13,0.01
10580,4,2121,2026-07-24 08:00:00+00:00,1,136.9,1.31,4.6,58.05,1.11,2.49,4.39,4.5
10581,5,2121,2026-07-24 08:00:00+00:00,1,136.99,0.05,4.16,6.89,0.15,7.28,8.13,0.9
10582,1,2122,2026-07-24 09:00:00+00:00,1,124.73,0.04,0.15,59.3,0.35,6.28,8.24,0.71
10583,2,2122,2026-07-24 09:00:00+00:00,2,111.49,5.79,31.36,47.39,17.63,13.87,15.84,0.38
10584,3,2122,2026-07-24 09:00:00+00:00,1,103.4,0.3,3.06,59.67,1.64,1.93,2.1,0.0
10585,4,2122,2026-07-24 09:00:00+00:00,2,136.51,1.39,4.11,63.7,1.14,2.94,4.91,4.47
10586,5,2122,2026-07-24 09:00:00+00:00,1,133.59,0.05,3.72,7.1,0.16,7.42,8.28,0.76
10587,1,2123,2026-07-24 10:00:00+00:00,2,128.4,0.04,0.16,60.66,0.34,7.14,9.22,0.72
10588,2,2123,2026-07-24 10:00:00+00:00,2,112.35,9.96,25.62,53.97,19.02,13.99,15.96,0.4
10589,3,2123,2026-07-24 10:00:00+00:00,2,104.59,0.3,3.28,61.09,1.78,1.91,2.07,0.0
10590,4,2123,2026-07-24 10:00:00+00:00,2,128.55,0.49,1.81,84.92,0.78,2.99,4.52,2.87
10591,5,2123,2026-07-24 10:00:00+00:00,1,131.95,0.05,3.57,8.8,0.19,7.52,8.44,0.67
10592,1,2124,2026-07-24 11:00:00+00:00,2,129.61,0.04,0.16,60.61,0.31,7.7,9.84,0.7
10593,2,2124,2026-07-24 11:00:00+00:00,2,113.37,10.34,24.48,55.54,19.84,14.09,16.07,0.42
10594,3,2124,2026-07-24 11:00:00+00:00,2,104.76,0.24,3.25,62.55,1.79,1.9,2.03,0.0
10595,4,2124,2026-07-24 11:00:00+00:00,2,123.92,0.21,0.93,94.72,0.6,3.23,4.53,2.36
10596,5,2124,2026-07-24 11:00:00+00:00,1,136.58,0.19,4.34,9.68,0.21,7.63,8.64,0.63
10597,1,2125,2026-07-24 12:00:00+00:00,2,130.12,0.04,0.18,60.36,0.29,8.16,10.39,0.68
10598,2,2125,2026-07-24 12:00:00+00:00,2,114.12,10.13,23.49,57.34,20.18,14.26,16.29,0.46
10599,3,2125,2026-07-24 12:00:00+00:00,2,104.31,0.17,2.96,64.37,1.76,1.87,1.98,0.0
10600,4,2125,2026-07-24 12:00:00+00:00,2,121.78,0.16,0.73,99.16,0.56,3.48,4.74,2.3
10601,5,2125,2026-07-24 12:00:00+00:00,1,148.67,0.89,5.41,12.99,0.28,7.76,8.92,0.64
10602,1,2126,2026-07-24 13:00:00+00:00,1,135.46,0.05,0.24,59.7,0.29,8.93,11.36,0.76
10603,2,2126,2026-07-24 13:00:00+00:00,2,115.23,9.29,22.38,60.34,19.63,14.31,16.42,0.5
10604,3,2126,2026-07-24 13:00:00+00:00,2,104.03,0.19,2.47,66.99,1.57,1.88,1.98,0.0
10605,4,2126,2026-07-24 13:00:00+00:00,3,122.21,0.14,0.67,103.76,0.52,3.59,4.81,2.26
10606,5,2126,2026-07-24 13:00:00+00:00,1,150.77,0.53,5.37,38.11,0.73,8.02,9.56,0.72
10607,1,2127,2026-07-24 14:00:00+00:00,1,142.93,0.04,0.4,57.7,0.31,9.8,12.49,0.88
10608,2,2127,2026-07-24 14:00:00+00:00,2,115.88,7.81,20.87,64.89,18.07,14.06,16.24,0.5
10609,3,2127,2026-07-24 14:00:00+00:00,2,103.47,0.22,1.99,69.73,1.46,1.97,2.06,0.0
10610,4,2127,2026-07-24 14:00:00+00:00,3,121.01,0.13,0.66,106.01,0.45,3.4,4.51,2.13
10611,5,2127,2026-07-24 14:00:00+00:00,1,148.84,0.48,5.04,49.31,0.84,8.02,9.82,0.8
10612,1,2128,2026-07-24 15:00:00+00:00,2,147.2,0.0,0.62,55.21,0.31,10.28,13.2,0.95
10613,2,2128,2026-07-24 15:00:00+00:00,2,116.43,5.9,18.69,72.47,15.87,13.49,15.69,0.45
10614,3,2128,2026-07-24 15:00:00+00:00,2,102.47,0.2,1.67,71.95,1.3,2.05,2.13,0.0
10615,4,2128,2026-07-24 15:00:00+00:00,3,119.54,0.13,0.72,107.56,0.42,3.28,4.34,2.1
10616,5,2128,2026-07-24 15:00:00+00:00,2,144.78,0.4,4.41,61.51,0.94,7.97,9.96,0.82
10617,1,2129,2026-07-24 16:00:00+00:00,2,153.91,0.0,0.83,52.14,0.34,10.61,13.78,1.14
10618,2,2129,2026-07-24 16:00:00+00:00,2,116.87,4.07,16.06,82.91,13.17,12.57,14.75,0.47
10619,3,2129,2026-07-24 16:00:00+00:00,2,104.06,0.18,2.03,66.2,1.11,2.26,2.35,0.08
10620,4,2129,2026-07-24 16:00:00+00:00,3,119.6,0.13,0.83,110.15,0.43,3.3,4.37,2.19
10621,5,2129,2026-07-24 16:00:00+00:00,2,127.84,0.15,2.23,98.64,1.14,7.53,9.63,0.61
10622,1,2130,2026-07-24 17:00:00+00:00,2,167.4,0.0,1.05,49.66,0.38,11.22,14.8,1.43
10623,2,2130,2026-07-24 17:00:00+00:00,2,117.1,2.94,15.81,88.18,11.54,11.67,13.9,0.57
10624,3,2130,2026-07-24 17:00:00+00:00,1,107.39,0.11,2.97,55.41,0.95,2.56,2.67,0.18
10625,4,2130,2026-07-24 17:00:00+00:00,3,119.01,0.12,0.96,111.13,0.44,3.34,4.44,2.34
10626,5,2130,2026-07-24 17:00:00+00:00,3,122.69,0.11,1.5,109.17,1.11,7.56,9.44,0.51
10627,1,2131,2026-07-24 18:00:00+00:00,2,177.38,0.0,1.17,48.63,0.4,11.64,15.56,1.63
10628,2,2131,2026-07-24 18:00:00+00:00,2,117.06,1.97,17.09,89.78,10.62,11.07,13.41,0.64
10629,3,2131,2026-07-24 18:00:00+00:00,1,110.92,0.01,4.14,46.36,0.85,2.77,2.91,0.19
10630,4,2131,2026-07-24 18:00:00+00:00,3,118.44,0.09,1.13,110.59,0.46,3.34,4.47,2.5
10631,5,2131,2026-07-24 18:00:00+00:00,3,121.7,0.1,1.33,112.31,1.09,7.73,9.51,0.47
10632,1,2132,2026-07-24 19:00:00+00:00,2,186.9,0.0,1.27,47.79,0.43,12.08,16.29,1.84
10633,2,2132,2026-07-24 19:00:00+00:00,2,117.06,0.81,19.28,89.41,10.0,10.79,13.25,0.68
10634,3,2132,2026-07-24 19:00:00+00:00,1,113.67,0.0,5.39,38.68,0.8,2.92,3.11,0.16
10635,4,2132,2026-07-24 19:00:00+00:00,3,119.04,0.04,1.53,107.6,0.5,3.35,4.54,2.82
10636,5,2132,2026-07-24 19:00:00+00:00,3,122.67,0.09,1.38,113.73,1.07,7.83,9.57,0.46
10637,1,2133,2026-07-24 20:00:00+00:00,2,196.24,0.0,1.37,47.19,0.42,12.57,16.94,1.9
10638,2,2133,2026-07-24 20:00:00+00:00,2,116.2,0.06,19.5,89.29,9.16,10.71,13.32,0.68
10639,3,2133,2026-07-24 20:00:00+00:00,1,117.67,0.0,6.98,32.45,0.84,3.09,3.36,0.13
10640,4,2133,2026-07-24 20:00:00+00:00,3,121.23,0.0,2.15,102.39,0.59,3.43,4.72,3.31
10641,5,2133,2026-07-24 20:00:00+00:00,3,123.23,0.09,1.61,112.24,1.03,7.73,9.46,0.47
10642,1,2134,2026-07-24 21:00:00+00:00,2,193.06,0.0,1.32,46.65,0.33,12.43,16.67,1.53
10643,2,2134,2026-07-24 21:00:00+00:00,2,115.07,0.0,16.95,91.04,8.17,10.83,13.67,0.68
10644,3,2134,2026-07-24 21:00:00+00:00,1,122.4,0.0,9.13,27.35,1.02,3.35,3.75,0.11
10645,4,2134,2026-07-24 21:00:00+00:00,2,124.04,0.0,2.8,97.04,0.72,3.55,4.97,3.79
10646,5,2134,2026-07-24 21:00:00+00:00,3,124.75,0.1,2.05,110.31,1.01,7.59,9.37,0.51
10647,1,2135,2026-07-24 22:00:00+00:00,2,182.66,0.0,1.17,46.08,0.25,11.97,15.97,1.08
10648,2,2135,2026-07-24 22:00:00+00:00,2,114.01,0.0,14.6,93.7,7.22,11.27,14.31,0.7
10649,3,2135,2026-07-24 22:00:00+00:00,1,127.38,0.0,11.98,22.96,1.39,3.71,4.26,0.09
10650,4,2135,2026-07-24 22:00:00+00:00,2,124.89,0.0,3.32,90.13,0.84,3.63,5.15,4.14
10651,5,2135,2026-07-24 22:00:00+00:00,3,129.48,0.09,3.05,102.79,0.95,7.52,9.39,0.65
10652,1,2136,2026-07-24 23:00:00+00:00,2,174.62,0.0,1.05,45.81,0.21,11.71,15.59,0.8
10653,2,2136,2026-07-24 23:00:00+00:00,2,112.85,0.0,13.58,94.33,6.78,12.02,15.14,0.85
10654,3,2136,2026-07-24 23:00:00+00:00,1,132.85,0.0,15.21,19.43,1.88,4.17,4.86,0.08
10655,4,2136,2026-07-24 23:00:00+00:00,2,126.35,0.0,3.5,84.72,0.93,3.76,5.37,4.48
10656,5,2136,2026-07-24 23:00:00+00:00,2,133.15,0.05,3.97,90.91,0.87,7.35,9.38,0.82
10657,1,2137,2026-07-25 00:00:00+00:00,2,169.71,0.0,0.98,45.44,0.19,11.58,15.4,0.64
10658,2,2137,2026-07-25 00:00:00+00:00,2,111.69,0.0,13.0,90.94,6.52,12.07,14.91,1.33
10659,3,2137,2026-07-25 00:00:00+00:00,1,137.25,0.0,18.5,17.44,2.48,4.58,5.37,0.05
10660,4,2137,2026-07-25 00:00:00+00:00,2,126.67,0.0,3.44,80.22,0.96,3.92,5.59,4.74
10661,5,2137,2026-07-25 00:00:00+00:00,2,133.67,0.01,4.26,81.85,0.81,6.95,9.23,0.9
10662,1,2138,2026-07-25 01:00:00+00:00,2,168.25,0.0,0.96,43.92,0.17,11.56,15.35,0.58
10663,2,2138,2026-07-25 01:00:00+00:00,2,111.49,0.0,13.2,82.96,6.42,10.63,12.94,1.99
10664,3,2138,2026-07-25 01:00:00+00:00,1,139.38,0.0,20.53,16.11,2.76,4.83,5.65,0.04
10665,4,2138,2026-07-25 01:00:00+00:00,2,125.25,0.0,3.3,76.02,0.92,4.08,5.78,4.93
10666,5,2138,2026-07-25 01:00:00+00:00,2,131.16,0.0,4.21,73.58,0.85,6.36,8.68,0.81
10667,1,2139,2026-07-25 02:00:00+00:00,2,172.78,0.0,1.01,41.48,0.17,11.82,15.63,0.61
10668,2,2139,2026-07-25 02:00:00+00:00,2,112.35,0.0,14.41,72.78,6.68,8.65,10.46,2.42
10669,3,2139,2026-07-25 02:00:00+00:00,1,138.37,0.0,19.88,13.66,2.24,4.86,5.66,0.06
10670,4,2139,2026-07-25 02:00:00+00:00,2,124.85,0.0,3.23,73.28,0.87,4.31,6.05,5.18
10671,5,2139,2026-07-25 02:00:00+00:00,2,131.01,0.0,4.25,65.26,0.82,5.93,8.08,0.66
10672,1,2140,2026-07-25 03:00:00+00:00,2,180.47,0.0,1.1,39.62,0.19,12.2,16.12,0.73
10673,2,2140,2026-07-25 03:00:00+00:00,2,113.21,0.0,16.22,63.37,7.22,7.1,8.56,2.69
10674,3,2140,2026-07-25 03:00:00+00:00,1,136.82,0.2,18.68,12.44,1.84,4.76,5.55,0.08
10675,4,2140,2026-07-25 03:00:00+00:00,2,124.54,0.0,3.21,70.9,0.82,4.57,6.33,5.4
10676,5,2140,2026-07-25 03:00:00+00:00,1,131.74,0.0,4.35,57.99,0.74,5.66,7.63,0.53
10677,1,2141,2026-07-25 04:00:00+00:00,2,198.04,0.01,1.37,38.15,0.29,13.01,17.33,1.09
10678,2,2141,2026-07-25 04:00:00+00:00,1,113.38,0.0,18.16,55.25,7.83,6.12,7.36,2.86
10679,3,2141,2026-07-25 04:00:00+00:00,1,134.86,1.32,16.02,13.33,1.63,4.51,5.22,0.09
10680,4,2141,2026-07-25 04:00:00+00:00,2,123.71,0.0,3.31,67.85,0.77,4.82,6.6,5.52
10681,5,2141,2026-07-25 04:00:00+00:00,1,129.34,0.0,4.2,49.86,0.62,5.35,7.1,0.44
10682,1,2142,2026-07-25 05:00:00+00:00,2,215.12,0.17,1.34,38.34,0.37,13.72,18.35,1.55
10683,2,2142,2026-07-25 05:00:00+00:00,1,113.67,0.01,20.09,48.56,8.42,5.49,6.63,2.93
10684,3,2142,2026-07-25 05:00:00+00:00,1,132.13,2.48,13.2,15.2,1.52,4.21,4.8,0.09
10685,4,2142,2026-07-25 05:00:00+00:00,2,124.26,0.0,3.85,64.2,0.74,5.13,6.95,5.64
10686,5,2142,2026-07-25 05:00:00+00:00,1,125.94,0.0,3.65,41.94,0.5,5.11,6.66,0.42
10687,1,2143,2026-07-25 06:00:00+00:00,2,216.89,0.21,0.89,44.14,0.43,13.87,18.37,1.67
10688,2,2143,2026-07-25 06:00:00+00:00,1,113.43,0.81,21.25,44.62,9.07,5.14,6.27,2.95
10689,3,2143,2026-07-25 06:00:00+00:00,1,128.26,2.82,11.79,17.33,1.53,3.97,4.45,0.08
10690,4,2143,2026-07-25 06:00:00+00:00,2,125.29,0.1,4.87,60.75,0.74,5.45,7.34,5.66
10691,5,2143,2026-07-25 06:00:00+00:00,1,121.82,0.0,3.05,35.82,0.42,4.89,6.25,0.43
10692,1,2144,2026-07-25 07:00:00+00:00,2,105.22,0.04,0.17,73.36,0.28,5.55,7.34,0.4
10693,2,2144,2026-07-25 07:00:00+00:00,1,112.69,3.22,19.07,44.84,9.6,4.97,6.17,2.92
10694,3,2144,2026-07-25 07:00:00+00:00,1,110.34,0.92,9.13,46.64,1.13,2.39,2.55,0.0
10695,4,2144,2026-07-25 07:00:00+00:00,1,125.49,0.54,5.09,59.04,0.76,5.69,7.65,5.59
10696,5,2144,2026-07-25 07:00:00+00:00,1,117.66,0.0,2.59,31.41,0.35,4.7,5.9,0.44
10697,1,2145,2026-07-25 08:00:00+00:00,2,94.23,0.03,0.11,76.27,0.3,4.93,6.49,0.28
10698,2,2145,2026-07-25 08:00:00+00:00,1,111.9,5.35,16.87,46.37,10.08,4.96,6.35,2.85
10699,3,2145,2026-07-25 08:00:00+00:00,1,103.81,0.91,6.03,59.57,0.82,1.74,1.82,0.0
10700,4,2145,2026-07-25 08:00:00+00:00,2,125.16,0.97,4.74,61.09,0.83,5.91,7.93,5.43
10701,5,2145,2026-07-25 08:00:00+00:00,1,114.9,0.0,2.29,29.49,0.3,4.53,5.59,0.41
10702,1,2146,2026-07-25 09:00:00+00:00,2,92.02,0.02,0.09,75.91,0.35,5.23,6.95,0.2
10703,2,2146,2026-07-25 09:00:00+00:00,1,110.84,6.21,14.87,48.83,10.12,4.99,6.74,2.75
10704,3,2146,2026-07-25 09:00:00+00:00,2,102.5,1.01,5.16,65.31,0.82,1.68,1.75,0.01
10705,4,2146,2026-07-25 09:00:00+00:00,2,124.48,1.05,4.17,68.39,0.92,6.28,8.38,5.17
10706,5,2146,2026-07-25 09:00:00+00:00,1,113.22,0.0,2.15,29.23,0.28,4.35,5.3,0.37
10707,1,2147,2026-07-25 10:00:00+00:00,2,98.52,0.03,0.12,84.71,1.07,7.54,9.47,0.04
10708,2,2147,2026-07-25 10:00:00+00:00,1,108.84,5.32,12.13,55.39,9.01,5.14,7.36,2.45
10709,3,2147,2026-07-25 10:00:00+00:00,2,102.17,0.86,4.41,71.63,0.78,1.7,1.76,0.02
10710,4,2147,2026-07-25 10:00:00+00:00,2,116.01,0.3,1.61,99.96,0.75,5.64,7.25,3.17
10711,5,2147,2026-07-25 10:00:00+00:00,1,112.24,0.0,2.18,29.54,0.27,4.19,5.08,0.36
10712,1,2148,2026-07-25 11:00:00+00:00,2,106.49,0.03,0.15,90.36,1.55,9.08,11.19,0.0
10713,2,2148,2026-07-25 11:00:00+00:00,2,106.98,3.83,9.47,65.53,7.56,5.33,8.07,2.03
10714,3,2148,2026-07-25 11:00:00+00:00,2,101.55,0.59,3.64,77.32,0.71,1.69,1.75,0.02
10715,4,2148,2026-07-25 11:00:00+00:00,3,117.12,0.15,0.9,109.51,0.62,6.2,7.55,2.68
10716,5,2148,2026-07-25 11:00:00+00:00,1,113.49,0.0,2.69,29.77,0.28,4.05,4.97,0.38
10717,1,2149,2026-07-25 12:00:00+00:00,2,110.24,0.03,0.18,91.02,1.52,8.93,11.21,0.0
10718,2,2149,2026-07-25 12:00:00+00:00,2,104.76,2.69,7.57,76.37,6.65,5.69,9.12,1.7
10719,3,2149,2026-07-25 12:00:00+00:00,2,101.12,0.41,3.02,81.4,0.67,1.66,1.71,0.02
10720,4,2149,2026-07-25 12:00:00+00:00,3,119.68,0.12,0.77,113.99,0.58,7.12,8.4,2.57
10721,5,2149,2026-07-25 12:00:00+00:00,1,118.06,0.04,3.72,32.11,0.32,3.93,4.91,0.4
10722,1,2150,2026-07-25 13:00:00+00:00,2,114.7,0.04,0.26,87.66,1.31,8.51,11.04,0.01
10723,2,2150,2026-07-25 13:00:00+00:00,2,100.9,1.93,6.2,85.63,6.06,6.54,10.94,1.39
10724,3,2150,2026-07-25 13:00:00+00:00,2,101.45,0.31,2.6,84.7,0.66,1.62,1.67,0.03
10725,4,2150,2026-07-25 13:00:00+00:00,3,123.16,0.11,0.74,118.32,0.53,8.13,9.32,2.5
10726,5,2150,2026-07-25 13:00:00+00:00,1,120.2,0.17,4.15,37.7,0.39,3.74,4.79,0.4
10727,1,2151,2026-07-25 14:00:00+00:00,2,119.99,0.03,0.41,81.76,1.05,8.09,10.88,0.15
10728,2,2151,2026-07-25 14:00:00+00:00,2,96.12,1.41,5.12,91.61,5.39,7.18,12.67,1.15
10729,3,2151,2026-07-25 14:00:00+00:00,2,101.57,0.25,2.44,85.86,0.7,1.58,1.64,0.04
10730,4,2151,2026-07-25 14:00:00+00:00,3,128.21,0.1,0.76,120.36,0.47,9.51,10.59,2.44
10731,5,2151,2026-07-25 14:00:00+00:00,1,119.19,0.34,3.86,42.02,0.42,3.56,4.64,0.44
10732,1,2152,2026-07-25 15:00:00+00:00,2,125.55,0.0,0.58,76.59,0.83,7.59,10.57,0.35
10733,2,2152,2026-07-25 15:00:00+00:00,2,92.7,1.11,4.43,93.86,4.78,7.36,13.84,0.99
10734,3,2152,2026-07-25 15:00:00+00:00,2,101.69,0.2,2.41,85.81,0.74,1.51,1.59,0.04
10735,4,2152,2026-07-25 15:00:00+00:00,3,132.09,0.09,0.84,121.9,0.43,10.59,11.59,2.44
10736,5,2152,2026-07-25 15:00:00+00:00,1,117.47,0.42,3.3,48.47,0.45,3.44,4.53,0.51
10737,1,2153,2026-07-25 16:00:00+00:00,2,135.3,0.0,0.77,69.69,0.66,7.4,10.54,0.67
10738,2,2153,2026-07-25 16:00:00+00:00,2,91.81,0.92,4.15,93.17,4.29,7.01,14.05,0.89
10739,3,2153,2026-07-25 16:00:00+00:00,2,102.7,0.14,2.75,75.01,0.71,1.53,1.63,0.15
10740,4,2153,2026-07-25 16:00:00+00:00,3,135.88,0.08,0.94,123.33,0.41,11.34,12.26,2.48
10741,5,2153,2026-07-25 16:00:00+00:00,1,116.03,0.32,2.75,58.3,0.43,3.4,4.47,0.53
10742,1,2154,2026-07-25 17:00:00+00:00,2,153.25,0.0,1.01,63.67,0.56,7.78,11.26,1.08
10743,2,2154,2026-07-25 17:00:00+00:00,2,92.29,0.8,4.35,88.93,3.96,6.01,12.66,0.78
10744,3,2154,2026-07-25 17:00:00+00:00,2,103.91,0.06,3.26,60.23,0.65,1.63,1.76,0.28
10745,4,2154,2026-07-25 17:00:00+00:00,3,133.65,0.06,1.03,122.95,0.42,11.15,12.01,2.51
10746,5,2154,2026-07-25 17:00:00+00:00,2,114.7,0.23,2.32,66.05,0.43,3.41,4.49,0.5
10747,1,2155,2026-07-25 18:00:00+00:00,1,168.87,0.0,1.17,59.23,0.5,8.11,11.9,1.34
10748,2,2155,2026-07-25 18:00:00+00:00,2,93.04,0.61,4.69,82.14,3.6,4.6,9.93,0.69
10749,3,2155,2026-07-25 18:00:00+00:00,1,104.95,0.0,3.56,50.32,0.6,1.73,1.89,0.3
10750,4,2155,2026-07-25 18:00:00+00:00,3,127.99,0.03,1.08,121.34,0.44,10.42,11.24,2.58
10751,5,2155,2026-07-25 18:00:00+00:00,2,113.02,0.16,2.0,74.36,0.49,3.43,4.55,0.47
10752,1,2156,2026-07-25 19:00:00+00:00,1,185.29,0.0,1.35,55.37,0.49,8.66,12.76,1.54
10753,2,2156,2026-07-25 19:00:00+00:00,2,92.41,0.15,5.3,74.42,3.23,3.21,7.03,0.67
10754,3,2156,2026-07-25 19:00:00+00:00,1,104.78,0.0,3.69,43.05,0.56,1.8,1.98,0.26
10755,4,2156,2026-07-25 19:00:00+00:00,3,121.31,0.01,1.16,118.25,0.48,9.64,10.44,2.81
10756,5,2156,2026-07-25 19:00:00+00:00,2,111.52,0.12,1.73,85.12,0.56,3.5,4.62,0.42
10757,1,2157,2026-07-25 20:00:00+00:00,1,203.91,0.0,1.56,52.02,0.48,9.48,13.81,1.62
10758,2,2157,2026-07-25 20:00:00+00:00,2,89.77,0.02,5.28,68.16,3.0,2.3,5.17,0.7
10759,3,2157,2026-07-25 20:00:00+00:00,1,105.45,0.0,3.83,37.24,0.54,1.9,2.1,0.24
10760,4,2157,2026-07-25 20:00:00+00:00,3,113.87,0.0,1.24,113.88,0.54,8.79,9.6,3.26
10761,5,2157,2026-07-25 20:00:00+00:00,2,112.41,0.14,1.8,83.24,0.52,3.65,4.78,0.48
10762,1,2158,2026-07-25 21:00:00+00:00,1,208.75,0.0,1.59,49.39,0.42,9.65,13.93,1.46
10763,2,2158,2026-07-25 21:00:00+00:00,2,86.97,0.0,4.77,62.53,2.74,1.94,4.53,0.75
10764,3,2158,2026-07-25 21:00:00+00:00,1,105.32,0.0,3.87,32.16,0.51,2.05,2.28,0.22
10765,4,2158,2026-07-25 21:00:00+00:00,3,107.52,0.0,1.29,108.79,0.62,7.9,8.74,3.78
10766,5,2158,2026-07-25 21:00:00+00:00,2,115.06,0.17,2.13,80.24,0.49,3.82,4.99,0.57
10767,1,2159,2026-07-25 22:00:00+00:00,1,207.07,0.0,1.53,47.28,0.37,9.46,13.56,1.37
10768,2,2159,2026-07-25 22:00:00+00:00,1,86.06,0.0,3.71,57.79,2.14,1.92,4.53,0.75
10769,3,2159,2026-07-25 22:00:00+00:00,1,104.07,0.0,3.71,28.3,0.49,2.2,2.46,0.19
10770,4,2159,2026-07-25 22:00:00+00:00,3,100.9,0.0,1.27,101.18,0.68,6.84,7.72,4.24
10771,5,2159,2026-07-25 22:00:00+00:00,2,119.87,0.24,2.69,77.72,0.48,4.03,5.25,0.67
10772,1,2160,2026-07-25 23:00:00+00:00,1,206.59,0.0,1.48,46.13,0.35,9.32,13.33,1.33
10773,2,2160,2026-07-25 23:00:00+00:00,1,86.51,0.0,3.41,53.8,1.98,2.04,4.84,0.66
10774,3,2160,2026-07-25 23:00:00+00:00,1,103.31,0.0,3.47,27.45,0.52,2.4,2.67,0.14
10775,4,2160,2026-07-25 23:00:00+00:00,2,97.2,0.0,1.19,94.9,0.71,6.0,7.02,4.71
10776,5,2160,2026-07-25 23:00:00+00:00,2,123.41,0.24,3.2,74.15,0.46,4.23,5.48,0.74
10777,1,2161,2026-07-26 00:00:00+00:00,1,207.2,0.0,1.46,45.18,0.33,9.34,13.3,1.33
10778,2,2161,2026-07-26 00:00:00+00:00,1,86.77,0.0,3.39,51.35,1.99,2.12,5.02,0.61
10779,3,2161,2026-07-26 00:00:00+00:00,1,102.81,0.0,3.24,29.67,0.65,2.66,2.95,0.11
10780,4,2161,2026-07-26 00:00:00+00:00,2,94.3,0.0,1.11,88.62,0.7,5.32,6.63,5.09
10781,5,2161,2026-07-26 00:00:00+00:00,2,124.48,0.1,3.59,70.5,0.44,4.34,5.59,0.76
10782,1,2162,2026-07-26 01:00:00+00:00,1,207.83,0.0,1.45,44.09,0.32,9.35,13.27,1.39
10783,2,2162,2026-07-26 01:00:00+00:00,1,86.56,0.0,3.47,49.76,2.03,2.19,5.14,0.58
10784,3,2162,2026-07-26 01:00:00+00:00,1,103.09,0.0,3.21,34.75,1.08,3.0,3.3,0.05
10785,4,2162,2026-07-26 01:00:00+00:00,2,90.7,0.0,1.02,81.57,0.64,4.78,6.52,5.21
10786,5,2162,2026-07-26 01:00:00+00:00,2,124.57,0.0,3.8,61.77,0.37,4.4,5.63,0.74
10787,1,2163,2026-07-26 02:00:00+00:00,1,210.04,0.0,1.46,43.34,0.35,9.47,13.42,1.55
10788,2,2163,2026-07-26 02:00:00+00:00,1,86.86,0.0,3.76,48.77,2.21,2.42,5.68,0.54
10789,3,2163,2026-07-26 02:00:00+00:00,1,103.62,0.0,3.49,34.4,1.13,3.28,3.55,0.02
10790,4,2163,2026-07-26 02:00:00+00:00,2,89.24,0.0,0.96,75.77,0.55,4.46,6.79,5.07
10791,5,2163,2026-07-26 02:00:00+00:00,1,125.81,0.0,3.96,47.03,0.27,4.5,5.76,0.68
10792,1,2164,2026-07-26 03:00:00+00:00,1,217.03,0.0,1.56,42.83,0.41,9.85,13.95,1.84
10793,2,2164,2026-07-26 03:00:00+00:00,1,87.06,0.0,3.99,47.55,2.31,2.66,6.17,0.47
10794,3,2164,2026-07-26 03:00:00+00:00,1,105.32,0.01,4.52,35.31,1.13,3.62,3.85,0.01
10795,4,2164,2026-07-26 03:00:00+00:00,2,88.89,0.0,0.93,70.27,0.46,4.23,7.23,4.38
10796,5,2164,2026-07-26 03:00:00+00:00,1,126.79,0.0,4.03,34.39,0.2,4.57,5.87,0.59
10797,1,2165,2026-07-26 04:00:00+00:00,2,235.59,0.01,1.85,41.31,0.53,10.81,15.44,2.21
10798,2,2165,2026-07-26 04:00:00+00:00,1,86.88,0.0,4.1,45.58,2.33,2.86,6.52,0.39
10799,3,2165,2026-07-26 04:00:00+00:00,1,106.95,0.1,6.9,39.74,1.2,3.87,4.07,0.0
10800,4,2165,2026-07-26 04:00:00+00:00,2,87.7,0.0,0.95,64.02,0.4,3.98,7.57,3.37
10801,5,2165,2026-07-26 04:00:00+00:00,1,124.56,0.0,3.71,24.59,0.16,4.53,5.83,0.53
10802,1,2166,2026-07-26 05:00:00+00:00,2,260.08,0.26,1.75,39.98,0.53,12.12,17.35,2.21
10803,2,2166,2026-07-26 05:00:00+00:00,1,86.94,0.0,4.16,43.05,2.35,3.01,6.85,0.3
10804,3,2166,2026-07-26 05:00:00+00:00,1,109.67,0.44,9.64,38.62,1.22,4.09,4.26,0.0
10805,4,2166,2026-07-26 05:00:00+00:00,1,87.89,0.0,1.18,58.83,0.4,3.78,7.88,2.7
10806,5,2166,2026-07-26 05:00:00+00:00,1,120.88,0.0,3.08,18.95,0.14,4.48,5.78,0.52
10807,1,2167,2026-07-26 06:00:00+00:00,2,279.57,0.31,1.21,45.12,0.51,14.33,19.88,2.32
10808,2,2167,2026-07-26 06:00:00+00:00,1,87.08,0.05,4.15,40.68,2.38,2.98,6.92,0.21
10809,3,2167,2026-07-26 06:00:00+00:00,1,113.71,1.2,13.23,36.63,1.5,4.6,4.78,0.01
10810,4,2167,2026-07-26 06:00:00+00:00,1,88.09,0.06,1.51,54.6,0.42,3.57,7.97,2.29
10811,5,2167,2026-07-26 06:00:00+00:00,1,116.49,0.01,2.44,15.68,0.13,4.43,5.64,0.52
10812,1,2168,2026-07-26 07:00:00+00:00,2,137.76,0.05,0.22,68.3,0.49,4.86,8.19,0.67
10813,2,2168,2026-07-26 07:00:00+00:00,1,86.96,0.28,3.91,39.31,2.33,2.91,6.15,0.13
10814,3,2168,2026-07-26 07:00:00+00:00,1,117.27,1.96,16.29,38.11,1.78,4.62,4.8,0.01
10815,4,2168,2026-07-26 07:00:00+00:00,1,87.25,0.2,1.47,52.76,0.45,3.23,7.48,2.04
10816,5,2168,2026-07-26 07:00:00+00:00,1,111.55,0.01,1.91,13.16,0.1,4.33,5.4,0.52
10817,1,2169,2026-07-26 08:00:00+00:00,2,123.86,0.03,0.12,70.27,0.51,4.43,7.48,0.53
10818,2,2169,2026-07-26 08:00:00+00:00,1,88.35,0.71,3.39,39.91,2.25,3.12,5.65,0.09
10819,3,2169,2026-07-26 08:00:00+00:00,1,119.02,2.5,17.65,39.25,2.01,4.3,4.49,0.0
10820,4,2169,2026-07-26 08:00:00+00:00,1,86.23,0.25,1.3,52.57,0.45,3.01,7.02,2.22
10821,5,2169,2026-07-26 08:00:00+00:00,1,107.21,0.02,1.56,10.88,0.07,4.26,5.17,0.51
10822,1,2170,2026-07-26 09:00:00+00:00,2,123.53,0.03,0.1,69.77,0.53,4.9,7.92,0.55
10823,2,2170,2026-07-26 09:00:00+00:00,1,91.73,0.98,2.79,42.28,2.19,3.41,5.77,0.1
10824,3,2170,2026-07-26 09:00:00+00:00,1,120.66,3.11,18.43,40.68,2.26,3.95,4.16,0.0
10825,4,2170,2026-07-26 09:00:00+00:00,1,85.12,0.23,1.14,53.15,0.43,2.98,6.8,2.66
10826,5,2170,2026-07-26 09:00:00+00:00,1,103.33,0.04,1.44,9.11,0.07,4.21,4.98,0.52
10827,1,2171,2026-07-26 10:00:00+00:00,2,117.7,0.02,0.09,71.69,0.5,4.98,7.86,0.47
10828,2,2171,2026-07-26 10:00:00+00:00,1,96.58,0.96,2.28,46.21,2.17,3.48,6.13,0.16
10829,3,2171,2026-07-26 10:00:00+00:00,1,117.86,2.61,16.17,49.31,2.09,3.05,3.23,0.01
10830,4,2171,2026-07-26 10:00:00+00:00,1,84.71,0.15,0.79,55.03,0.33,2.36,5.13,2.44
10831,5,2171,2026-07-26 10:00:00+00:00,1,101.22,0.1,1.52,7.76,0.08,4.17,4.84,0.49
10832,1,2172,2026-07-26 11:00:00+00:00,2,110.32,0.02,0.09,72.34,0.44,4.81,7.5,0.4
10833,2,2172,2026-07-26 11:00:00+00:00,1,101.93,0.83,2.05,51.2,2.2,3.45,6.65,0.29
10834,3,2172,2026-07-26 11:00:00+00:00,1,114.86,1.9,14.38,54.88,1.9,2.36,2.51,0.01
10835,4,2172,2026-07-26 11:00:00+00:00,1,83.53,0.1,0.57,54.46,0.27,1.92,3.99,2.25
10836,5,2172,2026-07-26 11:00:00+00:00,1,105.36,0.33,2.12,7.37,0.1,4.19,4.84,0.46
10837,1,2173,2026-07-26 12:00:00+00:00,2,106.43,0.02,0.1,72.13,0.41,4.82,7.47,0.39
10838,2,2173,2026-07-26 12:00:00+00:00,1,106.56,0.74,1.96,57.86,2.25,3.38,6.97,0.46
10839,3,2173,2026-07-26 12:00:00+00:00,1,113.96,1.96,13.35,58.04,1.85,2.01,2.15,0.02
10840,4,2173,2026-07-26 12:00:00+00:00,1,82.74,0.09,0.53,54.0,0.28,1.93,3.86,2.28
10841,5,2173,2026-07-26 12:00:00+00:00,1,115.92,1.15,2.5,11.07,0.18,4.33,4.99,0.45
10842,1,2174,2026-07-26 13:00:00+00:00,2,114.77,0.05,0.27,68.63,0.42,5.31,8.14,0.67
10843,2,2174,2026-07-26 13:00:00+00:00,2,109.91,0.64,1.91,66.36,2.26,3.16,6.86,0.64
10844,3,2174,2026-07-26 13:00:00+00:00,1,113.71,1.45,13.81,58.57,1.83,1.82,1.97,0.03
10845,4,2174,2026-07-26 13:00:00+00:00,1,83.66,0.08,0.56,54.44,0.31,1.93,3.61,2.1
10846,5,2174,2026-07-26 13:00:00+00:00,1,121.76,0.81,2.56,25.94,0.43,4.55,5.15,0.38
10847,1,2175,2026-07-26 14:00:00+00:00,2,132.77,0.06,0.67,63.66,0.45,6.17,9.39,1.14
10848,2,2175,2026-07-26 14:00:00+00:00,2,112.35,0.56,1.92,74.54,2.27,2.82,6.26,0.72
10849,3,2175,2026-07-26 14:00:00+00:00,1,114.26,0.96,14.88,56.7,1.92,1.89,2.05,0.06
10850,4,2175,2026-07-26 14:00:00+00:00,1,83.91,0.08,0.6,54.72,0.3,1.81,3.09,1.81
10851,5,2175,2026-07-26 14:00:00+00:00,1,123.6,0.75,2.35,31.53,0.46,4.74,5.32,0.38
10852,1,2176,2026-07-26 15:00:00+00:00,1,151.88,0.01,1.21,59.31,0.47,6.91,10.53,1.55
10853,2,2176,2026-07-26 15:00:00+00:00,2,114.15,0.53,2.02,79.32,2.31,2.51,5.63,0.76
10854,3,2176,2026-07-26 15:00:00+00:00,1,113.14,0.49,14.65,56.26,1.87,1.91,2.08,0.07
10855,4,2176,2026-07-26 15:00:00+00:00,1,83.9,0.07,0.66,55.4,0.27,1.68,2.61,1.62
10856,5,2176,2026-07-26 15:00:00+00:00,1,125.41,0.53,2.06,39.71,0.47,5.09,5.63,0.44
10857,1,2177,2026-07-26 16:00:00+00:00,1,176.94,0.0,1.64,55.11,0.53,8.11,12.23,2.04
10858,2,2177,2026-07-26 16:00:00+00:00,2,115.4,0.52,2.26,80.86,2.35,2.23,5.02,0.78
10859,3,2177,2026-07-26 16:00:00+00:00,1,111.43,0.17,13.2,54.06,1.63,1.88,2.04,0.1
10860,4,2177,2026-07-26 16:00:00+00:00,1,84.12,0.07,0.73,55.75,0.24,1.54,2.22,1.54
10861,5,2177,2026-07-26 16:00:00+00:00,2,126.15,0.16,1.01,79.05,0.74,5.62,5.94,0.05
10862,1,2178,2026-07-26 17:00:00+00:00,1,208.07,0.0,1.99,51.66,0.58,9.93,14.6,2.47
10863,2,2178,2026-07-26 17:00:00+00:00,2,116.28,0.49,2.61,80.85,2.33,1.91,4.36,0.79
10864,3,2178,2026-07-26 17:00:00+00:00,1,109.19,0.03,10.71,50.17,1.24,1.86,1.99,0.12
10865,4,2178,2026-07-26 17:00:00+00:00,1,84.33,0.07,0.74,55.19,0.22,1.45,1.99,1.6
10866,5,2178,2026-07-26 17:00:00+00:00,2,122.86,0.11,0.74,92.29,0.72,5.97,6.22,0.0
10867,1,2179,2026-07-26 18:00:00+00:00,2,234.67,0.0,2.23,48.24,0.56,11.77,16.8,2.59
10868,2,2179,2026-07-26 18:00:00+00:00,2,117.35,0.38,3.0,79.06,2.23,1.64,3.73,0.8
10869,3,2179,2026-07-26 18:00:00+00:00,1,106.16,0.0,7.9,47.28,0.93,1.77,1.88,0.11
10870,4,2179,2026-07-26 18:00:00+00:00,1,84.85,0.06,0.76,54.28,0.2,1.45,1.94,1.75
10871,5,2179,2026-07-26 18:00:00+00:00,2,120.04,0.11,0.71,96.63,0.68,6.13,6.35,0.0
10872,1,2180,2026-07-26 19:00:00+00:00,2,250.37,0.0,2.3,43.89,0.44,13.14,18.12,1.74
10873,2,2180,2026-07-26 19:00:00+00:00,2,118.2,0.18,3.41,74.69,2.11,1.48,3.26,0.85
10874,3,2180,2026-07-26 19:00:00+00:00,1,102.63,0.0,5.67,42.12,0.65,1.68,1.79,0.12
10875,4,2180,2026-07-26 19:00:00+00:00,1,86.76,0.02,0.85,53.93,0.21,1.53,2.08,1.98
10876,5,2180,2026-07-26 19:00:00+00:00,2,119.33,0.11,0.75,99.38,0.66,6.41,6.63,0.0
10877,1,2181,2026-07-26 20:00:00+00:00,2,253.87,0.0,2.22,41.59,0.31,13.73,18.21,0.84
10878,2,2181,2026-07-26 20:00:00+00:00,2,118.22,0.02,3.73,68.27,2.05,1.42,2.99,0.93
10879,3,2181,2026-07-26 20:00:00+00:00,1,100.31,0.0,4.31,35.27,0.46,1.65,1.76,0.16
10880,4,2181,2026-07-26 20:00:00+00:00,1,90.82,0.0,0.93,55.2,0.24,1.78,2.73,2.36
10881,5,2181,2026-07-26 20:00:00+00:00,2,118.82,0.13,0.88,98.81,0.63,6.73,6.95,0.0
10882,1,2182,2026-07-26 21:00:00+00:00,2,237.53,0.0,1.92,40.64,0.2,12.99,16.57,0.34
10883,2,2182,2026-07-26 21:00:00+00:00,2,116.52,0.0,3.77,61.69,1.99,1.4,2.83,1.01
10884,3,2182,2026-07-26 21:00:00+00:00,1,98.15,0.0,3.46,30.14,0.39,1.67,1.78,0.22
10885,4,2182,2026-07-26 21:00:00+00:00,1,96.68,0.0,0.96,58.09,0.31,2.12,3.9,2.72
10886,5,2182,2026-07-26 21:00:00+00:00,2,119.26,0.15,1.12,98.38,0.61,7.0,7.23,0.03
10887,1,2183,2026-07-26 22:00:00+00:00,1,175.3,0.0,1.02,45.84,0.19,8.98,11.45,0.32
10888,2,2183,2026-07-26 22:00:00+00:00,1,113.94,0.0,3.77,56.84,1.91,1.4,2.71,1.07
10889,3,2183,2026-07-26 22:00:00+00:00,1,95.59,0.0,2.86,25.92,0.34,1.7,1.82,0.25
10890,4,2183,2026-07-26 22:00:00+00:00,2,101.85,0.0,0.95,60.93,0.39,2.36,4.98,2.95
10891,5,2183,2026-07-26 22:00:00+00:00,2,126.84,0.3,2.46,83.54,0.52,7.35,7.63,0.39
10892,1,2184,2026-07-26 23:00:00+00:00,1,165.26,0.0,0.88,43.52,0.15,8.0,9.92,0.25
10893,2,2184,2026-07-26 23:00:00+00:00,1,111.84,0.0,3.84,53.59,1.89,1.43,2.66,1.13
10894,3,2184,2026-07-26 23:00:00+00:00,1,93.4,0.0,2.38,21.81,0.27,1.74,1.87,0.2
10895,4,2184,2026-07-26 23:00:00+00:00,2,106.89,0.0,0.91,63.55,0.44,2.46,5.55,3.1
10896,5,2184,2026-07-26 23:00:00+00:00,2,135.89,0.34,4.09,62.1,0.39,7.7,8.07,0.83
10897,1,2185,2026-07-27 00:00:00+00:00,1,155.99,0.0,0.78,41.44,0.13,7.12,8.68,0.23
10898,2,2185,2026-07-27 00:00:00+00:00,1,110.46,0.0,3.84,51.53,1.86,1.46,2.64,1.2
10899,3,2185,2026-07-27 00:00:00+00:00,1,91.3,0.0,2.05,18.61,0.22,1.78,1.91,0.16
10900,4,2185,2026-07-27 00:00:00+00:00,2,110.66,0.0,0.85,65.52,0.47,2.42,5.58,3.17
10901,5,2185,2026-07-27 00:00:00+00:00,1,139.6,0.11,5.11,46.79,0.32,8.0,8.47,0.93
10902,1,2186,2026-07-27 01:00:00+00:00,1,148.08,0.0,0.72,39.58,0.12,6.39,7.72,0.22
10903,2,2186,2026-07-27 01:00:00+00:00,1,109.33,0.0,3.76,50.43,1.81,1.5,2.65,1.25
10904,3,2186,2026-07-27 01:00:00+00:00,1,88.98,0.01,1.82,16.25,0.2,1.8,1.91,0.14
10905,4,2186,2026-07-27 01:00:00+00:00,2,111.87,0.0,0.8,65.12,0.47,2.3,5.39,3.26
10906,5,2186,2026-07-27 01:00:00+00:00,1,138.88,0.0,5.12,37.17,0.37,8.11,8.66,0.72
10907,1,2187,2026-07-27 02:00:00+00:00,1,143.09,0.0,0.69,37.74,0.11,5.91,7.12,0.22
10908,2,2187,2026-07-27 02:00:00+00:00,1,109.28,0.0,3.84,49.98,1.85,1.55,2.71,1.3
10909,3,2187,2026-07-27 02:00:00+00:00,1,87.53,0.01,1.66,14.94,0.2,1.78,1.86,0.13
10910,4,2187,2026-07-27 02:00:00+00:00,2,113.34,0.0,0.8,64.06,0.45,2.23,5.35,3.5
10911,5,2187,2026-07-27 02:00:00+00:00,1,137.7,0.0,4.53,32.18,0.44,8.26,8.85,0.53
10912,1,2188,2026-07-27 03:00:00+00:00,1,141.08,0.0,0.71,36.51,0.11,5.63,6.85,0.24
10913,2,2188,2026-07-27 03:00:00+00:00,1,110.04,0.0,3.94,50.0,1.89,1.6,2.8,1.33
10914,3,2188,2026-07-27 03:00:00+00:00,1,87.52,0.11,1.58,14.74,0.23,1.69,1.76,0.13
10915,4,2188,2026-07-27 03:00:00+00:00,2,113.92,0.0,0.83,62.18,0.43,2.17,5.28,3.48
10916,5,2188,2026-07-27 03:00:00+00:00,1,137.02,0.0,3.86,33.19,0.52,8.49,9.05,0.4
10917,1,2189,2026-07-27 04:00:00+00:00,1,145.57,0.0,0.84,35.76,0.17,5.65,7.3,0.36
10918,2,2189,2026-07-27 04:00:00+00:00,1,110.91,0.0,4.08,50.07,1.96,1.66,2.92,1.32
10919,3,2189,2026-07-27 04:00:00+00:00,1,89.24,0.45,1.41,18.49,0.29,1.52,1.6,0.13
10920,4,2189,2026-07-27 04:00:00+00:00,1,112.62,0.0,0.93,58.93,0.41,2.11,5.18,3.25
10921,5,2189,2026-07-27 04:00:00+00:00,1,132.22,0.0,3.14,31.46,0.5,8.57,9.02,0.35
10922,1,2190,2026-07-27 07:50:54+00:00,2,124.66,0.03,0.11,65.33,0.32,5.65,7.69,0.7
10923,2,2190,2026-07-27 07:50:54+00:00,1,115.45,1.05,3.79,53.67,2.61,1.9,3.67,1.2
10924,3,2190,2026-07-27 07:50:55+00:00,2,94.77,0.09,0.4,78.3,0.27,1.09,1.13,0.05
10925,4,2190,2026-07-27 07:50:54+00:00,1,106.47,0.5,1.71,47.72,0.51,2.26,5.4,3.26
10926,5,2190,2026-07-27 07:50:54+00:00,1,113.82,0.01,2.13,14.11,0.26,9.23,9.66,1.4
10927,1,2191,2026-07-27 11:19:34+00:00,2,125.31,0.02,0.11,68.37,0.36,6.98,8.95,0.73
10928,2,2191,2026-07-27 11:18:13+00:00,2,116.77,0.98,2.82,68.16,2.83,2.45,4.75,1.21
10929,3,2191,2026-07-27 11:19:34+00:00,2,86.64,0.06,0.33,90.63,0.25,1.35,1.39,0.21
10930,4,2191,2026-07-27 11:19:34+00:00,2,103.88,0.16,0.67,64.95,0.57,2.04,4.01,1.75
10931,5,2191,2026-07-27 11:16:45+00:00,1,117.78,0.13,3.64,12.95,0.21,9.36,9.77,1.99
10932,1,2192,2026-07-27 13:53:41+00:00,2,148.85,0.02,0.59,64.12,0.43,7.96,10.15,1.17
10933,2,2192,2026-07-27 13:50:22+00:00,2,114.85,1.84,5.39,66.8,5.35,3.58,8.17,1.21
10934,3,2192,2026-07-27 13:53:41+00:00,2,87.56,0.08,0.53,94.2,0.4,1.76,1.82,0.56
10935,4,2192,2026-07-27 13:53:41+00:00,2,105.09,0.12,0.47,75.42,0.4,2.02,3.58,1.74
10936,5,2192,2026-07-27 13:52:54+00:00,1,148.21,1.6,3.5,24.36,0.33,9.25,9.65,0.42
10937,1,2193,2026-07-27 16:11:30+00:00,1,186.38,0.0,1.37,54.2,0.54,9.54,12.59,1.84
10938,2,2193,2026-07-27 16:18:34+00:00,2,111.01,1.31,4.66,74.64,4.83,3.84,9.14,0.94
10939,3,2193,2026-07-27 16:18:34+00:00,2,90.87,0.08,1.02,83.17,0.57,1.88,1.98,0.67
10940,4,2193,2026-07-27 16:11:30+00:00,2,105.78,0.12,0.58,80.44,0.38,2.19,3.68,1.89
10941,5,2193,2026-07-27 16:18:34+00:00,2,129.17,0.19,1.07,99.75,1.13,8.8,9.04,0.02
10942,2,2194,2026-07-27 17:59:15+00:00,2,108.74,0.8,5.21,73.47,4.23,3.52,8.53,0.74
10943,1,2195,2026-07-27 18:04:06+00:00,2,257.14,0.0,2.26,44.34,0.63,13.17,17.68,2.47
10944,3,2195,2026-07-27 18:04:07+00:00,2,93.71,0.0,1.94,62.17,0.55,2.02,2.15,0.6
10945,4,2195,2026-07-27 18:00:02+00:00,2,105.84,0.08,0.74,81.7,0.39,2.28,3.79,2.17
10946,5,2195,2026-07-27 18:04:07+00:00,3,123.58,0.11,0.77,105.85,0.94,7.35,7.53,0.02
10947,1,2196,2026-07-27 19:54:02+00:00,2,305.82,0.0,2.8,38.2,0.84,15.95,21.69,3.36
10948,2,2196,2026-07-27 19:46:48+00:00,2,106.8,0.05,8.84,61.51,4.86,3.41,8.07,0.56
10949,3,2196,2026-07-27 19:54:02+00:00,1,93.9,0.0,2.15,52.84,0.45,1.98,2.13,0.38
10950,4,2196,2026-07-27 19:54:02+00:00,2,108.6,0.0,2.19,66.39,0.39,2.45,4.05,4.37
10951,5,2196,2026-07-27 19:48:11+00:00,3,125.99,0.11,0.89,104.72,0.82,6.81,6.97,0.08
10952,1,2197,2026-07-27 21:09:48+00:00,2,308.79,0.0,2.85,37.25,0.89,16.13,21.96,3.64
10953,2,2197,2026-07-27 21:03:59+00:00,1,105.88,0.0,10.3,55.44,5.33,3.51,8.07,0.5
10954,3,2197,2026-07-27 21:09:48+00:00,1,93.7,0.0,1.95,52.82,0.43,1.99,2.14,0.35
10955,4,2197,2026-07-27 21:00:09+00:00,1,110.34,0.0,2.85,59.45,0.39,2.57,4.24,5.4
10956,5,2197,2026-07-27 21:00:05+00:00,3,127.23,0.12,1.09,103.71,0.78,6.54,6.71,0.12
10957,1,2198,2026-07-27 22:18:10+00:00,2,305.0,0.0,2.8,36.6,0.91,15.89,21.48,3.85
10958,2,2198,2026-07-27 22:18:11+00:00,1,105.02,0.0,11.75,49.9,5.72,3.62,8.04,0.48
10959,3,2198,2026-07-27 22:18:11+00:00,1,92.98,0.0,1.63,53.79,0.42,2.09,2.23,0.35
10960,4,2198,2026-07-27 22:18:10+00:00,1,110.0,0.0,3.16,54.42,0.39,2.66,4.41,6.03
10961,5,2198,2026-07-27 22:18:11+00:00,2,136.3,0.28,2.69,86.47,0.65,6.65,6.84,0.37
10962,1,2199,2026-07-27 23:34:42+00:00,2,295.03,0.0,2.6,35.99,0.89,15.06,20.28,3.95
10963,2,2199,2026-07-27 23:34:43+00:00,1,103.63,0.0,14.83,38.47,6.47,3.62,7.38,0.63
10964,3,2199,2026-07-27 23:30:04+00:00,1,94.67,0.0,1.33,53.63,0.45,2.49,2.63,0.36
10965,4,2199,2026-07-27 23:34:42+00:00,1,113.08,0.0,2.74,54.92,0.54,3.04,5.2,5.9
10966,5,2199,2026-07-27 23:34:22+00:00,1,153.59,0.12,5.8,52.52,0.4,7.4,7.73,0.76
10967,4,2200,2026-07-28 00:59:50+00:00,1,114.53,0.0,2.51,58.01,0.76,3.32,5.95,5.2
10968,1,2201,2026-07-28 01:00:38+00:00,2,286.72,0.0,2.45,35.4,0.85,14.39,19.41,3.8
10969,2,2201,2026-07-28 01:00:07+00:00,1,103.42,0.0,15.97,33.61,6.72,3.52,6.8,0.76
10970,3,2201,2026-07-28 01:03:42+00:00,1,95.53,0.0,1.32,53.28,0.49,2.61,2.75,0.36
10971,5,2201,2026-07-28 01:03:24+00:00,1,154.31,0.0,5.87,46.03,0.34,7.75,8.15,0.69
10972,1,2202,2026-07-28 04:28:18+00:00,2,286.24,0.01,2.43,32.88,0.72,13.49,18.77,2.91
10973,2,2202,2026-07-28 04:21:28+00:00,1,104.63,0.02,21.69,21.82,8.87,4.15,7.1,0.77
10974,3,2202,2026-07-28 04:28:19+00:00,1,100.74,0.12,1.89,46.66,0.58,2.65,2.83,0.37
10975,4,2202,2026-07-28 04:28:18+00:00,1,124.02,0.0,3.59,55.78,1.11,4.21,8.06,4.36
10976,5,2202,2026-07-28 04:28:19+00:00,1,150.0,0.0,4.5,33.71,0.27,8.41,9.0,0.47
